model_id,model_type,initial_val_f1_macro,best_val_f1_macro,best_test_f1_macro,grad_norm,snip,grasp,fisher,jacob_cov,plain,synflow,synflow_bn,train_flops
train_tune_0ca0b_00000_0,TRANSFORMER,0.0933793162147861,0.5309431397985712,0.6584965331294709,6.818002700805664,20.9238224029541,3.2874417304992676,0.0018294057808816433,-2978211.460428744,0.13161973655223846,10743.830827800928,10737.995702073822,4145152000.0
train_tune_0ca0b_00001_1,TRANSFORMER,0.0276805259643574,0.4082076511215553,0.4741595282844806,35.46746063232422,71.89952087402344,-167.24107360839844,0.0038851064164191484,-7571.413129787186,3.0581607818603516,4570.019909832868,4569.167723729847,1417216000.0
train_tune_0ca0b_00002_2,TRANSFORMER,0.0609053669837834,0.4907553808871384,0.5991382844285781,12.207847595214844,32.67679977416992,-60.3008918762207,0.0009348723106086254,-11700.131034926575,0.8950382471084595,6385.510545890378,6396.342785323148,1810432000.0
train_tune_0ca0b_00003_3,TRANSFORMER,0.0467231638418079,0.3324580840688133,0.4515329318587699,72.88694763183594,162.9138641357422,-723.808837890625,0.011041996069252491,-5707.448549134713,3.3455562591552734,8076.966028926799,8445.562544312908,3096576000.0
train_tune_0ca0b_00004_4,TRANSFORMER,0.1153915274709403,0.3108407497500761,0.3978987223510994,32.48454666137695,76.22450256347656,-135.33607482910156,0.007747566793113947,-293772.6255143651,4.270368576049805,6123.423811566799,5941.511264342265,1679360000.0
train_tune_0ca0b_00005_5,TRANSFORMER,0.037062589855547,0.362770048703478,0.5510850127041234,28.859573364257812,47.46176528930664,-254.92608642578125,0.0036926621105521917,-2809893.249545494,3.507982015609741,2612.7655034373593,2612.7655034373593,964608000.0
train_tune_0ca0b_00006_6,TRANSFORMER,0.1307266974352231,0.4033984037431192,0.4133009210151801,22.50261116027832,52.57093048095703,-127.44277954101562,0.0011779656633734703,-6325.109310567548,2.7364816665649414,3287.4728584894815,3303.856083584058,1679360000.0
train_tune_0ca0b_00007_7,TRANSFORMER,0.0772252266779315,0.3954757849691472,0.5636180661268632,55.92270278930664,112.02295684814453,-427.935546875,0.013030028901994228,-6421.674193197989,4.239663124084473,7698.20358992821,7710.465438375479,3096576000.0
train_tune_0ca0b_00008_8,TRANSFORMER,0.0488547643944236,0.454464395468404,0.5386783651332724,64.30500793457031,163.62442016601562,-1441.7598876953125,0.006408999674022198,-5755537.172772199,4.519104957580566,14361.50954783991,14361.50954783991,3620864000.0
train_tune_0ca0b_00009_9,TRANSFORMER,0.0653684439857154,0.5339819171843292,0.5667260432454602,21.18878936767578,58.59393310546875,-135.08364868164062,0.0031425333581864834,-3518.993212095576,2.2810721397399902,9215.070249298878,9459.06282165898,2715648000.0
train_tune_0ca0b_00010_10,TRANSFORMER,0.0801638857051694,0.4449722724196266,0.5586761807982025,41.680870056152344,108.34088134765625,-346.00018310546875,0.00412874948233366,-14538.145112836488,2.7087395191192627,7672.355481001828,7683.184766060978,1679360000.0
train_tune_0ca0b_00011_11,TRANSFORMER,0.0737614337957873,0.3451170273751078,0.5701898267139247,51.17193603515625,116.64546203613281,-365.3677062988281,0.014874367043375969,-129950.71241952485,5.07167911529541,7705.573877668612,9029.120860542134,3096576000.0
train_tune_0ca0b_00012_12,TRANSFORMER,0.0915390788370322,0.5392525922388122,0.5756674013490625,70.19405364990234,196.8091278076172,-890.7510986328125,0.00432402640581131,-5333.269490547115,1.7952511310577393,27627.298478975696,28564.572723132893,8290304000.0
train_tune_0ca0b_00013_13,TRANSFORMER,0.0557106112844086,0.5225919591288473,0.5567876556919793,21.333940505981445,42.610565185546875,-139.52606201171875,0.0017050355672836304,-13418.422341197958,1.0877063274383545,2670.4658803309353,2314.3183149123797,708608000.0
train_tune_0ca0b_00014_14,TRANSFORMER,0.0917046344096525,0.4573755030371877,0.6088434793262456,39.85009002685547,118.56302642822266,-280.3310852050781,0.02469702810049057,-727804.6069354058,3.8610856533050537,16187.0372471223,15817.002908950593,6217728000.0
train_tune_0ca0b_00015_15,TRANSFORMER,0.0558573388203017,0.3984885986479934,0.4445333324559194,19.265512466430664,39.744903564453125,-90.6498031616211,0.002094373106956482,-7948.315972130628,1.4718334674835205,2661.890016037404,2521.8713372643697,708608000.0
train_tune_0ca0b_00016_16,TRANSFORMER,0.0467231638418079,0.3908750151584504,0.5980678181859039,42.75479507446289,108.26361846923828,-719.55322265625,0.003147078212350607,-9442.774382373818,3.955659866333008,6238.87887372521,6185.05816727137,2715648000.0
train_tune_0ca0b_00017_17,TRANSFORMER,0.0945663356674826,0.4301267897836225,0.6290805014903708,18.43422508239746,34.9842643737793,-17.87151336669922,0.0005811482551507652,-15752.324250343707,0.22017541527748108,2365.4773537137175,2415.0089172972316,1062912000.0
train_tune_0ca0b_00018_18,TRANSFORMER,0.1038332349106061,0.368522437177151,0.4747598411403756,27.86042022705078,73.07765197753906,-164.72927856445312,0.004288526251912117,-3469.3632561394124,2.679746150970459,4817.793478234031,4793.931476690167,1259520000.0
train_tune_0ca0b_00019_19,TRANSFORMER,0.0856827840342382,0.3578873577758381,0.4624179245941149,13.55956745147705,31.878847122192383,-44.46611785888672,0.0028093166183680296,-3702.3452054276627,1.2137908935546875,4313.884379649902,4468.056564202086,1548288000.0
train_tune_0ca0b_00020_20,TRANSFORMER,0.0868280794666896,0.4403398899776932,0.5588315630302821,19.763225555419922,45.15319061279297,-125.28199768066406,0.000857308623380959,-17905.795593800343,2.188276529312134,3138.7501978780233,3174.7269716969417,1259520000.0
train_tune_0ca0b_00021_21,TRANSFORMER,0.0938185618730778,0.4954021389937054,0.6279183374670847,27.07935333251953,78.74188995361328,-147.9964599609375,0.01576235145330429,-1348361.0821594375,2.838594675064087,10717.710760618711,10590.885030035955,4145152000.0
train_tune_0ca0b_00022_22,TRANSFORMER,0.0557106112844086,0.3633173331889197,0.572264837931069,42.0273323059082,63.20633316040039,-383.10601806640625,0.0038585937581956387,-850297.9686693032,4.240869522094727,2037.518400724628,2037.518400724628,964608000.0
train_tune_0ca0b_00023_23,TRANSFORMER,0.1044684717632009,0.5329106335694526,0.5807006374702282,31.12982749938965,80.84078216552734,-242.88223266601562,0.0031665032729506493,-10935.679458057533,2.1001484394073486,5523.43190367422,5541.338251862071,1259520000.0
train_tune_0ca0b_00024_24,TRANSFORMER,0.0467231638418079,0.3755627339384551,0.5777672367269405,85.43272399902344,214.002197265625,-2109.854736328125,0.007901396602392197,-5067.047475073835,5.949603080749512,7356.457153526784,7281.47878408508,3620864000.0
train_tune_0ca0b_00025_25,TRANSFORMER,0.0489753784249856,0.5928743914640605,0.5346153242125901,63.89158248901367,173.0109100341797,-982.218505859375,0.005912391003221273,-4022012.7199992,2.0277786254882812,20843.688328232245,20843.688328232245,8290304000.0
train_tune_0ca0b_00026_26,TRANSFORMER,0.0943374668141323,0.5285163094058073,0.6209584584817811,60.19742965698242,169.16116333007812,-556.235107421875,0.011202497407793999,-3476.166960135173,3.569924831390381,26742.085161454626,25057.891174687644,8290304000.0
train_tune_0ca0b_00027_27,TRANSFORMER,0.06410549278331,0.3957934951115613,0.5112516918209978,23.49959945678711,67.34728240966797,-153.42608642578125,0.005776963196694851,-169281.12407224864,3.555269718170166,8371.109968847706,8439.262364095628,2715648000.0
train_tune_0ca0b_00028_28,TRANSFORMER,0.0468239603764027,0.3912396145193641,0.5193656064403368,26.694198608398438,54.45375442504883,-273.98712158203125,0.003737956751137972,-224121.5199257381,3.072713851928711,4041.236335836201,3871.7607837353526,1548288000.0
train_tune_0ca0b_00029_29,TRANSFORMER,0.0349458461362483,0.4442741186072616,0.5915419911965021,29.91106605529785,59.29695510864258,-156.98094177246094,0.0021076526027172804,-40297.04724648445,1.823058843612671,4101.730635285977,4084.38572352864,1062912000.0
train_tune_0ca0b_00030_30,TRANSFORMER,0.1288626489882528,0.5258649797039863,0.6374164712682014,9.415437698364258,27.306102752685547,-4.17542839050293,0.0020565828308463097,-1629541.5840096532,0.27360278367996216,11916.411827889406,11360.573553236341,4145152000.0
train_tune_0ca0b_00031_31,TRANSFORMER,0.0460902611385378,0.4927619152614478,0.6552818484169172,27.617416381835938,66.51020812988281,-174.9544219970703,0.0022182282991707325,-1344888.4619789924,2.547764301300049,4438.262054474376,4439.877434201062,1259520000.0
train_tune_0ca0b_00032_32,TRANSFORMER,0.0963536120776277,0.6091795004924951,0.546820819626482,65.61195373535156,185.89242553710938,-696.2816162109375,0.010195999406278133,-20110.155317735713,3.4407529830932617,27590.19608516831,27688.807960354294,8290304000.0
train_tune_0ca0b_00033_33,TRANSFORMER,0.0608129361756836,0.4835659348455823,0.5363739046275736,36.338157653808594,102.31694030761719,-284.370361328125,0.0066704051569104195,-112326.56406232005,3.824214220046997,11592.281334398347,11406.001988827631,3620864000.0
train_tune_0ca0b_00034_34,TRANSFORMER,0.0463827139544091,0.3819643142348417,0.6182870470795467,104.92448425292969,204.72042846679688,-1880.4805908203125,0.015553722158074379,-20662.173087362702,5.843510627746582,6690.32851154699,6699.06666454483,3096576000.0
train_tune_0ca0b_00035_35,TRANSFORMER,0.1144568739260065,0.3388964947299056,0.5179838013985417,25.251182556152344,61.30006408691406,-132.70973205566406,0.0017308215610682964,-3416.151230594771,2.74208664894104,3611.6249842505235,3623.811751234698,1259520000.0
train_tune_0ca0b_00036_36,TRANSFORMER,0.0584046334977772,0.5173103586404431,0.6815619623855147,50.11012649536133,132.3048553466797,-722.6397094726562,0.0049747140146791935,-2465541.5158930896,3.383641481399536,12290.862426783198,12302.91136217423,3620864000.0
train_tune_0ca0b_00037_37,TRANSFORMER,0.0467231638418079,0.4164676583038078,0.5454159757657449,70.87074279785156,184.40023803710938,-1547.734130859375,0.006143731996417046,-3201.3973192546837,5.42880392074585,5912.534843221823,5908.461361552558,3620864000.0
train_tune_0ca0b_00038_38,TRANSFORMER,0.1190360420849892,0.3065686033145341,0.5501857942767104,23.198837280273438,54.52104949951172,-102.73910522460938,0.001655226806178689,-3428.9627901822982,2.5823798179626465,3539.089211135412,3486.288806054643,1259520000.0
train_tune_0ca0b_00039_39,TRANSFORMER,0.1144718017304221,0.3645896120194674,0.4900416959214089,27.544002532958984,66.43235778808594,-161.373779296875,0.0018799923127517104,-179318.1073249354,2.9660696983337402,4396.376819515804,4396.376819515804,1259520000.0
train_tune_0ca0b_00040_40,TRANSFORMER,0.0537576276761818,0.4173462301451001,0.6139425070857949,57.123046875,151.7381591796875,-342.90533447265625,0.013801688328385353,-3107.384986348416,4.906700611114502,10068.702398458583,10108.335159410177,3620864000.0
train_tune_0ca0b_00041_41,TRANSFORMER,0.0659821029539869,0.5302492370545646,0.5705326146212363,37.187889099121094,104.34201049804688,-321.3924255371094,0.005727413110435009,-4032.5488157311324,3.6376309394836426,13574.190017728648,13209.479027847832,3620864000.0
train_tune_0ca0b_00042_42,TRANSFORMER,0.0557106112844086,0.3325655739464939,0.4863788893964442,31.531251907348633,44.77081298828125,-221.11471557617188,0.0029576553497463465,-11434.63242740975,3.6488566398620605,1467.369459517968,1460.404086646613,964608000.0
train_tune_0ca0b_00043_43,TRANSFORMER,0.1137225407470353,0.3647648820359676,0.4744665735252715,36.34794616699219,87.64043426513672,-200.54220581054688,0.005587894469499588,-567814.4072914497,4.270660877227783,6061.705685742417,6290.545689400665,1679360000.0
train_tune_0ca0b_00044_44,TRANSFORMER,0.1000465409755365,0.3583316143456148,0.5765592581646531,22.909313201904297,35.936920166015625,-122.23809814453125,0.003192884149029851,-1242192.5073498585,2.7811760902404785,2151.340182179286,2145.7024516402844,964608000.0
train_tune_0ca0b_00045_45,TRANSFORMER,0.0951885429259377,0.3744390623434235,0.4943211415494186,17.086519241333008,33.201900482177734,-15.586803436279297,0.0005744256777688861,-6789.194931358333,0.2509211003780365,2042.1593398975804,2056.2158689517046,1062912000.0
train_tune_0ca0b_00046_46,TRANSFORMER,0.1023164235408745,0.3435640134706887,0.5208829087453609,23.1874942779541,36.41802978515625,-123.93992614746094,0.003242896869778633,-1213373.7221600933,2.7894983291625977,2150.454361368994,2143.781473312334,964608000.0
train_tune_0ca0b_00047_47,TRANSFORMER,0.0604685473802374,0.3522150878977192,0.5584104353262657,27.875106811523438,57.118675231933594,-101.85553741455078,0.0037313259672373533,-5284.5582439468935,2.58343243598938,3868.209261930619,3837.2034149607744,1417216000.0
train_tune_0ca0b_00048_48,TRANSFORMER,0.0981905549188604,0.5355260486919883,0.6100442406829059,68.82809448242188,195.4433135986328,-772.734375,0.009286870248615742,-9556.711804193617,3.2924609184265137,31163.140025679968,31446.248252399513,8290304000.0
train_tune_0ca0b_00049_49,TRANSFORMER,0.0557106112844086,0.5306927613702009,0.5836270008694303,23.630231857299805,67.18619537353516,-227.99380493164062,0.001382355228997767,-33683.16260115046,0.6154457330703735,12057.666817524807,12075.716434033844,4145152000.0
train_tune_0ca0b_00050_50,TRANSFORMER,0.0754392164846,0.5204404076571634,0.6871744873727111,12.589543342590332,36.735633850097656,-49.84092330932617,0.0008424685802310705,-2597.905498690788,0.3734591603279114,6943.59115708105,6888.21849180738,4145152000.0
train_tune_0ca0b_00051_51,TRANSFORMER,0.0931671298086123,0.3858190572623525,0.4653086594639697,17.5230655670166,33.88008117675781,-19.169612884521484,0.0005935796070843935,-4876.0028407017535,0.20139819383621216,1885.732188890017,1928.4331195205368,1062912000.0
train_tune_0ca0b_00052_52,TRANSFORMER,0.0549365222425696,0.5429427249353022,0.6159126283542938,42.51728057861328,124.26805877685547,-404.80633544921875,0.0031264363788068295,-4992.955484677325,1.2279822826385498,19226.78613767746,18660.424032851548,6217728000.0
train_tune_0ca0b_00053_53,TRANSFORMER,0.0474369938717962,0.3730613783833783,0.5419132349653858,17.711503982543945,45.49686050415039,-143.91009521484375,0.001274078618735075,-133533.48696201766,2.2599716186523438,4550.080021159334,4549.797124940649,1810432000.0
train_tune_0ca0b_00054_54,TRANSFORMER,0.0534948951146702,0.3896163730941131,0.5998774958138428,52.795597076416016,140.8574981689453,-287.1805725097656,0.012868441641330719,-2291.001177858759,4.863553047180176,8570.835273446071,8607.135787851294,3620864000.0
train_tune_0ca0b_00055_55,TRANSFORMER,0.0659821029539869,0.4966758700238922,0.579390329635027,31.95397186279297,90.1900405883789,-233.48191833496094,0.006497337482869625,-2511.488512311816,3.5335183143615723,12876.976864016764,12328.313601448948,3620864000.0
train_tune_0ca0b_00056_56,TRANSFORMER,0.248337397579436,0.3286856676240822,0.5082213486190024,26.532583236694336,43.628055572509766,-102.33731842041016,0.002235178602859378,-7827.406458628076,2.614635467529297,2686.090705655791,2701.0898025380357,1286144000.0
train_tune_0ca0b_00057_57,TRANSFORMER,0.0428833161571052,0.5068000089184285,0.5974794940098452,23.53296661376953,54.327613830566406,-210.6934814453125,0.001518341712653637,-14104.458251463078,1.1859526634216309,3139.9058352137126,3141.3319965529236,839680000.0
train_tune_0ca0b_00058_58,TRANSFORMER,0.1004566073753379,0.5423275763967697,0.6520102685182557,12.207616806030273,37.7902717590332,-59.93946075439453,0.003387500997632742,-900413.7283642252,0.6690312623977661,17819.610054508055,17667.334233609738,6217728000.0
train_tune_0ca0b_00059_59,TRANSFORMER,0.0923470591411699,0.5301519257179572,0.6358146945040738,47.624725341796875,138.97703552246094,-437.3304443359375,0.02275744453072548,-1303033.0411081058,3.9688000679016113,17170.521519714228,16545.547854305853,6217728000.0
train_tune_0ca0b_00060_60,TRANSFORMER,0.037062589855547,0.3545856332509607,0.5092317828909635,25.483308792114258,42.60361862182617,-196.85113525390625,0.0035988199524581432,-5518.011297715762,3.3561296463012695,2436.5254136340527,2586.1626019246237,964608000.0
train_tune_0ca0b_00061_61,TRANSFORMER,0.0672289308190328,0.3683303874877128,0.6192692831798621,38.87287139892578,88.22493743896484,-272.8829650878906,0.007745304144918919,-2135.1818415013754,3.804128646850586,5162.6371159902465,5120.01112982025,2322432000.0
train_tune_0ca0b_00062_62,TRANSFORMER,0.1020124600603637,0.5395104763055928,0.6738138137840003,11.73086929321289,38.66727828979492,-33.09113311767578,0.004256699699908495,-534447.1452645548,0.8958234786987305,16953.307185621758,17479.502402830556,6217728000.0
train_tune_0ca0b_00063_63,TRANSFORMER,0.0557106112844086,0.3679130895728065,0.5731931040133114,20.611276626586914,31.22650146484375,-144.29632568359375,0.0018155159195885062,-29669.70390693043,2.9203972816467285,1189.8528505283962,1176.0353059780568,643072000.0
train_tune_0ca0b_00064_64,TRANSFORMER,0.0549365222425696,0.5696898263772094,0.6088453420441314,36.12530517578125,110.00588989257812,-296.700439453125,0.0048760236240923405,-3259.7109252555424,1.713045597076416,17448.17411890493,16891.840074003365,6217728000.0
train_tune_0ca0b_00065_65,TRANSFORMER,0.1097430003048198,0.3529787706342535,0.4915986252733832,33.29800033569336,76.69544219970703,-183.8702392578125,0.0025504447985440493,-5633.492032179736,3.6874661445617676,4969.663406861818,4998.298531504476,1679360000.0
train_tune_0ca0b_00066_66,TRANSFORMER,0.0846876105105561,0.5026329148388945,0.5634060887781173,32.77991485595703,92.18988037109375,-238.88092041015625,0.01313076727092266,-150713.21166291912,2.923287868499756,10789.943575287876,10789.943575287876,4145152000.0
train_tune_0ca0b_00067_67,TRANSFORMER,0.0622395401261744,0.3731123567588346,0.5411356650977674,25.674747467041016,72.33402252197266,-204.64019775390625,0.005737803876399994,-2614.406687884195,3.1262807846069336,8770.260311770006,8328.000185242614,2715648000.0
train_tune_0ca0b_00068_68,TRANSFORMER,0.1073439637270876,0.5232820279468897,0.6201531078283282,41.133243560791016,111.72395324707031,-321.97491455078125,0.006733927875757217,-3636.44004181826,2.192257881164551,19776.89932533063,19626.901403396972,6217728000.0
train_tune_0ca0b_00069_69,TRANSFORMER,0.097984070895409,0.3674685840222392,0.4755765946947603,21.23467254638672,54.300174713134766,-149.26611328125,0.002660358790308237,-6081.490132385039,1.828108549118042,3596.918282790811,3364.9886980632746,839680000.0
train_tune_0ca0b_00070_70,TRANSFORMER,0.104948953802624,0.3515192085424841,0.5393105871784601,21.324857711791992,42.944679260253906,-67.61381530761719,0.0037081255577504635,-419442.06608314073,2.7182979583740234,3303.3150890294187,3545.0893996552672,1062912000.0
train_tune_0ca0b_00071_71,TRANSFORMER,0.1383855728919563,0.5186664186501384,0.5686923912187211,69.73735809326172,204.26719665527344,-745.7843017578125,0.03244668245315552,-1124723.796620933,5.280002593994141,23892.038714463586,25353.282441158746,8290304000.0
train_tune_0ca0b_00072_72,TRANSFORMER,0.0859627516959525,0.5494600385942345,0.6385477424869778,52.37723159790039,147.45013427734375,-489.4185791015625,0.0223183985799551,-146593.85814902393,4.342135429382324,17247.63213059256,17247.63213059256,6217728000.0
train_tune_0ca0b_00073_73,TRANSFORMER,0.0467231638418079,0.4101410913408388,0.581845765148932,23.9727840423584,54.14924621582031,-184.68980407714844,0.00293440418317914,-8118.06298101197,1.575682520866394,3919.666837170649,4293.048920558397,1548288000.0
train_tune_0ca0b_00074_74,TRANSFORMER,0.1028916115846512,0.3230928708519867,0.3744910624140958,17.4432430267334,40.821441650390625,-57.53863525390625,0.002975029405206442,-1219293.7638740696,2.234678030014038,2667.540340207592,2735.5605046531236,839680000.0
train_tune_0ca0b_00075_75,TRANSFORMER,0.0593526947045167,0.5066290458491337,0.630493330493837,39.1336784362793,116.1590347290039,-369.4664306640625,0.0036738270428031683,-4170.3320420851915,1.2205339670181274,19186.052745192068,18876.946200064547,6217728000.0
train_tune_0ca0b_00076_76,TRANSFORMER,0.0752118346141656,0.4488658781697216,0.617681322281077,62.488773345947266,138.0596160888672,-554.2442626953125,0.014148681424558163,-6099.702550780288,4.676080703735352,8062.366834190214,8002.345499429219,3096576000.0
train_tune_0ca0b_00077_77,TRANSFORMER,0.0467231638418079,0.3919440375091905,0.5395507878111913,30.967018127441406,77.5654067993164,-356.49945068359375,0.002434085588902235,-3866.1325639354327,3.145326614379883,5203.682858050944,5190.9313399861,2715648000.0
train_tune_0ca0b_00078_78,TRANSFORMER,0.1002261679031246,0.3775848894766413,0.5254117168901443,42.15132141113281,80.78323364257812,-457.08001708984375,0.0025235237553715706,-1504798.3200315372,2.3841195106506348,4901.0218516225505,4914.957615218831,1417216000.0
train_tune_0ca0b_00079_79,TRANSFORMER,0.0517854120832628,0.4359960667402019,0.5328794673220166,15.013824462890625,27.88291358947754,-68.1487808227539,0.0018521398305892944,-269143.64687810995,1.5086616277694702,1969.4543643465654,2004.8295424380376,708608000.0
train_tune_0ca0b_00080_80,TRANSFORMER,0.0971643121176113,0.5236242855973231,0.6466966442341816,37.34828186035156,105.5196304321289,-287.11151123046875,0.00775346951559186,-2851.683169291365,2.561948299407959,18640.58952689074,17939.029679418094,6217728000.0
train_tune_0ca0b_00081_81,TRANSFORMER,0.0848274249818151,0.444536853567949,0.5271111588133993,13.666366577148438,24.869216918945312,-38.13582229614258,0.0007394599379040301,-7904.213090421699,0.5230556726455688,1217.21350973393,1208.8654453247013,708608000.0
train_tune_0ca0b_00082_82,TRANSFORMER,0.0860614488431244,0.3813838272139997,0.5797436156759697,32.21723937988281,80.47488403320312,-190.89430236816406,0.013943444937467575,-1427926.6646337481,4.459578037261963,5731.316063676655,6029.994281281454,1810432000.0
train_tune_0ca0b_00083_83,TRANSFORMER,0.0526988323077665,0.4472865831147097,0.6069710222008208,45.657318115234375,118.74549102783203,-276.42840576171875,0.011520164087414742,-82007.24011198532,4.693902015686035,8643.236403311454,8641.408520374473,2715648000.0
train_tune_0ca0b_00084_84,TRANSFORMER,0.048927132813205,0.5370384451957751,0.658367118693098,27.80401039123535,76.89042663574219,-230.529296875,0.0022858029697090387,-2774.23413519722,0.9466686844825745,11091.966716911045,11141.452614941454,6217728000.0
train_tune_0ca0b_00085_85,TRANSFORMER,0.0545935860627003,0.3554653961567906,0.546734440628605,29.09122085571289,71.76885986328125,-147.55186462402344,0.009326710365712643,-3036.8787700935945,3.973849296569824,4450.254313629308,4483.168370960123,1810432000.0
train_tune_0ca0b_00086_86,TRANSFORMER,0.1473201571877146,0.3600609832007538,0.5530870684747321,14.095864295959473,22.14048957824707,-55.39654541015625,0.0019013574346899986,-1517625.2327217283,1.8004778623580933,1572.3331013713978,1468.9130851581965,643072000.0
train_tune_0ca0b_00087_87,TRANSFORMER,0.0848041201221415,0.4967221436403329,0.6156179313820525,30.53502082824707,83.74195098876953,-206.042236328125,0.012642396613955498,-7042.019520298088,2.796389102935791,9792.971647889623,9828.967523466656,4145152000.0
train_tune_0ca0b_00088_88,TRANSFORMER,0.0279481246922267,0.4206890256461996,0.6042901445553076,37.26096725463867,74.05160522460938,-184.66433715820312,0.00348408124409616,-7716.729825257028,3.2186484336853027,5255.065753314362,5517.026227757045,1417216000.0
train_tune_0ca0b_00089_89,TRANSFORMER,0.1002261679031246,0.3456732486266102,0.554659651209097,36.23458480834961,71.2587661743164,-285.77911376953125,0.0030340091325342655,-197635.61888416883,2.449237823486328,4813.427696322066,4623.385582533755,1417216000.0
train_tune_0ca0b_00090_90,TRANSFORMER,0.1343238032188782,0.5246160572050486,0.631050433108728,63.4067497253418,185.6224365234375,-576.2260131835938,0.03674100339412689,-583714.361966519,5.143173694610596,24150.730181465056,22252.96076996895,8290304000.0
train_tune_0ca0b_00091_91,TRANSFORMER,0.0467231638418079,0.513075354825161,0.5960938758172091,32.947914123535156,69.59612274169922,-384.0882568359375,0.0020044250413775444,-73915.26301587722,1.2341848611831665,5114.842058862321,5116.869095741822,1548288000.0
train_tune_0ca0b_00092_92,TRANSFORMER,0.0909076967609461,0.3262408299440113,0.4780596188890931,30.82666015625,76.28218841552734,-172.33314514160156,0.014507167041301727,-730120.1933436648,4.638451099395752,5169.991996190204,5316.21917702241,1810432000.0
train_tune_0ca0b_00093_93,TRANSFORMER,0.0961900071758145,0.4618660853655414,0.587353696059392,26.310409545898438,76.15856170654297,-145.39437866210938,0.015739649534225464,-1425628.219056058,2.387883186340332,10403.102742569272,10289.292347501392,4145152000.0
train_tune_0ca0b_00094_94,TRANSFORMER,0.1492625939101332,0.3335532999297492,0.4887843689192181,18.10915184020996,42.40571594238281,-58.3634147644043,0.0035009444691240788,-939109.1599132853,2.3552653789520264,2945.0299029690304,2845.010230599636,839680000.0
train_tune_0ca0b_00095_95,TRANSFORMER,0.0373682212127418,0.4309848392177411,0.5383368510186639,29.04511070251465,56.49720764160156,-140.4928436279297,0.002383367856964469,-16990.40655133535,1.9311599731445312,4247.925045436494,3718.465993655727,1062912000.0
train_tune_0ca0b_00096_96,TRANSFORMER,0.0920495302077262,0.508529847967283,0.6259699857575203,43.029327392578125,123.12395477294922,-318.87860107421875,0.023283474147319794,-758929.9922425095,3.6549582481384277,17076.157248449228,16757.262363543694,6217728000.0
train_tune_0ca0b_00097_97,TRANSFORMER,0.0622395401261744,0.3830183122284121,0.5103031865243934,28.613914489746094,80.93893432617188,-246.9791717529297,0.005335341673344374,-2900.27086328859,2.683035373687744,8340.740070109401,8711.241872686143,2715648000.0
train_tune_0ca0b_00098_98,TRANSFORMER,0.0865882772495254,0.4962184628750105,0.597730049707896,43.169647216796875,119.6307373046875,-328.9948425292969,0.018804028630256653,-2858.2280372368423,3.749667167663574,13860.197462348995,13699.519130146344,6217728000.0
train_tune_0ca0b_00099_99,TRANSFORMER,0.2103162584796385,0.3118835288381794,0.3759979110088228,15.800636291503906,28.678279876708984,-49.224952697753906,0.0026150019839406013,-625891.9237829208,2.3417394161224365,2341.016666137567,2205.3612743336985,964608000.0
train_tune_0ca0b_00100_100,TRANSFORMER,0.0607442143034986,0.3654649278070148,0.4754743496418356,23.947845458984375,65.38996124267578,-149.56719970703125,0.006077943369746208,-147674.39904461135,3.195033550262451,8517.01515260305,7940.801845636852,2715648000.0
train_tune_0ca0b_00101_101,TRANSFORMER,0.070943900860638,0.4926729763023827,0.6040045921567595,26.962724685668945,73.86328887939453,-170.68502807617188,0.0040028272196650505,-474040.15517230204,2.6749331951141357,8343.621456260169,8468.832782739933,2715648000.0
train_tune_0ca0b_00102_102,TRANSFORMER,0.0844249873405699,0.5033486796620731,0.6130144884858499,31.462722778320312,86.53253173828125,-220.72422790527344,0.012904314324259758,-248296.99630050536,2.8843135833740234,10136.916961334327,10138.277709177602,4145152000.0
train_tune_0ca0b_00103_103,TRANSFORMER,0.052420912304236,0.6069456063597489,0.6111106022679752,26.35492515563965,53.11611557006836,-117.06864929199219,0.001570207066833973,-15902.91333221033,0.9834082722663879,3432.6360268359663,3398.9135032470786,1062912000.0
train_tune_0ca0b_00104_104,TRANSFORMER,0.0455669319454729,0.392247359872225,0.5573358125126336,23.15409278869629,52.29946517944336,-177.99290466308594,0.0018163403728976846,-7464.31440557478,1.005328893661499,3631.479742893116,3324.665895574746,839680000.0
train_tune_0ca0b_00105_105,TRANSFORMER,0.1007542351917917,0.53902098411907,0.6139156388324556,65.37533569335938,182.75143432617188,-671.1878662109375,0.01021378580480814,-4139.559576486473,3.3915910720825195,29161.08779844147,30222.728122720637,8290304000.0
train_tune_0ca0b_00106_106,TRANSFORMER,0.1375109669703923,0.3614567770302924,0.5020537743265419,31.791250228881836,65.43632507324219,-152.13165283203125,0.004311217926442623,-1114562.2934790351,3.18160343170166,4827.6873391692425,4830.325291530139,1417216000.0
train_tune_0ca0b_00107_107,TRANSFORMER,0.1133461750121004,0.3454888788688715,0.487811775802135,34.82205581665039,82.9457778930664,-171.71194458007812,0.006230686791241169,-344313.50515964674,4.501720428466797,6038.5804467224925,6372.323429528729,1679360000.0
train_tune_0ca0b_00108_108,TRANSFORMER,0.1541317446946418,0.5221674754950217,0.6020802594193155,46.022315979003906,102.98794555664062,-342.31640625,0.00985393114387989,-12846.398862989041,3.428053855895996,10121.809479534377,10053.061466645308,3096576000.0
train_tune_0ca0b_00109_109,TRANSFORMER,0.0723083167998226,0.4191744986026797,0.602493481459783,58.31822204589844,127.96690368652344,-475.76708984375,0.014167828485369682,-155292.71661036977,4.564868927001953,8819.070816799458,8337.948333497066,3096576000.0
train_tune_0ca0b_00110_110,TRANSFORMER,0.0659821029539869,0.4881828535078196,0.6154842674538141,29.429410934448242,82.97801208496094,-194.01885986328125,0.007432473823428154,-2346.490292210714,3.6035428047180176,12525.795041949816,12000.96633121163,3620864000.0
train_tune_0ca0b_00111_111,TRANSFORMER,0.1101640784178432,0.3201826041580898,0.3072922182156674,25.078922271728516,59.73781204223633,-96.891845703125,0.005002561956644058,-479534.1552657432,3.196925163269043,4217.49964094831,4759.331463189317,1259520000.0
train_tune_0ca0b_00112_112,TRANSFORMER,0.0749638540531117,0.497525400153219,0.5805706083281501,40.55860137939453,113.7467269897461,-323.3616943359375,0.008374630473554134,-2838.619537670801,3.9934825897216797,11614.635069069493,11357.330820383986,3620864000.0
train_tune_0ca0b_00113_113,TRANSFORMER,0.0558573388203017,0.3981941184373749,0.3525146987301973,20.829788208007812,42.49822998046875,-117.10187530517578,0.0017140703275799751,-23215.616834665623,1.3257317543029785,2573.4091471194115,2572.914413400167,708608000.0
train_tune_0ca0b_00114_114,TRANSFORMER,0.0533884477679157,0.3832271942396665,0.5496597878244487,56.103553771972656,144.5632781982422,-360.3970031738281,0.014413678087294102,-2453.739057726416,4.661341667175293,9052.296328305933,9045.266189236916,3620864000.0
train_tune_0ca0b_00115_115,TRANSFORMER,0.0914121044533082,0.4694208156901409,0.6143099515456522,40.979618072509766,124.82681274414062,-287.20648193359375,0.02566685900092125,-729040.2298467461,3.9350545406341553,17431.19945813875,16471.79509473091,6217728000.0
train_tune_0ca0b_00116_116,TRANSFORMER,0.0741680005629184,0.3905515746327546,0.571973850850211,57.751441955566406,128.81947326660156,-468.60601806640625,0.013506898656487465,-142413.7543194218,4.468589782714844,8992.927683407246,8753.561476835477,3096576000.0
train_tune_0ca0b_00117_117,TRANSFORMER,0.0947223945456613,0.4787015571020903,0.6224611776512784,26.500551223754883,75.3469467163086,-135.7093505859375,0.015256674960255623,-1678966.8006039609,2.734950304031372,9547.808851441028,10012.35485163941,4145152000.0
train_tune_0ca0b_00118_118,TRANSFORMER,0.0562479985890016,0.4071759066032137,0.4359305966390033,18.029678344726562,38.24314880371094,-80.11172485351562,0.002365192398428917,-7049.230113991699,1.5638266801834106,2452.713909071794,2489.031019012862,708608000.0
train_tune_0ca0b_00119_119,TRANSFORMER,0.0838941133996069,0.3417737642537945,0.4551020894989407,17.04423713684082,44.21556091308594,-82.6466293334961,0.0026795060839504004,-3610.449785035724,1.7954604625701904,2999.2572183718107,3128.2092700919006,839680000.0
train_tune_0ca0b_00120_120,TRANSFORMER,0.1001021087537749,0.394880733407137,0.5591463664049864,42.04716491699219,80.2174072265625,-436.4424133300781,0.002505904994904995,-4498041.237958923,2.325286388397217,4894.319549047626,4894.319549047626,1417216000.0
train_tune_0ca0b_00121_121,TRANSFORMER,0.0615183753636656,0.5420383040282052,0.6101498505913027,25.044883728027344,71.49495697021484,-199.51971435546875,0.003483840264379978,-4599.719696361571,2.405059814453125,9756.889767039616,9534.005828365627,2715648000.0
train_tune_0ca0b_00122_122,TRANSFORMER,0.0821895808442718,0.592159861189768,0.5566572206994532,14.081062316894531,38.86386489868164,-66.36856079101562,0.0009934110566973686,-485819.1134498181,0.45783132314682007,8456.96074515089,8457.209956315082,4145152000.0
train_tune_0ca0b_00123_123,TRANSFORMER,0.0557106112844086,0.5749076742564688,0.5939320053540811,21.061668395996094,41.782867431640625,-131.9661102294922,0.001512695336714387,-17544.086406605074,1.1039587259292603,2239.6001310734528,2120.115051103012,708608000.0
train_tune_0ca0b_00124_124,TRANSFORMER,0.0467231638418079,0.3741398460548756,0.5801983960261371,40.85348129272461,104.44361877441406,-655.1149291992188,0.0030406475998461246,-4885.542114110658,3.839472770690918,5473.091978608094,5521.6050090018525,2715648000.0
train_tune_0ca0b_00125_125,TRANSFORMER,0.0719477959092453,0.3633217343396468,0.4226128276671131,21.09058952331543,50.48442077636719,-83.72282409667969,0.006352814845740795,-378371.5958650749,2.8073532581329346,4042.945386599429,3634.159850028748,1548288000.0
train_tune_0ca0b_00126_126,TRANSFORMER,0.0467231638418079,0.3741116309398829,0.5804402357592743,40.84505844116211,104.41078186035156,-654.4329223632812,0.0030403370037674904,-4971.440835653298,3.838963747024536,5474.054131839192,5522.420018992074,2715648000.0
train_tune_0ca0b_00127_127,TRANSFORMER,0.1917698907115922,0.2932017450110049,0.379080448357466,21.310516357421875,37.60889434814453,-81.24555206298828,0.004281851928681135,-431588.82835327706,3.1837525367736816,3047.482199757328,3013.4758855586897,1286144000.0
train_tune_0ca0b_00128_128,TRANSFORMER,0.0868388348142805,0.5270340385349994,0.628263298483037,50.69500732421875,143.78408813476562,-456.2314453125,0.021476998925209045,-5980.05117654718,4.250077247619629,16093.844795518744,16177.427869864305,6217728000.0
train_tune_0ca0b_00129_129,TRANSFORMER,0.0444456316664289,0.4154518915321991,0.5407052162805062,30.775901794433594,70.59663391113281,-200.74203491210938,0.002492534229531884,-3217.450529513855,1.426722764968872,4734.9325668306665,4735.6923230057055,1259520000.0
train_tune_0ca0b_00130_130,TRANSFORMER,0.062854158853058,0.3029115415459704,0.519347248489011,19.8001708984375,39.98217010498047,-67.03607940673828,0.003016657428815961,-6184.8728242659545,2.3183655738830566,2722.070745097527,2685.114479665526,1062912000.0
train_tune_0ca0b_00131_131,TRANSFORMER,0.0906612705808995,0.354702431113425,0.5552726038960311,36.572608947753906,56.686439514160156,-233.69924926757812,0.005070110782980919,-929430.3237561833,3.7980313301086426,2903.320905914154,3223.387605342147,1286144000.0
train_tune_0ca0b_00132_132,TRANSFORMER,0.0918772351197741,0.4760603289437315,0.6186760302831421,39.60445785522461,111.95428466796875,-278.64697265625,0.026173099875450134,-655173.1356329554,3.7492330074310303,15718.603841490341,16236.651308375764,6217728000.0
train_tune_0ca0b_00133_133,TRANSFORMER,0.0962909251989164,0.4038636525530046,0.4707063212487209,18.587194442749023,34.29834747314453,-34.99186706542969,0.0007320112199522555,-8885.619938471027,0.3517439365386963,2036.071198176821,2082.930583610768,1062912000.0
train_tune_0ca0b_00134_134,TRANSFORMER,0.0882754066055362,0.3185828066768758,0.4808673234841043,12.625207901000977,20.293689727783203,-48.6215705871582,0.001784816849976778,-701328.695836095,1.742154836654663,1301.304256155415,1524.1394079938264,643072000.0
train_tune_0ca0b_00135_135,TRANSFORMER,0.0441413885481206,0.3467262752526069,0.5545717745533325,32.61905288696289,53.10770034790039,-306.09149169921875,0.004570832010358572,-7633.378145115799,4.020867824554443,2880.4999364155055,2859.0505289163716,964608000.0
train_tune_0ca0b_00136_136,TRANSFORMER,0.0475212246229015,0.3754671086082792,0.5867402670524121,19.5800724029541,50.78782272338867,-132.58987426757812,0.0025189784355461597,-2128073.0283621303,2.130204439163208,5441.881915530091,5433.64142891459,1810432000.0
train_tune_0ca0b_00137_137,TRANSFORMER,0.0971643121176113,0.5107170423365816,0.642516641540388,35.523284912109375,100.10223388671875,-248.1892547607422,0.008937335573136806,-2799.4916439676517,2.5738582611083984,18718.39650251696,17891.730873655793,6217728000.0
train_tune_0ca0b_00138_138,TRANSFORMER,0.281622737289643,0.3538719465128656,0.4851213537272765,24.319108963012695,44.37422180175781,-107.87977600097656,0.0032138715032488108,-571846.5322056712,2.914048433303833,3655.780900789718,3230.229603058192,1286144000.0
train_tune_0ca0b_00139_139,TRANSFORMER,0.0923470591411699,0.4954577083787965,0.6202855665730956,40.751007080078125,118.16608428955078,-285.0140686035156,0.02703746408224106,-696069.3984921539,3.769615411758423,16521.1939926444,16810.508553172163,6217728000.0
train_tune_0ca0b_00140_140,TRANSFORMER,0.0686753008630439,0.4972366437188102,0.6558271818982334,33.87525939941406,93.92249298095703,-337.3785400390625,0.003584463382139802,-14801.05519094709,2.515955924987793,9519.32416285263,9514.738347192195,2715648000.0
train_tune_0ca0b_00141_141,TRANSFORMER,0.0593624311038283,0.5327140794798234,0.6650557606661889,35.01694107055664,104.91331481933594,-292.0035705566406,0.00466845091432333,-3275.319015776631,1.6204593181610107,17547.681370547652,18173.662353662374,6217728000.0
train_tune_0ca0b_00142_142,TRANSFORMER,0.1575356865666742,0.5378459699781496,0.589184443400218,48.531002044677734,108.85755157470703,-389.00762939453125,0.009214367717504501,-41576.03680514493,3.2751142978668213,10272.19317288944,10300.617355898445,3096576000.0
train_tune_0ca0b_00143_143,TRANSFORMER,0.0467231638418079,0.3966736630818497,0.5804093414356404,112.78849029541016,236.75648498535156,-1920.6246337890625,0.01015220582485199,-1817014.4692486527,3.5248160362243652,11815.224964502653,11815.224964502653,3096576000.0
train_tune_0ca0b_00144_144,TRANSFORMER,0.048927132813205,0.528651674986744,0.6744000172212554,29.952407836914062,82.4249267578125,-271.647705078125,0.0025074484292417765,-3098.101826058842,1.0167540311813354,11979.913977460017,12047.615991992698,6217728000.0
train_tune_0ca0b_00145_145,TRANSFORMER,0.0604352811821581,0.3535742121052783,0.5613163138598865,26.93846893310547,70.3022689819336,-209.2948760986328,0.004597822204232216,-243699.20127988767,3.1443891525268555,8415.87877071902,8169.993292833806,2715648000.0
train_tune_0ca0b_00146_146,TRANSFORMER,0.0467231638418079,0.3786879262975291,0.5613354696845074,46.62578201293945,115.68174743652344,-855.4281005859375,0.0034529969561845064,-195547.75557077446,4.090825080871582,7512.780872147887,7513.897940727923,2715648000.0
train_tune_0ca0b_00147_147,TRANSFORMER,0.1079687733150038,0.3808072559330804,0.5110965144842493,27.513059616088867,66.17644500732422,-137.20411682128906,0.0036061215214431286,-4576869.084631569,3.0139400959014893,4612.39254949575,4612.39254949575,1259520000.0
train_tune_0ca0b_00148_148,TRANSFORMER,0.0863071472232429,0.5160963681468966,0.6335940779175049,45.23929214477539,130.27976989746094,-357.769287109375,0.018970808014273643,-3048.475657274739,3.82997727394104,13311.232688314982,13338.638962238998,6217728000.0
train_tune_0ca0b_00149_149,TRANSFORMER,0.0866498223081135,0.3538963948838297,0.5112845723675586,30.947242736816406,78.23934936523438,-166.92274475097656,0.013983145356178284,-723153.2780720146,4.4263763427734375,5767.609613613682,5856.782567635082,1810432000.0
train_tune_0ca0b_00150_150,TRANSFORMER,0.1096601036902665,0.3922708326633564,0.5083321212826609,35.68647766113281,65.34431457519531,-252.14405822753906,0.005269296001642942,-2919.966708215539,4.906667232513428,3977.3654196509997,4059.862313133809,1286144000.0
train_tune_0ca0b_00151_151,TRANSFORMER,0.0737785109864551,0.3945730645990921,0.5273462970442682,43.44212341308594,118.54833221435547,-379.9397277832031,0.007450900040566921,-3067.369101363231,3.774653434753418,12038.028721472221,11679.576240476903,3620864000.0
train_tune_0ca0b_00152_152,TRANSFORMER,0.0557106112844086,0.3494434651446554,0.5564603207764779,17.857009887695312,24.82364273071289,-107.55519104003906,0.0016312216175720096,-39522.80008757918,2.6259632110595703,1041.5922853358422,1054.131883217956,643072000.0
train_tune_0ca0b_00153_153,TRANSFORMER,0.0557106112844086,0.3895982753781055,0.5781976261161639,18.001861572265625,28.41984748840332,-109.85537719726562,0.0015627230750396848,-10306.153714244661,2.651751756668091,1025.5465384550555,990.5784811037571,643072000.0
train_tune_0ca0b_00154_154,TRANSFORMER,0.0732588334445146,0.5342001222478129,0.6067558238221261,26.818405151367188,69.01237487792969,-204.69326782226562,0.0025755525566637516,-483876.3920387498,1.1056296825408936,13846.00171821994,13846.00171821994,4145152000.0
train_tune_0ca0b_00155_155,TRANSFORMER,0.0923470591411699,0.497484627769013,0.6186487274080096,41.16624069213867,123.34626007080078,-284.2641906738281,0.026613127440214157,-727727.1484334589,3.617514133453369,16427.03271550855,16425.523698964607,6217728000.0
train_tune_0ca0b_00156_156,TRANSFORMER,0.1003155239894663,0.5349562918340947,0.6106676744246261,43.846397399902344,120.65507507324219,-382.99365234375,0.005511782597750425,-10824.386912471107,2.165513515472412,19772.660110658107,19775.73105197332,6217728000.0
train_tune_0ca0b_00157_157,TRANSFORMER,0.1004566073753379,0.5292359751213108,0.6461997464347332,11.556906700134277,36.987701416015625,-25.210235595703125,0.005011391825973988,-443289.80652468966,0.9353160858154297,17040.089340217277,17407.452699441335,6217728000.0
train_tune_0ca0b_00158_158,TRANSFORMER,0.1381972162563058,0.5572533967292705,0.5447045506555567,30.371383666992188,71.98978424072266,-185.93946838378906,0.005852982401847839,-6362.270683921681,2.2069525718688965,7566.109181647175,7707.57703779624,2322432000.0
train_tune_0ca0b_00159_159,TRANSFORMER,0.0568959170209506,0.2937553554104584,0.4862913010582252,11.619274139404297,26.429765701293945,-52.49634552001953,0.0005262482445687056,-3152.4858184743534,1.3771864175796509,1651.6326193533387,1683.6173408902725,839680000.0
train_tune_0ca0b_00160_160,TRANSFORMER,0.0749638540531117,0.497525400153219,0.5805706083281501,40.55860137939453,113.7467269897461,-323.3616943359375,0.008374630473554134,-2838.619537670801,3.9934825897216797,11614.635069069493,11357.330820383986,3620864000.0
train_tune_0ca0b_00161_161,TRANSFORMER,0.0870536994828969,0.517430515033879,0.6282297077059277,46.64888381958008,129.33583068847656,-388.85504150390625,0.020368842408061028,-4207.641245356685,4.08053731918335,14918.098590365888,14993.575280761721,6217728000.0
train_tune_0ca0b_00162_162,TRANSFORMER,0.0557106112844086,0.5165553276389517,0.6363585895433131,19.359582901000977,55.756309509277344,-153.41595458984375,0.002216146793216467,-5658.5012213847685,0.8884802460670471,11770.032796110905,12231.167221289516,4145152000.0
train_tune_0ca0b_00163_163,TRANSFORMER,0.1020124600603637,0.5469252284598569,0.6126111380434696,14.052155494689941,42.69468307495117,-80.8657455444336,0.0031811927910894156,-2072614.8549040959,0.4813504219055176,19371.565712834323,19388.559251762876,6217728000.0
train_tune_0ca0b_00164_164,TRANSFORMER,0.1035201424129121,0.5828320486790021,0.5750961344417478,45.85871887207031,125.49626922607422,-413.7047119140625,0.00513083441182971,-28947.907656263025,2.0245020389556885,22146.11450452631,22176.45188844366,6217728000.0
train_tune_0ca0b_00165_165,TRANSFORMER,0.084177589946934,0.6100646620274,0.638352649153922,73.82910919189453,213.75405883789062,-994.2014770507812,0.004494775086641312,-20967.086191104565,1.657846450805664,27412.915143362996,27491.59177819,8290304000.0
train_tune_0ca0b_00166_166,TRANSFORMER,0.0566425823554133,0.3768642151879995,0.6182770991516592,32.21451950073242,89.32821655273438,-324.15093994140625,0.005051369778811932,-3396.5184608029485,3.030106544494629,9318.46383926883,8593.444568276962,2715648000.0
train_tune_0ca0b_00167_167,TRANSFORMER,0.0902664108190162,0.5215246007902824,0.585013085756721,42.935462951660156,122.72733306884766,-518.4102783203125,0.006125256884843111,-796322.6622530016,1.7480947971343994,25004.104161355946,25544.5859834409,8290304000.0
train_tune_0ca0b_00168_168,TRANSFORMER,0.2471518892835891,0.3265197895415831,0.5206230883486264,28.077354431152344,46.21255874633789,-121.07502746582031,0.0023878535721451044,-17369.244327271685,2.7967069149017334,2912.1129298144983,2910.7185091019774,1286144000.0
train_tune_0ca0b_00169_169,TRANSFORMER,0.0607442143034986,0.3833427011534099,0.6121525083086614,28.684608459472656,73.2144546508789,-258.1363830566406,0.00426580011844635,-409241.29181062046,2.881309986114502,9083.492240116258,9223.597133471154,2715648000.0
train_tune_0ca0b_00170_170,TRANSFORMER,0.075338492361799,0.3548126134483931,0.4873437832518801,43.1080207824707,113.59561157226562,-256.0931091308594,0.01906672865152359,-344754.25982368045,5.22715950012207,8560.47012495731,8928.590422909452,2715648000.0
train_tune_0ca0b_00171_171,TRANSFORMER,0.1035201424129121,0.4720547108384422,0.5215619721770834,36.848876953125,101.05521392822266,-252.5814208984375,0.008524705655872822,-2885.489047612167,2.813645839691162,18531.79206802594,17527.778938063835,6217728000.0
train_tune_0ca0b_00172_172,TRANSFORMER,0.0549759268165507,0.3676563157071051,0.5681845576646026,30.830890655517578,76.66339874267578,-169.98013305664062,0.00976635329425335,-5844.211872481139,4.065591335296631,4829.973180073207,4829.873011817922,1810432000.0
train_tune_0ca0b_00173_173,TRANSFORMER,0.0464221014492753,0.3366175484126066,0.547120939527388,31.301193237304688,62.31313705444336,-358.5397644042969,0.004399914760142565,-299850.97528880555,3.4311602115631104,4227.056843324372,4388.665458414195,1548288000.0
train_tune_0ca0b_00174_174,TRANSFORMER,0.0715891133083309,0.4161163100275353,0.5858003147943125,42.809364318847656,95.67405700683594,-348.8010559082031,0.007741471752524376,-596649.7687530568,3.564927577972412,6309.331608737652,6281.037689808584,2322432000.0
train_tune_0ca0b_00175_175,TRANSFORMER,0.0557106112844086,0.4207336044892631,0.4974832097564456,18.939651489257812,39.522308349609375,-91.70747375488281,0.0019913925789296627,-10880.773034984459,1.4435263872146606,2480.2227841713047,2317.49985112531,708608000.0
train_tune_0ca0b_00176_176,TRANSFORMER,0.097501953932509,0.5124778438119618,0.6162366022147038,61.560646057128906,171.03155517578125,-550.421875,0.029599327594041824,-2704.355540342028,5.121847152709961,19058.685834010656,19098.269967305703,8290304000.0
train_tune_0ca0b_00177_177,TRANSFORMER,0.082322316962894,0.3675901970726287,0.5967527698591689,50.134037017822266,100.67210388183594,-339.6220703125,0.011332806199789047,-2580.803500753575,4.137753009796143,6925.474797229976,6887.539943443053,3096576000.0
train_tune_0ca0b_00178_178,TRANSFORMER,0.1004357965548777,0.3330729253398225,0.4527097071830447,32.31684112548828,64.3482437133789,-208.30072021484375,0.0033136243000626564,-133226.89675232006,2.5913538932800293,4561.767607315759,4455.957893371196,1417216000.0
train_tune_0ca0b_00179_179,TRANSFORMER,0.0567156325238822,0.5153202685525397,0.5690717030430618,10.72273063659668,28.229215621948242,-39.041221618652344,0.0012308694422245026,-3755.920614008549,1.040132761001587,6032.973955919161,5872.3184067975435,1810432000.0
train_tune_0ca0b_00180_180,TRANSFORMER,0.0463827139544091,0.3934155833993307,0.5699382744109945,102.50360870361328,219.54656982421875,-1775.638916015625,0.013511495664715767,-4769.39684970777,5.632504463195801,5041.6435053996765,5098.716020979013,3096576000.0
train_tune_0ca0b_00181_181,TRANSFORMER,0.0697286740601241,0.4938621064287571,0.6427686615809151,29.09903335571289,82.88929748535156,-253.6558837890625,0.004411608912050724,-3549.280796734595,2.8196656703948975,9089.226872745128,9152.546231440843,2715648000.0
train_tune_0ca0b_00182_182,TRANSFORMER,0.1020574894426287,0.3522050884296068,0.4970832567872826,18.615055084228516,44.93207931518555,-86.82032012939453,0.001312330481596291,-4606.12445242073,2.072214126586914,2714.006832841234,2696.0184267528607,839680000.0
train_tune_0ca0b_00183_183,TRANSFORMER,0.0509850011193194,0.5070785757203223,0.5994350235681811,14.889507293701172,41.335723876953125,-99.22947692871094,0.0018248355481773615,-4436.132411068997,1.3862833976745605,5979.876692359878,5857.795526239874,1810432000.0
train_tune_0ca0b_00184_184,TRANSFORMER,0.0829602422075799,0.5575193571058453,0.6540755273021915,12.419017791748047,34.53125,-49.28928756713867,0.0008653984987176955,-3046.198642576176,0.3945665657520294,7426.7313124606635,7424.276653129731,4145152000.0
train_tune_0ca0b_00185_185,TRANSFORMER,0.0680120646568289,0.3263742940629914,0.4156027523979864,14.581182479858398,29.893035888671875,-43.46913146972656,0.0023558884859085083,-8679.637451002176,1.9370239973068237,2012.3278878277179,1994.0834769347293,708608000.0
train_tune_0ca0b_00186_186,TRANSFORMER,0.0996321604938785,0.5253934072112221,0.5625587250569057,37.72573471069336,103.4741439819336,-284.89593505859375,0.00771650206297636,-3206.875917102234,2.6815109252929688,18770.21821219344,19247.42430717443,6217728000.0
train_tune_0ca0b_00187_187,TRANSFORMER,0.0859627516959525,0.504053371744996,0.6208177524673211,45.338016510009766,130.44711303710938,-359.33087158203125,0.019042057916522026,-2813.3549620462663,3.7744557857513428,13512.749059295666,13289.675671364017,6217728000.0
train_tune_0ca0b_00188_188,TRANSFORMER,0.0898941473161728,0.5277582442647137,0.6816411954747329,41.53041076660156,123.70594024658203,-444.3096923828125,0.007573719136416912,-356832.9609546485,1.936700463294983,24996.853793581668,24514.11836053337,8290304000.0
train_tune_0ca0b_00189_189,TRANSFORMER,0.0448692639834397,0.482676454369128,0.5200708180229643,35.51701736450195,85.22734832763672,-192.2315673828125,0.0038802558556199074,-2492.580379487781,2.2857937812805176,5338.843855202156,5497.399282182306,1679360000.0
train_tune_0ca0b_00190_190,TRANSFORMER,0.0719513883127831,0.3883806356657724,0.5107490959328659,23.452838897705078,65.64736938476562,-121.25550079345703,0.004719834309071302,-160134.9715071713,2.87858247756958,7947.021779244601,8699.773426892507,2715648000.0
train_tune_0ca0b_00191_191,TRANSFORMER,0.0459622136619899,0.430721688396239,0.5254844470009641,29.46649169921875,58.733245849609375,-102.77952575683594,0.0025453506968915462,-5089.705664592251,1.999305248260498,4991.082042716348,4716.5573636817735,1417216000.0
train_tune_0ca0b_00192_192,TRANSFORMER,0.1103361487688769,0.5343642258597164,0.602803333138448,7.542226314544678,23.201171875,2.1381969451904297,0.002040460240095854,-1380117.6380101154,0.23436768352985382,10975.266424293872,10646.85092758783,4145152000.0
train_tune_0ca0b_00193_193,TRANSFORMER,0.0844976866475266,0.583201676476336,0.6484316654360464,13.358656883239746,38.59104919433594,-52.6146354675293,0.0008654022822156549,-2998.8231354013137,0.35846272110939026,7527.137278901074,7532.987926087814,4145152000.0
train_tune_0ca0b_00194_194,TRANSFORMER,0.0835717080938704,0.4331483576126984,0.5124837384158931,37.6947021484375,90.44703674316406,-345.60223388671875,0.003481644205749035,-4277488.325335087,3.4122776985168457,7060.473432742244,7060.473432742244,1679360000.0
train_tune_0ca0b_00195_195,TRANSFORMER,0.1004357965548777,0.3565192912105854,0.5522887665499872,37.777381896972656,75.22209930419922,-346.5925598144531,0.0027585348580032587,-309763.69940751046,2.442497730255127,4833.622754901789,4616.789550530974,1417216000.0
train_tune_0ca0b_00196_196,TRANSFORMER,0.0863071472232429,0.517055141817084,0.6382758673261217,45.228450775146484,130.4247283935547,-358.42364501953125,0.019109144806861877,-2995.629596276022,3.796823501586914,13237.278178870269,13416.953124910102,6217728000.0
train_tune_0ca0b_00197_197,TRANSFORMER,0.0771428474522687,0.3440256335730766,0.5460805346938663,22.159591674804688,44.350948333740234,-103.42369079589844,0.0036417923402041197,-2441.871763956213,2.610759735107422,3375.6173530659785,3333.8749291070726,1548288000.0
train_tune_0ca0b_00198_198,TRANSFORMER,0.0654814697208596,0.3792688875938788,0.5804397234252425,29.052534103393555,83.55677795410156,-268.3148193359375,0.005659320391714573,-2886.6395470209277,2.990046739578247,8493.787745106518,8491.447176627218,2715648000.0
train_tune_0ca0b_00199_199,TRANSFORMER,0.0651719793596906,0.3748841495098263,0.5717296063179019,16.547473907470703,41.88056945800781,-87.14485168457031,0.0024518000427633524,-681574.7956217554,1.924346685409546,5542.335372184221,6024.944533963302,1810432000.0
train_tune_0ca0b_00200_200,TRANSFORMER,0.0522565333436669,0.389518100372741,0.5975646023792929,39.65262222290039,103.5290756225586,-197.95236206054688,0.010404657572507858,-2352.195269262288,4.4405622482299805,6598.046355299142,6605.642348916843,2715648000.0
train_tune_0ca0b_00201_201,TRANSFORMER,0.0706069510799304,0.3483394830922909,0.5753458341759138,22.21765899658203,49.54547119140625,-92.90848541259766,0.004098948091268539,-814025.7581888034,2.5656681060791016,3632.0402141643317,3612.9260030073087,1548288000.0
train_tune_0ca0b_00202_202,TRANSFORMER,0.0920495302077262,0.5232946857640483,0.5825009565152482,47.81254577636719,139.79708862304688,-424.03558349609375,0.023139575496315956,-1707039.7473767232,3.8345518112182617,17231.764829949017,17797.038037785576,6217728000.0
train_tune_0ca0b_00203_203,TRANSFORMER,0.0970187462888979,0.5267438805662804,0.615884206905628,71.43658447265625,197.92274475097656,-745.9249267578125,0.03491600230336189,-229930.92941099612,5.797588348388672,22872.15676208831,22867.776772104502,8290304000.0
train_tune_0ca0b_00204_204,TRANSFORMER,0.0487795753207119,0.5828442149360215,0.6469039370224908,55.375675201416016,158.235595703125,-759.2261962890625,0.004533385392278433,-2619.615121319536,1.6542460918426514,13790.245955864022,13737.448289374632,8290304000.0
train_tune_0ca0b_00205_205,TRANSFORMER,0.0737785109864551,0.5011652973350765,0.583028340440744,54.87490463256836,150.54180908203125,-638.9677734375,0.006968751549720764,-31682.987438050477,3.7105469703674316,13345.678190770968,13346.893267229461,3620864000.0
train_tune_0ca0b_00206_206,TRANSFORMER,0.1931167957311556,0.3489732032842361,0.5673851122241741,30.635894775390625,55.613807678222656,-142.89654541015625,0.002431360073387623,-5971.998282975046,3.061750888824463,2840.703208557006,2829.2506600137717,1286144000.0
train_tune_0ca0b_00207_207,TRANSFORMER,0.0463905861054537,0.3284131049621351,0.5360260768699104,32.51206588745117,64.6407241821289,-393.06903076171875,0.004637481644749641,-306095.28704701277,3.565706253051758,4226.64638452577,4414.625791690673,1548288000.0
train_tune_0ca0b_00208_208,TRANSFORMER,0.0770455411956925,0.5958026668292543,0.551063682601022,26.407272338867188,68.03892517089844,-198.20455932617188,0.0025180447846651077,-453580.566406241,1.1156494617462158,13865.99261685128,13865.99261685128,4145152000.0
train_tune_0ca0b_00209_209,TRANSFORMER,0.0663730217519018,0.4662993749345566,0.5233831719090488,29.869489669799805,85.99127960205078,-194.84458923339844,0.006767692975699902,-2605.554229877097,3.8527917861938477,12284.683852726748,12048.989940678961,3620864000.0
train_tune_0ca0b_00210_210,TRANSFORMER,0.0467231638418079,0.4118411074664771,0.5621852109397576,56.31797790527344,121.61380004882812,-732.9837646484375,0.004986326675862074,-15874.106472907592,2.3541769981384277,7094.422682102446,6878.773313670833,2322432000.0
train_tune_0ca0b_00211_211,TRANSFORMER,0.1009633340687721,0.5391334982225179,0.6308551313188991,72.5395278930664,205.46095275878906,-746.577880859375,0.03389415889978409,-5426.576957645868,5.613211631774902,22296.588037814752,22362.51476946032,8290304000.0
train_tune_0ca0b_00212_212,TRANSFORMER,0.0431374111889701,0.5889350088498002,0.6115132234140129,32.12290573120117,87.96993255615234,-302.2677001953125,0.002599878702312708,-473919.8253895351,0.9875926375389099,14133.312336800245,14133.527055682734,6217728000.0
train_tune_0ca0b_00213_213,TRANSFORMER,0.0500845948358137,0.4030830513373485,0.5259477831823084,13.87903118133545,35.5130615234375,-75.63768005371094,0.0011939865071326494,-4980.95196299227,1.9313154220581055,3507.1535702725596,3532.41147966711,1810432000.0
train_tune_0ca0b_00214_214,TRANSFORMER,0.1343238032188782,0.5398134352756286,0.5943972693359943,73.55518341064453,213.5308837890625,-843.2108764648438,0.033328548073768616,-6575799.748022034,5.298623561859131,24956.519025115438,24956.519025115438,8290304000.0
train_tune_0ca0b_00215_215,TRANSFORMER,0.0557106112844086,0.3569795197476268,0.5181285816993759,57.12641143798828,89.56346893310547,-480.3821105957031,0.005146864335983992,-8237.584891336917,4.350323677062988,2230.233862814322,2215.1730779644004,1286144000.0
train_tune_0ca0b_00216_216,TRANSFORMER,0.0775897640409767,0.399648909688812,0.3857777680842091,14.784126281738281,26.492599487304688,-76.26295471191406,0.001735412748530507,-11487.841751658936,1.6840726137161255,1976.8809277365726,1974.9327083875485,643072000.0
train_tune_0ca0b_00217_217,TRANSFORMER,0.0463497453310696,0.4124182603962138,0.6052026963037284,101.0759506225586,206.04454040527344,-1653.2022705078125,0.016771070659160614,-78020.80454543688,5.333271026611328,8813.238720532956,10110.376932916626,3096576000.0
train_tune_0ca0b_00218_218,TRANSFORMER,0.1035201424129121,0.5142258671028231,0.5775586949561909,41.1159553527832,117.619873046875,-311.29229736328125,0.006975694093853235,-3421.4030615660004,2.2319529056549072,18233.073836799053,18122.1556605328,6217728000.0
train_tune_0ca0b_00219_219,TRANSFORMER,0.0467231638418079,0.3933018326286697,0.5252330989483471,33.59889221191406,83.52801513671875,-425.1180419921875,0.0026342240162193775,-4984.311450663192,3.279013156890869,5582.680743725139,5626.898457585508,2715648000.0
train_tune_0ca0b_00220_220,TRANSFORMER,0.1266881547429904,0.3743267919475556,0.4971418988332823,21.833820343017578,51.4061279296875,-190.90054321289062,0.000841976550873369,-5784.262675352622,2.2974557876586914,2748.7442959706214,2698.1342409876506,1259520000.0
train_tune_0ca0b_00221_221,TRANSFORMER,0.0746328199425272,0.3540163496624098,0.5191960408593598,45.69792556762695,118.05105590820312,-317.05963134765625,0.018418721854686737,-421252.89288157434,5.205093860626221,8117.104586359991,8079.351176564849,2715648000.0
train_tune_0ca0b_00222_222,TRANSFORMER,0.1541317446946418,0.5500462890619354,0.5717990497309847,48.77402114868164,109.31781768798828,-387.7569274902344,0.009503503330051899,-83763.94525812766,3.332984685897827,10291.703722258157,10308.747574448847,3096576000.0
train_tune_0ca0b_00223_223,TRANSFORMER,0.1144568739260065,0.3799957184333336,0.4978643060963716,27.39247703552246,65.8414077758789,-156.9339141845703,0.0018848627805709839,-110987.19910407724,2.9607186317443848,4396.579325744983,4396.461226453056,1259520000.0
train_tune_0ca0b_00224_224,TRANSFORMER,0.0762554863173046,0.4465480114007379,0.625716499300292,64.82518768310547,141.9054718017578,-593.7593994140625,0.015009197406470776,-202670.20582199647,4.759827613830566,8427.254198266062,8427.254198266062,3096576000.0
train_tune_0ca0b_00225_225,TRANSFORMER,0.0951885429259377,0.3746852926735493,0.4932680682646957,17.08749771118164,33.209999084472656,-15.586179733276367,0.00057360646314919,-6952.388024150279,0.2491132616996765,2042.7174741812055,2055.523855177976,1062912000.0
train_tune_0ca0b_00226_226,TRANSFORMER,0.0557106112844086,0.5506869472869239,0.6275524058665409,22.184467315673828,61.302886962890625,-183.17459106445312,0.0018783544655889273,-6415.222000002696,0.760951817035675,11889.472289526697,11821.82691613993,4145152000.0
train_tune_0ca0b_00227_227,TRANSFORMER,0.0651719793596906,0.3526850759097589,0.5406815710585691,16.012422561645508,41.95758056640625,-74.07930755615234,0.002878593048080802,-342015.38658216514,2.038957118988037,5723.3329784581965,6002.845509025906,1810432000.0
train_tune_0ca0b_00228_228,TRANSFORMER,0.0826716102179335,0.4965129028227439,0.6832029785189544,12.8663911819458,37.518310546875,-51.303016662597656,0.0008362625376321375,-2508.9875206820943,0.37803149223327637,6945.2396685452095,6888.309956962621,4145152000.0
train_tune_0ca0b_00229_229,TRANSFORMER,0.112114889284707,0.3479184053942852,0.5467678252694825,25.399581909179688,61.93394470214844,-138.3594207763672,0.001725784270092845,-3232.5602598661394,2.7808260917663574,3630.868281749663,3589.068966133951,1259520000.0
train_tune_0ca0b_00230_230,TRANSFORMER,0.0463827139544091,0.3807745764219697,0.5499142354737409,35.414608001708984,68.56307983398438,-471.8048095703125,0.004165735561400652,-3783728.984324423,3.59505558013916,3030.575840109081,3030.575840109081,1548288000.0
train_tune_0ca0b_00231_231,TRANSFORMER,0.0883903586063204,0.3282689325380768,0.4158871252002445,13.975484848022461,28.856224060058594,-40.8028564453125,0.0027829669415950775,-429793.0837229948,2.3377890586853027,2042.1607408090379,2032.5209695440676,708608000.0
train_tune_0ca0b_00232_232,TRANSFORMER,0.0382104778833709,0.3749715857756705,0.5044031332007114,54.929534912109375,88.8351058959961,-590.796875,0.008147797547280788,-776250.8748058603,6.378009796142578,4111.348701061775,4111.348701061775,1286144000.0
train_tune_0ca0b_00233_233,TRANSFORMER,0.250366798717466,0.3359721286042161,0.5163953642309066,20.284578323364258,32.83676528930664,-70.39926147460938,0.0016468326793983579,-8421.178600970454,2.0662219524383545,1955.7239273977682,1929.6259396102748,964608000.0
train_tune_0ca0b_00234_234,TRANSFORMER,0.0467231638418079,0.4295763220368362,0.5798594456212107,76.83489990234375,185.40589904785156,-1700.7379150390625,0.006650593131780624,-3499682.9012336163,4.94453239440918,9603.450686591248,9603.450686591248,3620864000.0
train_tune_0ca0b_00235_235,TRANSFORMER,0.1096601036902665,0.3621084387300123,0.4251719031070484,32.709983825683594,59.40904235839844,-194.15013122558594,0.005863795056939125,-2614.709880281712,4.853933334350586,3765.0976742539824,3628.1655443309755,1286144000.0
train_tune_0ca0b_00236_236,TRANSFORMER,0.0885659902778375,0.3815303081809622,0.4669149291539042,29.537952423095703,53.59591293334961,-189.80557250976562,0.00409915903583169,-2698.765119811657,4.583586692810059,3455.149671676915,3620.93734231831,1286144000.0
train_tune_0ca0b_00237_237,TRANSFORMER,0.0708265133352841,0.531408721302462,0.6263419812671263,24.314815521240234,63.00777816772461,-166.44183349609375,0.003402850590646267,-5580.406941453525,1.2978596687316895,12735.936877349557,12514.518867168059,4145152000.0
train_tune_0ca0b_00238_238,TRANSFORMER,0.1023164235408745,0.3424713263023782,0.4835673974570484,23.03536605834961,36.5358772277832,-128.3722381591797,0.0031406893394887447,-990826.3276100033,2.91291880607605,2137.4171830354285,2237.0602483194293,964608000.0
train_tune_0ca0b_00239_239,TRANSFORMER,0.0557106112844086,0.5427235394017309,0.646348243829274,22.384262084960938,60.50684356689453,-191.0714111328125,0.0016601972747594118,-9004.511543760163,0.6691926717758179,11885.746797482165,11945.80739362589,4145152000.0
train_tune_0ca0b_00240_240,TRANSFORMER,0.096007398637767,0.5101503955337504,0.6300620741284709,28.552175521850586,82.20787811279297,-192.0177459716797,0.01332367118448019,-1969097.858684508,2.5128791332244873,10457.727748300395,10489.93682999682,4145152000.0
train_tune_0ca0b_00241_241,TRANSFORMER,0.0349458461362483,0.4459085890243812,0.6102585489260677,27.36868667602539,53.16233825683594,-116.436767578125,0.002558074425905943,-9909.486027071625,1.9367907047271729,3891.331719884799,3432.1734056953323,1062912000.0
train_tune_0ca0b_00242_242,TRANSFORMER,0.0846876105105561,0.4813956315511163,0.6253142754482285,30.024044036865234,85.20423889160156,-196.10372924804688,0.012181928381323814,-3709.170321735096,2.718092918395996,9386.511214094127,9418.910682546886,4145152000.0
train_tune_0ca0b_00243_243,TRANSFORMER,0.0713647723750185,0.3479480609915056,0.3581339151177902,31.03445053100586,65.67798614501953,-145.75489807128906,0.00839950516819954,-216309.28547172906,3.7676451206207275,5038.817221760682,5613.906399004757,2322432000.0
train_tune_0ca0b_00244_244,TRANSFORMER,0.0719513883127831,0.4880701642400018,0.594566763772112,26.553264617919922,73.36418914794922,-172.33900451660156,0.003798334626480937,-269760.3743670515,2.6830201148986816,8493.79998185285,8681.839473875441,2715648000.0
train_tune_0ca0b_00245_245,TRANSFORMER,0.1425923229328802,0.3466402939015225,0.5656549307469954,15.921582221984863,26.773906707763672,-59.15813446044922,0.0013239996042102575,-8897.473266204875,1.9266242980957031,1427.7186531470747,1429.5959334385368,643072000.0
train_tune_0ca0b_00246_246,TRANSFORMER,0.0463827139544091,0.3884782040039511,0.5112065039041831,71.5472183227539,150.49957275390625,-1186.106201171875,0.009111301973462105,-5356.367574672965,5.118041515350342,4375.318655589265,4415.529113548364,2322432000.0
train_tune_0ca0b_00247_247,TRANSFORMER,0.0485237460207887,0.5210971363854441,0.5914091508969637,36.04536437988281,99.91575622558594,-413.0398254394531,0.0029380288906395435,-122063.01465034572,1.1357803344726562,15770.658083897513,15765.819077252134,6217728000.0
train_tune_0ca0b_00248_248,TRANSFORMER,0.1026411111934508,0.4227127195720574,0.6206234241228615,38.06646728515625,74.36616516113281,-234.3751220703125,0.0026678028516471386,-2293369.4507753975,2.0791826248168945,4313.081136549596,4320.459767935276,1417216000.0
train_tune_0ca0b_00249_249,TRANSFORMER,0.0756446868207565,0.3488375941504367,0.5329723885359429,41.043025970458984,109.0738525390625,-228.73171997070312,0.019855059683322906,-393785.7360048636,5.261191368103027,9084.316698401926,8373.060351335222,2715648000.0
train_tune_0ca0b_00250_250,TRANSFORMER,0.2070067507255456,0.3303187929245236,0.4688251002665486,16.22921371459961,28.295438766479492,-50.38287353515625,0.0027354939375072718,-724308.1790695296,2.157851457595825,2188.6160150026367,2396.9842030552795,964608000.0
train_tune_0ca0b_00251_251,TRANSFORMER,0.0558573388203017,0.3978955395204719,0.3507814857910357,20.90749740600586,43.31805419921875,-112.87989807128906,0.0017399064963683486,-15168.924244382722,1.274284839630127,2832.089124968665,2607.2505614602733,708608000.0
train_tune_0ca0b_00252_252,TRANSFORMER,0.1067764356677742,0.4083988093811597,0.4603174852654534,21.219409942626953,39.703941345214844,-22.70473861694336,0.0006873314268887043,-6704.560587153413,0.4680299758911133,2881.9361234178054,2826.9261712303537,1417216000.0
train_tune_0ca0b_00253_253,TRANSFORMER,0.0453138684036629,0.5465356208831919,0.5295415955859942,28.32882308959961,54.25345993041992,-87.1525650024414,0.0023266784846782684,-5191.448745781002,1.6279921531677246,4026.332385184331,4402.833021822452,1417216000.0
train_tune_0ca0b_00254_254,TRANSFORMER,0.0816302763397742,0.4188865160596178,0.6146618888714352,38.382240295410156,76.78205871582031,-246.86363220214844,0.007742289453744888,-4955.531508956353,3.564013719558716,5531.170956149467,5494.835240522163,2322432000.0
train_tune_0ca0b_00255_255,TRANSFORMER,0.0686753008630439,0.3930364513878699,0.5484282298172701,26.366804122924805,74.29815673828125,-195.18630981445312,0.004393671173602343,-3091.902350155749,2.5537281036376953,8145.42816769008,8494.98564616671,2715648000.0
train_tune_0ca0b_00256_256,TRANSFORMER,0.0985765764600763,0.5096422496475541,0.639982920537686,64.32539367675781,179.0742645263672,-598.046630859375,0.031097088009119034,-3131.767207648396,5.303942680358887,20061.840331312964,20135.91339035017,8290304000.0
train_tune_0ca0b_00257_257,TRANSFORMER,0.0428833161571052,0.448730012976924,0.4782499723429693,27.179821014404297,63.896995544433594,-162.17242431640625,0.0029838799964636564,-2480.4287703003515,1.7924312353134155,3931.989954362314,4450.78982576945,1259520000.0
train_tune_0ca0b_00258_258,TRANSFORMER,0.046553457048673,0.4023298461816409,0.5092263400362983,14.458986282348633,38.529075622558594,-87.84849548339844,0.0010722553124651313,-3006.1437410666913,1.9188233613967896,3157.721930171678,3178.190643443189,1810432000.0
train_tune_0ca0b_00259_259,TRANSFORMER,0.1343238032188782,0.5204019511085235,0.6283970377009259,63.722564697265625,184.2506103515625,-554.1965942382812,0.034560028463602066,-586927.2014785911,5.151362419128418,23123.239207181203,24321.059028405798,8290304000.0
train_tune_0ca0b_00260_260,TRANSFORMER,0.1075550593268796,0.3404467382210013,0.4741184635802097,25.31406593322754,61.426910400390625,-108.87439727783203,0.004263743758201599,-491211.91234927485,3.191826343536377,4604.753189233364,4569.373119641157,1259520000.0
train_tune_0ca0b_00261_261,TRANSFORMER,0.0467231638418079,0.3966736630818497,0.5804093414356404,112.78849029541016,236.75648498535156,-1920.6246337890625,0.01015220582485199,-1817014.4692486527,3.5248160362243652,11815.224964502653,11815.224964502653,3096576000.0
train_tune_0ca0b_00262_262,TRANSFORMER,0.097501953932509,0.5365815840473077,0.6115909449536633,68.92621612548828,191.34298706054688,-692.359375,0.033775445073843,-6421.8992106101405,5.660819053649902,21943.293389802602,21915.30632587503,8290304000.0
train_tune_0ca0b_00263_263,TRANSFORMER,0.0898522992174409,0.3446299228886214,0.4894931602924436,13.686040878295898,28.116823196411133,-32.61146926879883,0.0027910908684134483,-578820.7339428446,2.181187868118286,2160.0701319706386,2160.4045808211135,708608000.0
train_tune_0ca0b_00264_264,TRANSFORMER,0.2502393831724053,0.3336435980047902,0.5443538920349699,26.701770782470703,43.856040954589844,-103.32469177246094,0.002218617359176278,-7794.141002839476,2.659292221069336,2711.0076760532415,2695.0939014812757,1286144000.0
train_tune_0ca0b_00265_265,TRANSFORMER,0.1015497004642599,0.376586909538874,0.4661162207003615,27.546640396118164,72.72526550292969,-166.67144775390625,0.0044395350851118565,-3221.662793594246,2.4245266914367676,4850.23365229824,4999.2678676229625,1259520000.0
train_tune_0ca0b_00266_266,TRANSFORMER,0.084177589946934,0.5316258306026316,0.6319577117800819,65.453369140625,192.9691162109375,-768.83935546875,0.006335195153951645,-3555.3361837078687,2.0669662952423096,25362.476895808562,24438.24705088182,8290304000.0
train_tune_0ca0b_00267_267,TRANSFORMER,0.0428833161571052,0.5089605032332191,0.5700781009430379,32.549354553222656,76.15791320800781,-271.02899169921875,0.0019890465773642063,-5022.055954427486,1.381016731262207,4658.755576767634,4984.722248975877,1259520000.0
train_tune_0ca0b_00268_268,TRANSFORMER,0.037062589855547,0.3545367347746326,0.5463689371693873,26.816442489624023,44.996681213378906,-225.72622680664062,0.003708377480506897,-7872.643916359278,3.5029544830322266,2538.171537624624,2585.68712168412,964608000.0
train_tune_0ca0b_00269_269,TRANSFORMER,0.0467231638418079,0.3832331426032877,0.5711555420386865,44.22410583496094,110.65145111083984,-771.4420166015625,0.003284732811152935,-7869.601409783706,3.9763660430908203,6253.375331103554,6248.486705334665,2715648000.0
train_tune_0ca0b_00270_270,TRANSFORMER,0.1067764356677742,0.4754504926066343,0.5229236544833636,21.702970504760742,40.49889373779297,-25.368762969970703,0.0007098941714502871,-12534.365954336015,0.5127831697463989,3047.9642582673405,3063.534306607665,1417216000.0
train_tune_0ca0b_00271_271,TRANSFORMER,0.037062589855547,0.3608590901700624,0.5552128529984713,28.830039978027344,47.42084503173828,-254.79757690429688,0.003697766223922372,-45778.997231160014,3.503962993621826,2614.786927984466,2614.3693521045157,964608000.0
train_tune_0ca0b_00272_272,TRANSFORMER,0.0651719793596906,0.4198546910947715,0.5999585886523088,17.7534236907959,44.780338287353516,-96.07160186767578,0.002154521644115448,-1456414.3041254045,1.8736591339111328,6179.526940981401,6162.325049654562,1810432000.0
train_tune_0ca0b_00273_273,TRANSFORMER,0.0467231638418079,0.3776295941123036,0.5105649935174882,73.50634765625,177.70657348632812,-1552.835205078125,0.006468017119914293,-9036.501921671472,4.837486267089844,8535.29455838614,8650.196784589622,3620864000.0
train_tune_0ca0b_00274_274,TRANSFORMER,0.058056424034577,0.3696943764812781,0.4546882707310537,10.925158500671387,29.808813095092773,-41.56378173828125,0.0018578643212094903,-2984.107157344113,1.2409136295318604,6278.812708913262,6177.713042558249,1810432000.0
train_tune_0ca0b_00275_275,TRANSFORMER,0.0489753784249856,0.5234266914369495,0.6049097410448918,60.405067443847656,164.0323944091797,-876.6026611328125,0.005537207238376141,-4817.735637349157,1.9317669868469238,19161.056703510985,18977.477995592715,8290304000.0
train_tune_0ca0b_00276_276,TRANSFORMER,0.1023234007842966,0.5352830975317452,0.5825178330596056,10.673869132995605,33.59897994995117,-52.07543182373047,0.002776048146188259,-10209241.913033364,0.4393405616283417,19400.772504062454,19400.772504062454,6217728000.0
train_tune_0ca0b_00277_277,TRANSFORMER,0.0557106112844086,0.3668132605770197,0.5803008543396928,21.52808952331543,32.293060302734375,-157.08392333984375,0.0019094967283308506,-978868.3381413841,3.015638828277588,1267.7509934338163,1267.7509934338163,643072000.0
train_tune_0ca0b_00278_278,TRANSFORMER,0.1023234007842966,0.5142454769948237,0.6248218254973591,10.353189468383789,36.13272476196289,-14.445688247680664,0.005778015591204166,-361744.08183005225,1.1188583374023438,17261.47691661329,16764.501345870227,6217728000.0
train_tune_0ca0b_00279_279,TRANSFORMER,0.0708265133352841,0.4395340705991326,0.5157289687569729,22.006160736083984,57.648189544677734,-123.58595275878906,0.004239609465003014,-3308.401468304537,1.4064087867736816,12630.452537391595,12178.987588653848,4145152000.0
train_tune_0ca0b_00280_280,TRANSFORMER,0.1784771585941392,0.332525909742252,0.5647209976151258,22.719467163085938,40.34495162963867,-93.39794921875,0.0018325889250263572,-6579.818664056055,2.4330294132232666,2090.012102255591,2046.714289164898,964608000.0
train_tune_0ca0b_00281_281,TRANSFORMER,0.0860614488431244,0.3406728569202086,0.5392513424139973,29.979496002197266,74.17655944824219,-148.333740234375,0.014870380982756615,-640608.4822817217,4.310098648071289,5396.318500726993,5568.387724992147,1810432000.0
train_tune_0ca0b_00282_282,TRANSFORMER,0.1283221717350968,0.5287400071596758,0.6224979520968973,34.464569091796875,78.07388305664062,-240.7908172607422,0.005261946469545364,-22363.56445609825,2.2181835174560547,8504.2519145081,8515.038746587345,2322432000.0
train_tune_0ca0b_00283_283,TRANSFORMER,0.0455669319454729,0.3945015989266436,0.5105798686187473,21.9200382232666,50.4493293762207,-154.0679168701172,0.002041446976363659,-4465.624046052268,1.1787011623382568,3603.299040792524,3321.6979468163545,839680000.0
train_tune_0ca0b_00284_284,TRANSFORMER,0.0850705116436628,0.5865317263354445,0.648203350688265,12.622711181640625,34.94730758666992,-45.71575164794922,0.0008357088081538677,-3027.3463818935866,0.35649943351745605,7462.373118735397,7485.186151554467,4145152000.0
train_tune_0ca0b_00285_285,TRANSFORMER,0.074273951220019,0.54173242220561,0.6231563248941566,21.171667098999023,56.352394104003906,-132.97857666015625,0.003737996332347393,-2989.2460525504316,1.3882650136947632,12972.84115381556,11629.497451889405,4145152000.0
train_tune_0ca0b_00286_286,TRANSFORMER,0.2070067507255456,0.3428519310417059,0.4750082457641253,17.113588333129883,28.69866180419922,-56.289337158203125,0.0023136998061090708,-904997.6683982955,2.229827880859375,2196.2876601824,2249.772185625062,964608000.0
train_tune_0ca0b_00287_287,TRANSFORMER,0.2479984982711637,0.3724985324218364,0.4629917702931426,18.340864181518555,32.54403305053711,-69.46990966796875,0.002337896730750799,-1413469.1140175709,2.042102336883545,2478.98153304936,2531.124561617688,964608000.0
train_tune_0ca0b_00288_288,TRANSFORMER,0.0971762396181002,0.512775365599211,0.6357554019750987,57.23051452636719,162.84564208984375,-501.83624267578125,0.01338192354887724,-3246.947221166546,3.875936985015869,24194.76028145885,27156.50734697253,8290304000.0
train_tune_0ca0b_00289_289,TRANSFORMER,0.0276805259643574,0.4085554125275865,0.5396545522850689,36.038509368896484,68.62004852294922,-165.78402709960938,0.0036327126435935497,-8022.788964980774,3.152345657348633,4544.859939360998,4763.1598838335585,1417216000.0
train_tune_0ca0b_00290_290,TRANSFORMER,0.0463827139544091,0.3728152444928403,0.5356689370988689,118.47249603271484,242.26876831054688,-2348.096435546875,0.015270572155714035,-14225.034923441612,5.890349388122559,7052.53734186839,7042.065502895535,3096576000.0
train_tune_0ca0b_00291_291,TRANSFORMER,0.0596352042225826,0.5690988145743879,0.6345322387787636,36.14921569824219,112.15210723876953,-289.2054748535156,0.0044609662145376205,-3420.415616772272,1.4844326972961426,17929.125400330584,16833.45468698568,6217728000.0
train_tune_0ca0b_00292_292,TRANSFORMER,0.0557106112844086,0.3825118874410278,0.5757554072243954,65.2593765258789,97.89400482177734,-594.9443359375,0.005956967361271381,-362044.93455766095,4.574044227600098,2927.500255602793,2927.908648083392,1286144000.0
train_tune_0ca0b_00293_293,TRANSFORMER,0.0463827139544091,0.3536887191991993,0.5558572527229462,62.176700592041016,122.27706909179688,-933.0015869140625,0.008505699224770069,-7755.834679157311,4.837286472320557,4305.1225238480965,4367.742260824381,2322432000.0
train_tune_0ca0b_00294_294,TRANSFORMER,0.0558573388203017,0.4032223873739373,0.5115539227972071,21.821868896484375,44.9337272644043,-130.23101806640625,0.0015737118665128946,-853837.0405204735,1.185723066329956,2658.7187225612274,2658.7187225612274,708608000.0
train_tune_0ca0b_00295_295,TRANSFORMER,0.0866498223081135,0.3775696409184605,0.554662776211042,33.745208740234375,83.83901977539062,-210.5198516845703,0.013508337549865246,-2728751.2963403882,4.462904453277588,6194.912173397408,6192.398160902459,1810432000.0
train_tune_0ca0b_00296_296,TRANSFORMER,0.1405647946042992,0.5171214124260112,0.6367835096439664,31.41347312927246,69.93656158447266,-207.4466552734375,0.005095146596431732,-39787.81972230411,2.1649692058563232,7477.566231642529,7486.449588157015,2322432000.0
train_tune_0ca0b_00297_297,TRANSFORMER,0.0463827139544091,0.4379175139326179,0.5996151259557032,110.71349334716797,215.36720275878906,-2109.574462890625,0.015624736435711384,-4824278.442566576,5.925102233886719,7323.965889917634,7323.965889917634,3096576000.0
train_tune_0ca0b_00298_298,TRANSFORMER,0.0557106112844086,0.5284056310576289,0.5090266009640657,19.833253860473633,39.2210807800293,-112.80938720703125,0.0019285136368125677,-10512.30373811402,1.2238008975982666,2107.9456036394577,2217.224965121863,708608000.0
train_tune_0ca0b_00299_299,TRANSFORMER,0.0467231638418079,0.3471956863871897,0.4988353154086485,89.6756591796875,193.62191772460938,-1293.66259765625,0.010825707577168941,-16106.821395704683,3.773076057434082,9138.293078332383,9583.448739926396,3096576000.0
train_tune_0ca0b_00300_300,TRANSFORMER,0.0379496506872463,0.3424807178506355,0.5607919347571919,49.21715545654297,79.92020416259766,-480.55328369140625,0.007939431816339493,-5093.1720113308975,6.150355339050293,3426.794628977522,3834.880617602282,1286144000.0
train_tune_0ca0b_00301_301,TRANSFORMER,0.1536716311933203,0.5115137071547833,0.6388602848604547,61.07128143310547,177.23983764648438,-559.4063720703125,0.03415597975254059,-545048.343834052,5.142181396484375,23454.350352359037,22987.304403379712,8290304000.0
train_tune_0ca0b_00302_302,TRANSFORMER,0.0870536994828969,0.5010854585482412,0.6164043940202403,43.23619842529297,119.93885040283203,-326.7202453613281,0.018681790679693222,-3229.1177397223996,3.8029849529266357,13799.139723256425,13800.021524977004,6217728000.0
train_tune_0ca0b_00303_303,TRANSFORMER,0.091738556121703,0.5145612064167483,0.6183508270997622,46.36463165283203,134.1920928955078,-409.34051513671875,0.022797927260398865,-1732710.3218101128,3.8448824882507324,16259.917612075817,16752.44072514781,6217728000.0
train_tune_0ca0b_00304_304,TRANSFORMER,0.156136948100171,0.4884967268555769,0.5440601236141518,37.85715866088867,89.1635513305664,-218.15240478515625,0.01001792773604393,-4496.046753922272,3.234999656677246,8619.834161440107,9051.348923263165,3096576000.0
train_tune_0ca0b_00305_305,TRANSFORMER,0.0275878166416433,0.4376318686171556,0.618534572722028,36.89842987060547,73.72381591796875,-184.4413604736328,0.003492678515613079,-9884.043013421244,2.946681022644043,4705.691409805972,4798.481640226659,1417216000.0
train_tune_0ca0b_00306_306,TRANSFORMER,0.0844249873405699,0.5031350923222545,0.6078709546149302,31.462631225585938,86.54456329345703,-220.745849609375,0.012907895259559155,-451929.96589244704,2.885143518447876,10135.39739716438,10135.39739716438,4145152000.0
train_tune_0ca0b_00307_307,TRANSFORMER,0.0886479280107496,0.3305254264626627,0.5302704771487058,13.600555419921875,21.016067504882812,-53.091461181640625,0.0017349282279610634,-769112.1381247764,1.82355535030365,1412.0456167900804,1467.2404181742495,643072000.0
train_tune_0ca0b_00308_308,TRANSFORMER,0.0467231638418079,0.3818612766447445,0.5511179914753971,99.91841888427734,213.46475219726562,-1384.3909912109375,0.00934361107647419,-18036.21997406015,3.3367764949798584,9634.360295475592,10694.281981283018,3096576000.0
train_tune_0ca0b_00309_309,TRANSFORMER,0.1108091652391605,0.3892667171722907,0.4987092410333534,37.74598693847656,68.87582397460938,-293.0887451171875,0.0051865349523723125,-5022.318085568793,4.916337966918945,4114.771981848537,4263.927977650325,1286144000.0
train_tune_0ca0b_00310_310,TRANSFORMER,0.0490786429836201,0.5627447054596219,0.617644613254923,26.819793701171875,78.78921508789062,-223.28610229492188,0.0020378201734274626,-2271.1975745621817,0.8177885413169861,9245.605668019785,9287.510858021376,6217728000.0
train_tune_0ca0b_00311_311,TRANSFORMER,0.0943374668141323,0.5306866141452197,0.6168898129518586,60.149837493896484,169.1091766357422,-556.691162109375,0.011174075305461884,-3431.065379994998,3.5639421939849854,26779.66346162592,25060.524846767767,8290304000.0
train_tune_0ca0b_00312_312,TRANSFORMER,0.0723083167998226,0.4209404651762478,0.5998155498864686,60.58287811279297,136.02008056640625,-539.5615234375,0.01334202941507101,-190828.20377821822,4.4399309158325195,8742.568838961575,8704.707182791406,3096576000.0
train_tune_0ca0b_00313_313,TRANSFORMER,0.0619512594722163,0.3322021354533422,0.5009488177347609,22.158113479614258,45.842735290527344,-79.38578796386719,0.0030190004035830498,-13449.810540770946,2.260554313659668,3126.21504020906,3119.2357984811033,1062912000.0
train_tune_0ca0b_00314_314,TRANSFORMER,0.119270201844281,0.3963465277987628,0.3950825734147048,10.815116882324219,19.731895446777344,-34.86615753173828,0.0017607082845643163,-2704.1235286044525,1.5837063789367676,1793.054038440441,1772.3324073052943,643072000.0
train_tune_0ca0b_00315_315,TRANSFORMER,0.046553457048673,0.3935727172537261,0.5263848734466793,16.053617477416992,42.06394577026367,-113.68075561523438,0.0011817481135949492,-4631.723195718128,2.078400135040283,3650.8334032359544,3678.580890830114,1810432000.0
train_tune_0ca0b_00316_316,TRANSFORMER,0.0871084960804801,0.5262335436937651,0.6830669356325095,29.481849670410156,101.47935485839844,-205.08840942382812,0.009444056078791618,-230025.0150277223,2.233640193939209,24470.658569704214,23053.201118377194,8290304000.0
train_tune_0ca0b_00317_317,TRANSFORMER,0.1144718017304221,0.3566863861346679,0.4992080992839828,26.855649948120117,64.97389221191406,-154.41246032714844,0.0018221199279651046,-7061.169713480254,2.893249034881592,4083.3772590913036,4124.607158438683,1259520000.0
train_tune_0ca0b_00318_318,TRANSFORMER,0.0907610721892848,0.3276691229285522,0.5034753119948056,29.892894744873047,74.65996551513672,-153.77435302734375,0.015048602595925331,-540395.2635930441,4.462441444396973,5390.186277078281,5465.286489213592,1810432000.0
train_tune_0ca0b_00319_319,TRANSFORMER,0.0532463111493296,0.4111448606927395,0.5405785453539015,15.275846481323242,28.39159393310547,-69.46715545654297,0.0017897163052111864,-213165.86013098498,1.4018501043319702,2152.365968247535,2296.604773877107,708608000.0
train_tune_0ca0b_00320_320,TRANSFORMER,0.0728318117128426,0.4539276084761911,0.575858756939924,64.85993194580078,171.10922241210938,-571.299560546875,0.023081135004758835,-365983.9568163855,5.549472332000732,11444.496871440293,11933.792451829175,3620864000.0
train_tune_0ca0b_00321_321,TRANSFORMER,0.1020124600603637,0.5469252284598569,0.6126111380434696,14.052155494689941,42.69468307495117,-80.8657455444336,0.0031811927910894156,-2072614.8549040959,0.4813504219055176,19371.565712834323,19388.559251762876,6217728000.0
train_tune_0ca0b_00322_322,TRANSFORMER,0.0637018765915502,0.4833134198015316,0.5644813621742548,25.252973556518555,71.9593276977539,-194.31939697265625,0.003474764758720994,-4436.185749787891,2.4189529418945312,9899.716766235964,10560.141835435814,2715648000.0
train_tune_0ca0b_00323_323,TRANSFORMER,0.0761855597535758,0.5089813573380919,0.6181384337854079,19.317668914794922,50.04934310913086,-118.33341979980469,0.002200959948822856,-613358.6180749593,1.7768378257751465,3219.125458563249,3219.125458563249,839680000.0
train_tune_0ca0b_00324_324,TRANSFORMER,0.0363712828542355,0.371815310954099,0.5181709098462556,45.40806198120117,74.31817626953125,-468.6421813964844,0.006295373197644949,-3132269.850841443,5.633508682250977,3633.943196422373,3633.943196422373,1286144000.0
train_tune_0ca0b_00325_325,TRANSFORMER,0.0557106112844086,0.4996902588786338,0.5993309015940707,17.889829635620117,51.02653503417969,-103.48194122314453,0.003675050800666213,-3330.9776274725577,1.1487891674041748,11622.879155963114,11444.827509254997,4145152000.0
train_tune_0ca0b_00326_326,TRANSFORMER,0.0467231638418079,0.4496396157011844,0.5984313071179318,82.51583862304688,207.2650146484375,-2000.770751953125,0.007483960594981909,-5378.003342545135,5.8504414558410645,7348.652903855875,7274.721325406869,3620864000.0
train_tune_0ca0b_00327_327,TRANSFORMER,0.0810495149778714,0.5552636500300019,0.6596168399709325,71.05072784423828,206.4161834716797,-885.0423583984375,0.0038444402161985636,-49647.31997380446,1.3977742195129395,27345.718549052555,27529.65078088992,8290304000.0
train_tune_0ca0b_00328_328,TRANSFORMER,0.0467231638418079,0.3537663143397843,0.4898308467750516,93.59370422363281,204.1199188232422,-1333.6732177734375,0.01051765214651823,-13698.500426086332,3.6733558177948,9306.559520138553,10041.678188471167,3096576000.0
train_tune_0ca0b_00329_329,TRANSFORMER,0.091738556121703,0.5046969293871876,0.628373060630074,44.073158264160156,126.72392272949219,-353.0367736816406,0.02195078507065773,-1071909.261414113,3.7040486335754395,16308.940059183447,16138.2223968763,6217728000.0
train_tune_0ca0b_00330_330,TRANSFORMER,0.0985765764600763,0.5258639061837588,0.6219066317250417,71.50987243652344,198.67967224121094,-742.59619140625,0.0352197140455246,-451577.1748570301,5.845870494842529,22877.057413703867,22877.057413703867,8290304000.0
train_tune_0ca0b_00331_331,TRANSFORMER,0.0740144560241748,0.448870216452684,0.6371240121394988,50.939659118652344,138.4093780517578,-514.1209716796875,0.006793885957449675,-4938.342325962672,3.613212823867798,13000.526423106956,12800.764480757243,3620864000.0
train_tune_0ca0b_00332_332,TRANSFORMER,0.098605084668459,0.5381002993861485,0.6664359066828663,15.80327320098877,48.14253234863281,-85.98985290527344,0.0038915204349905252,-782838.5792212076,0.7933313846588135,17495.825437336352,16547.68323022793,6217728000.0
train_tune_0ca0b_00333_333,TRANSFORMER,0.0467231638418079,0.3856602688677217,0.5260420863426424,35.625450134277344,88.46488189697266,-482.3569641113281,0.0027336454950273037,-9311.898194395779,3.349966287612915,6050.831213600682,6049.82278092116,2715648000.0
train_tune_0ca0b_00334_334,TRANSFORMER,0.0844249873405699,0.4996649579708007,0.6194830398510263,30.577062606811523,83.93241882324219,-206.2643280029297,0.012585879303514957,-7141.043674251225,2.8089065551757812,9803.730718071907,9799.466326229009,4145152000.0
train_tune_0ca0b_00335_335,TRANSFORMER,0.0263571099354338,0.4480022946713811,0.5744314333411318,33.766197204589844,65.8899154663086,-144.3543243408203,0.003898635972291231,-6047.629866575972,2.8876936435699463,4334.091091552929,4646.071732240154,1417216000.0
train_tune_0ca0b_00336_336,TRANSFORMER,0.0557106112844086,0.5165553276389517,0.6363585895433131,19.359582901000977,55.756309509277344,-153.41595458984375,0.002216146793216467,-5658.5012213847685,0.8884802460670471,11770.032796110905,12231.167221289516,4145152000.0
train_tune_0ca0b_00337_337,TRANSFORMER,0.058805112500798,0.3570915033105651,0.5384191019660416,22.667261123657227,46.504554748535156,-81.99430847167969,0.0031849027145653963,-352675.5519595881,2.3065688610076904,3254.5380986162127,3254.5380986162127,1062912000.0
train_tune_0ca0b_00338_338,TRANSFORMER,0.1409330703441827,0.3918218817137891,0.4993625651679449,28.67757797241211,68.2796630859375,-276.1026916503906,0.00132551824208349,-5145.033205585117,3.232311725616455,3213.052843417291,3241.5383115548693,1679360000.0
train_tune_0ca0b_00339_339,TRANSFORMER,0.0551478456166795,0.4270759202670294,0.5279685836158555,10.15391731262207,26.63758659362793,-32.35100555419922,0.0024250615388154984,-2722.819684353509,1.2944092750549316,5700.922228763026,6088.517672247985,1810432000.0
train_tune_0ca0b_00340_340,TRANSFORMER,0.1103361487688769,0.5330627267077896,0.6407927630566245,7.437272071838379,22.545856475830078,4.340203762054443,0.0020533641800284386,-1803360.9216928883,0.26734960079193115,10191.818467416679,10650.174826329821,4145152000.0
train_tune_0ca0b_00341_341,TRANSFORMER,0.1733269066619837,0.3602836155089979,0.4532005124070421,11.138452529907227,21.141845703125,-22.196990966796875,0.001946747419424355,-889453.2037750434,1.6005613803863525,1562.1607088447731,1733.427529959261,643072000.0
train_tune_0ca0b_00342_342,TRANSFORMER,0.0467231638418079,0.3796048629327715,0.4838459573831755,21.009565353393555,48.621124267578125,-143.40060424804688,0.0025601028464734554,-3938.74246071823,1.4453389644622803,4625.715726336304,3938.6990772303834,1548288000.0
train_tune_0ca0b_00343_343,TRANSFORMER,0.0821895808442718,0.5760915012920752,0.6492372765303248,12.039960861206055,33.39765930175781,-43.675453186035156,0.0008106192108243704,-2380.7016091825813,0.36840879917144775,7045.315940323479,7010.2061997780165,4145152000.0
train_tune_0ca0b_00344_344,TRANSFORMER,0.1202587348187483,0.3509898204376949,0.601856279286826,18.464115142822266,35.22846984863281,-10.293022155761719,0.0005849447334185243,-11196.781814968706,0.5570604205131531,3317.2537364084965,3344.549769435194,1417216000.0
train_tune_0ca0b_00345_345,TRANSFORMER,0.0467231638418079,0.38894366371948,0.5193364832799926,32.76070022583008,82.40057373046875,-408.875244140625,0.0025299848057329655,-5601.544721996068,3.229252815246582,5618.291906984654,5532.005288742664,2715648000.0
train_tune_0ca0b_00346_346,TRANSFORMER,0.0390915529677262,0.337356299556596,0.547472003381778,25.848501205444336,43.00444030761719,-214.89332580566406,0.003486895700916648,-9274.450129314335,3.3528196811676025,2564.2767005985925,2512.5687282482045,964608000.0
train_tune_0ca0b_00347_347,TRANSFORMER,0.0511708103898993,0.3996931504285014,0.5377507338197385,14.948113441467285,41.010658264160156,-107.10597229003906,0.0024400013498961926,-3373.138936614503,1.7211406230926514,5761.176443871728,5677.922981231258,1810432000.0
train_tune_0ca0b_00348_348,TRANSFORMER,0.0553661546786973,0.3856525228473308,0.5742810926918751,31.196735382080078,78.77579498291016,-168.23361206054688,0.008919399231672287,-123015.25070900268,4.0983123779296875,5480.358815029227,5481.379860146425,1810432000.0
train_tune_0ca0b_00349_349,TRANSFORMER,0.1343238032188782,0.5098213558374775,0.6325939249045588,60.47770309448242,175.78726196289062,-506.64434814453125,0.03921087458729744,-530382.1920720887,4.957180023193359,24695.10210621488,23222.39668539008,8290304000.0
train_tune_0ca0b_00350_350,TRANSFORMER,0.0463827139544091,0.3810582862849563,0.5491265728249465,36.234249114990234,77.57510375976562,-479.2457580566406,0.00448074983432889,-2931.4645736362154,3.8997974395751953,2699.082821232247,2648.2021449582558,1548288000.0
train_tune_0ca0b_00351_351,TRANSFORMER,0.0927614288100165,0.3721314201105096,0.480411820030605,36.7279167175293,84.5184097290039,-230.6248779296875,0.004343773238360882,-1297441.9816088008,4.018558979034424,5857.815407715795,5854.504923574372,1679360000.0
train_tune_0ca0b_00352_352,TRANSFORMER,0.1002261679031246,0.313349295578597,0.3731100549340011,28.50971031188965,58.767974853515625,-144.74551391601562,0.003930465783923864,-87750.97745585903,3.054189443588257,4479.2774503453265,4524.935048291407,1417216000.0
train_tune_0ca0b_00353_353,TRANSFORMER,0.0671577666008995,0.6108647691627044,0.5701646207553573,11.40677261352539,29.267229080200195,-47.58663558959961,0.0011097555980086327,-4546.497453277437,0.9014902114868164,6265.257950947919,6479.472116667232,1810432000.0
train_tune_0ca0b_00354_354,TRANSFORMER,0.0713647723750185,0.3459954460240639,0.5523570742927373,32.872013092041016,72.6544189453125,-169.15353393554688,0.007888738997280598,-193148.24268676076,3.4918131828308105,5543.614424428765,5725.753188310648,2322432000.0
train_tune_0ca0b_00355_355,TRANSFORMER,0.0996097646280118,0.5409313206489154,0.6523357110152895,14.938257217407227,46.37204360961914,-85.71234130859375,0.0035086739808321,-909731.4415707248,0.7577697038650513,16959.795773130863,17346.955592927225,6217728000.0
train_tune_0ca0b_00356_356,TRANSFORMER,0.248337397579436,0.3407357665356613,0.5093935778840527,28.060213088989258,46.19021987915039,-119.54881286621094,0.0023677931167185307,-17211.011616435015,2.7737131118774414,2911.5858614361023,2910.499225561038,1286144000.0
train_tune_0ca0b_00357_357,TRANSFORMER,0.0981905549188604,0.5096097759604467,0.6361655974865169,59.80890655517578,173.9138641357422,-541.417724609375,0.013810893520712852,-2692.506541362052,3.675286293029785,24778.527893358143,25094.032062103182,8290304000.0
train_tune_0ca0b_00358_358,TRANSFORMER,0.0868388348142805,0.5217103013086891,0.6293203044702481,48.920494079589844,139.3683624267578,-422.2247314453125,0.020584577694535255,-4092.878602058785,4.105567455291748,15028.023256325425,15118.063326249987,6217728000.0
train_tune_0ca0b_00359_359,TRANSFORMER,0.048927132813205,0.5447042143038126,0.6578863097235167,27.79700469970703,76.87776184082031,-230.49462890625,0.002285594819113612,-2766.6149754552007,0.9467979669570923,11091.881823418802,11139.569543356654,6217728000.0
train_tune_0ca0b_00360_360,TRANSFORMER,0.0918772351197741,0.5204602915219445,0.6278983065089095,44.66612243652344,128.72955322265625,-369.22833251953125,0.024629125371575356,-1152879.6545368657,3.794686794281006,16317.433563089311,16456.215932163897,6217728000.0
train_tune_0ca0b_00361_361,TRANSFORMER,0.0630036778078648,0.5142914973313134,0.5720626617882286,34.79798126220703,99.52781677246094,-281.17999267578125,0.008837495930492878,-2649.409574393703,3.993250846862793,12134.639327988005,11670.786210242182,3620864000.0
train_tune_0ca0b_00362_362,TRANSFORMER,0.0608129361756836,0.4620720603783165,0.6039561337614889,43.60204315185547,116.31561279296875,-488.8846435546875,0.00524062430486083,-359749.95237105543,3.3899359703063965,11529.413062597365,11946.230723504701,3620864000.0
train_tune_0ca0b_00363_363,TRANSFORMER,0.076355757449752,0.3371164839693423,0.4405539242767695,38.136138916015625,62.19718933105469,-222.52413940429688,0.0054194130934774876,-492186.1046042447,3.517728805541992,3347.9951986473634,3367.7146760285214,1286144000.0
train_tune_0ca0b_00364_364,TRANSFORMER,0.0840677759831453,0.5261272027180192,0.6316511538649286,32.68710708618164,92.09442138671875,-237.78146362304688,0.01308551523834467,-140151.8571541239,2.930920362472534,10789.531114214406,10790.361948959875,4145152000.0
train_tune_0ca0b_00365_365,TRANSFORMER,0.0598386126427455,0.5112044829590232,0.6771008243795147,34.41969680786133,110.15452575683594,-255.21115112304688,0.004113988019526005,-3485.1184737887347,1.4792718887329102,16805.189585871845,17337.812087746905,6217728000.0
train_tune_0ca0b_00366_366,TRANSFORMER,0.0848024879485904,0.5211168035871622,0.6167403792896308,32.78976058959961,92.43635559082031,-239.25379943847656,0.013116610236465931,-172110.40433740467,2.932600498199463,10790.150180926203,10790.150180926203,4145152000.0
train_tune_0ca0b_00367_367,TRANSFORMER,0.0918772351197741,0.5025449929674661,0.6272523142665688,42.23383712768555,122.38202667236328,-319.62261962890625,0.025114838033914566,-902676.3203543624,3.6522207260131836,15763.06808798386,16127.426377040143,6217728000.0
train_tune_0ca0b_00368_368,TRANSFORMER,0.1302539159041297,0.3798578837507069,0.5182302511382686,23.49274253845215,54.459754943847656,-144.3805694580078,0.0012288338039070368,-7938.094937201344,2.8379173278808594,3544.7983809182333,3601.794064402645,1679360000.0
train_tune_0ca0b_00369_369,TRANSFORMER,0.0554141152168756,0.373262529492782,0.5690108664073454,30.331207275390625,76.43827056884766,-156.6928253173828,0.008694148622453213,-5464.007764811482,4.040435791015625,5162.9704693486965,5195.491333482911,1810432000.0
train_tune_0ca0b_00370_370,TRANSFORMER,0.0580571561554122,0.3736823275937444,0.5482679759012258,16.794696807861328,42.23693084716797,-87.50390625,0.002416172530502081,-498933.43301747687,1.9951715469360352,5790.467330176073,5807.801765962854,1810432000.0
train_tune_0ca0b_00371_371,TRANSFORMER,0.0519166657622232,0.4351808635274541,0.593969604002108,44.29035949707031,113.09162139892578,-280.4493408203125,0.01251248735934496,-3215.6699318745136,4.551657199859619,7216.443657220124,7189.276602756105,2715648000.0
train_tune_0ca0b_00372_372,TRANSFORMER,0.084177589946934,0.6286298652485107,0.560795543423992,73.82249450683594,213.6440887451172,-994.664306640625,0.0044790455140173435,-4462526.597631,1.6504473686218262,27427.66018325853,27427.66018325853,8290304000.0
train_tune_0ca0b_00373_373,TRANSFORMER,0.0914121044533082,0.5252962188812519,0.6104897438403968,48.00102615356445,140.33616638183594,-426.49810791015625,0.02315540984272957,-1754652.6657944412,3.8457493782043457,17233.48441497326,17797.80359208391,6217728000.0
train_tune_0ca0b_00374_374,TRANSFORMER,0.0975286475491597,0.4714264898628684,0.5512989453096353,18.71114158630371,34.463165283203125,-34.1998291015625,0.0007148409495130181,-17301.351183008108,0.3702589273452759,2164.5643960247717,2208.997028704551,1062912000.0
train_tune_0ca0b_00375_375,TRANSFORMER,0.0467231638418079,0.467470333395047,0.6192619680654614,88.50352478027344,218.8214874267578,-2244.274658203125,0.00813397765159607,-8705.315394737903,6.029402256011963,8615.43725583157,8652.641011269381,3620864000.0
train_tune_0ca0b_00376_376,TRANSFORMER,0.0276805259643574,0.4085554125275865,0.5396545522850689,36.038509368896484,68.62004852294922,-165.78402709960938,0.0036327126435935497,-8022.788964980774,3.152345657348633,4544.859939360998,4763.1598838335585,1417216000.0
train_tune_0ca0b_00377_377,TRANSFORMER,0.0593624311038283,0.5427130706459588,0.6494873268836464,37.332672119140625,115.79442596435547,-324.1805114746094,0.003594455774873495,-4097.598643340633,1.2023322582244873,17778.61753841777,17603.70851593311,6217728000.0
train_tune_0ca0b_00378_378,TRANSFORMER,0.0715740026347352,0.4843638494496098,0.5377987457770347,20.613889694213867,53.76627731323242,-118.9652099609375,0.004117321688681841,-3130.670652890545,1.4630579948425293,11292.338020645755,12504.875521912927,4145152000.0
train_tune_0ca0b_00379_379,TRANSFORMER,0.1259787541136785,0.5190006135533437,0.6456905997493387,9.0581636428833,29.135555267333984,2.165607452392578,0.003913773223757744,-575627.1248974742,0.8549979329109192,10310.5803572262,10465.729589889346,4145152000.0
train_tune_0ca0b_00380_380,TRANSFORMER,0.0746969481682396,0.3468155262700925,0.5113790126884258,40.940643310546875,108.89826965332031,-226.8245391845703,0.019849497824907303,-398867.47360201913,5.235897064208984,9082.609067959635,8373.398389127608,2715648000.0
train_tune_0ca0b_00381_381,TRANSFORMER,0.0534948951146702,0.3927941076646497,0.6026833129058785,54.95705032348633,146.26490783691406,-311.8647766113281,0.013231586664915085,-2935.042446400073,4.879944324493408,9194.674538987096,9224.349341796382,3620864000.0
train_tune_0ca0b_00382_382,TRANSFORMER,0.097501953932509,0.5124046916760461,0.6165413931407645,61.56892013549805,171.03594970703125,-550.53466796875,0.029592592269182205,-2688.7288971995736,5.1229143142700195,19056.353770005273,19098.94384758022,8290304000.0
train_tune_0ca0b_00383_383,TRANSFORMER,0.0524429133791979,0.4461664549396468,0.6248745475725965,30.259719848632812,57.809326171875,-165.13340759277344,0.0013624259736388922,-45383.676492613355,0.8273205161094666,3925.283027181486,3917.705728878954,1062912000.0
train_tune_0ca0b_00384_384,TRANSFORMER,0.0598386126427455,0.5289989829863982,0.6803095501043507,36.186866760253906,111.4440689086914,-307.51727294921875,0.0033859158866107464,-4259.388717562581,1.1598827838897705,17149.12942209174,16836.205670032406,6217728000.0
train_tune_0ca0b_00385_385,TRANSFORMER,0.0835717080938704,0.4341456742644975,0.583545646208718,35.811180114746094,85.68192291259766,-287.320556640625,0.0040068430826067924,-254552.4948178614,3.571829319000244,6346.999551466543,5932.757839380906,1679360000.0
train_tune_0ca0b_00386_386,TRANSFORMER,0.0467231638418079,0.3778015790959391,0.5183787789155349,66.52064514160156,162.701904296875,-1324.0262451171875,0.005663844291120768,-5334.299459409747,4.650242805480957,7894.397668992144,7934.906865475503,3620864000.0
train_tune_0ca0b_00387_387,TRANSFORMER,0.097501953932509,0.5363061634513868,0.6148191001490467,68.92059326171875,191.33445739746094,-693.029541015625,0.03389783203601837,-6123.385501878789,5.682354927062988,21832.001872745397,21860.335839345917,8290304000.0
train_tune_0ca0b_00388_388,TRANSFORMER,0.1267188201416755,0.3862743281598828,0.5814473100731838,46.8489990234375,100.50109100341797,-283.59405517578125,0.013590265065431595,-115865.35073185098,4.650341987609863,8802.54699277109,8109.732175547596,3096576000.0
train_tune_0ca0b_00389_389,TRANSFORMER,0.0467231638418079,0.4186713228662048,0.5755891043884348,70.94507598876953,172.56478881835938,-1466.675537109375,0.0059898062609136105,-9839.012000396722,4.757526874542236,8603.62714109048,8708.43964735191,3620864000.0
train_tune_0ca0b_00390_390,TRANSFORMER,0.1103361487688769,0.5343642258597164,0.602803333138448,7.542226314544678,23.201171875,2.1381969451904297,0.002040460240095854,-1380117.6380101154,0.23436768352985382,10975.266424293872,10646.85092758783,4145152000.0
train_tune_0ca0b_00391_391,TRANSFORMER,0.098605084668459,0.5358601146795606,0.661725395006435,17.468149185180664,53.20472717285156,-119.66970825195312,0.0035017572809010744,-3481343.5138238417,0.6268013119697571,17533.581613907296,17515.7774227575,6217728000.0
train_tune_0ca0b_00392_392,TRANSFORMER,0.1046149059836196,0.5265964582720754,0.6436937501082755,40.87386703491211,113.23619079589844,-334.4959716796875,0.007222702261060476,-3301.251271411756,2.372330665588379,20702.905325357784,19015.354744384233,6217728000.0
train_tune_0ca0b_00393_393,TRANSFORMER,0.0821895808442718,0.512396893329931,0.5997994159009195,13.378419876098633,37.01702880859375,-57.78022384643555,0.00091862230328843,-4452.890663679198,0.42125070095062256,7914.822048947904,7939.4326160311775,4145152000.0
train_tune_0ca0b_00394_394,TRANSFORMER,0.0467231638418079,0.38894366371948,0.5193364832799926,32.76070022583008,82.40057373046875,-408.875244140625,0.0025299848057329655,-5601.544721996068,3.229252815246582,5618.291906984654,5532.005288742664,2715648000.0
train_tune_0ca0b_00395_395,TRANSFORMER,0.1103361487688769,0.5354964745723726,0.6435709013102228,7.787789344787598,23.52861976623535,5.7991838455200195,0.002330777235329151,-1075351.8343385244,0.3963434100151062,10020.965543631593,10384.885686789954,4145152000.0
train_tune_0ca0b_00396_396,TRANSFORMER,0.0697286740601241,0.4821712818437756,0.630834188629612,34.97056579589844,97.248046875,-359.14642333984375,0.0039019822143018246,-32592.587546812167,2.6998789310455322,9503.676526976158,9520.395785136194,2715648000.0
train_tune_0ca0b_00397_397,TRANSFORMER,0.0467231638418079,0.3679245649437354,0.5868159264587414,85.56759643554688,213.69537353515625,-2108.77978515625,0.007975091226398945,-5260.044277342652,5.9132513999938965,7322.18339036293,7364.70199732459,3620864000.0
train_tune_0ca0b_00398_398,TRANSFORMER,0.0826094462942409,0.3514402994827035,0.5611131046020527,15.6949462890625,29.549968719482422,-44.68186950683594,0.0006945335771888494,-953611.0353888075,0.39575085043907166,1659.1530067084982,1659.1530067084982,708608000.0
train_tune_0ca0b_00399_399,TRANSFORMER,0.0620201932922693,0.4640125647177776,0.6262847504601431,26.008190155029297,61.86065673828125,-188.60665893554688,0.002512611448764801,-576622.8246587423,2.4953551292419434,4938.893232456665,5081.552098229362,1259520000.0
train_tune_0ca0b_00400_400,TRANSFORMER,0.0963536120776277,0.5425814101366117,0.5807781860057115,57.5623893737793,165.40521240234375,-509.02044677734375,0.01268153078854084,-3163.3665946602305,3.707153081893921,25847.064746205357,24247.564946403516,8290304000.0
train_tune_0ca0b_00401_401,TRANSFORMER,0.0532187679191308,0.2965374902545217,0.5377970669674461,12.273295402526855,27.7890567779541,-58.65106201171875,0.0005453928606584668,-4172.24056740834,1.4368244409561157,1753.5201629141113,1788.183891443095,839680000.0
train_tune_0ca0b_00402_402,TRANSFORMER,0.0489753784249856,0.5390838109182834,0.5784213848979121,60.41625213623047,164.314208984375,-872.9822998046875,0.00546756898984313,-4742.108426604149,1.9356141090393066,18999.37532943477,18899.94113308743,8290304000.0
train_tune_0ca0b_00403_403,TRANSFORMER,0.051789164899276,0.4432759088374422,0.5840989202101949,45.776790618896484,116.66101837158203,-302.1446533203125,0.012776058167219162,-5230.696844914622,4.609922885894775,7532.853884020697,7540.404491720495,2715648000.0
train_tune_0ca0b_00404_404,TRANSFORMER,0.281622737289643,0.3614438568870918,0.4626121850714047,27.709810256958008,49.06211853027344,-148.52398681640625,0.0030588246881961823,-6019396.125253794,2.7637991905212402,3583.383181066549,3583.383181066549,1286144000.0
train_tune_0ca0b_00405_405,TRANSFORMER,0.0523117758585243,0.5466470225168809,0.5309450840043527,27.882644653320312,54.77265167236328,-143.5050048828125,0.0013710238272324204,-101966.9950707036,0.7420622706413269,3455.552053794229,3461.7767660101745,1062912000.0
train_tune_0ca0b_00406_406,TRANSFORMER,0.0515064803905066,0.3896864096674068,0.4485452935159223,13.276002883911133,24.72029685974121,-46.483306884765625,0.0021173283457756042,-142643.9453354065,1.912285327911377,1869.2914947976599,1986.364629464651,708608000.0
train_tune_0ca0b_00407_407,TRANSFORMER,0.0801638857051694,0.4288853310752302,0.5646949603482505,39.32041549682617,103.79199981689453,-301.74334716796875,0.004780726972967386,-4695.143031329198,2.8319435119628906,6435.670805718639,6751.0582388327175,1679360000.0
train_tune_0ca0b_00408_408,TRANSFORMER,0.0463827139544091,0.398236761063177,0.5273038102974256,33.5981559753418,65.32103729248047,-425.5011901855469,0.003958908841013908,-7049.607247512572,3.4463589191436768,2857.105298908579,2846.3262765637455,1548288000.0
train_tune_0ca0b_00409_409,TRANSFORMER,0.1144718017304221,0.3566863861346679,0.4992080992839828,26.855649948120117,64.97389221191406,-154.41246032714844,0.0018221199279651046,-7061.169713480254,2.893249034881592,4083.3772590913036,4124.607158438683,1259520000.0
train_tune_0ca0b_00410_410,TRANSFORMER,0.0467231638418079,0.3702337853017397,0.540526537638735,91.20657348632812,201.52630615234375,-1108.0860595703125,0.009769285097718239,-8858.232478566104,3.2449421882629395,8739.275244530898,9462.00337453697,3096576000.0
train_tune_0ca0b_00411_411,TRANSFORMER,0.028721825064039,0.333532666259501,0.3725771561948734,33.145198822021484,69.70243835449219,-138.19822692871094,0.004289636388421059,-4866.4554723392275,3.1390061378479004,4399.755438279571,4825.305152255173,1417216000.0
train_tune_0ca0b_00412_412,TRANSFORMER,0.0598386126427455,0.5289989829863982,0.6803095501043507,36.186866760253906,111.4440689086914,-307.51727294921875,0.0033859158866107464,-4259.388717562581,1.1598827838897705,17149.12942209174,16836.205670032406,6217728000.0
train_tune_0ca0b_00413_413,TRANSFORMER,0.1049396873515129,0.3155061914708204,0.3865181318432166,18.058042526245117,41.89403533935547,-64.1767578125,0.0025189497973769903,-1092638.900173158,2.0464231967926025,2720.927033113153,2743.19453726407,839680000.0
train_tune_0ca0b_00414_414,TRANSFORMER,0.0842515883519036,0.4995136654171986,0.6111797855325446,28.70269012451172,78.75627136230469,-178.51051330566406,0.011798565275967121,-3869.2462447893613,2.654609203338623,9167.830677721817,9141.63433037014,4145152000.0
train_tune_0ca0b_00415_415,TRANSFORMER,0.1020574894426287,0.3559311672412725,0.4760095610529859,19.01648712158203,45.75376510620117,-91.04731750488281,0.0013280883431434631,-119585.30419760027,2.1083667278289795,2850.110077824205,2850.110077824205,839680000.0
train_tune_0ca0b_00416_416,TRANSFORMER,0.1027144937887536,0.3869039409630931,0.4646006340436526,20.950590133666992,53.92789840698242,-138.99656677246094,0.0026538195088505745,-5219.016780383972,1.7389819622039795,3521.5125587818256,3413.4873948833924,839680000.0
train_tune_0ca0b_00417_417,TRANSFORMER,0.139461198279166,0.4432819429112256,0.5756747536039569,24.022008895874023,56.529991149902344,-158.0974578857422,0.0012652765726670623,-10160.688658412042,3.0107555389404297,3929.090671699689,3877.635770507677,1679360000.0
train_tune_0ca0b_00418_418,TRANSFORMER,0.0467231638418079,0.4217145578708066,0.4790008200017617,25.909252166748047,59.710731506347656,-233.24539184570312,0.002829737262800336,-6759.4705529346265,1.6058443784713745,4552.46765972205,4458.891488978808,1548288000.0
train_tune_0ca0b_00419_419,TRANSFORMER,0.0511708103898993,0.3984670212944642,0.5515307527664501,16.8083553314209,46.74861145019531,-141.38958740234375,0.002121008699759841,-3751.6707343752378,1.6446340084075928,6053.454975397791,6293.1906016762905,1810432000.0
train_tune_0ca0b_00420_420,TRANSFORMER,0.0970187462888979,0.5253133465649064,0.6256631542057233,69.04498291015625,191.75901794433594,-696.6981811523438,0.033647362142801285,-6053.805676808009,5.633163928985596,21950.871719297946,21934.051955909476,8290304000.0
train_tune_0ca0b_00421_421,TRANSFORMER,0.1429199446449689,0.3475264349465485,0.5827833991028019,16.25789451599121,27.287601470947266,-62.29081726074219,0.0013406601501628757,-11932.54312402252,1.938118577003479,1482.770232696732,1463.4805607499736,643072000.0
train_tune_0ca0b_00422_422,TRANSFORMER,0.0467231638418079,0.3558840632442641,0.5705606666815335,71.21392822265625,184.5287628173828,-1570.5516357421875,0.006198149174451828,-3256.7772449028057,5.424996376037598,5973.670054656212,5898.271032275852,3620864000.0
train_tune_0ca0b_00423_423,TRANSFORMER,0.1676889731800906,0.530718875567666,0.5511513019397644,41.74797439575195,103.12321472167969,-250.4837646484375,0.010393313132226467,-4116.758396193113,3.237471580505371,9524.127590064369,9333.307161376084,3096576000.0
train_tune_0ca0b_00424_424,TRANSFORMER,0.0838941133996069,0.5490817498123229,0.557897833763606,19.077693939208984,49.474334716796875,-114.36602783203125,0.00214158627204597,-17510.21128732637,1.7079492807388306,3218.6074582252063,3222.8847433206356,839680000.0
train_tune_0ca0b_00425_425,TRANSFORMER,0.1009633340687721,0.5339758852067932,0.628911576111484,70.06562042236328,199.01878356933594,-696.0265502929688,0.03257117047905922,-3763.3702605158774,5.452706813812256,20539.12843229859,20554.313330390556,8290304000.0
train_tune_0ca0b_00426_426,TRANSFORMER,0.102649526115901,0.5170113325702232,0.641186675614164,67.69905853271484,193.6396484375,-648.1259765625,0.031127406284213066,-3088.341333259961,5.281842231750488,19136.804864098922,18985.397098299338,8290304000.0
train_tune_0ca0b_00427_427,TRANSFORMER,0.1537399009194941,0.3576987428675644,0.465432053189434,19.71493148803711,46.690555572509766,-82.95403289794922,0.002664258237928152,-2537090.2498033345,2.192233085632324,2990.9999914713717,2990.301140694942,839680000.0
train_tune_0ca0b_00428_428,TRANSFORMER,0.0971762396181002,0.4951297762669908,0.632920367671188,54.376258850097656,159.34695434570312,-447.4517822265625,0.01477810088545084,-2601.8112447536832,3.697617292404175,25908.70205812326,25418.597631735378,8290304000.0
train_tune_0ca0b_00429_429,TRANSFORMER,0.096144590008623,0.5250318971116285,0.6047580310627684,27.78481674194336,71.77915954589844,-196.7405548095703,0.002923170570284128,-10729.72868003413,2.196296453475952,4915.231045020455,4921.543307235542,1259520000.0
train_tune_0ca0b_00430_430,TRANSFORMER,0.0719477959092453,0.3767977496753856,0.5907194070408288,23.892736434936523,54.2532958984375,-122.12516784667969,0.004949342459440231,-510675.699330317,2.7314624786376953,3961.6280359330553,3903.351208982879,1548288000.0
train_tune_0ca0b_00431_431,TRANSFORMER,0.0638980153138656,0.360185657973576,0.483036123310854,14.651581764221191,40.75916290283203,-66.7342758178711,0.0030799023807048798,-219652.05956585982,2.2272801399230957,5722.168241151892,5811.361628930772,1810432000.0
train_tune_0ca0b_00432_432,TRANSFORMER,0.0519166657622232,0.4242691901733261,0.5929601494292575,44.309898376464844,113.02642822265625,-280.55120849609375,0.012470223940908909,-3427.173667392237,4.551636695861816,7242.598288716819,7233.792130655484,2715648000.0
train_tune_0ca0b_00433_433,TRANSFORMER,0.0722817054743001,0.4258589267439045,0.49463564172967,17.021928787231445,41.37627410888672,-82.56396484375,0.0029068284202367067,-5910.642082319976,1.2376537322998047,5152.953847191296,4900.374814179889,1548288000.0
train_tune_0ca0b_00434_434,TRANSFORMER,0.0449154880597697,0.5335490915329499,0.642875902898163,46.15862274169922,106.22919464111328,-395.66644287109375,0.002231413032859564,-25499.869245949347,1.5289987325668335,6746.628337183634,6742.833950900741,1679360000.0
train_tune_0ca0b_00435_435,TRANSFORMER,0.0639384314867968,0.5289114783634529,0.59902864803317,40.28933334350586,114.40792846679688,-374.79803466796875,0.006926917005330324,-4228.180157725411,3.775507688522339,14735.156189443238,13724.63959677886,3620864000.0
train_tune_0ca0b_00436_436,TRANSFORMER,0.0844249873405699,0.4916537330354198,0.6058068905135351,27.85296058654785,76.45628356933594,-166.0911102294922,0.01155928522348404,-3356.214377878002,2.592036724090576,8809.011960547043,8854.075497474392,4145152000.0
train_tune_0ca0b_00437_437,TRANSFORMER,0.084177589946934,0.5018826904591199,0.666016241044268,57.39836883544922,169.9076690673828,-507.79144287109375,0.008269848302006721,-2755.1451356351618,2.547679901123047,22295.19758641632,24507.281727374804,8290304000.0
train_tune_0ca0b_00438_438,TRANSFORMER,0.0848024879485904,0.5099572114163105,0.6280854552930063,30.956607818603516,87.77425384521484,-209.46115112304688,0.012494265101850033,-4494.169365001624,2.782595634460449,9830.630905553344,9782.415220381034,4145152000.0
train_tune_0ca0b_00439_439,TRANSFORMER,0.0865882772495254,0.5260398182502081,0.6031160887284347,46.55825424194336,128.68756103515625,-388.77630615234375,0.020483653992414474,-4499.81114883758,4.034121990203857,14955.45915762332,14969.52852116118,6217728000.0
train_tune_0ca0b_00440_440,TRANSFORMER,0.0756446868207565,0.4056596579544858,0.5874291649899664,47.54537582397461,122.3753433227539,-332.9512939453125,0.01848587766289711,-776872.5262819503,5.122157573699951,9239.57856471062,9216.102165990487,2715648000.0
train_tune_0ca0b_00441_441,TRANSFORMER,0.0722817054743001,0.533147896649389,0.5465416640704044,18.376352310180664,42.241050720214844,-92.29205322265625,0.0026544241700321436,-8142.345020793742,1.0889158248901367,5279.000766355916,5297.550646899754,1548288000.0
train_tune_0ca0b_00442_442,TRANSFORMER,0.0940439428413221,0.5123807847747339,0.6733371072011085,59.011417388916016,175.61981201171875,-558.87744140625,0.006463962607085705,-2948.367379493985,2.0072109699249268,22841.205850422455,21734.075398515677,8290304000.0
train_tune_0ca0b_00443_443,TRANSFORMER,0.1784771585941392,0.3609825419113375,0.555323534284552,23.991920471191406,42.189666748046875,-104.23507690429688,0.001884183962829411,-10838.94082470784,2.5029590129852295,2267.092540140918,2234.53956282128,964608000.0
train_tune_0ca0b_00444_444,TRANSFORMER,0.0764133604252471,0.3453112732520126,0.5389943884159779,45.95075225830078,117.082763671875,-318.92657470703125,0.019480299204587936,-451731.53563787,5.318378448486328,8085.719849211884,8166.654164427588,2715648000.0
train_tune_0ca0b_00445_445,TRANSFORMER,0.0459256343647935,0.4605200384055284,0.4639937210050742,14.685636520385742,36.025508880615234,-73.17897033691406,0.0023151584900915623,-324733.43099212216,1.9884452819824219,3034.4248672547583,2897.0339134082433,839680000.0
train_tune_0ca0b_00446_446,TRANSFORMER,0.0898941473161728,0.5553777627229682,0.5925318490485104,50.63916015625,147.62838745117188,-718.8697509765625,0.006685726810246706,-2349113.9330384694,1.7175110578536987,25388.782224006023,25354.27483180235,8290304000.0
train_tune_0ca0b_00447_447,TRANSFORMER,0.057079859901654,0.3523951790195794,0.541024626916691,24.479915618896484,54.54297637939453,-139.68992614746094,0.00432909931987524,-2489.0972430958154,2.9353015422821045,3466.49214714155,3496.027087938646,1548288000.0
train_tune_0ca0b_00448_448,TRANSFORMER,0.0489753784249856,0.5138707110383048,0.610230125441788,56.776268005371094,155.46580505371094,-764.8582763671875,0.005165827926248312,-3098.2463244082164,1.846299171447754,17453.201323899077,17469.66747106215,8290304000.0
train_tune_0ca0b_00449_449,TRANSFORMER,0.1883887012613992,0.3357467765455951,0.4714584023074583,24.893844604492188,42.29011154174805,-115.47383117675781,0.0033404389396309853,-712582.7941652513,3.070902109146118,3097.2824650491248,3135.8300622338425,1286144000.0
train_tune_0ca0b_00450_450,TRANSFORMER,0.1190360420849892,0.320478539513518,0.5443452866584078,23.908466339111328,56.13493347167969,-110.9130630493164,0.001706582959741354,-4131.097481032593,2.669522523880005,3673.918314300462,3659.1330244477203,1259520000.0
train_tune_0ca0b_00451_451,TRANSFORMER,0.091738556121703,0.5008554478899793,0.6169177901256292,41.97853469848633,121.55553436279297,-317.0115966796875,0.024773601442575455,-913629.6398342976,3.6404590606689453,15762.712172511532,16125.738546009245,6217728000.0
train_tune_0ca0b_00452_452,TRANSFORMER,0.0587931766304694,0.5246721276426193,0.6391262395310938,35.892173767089844,108.74787139892578,-284.74072265625,0.004844321869313717,-3240.9051463466526,1.6775002479553223,17577.1343489568,16969.92059035842,6217728000.0
train_tune_0ca0b_00453_453,TRANSFORMER,0.1003155239894663,0.4895259475789481,0.6151878911459441,38.24860382080078,106.87757873535156,-274.3710632324219,0.007559783291071653,-3035.081545945157,2.461728096008301,19332.959626539658,19273.059562522907,6217728000.0
train_tune_0ca0b_00454_454,TRANSFORMER,0.0848041201221415,0.4808328779045525,0.625654350561469,27.8226318359375,76.31869506835938,-166.83750915527344,0.011744918301701546,-3496.3287674379526,2.5881311893463135,8813.64856611581,8807.028999266195,4145152000.0
train_tune_0ca0b_00455_455,TRANSFORMER,0.0870536994828969,0.5304797933712154,0.6362952610159046,50.00016784667969,138.44053649902344,-453.55517578125,0.022241340950131416,-285660.53731443896,4.355990409851074,16150.3567917969,16151.41847821085,6217728000.0
train_tune_0ca0b_00456_456,TRANSFORMER,0.0500845948358137,0.3746033077310284,0.4871570578705583,12.28459358215332,31.66458511352539,-55.99534606933594,0.00109117291867733,-2973.5210840523696,1.7932010889053345,3051.425242781909,3096.05413924422,1810432000.0
train_tune_0ca0b_00457_457,TRANSFORMER,0.0810495149778714,0.5199615149825992,0.6754842551234685,58.63741683959961,177.59828186035156,-537.8306884765625,0.0070016407407820225,-2850.9195235462216,2.011648654937744,24840.212973576778,23010.733938942103,8290304000.0
train_tune_0ca0b_00458_458,TRANSFORMER,0.0823731235500976,0.545362119370947,0.5802207307695201,39.471405029296875,115.24089050292969,-571.40380859375,0.004795268643647432,-2842838.6135527976,1.3495838642120361,28306.899802124688,28444.607943626255,8290304000.0
train_tune_0ca0b_00459_459,TRANSFORMER,0.0584046334977772,0.3987550392580712,0.5149252477722436,40.598854064941406,109.46615600585938,-457.545166015625,0.006143985316157341,-194771.77829767411,3.598006248474121,11522.569216880422,11973.135377225197,3620864000.0
train_tune_0ca0b_00460_460,TRANSFORMER,0.0844976866475266,0.583201676476336,0.6484316654360464,13.358656883239746,38.59104919433594,-52.6146354675293,0.0008654022822156549,-2998.8231354013137,0.35846272110939026,7527.137278901074,7532.987926087814,4145152000.0
train_tune_0ca0b_00461_461,TRANSFORMER,0.0703761575385064,0.3626999738021938,0.5495581032623217,14.554055213928223,29.788549423217773,-43.32455062866211,0.002276681363582611,-8542.64068019602,1.8943732976913452,1997.7487320422229,1972.739515350667,708608000.0
train_tune_0ca0b_00462_462,TRANSFORMER,0.0826716102179335,0.5228399806500973,0.6227423093871307,14.189271926879883,40.40380859375,-66.91128540039062,0.0009736272040754557,-5226.068708876881,0.4105767011642456,8237.943728420376,8255.963102861278,4145152000.0
train_tune_0ca0b_00463_463,TRANSFORMER,0.0938185618730778,0.5201965556452024,0.6384084429414695,29.27374267578125,85.49095153808594,-197.6424560546875,0.013338696211576462,-1940102.3484853108,2.5588736534118652,10785.176598608412,10898.012765302221,4145152000.0
train_tune_0ca0b_00464_464,TRANSFORMER,0.1007542351917917,0.4701388167704425,0.5567300451744489,56.640193939208984,158.43905639648438,-431.44207763671875,0.013778876513242722,-2571.8746315695066,3.664428234100342,24521.268336962585,23773.84147622555,8290304000.0
train_tune_0ca0b_00465_465,TRANSFORMER,0.0469053468364174,0.4508330170754259,0.5333796909971243,43.81134796142578,100.39289093017578,-328.8282470703125,0.002281101420521736,-329685.7975104241,1.5335068702697754,7839.87711741953,7839.87711741953,1679360000.0
train_tune_0ca0b_00466_466,TRANSFORMER,0.0914121044533082,0.503232560698223,0.6198958693191979,45.96147918701172,134.3053741455078,-381.12652587890625,0.02473602630198002,-1222887.1369420479,3.8000359535217285,17503.098104106186,17404.18208532497,6217728000.0
train_tune_0ca0b_00467_467,TRANSFORMER,0.0732588334445146,0.4950644499704309,0.5621358694691642,22.407886505126953,58.78057861328125,-137.11097717285156,0.004053346812725067,-3610.328008035131,1.3871288299560547,11574.700796282594,12742.54265614182,4145152000.0
train_tune_0ca0b_00468_468,TRANSFORMER,0.0762554863173046,0.4472590410829011,0.6259066245330602,64.83023834228516,141.8968963623047,-593.6724853515625,0.015003642067313194,-128791.35057616615,4.759550094604492,8427.865458227974,8428.033985071484,3096576000.0
train_tune_0ca0b_00469_469,TRANSFORMER,0.0279481246922267,0.431975436799604,0.6245867519831818,40.93778610229492,81.76762390136719,-249.94627380371094,0.0032400558702647686,-24938.801720622152,3.0806350708007812,5615.115938598444,5633.048801421288,1417216000.0
train_tune_0ca0b_00470_470,TRANSFORMER,0.0452206270417244,0.3906924954540966,0.4946868057439346,22.074188232421875,50.749610900878906,-156.929443359375,0.002053354401141405,-4573.108555703033,1.168916940689087,3603.8353026509353,3321.568010704936,839680000.0
train_tune_0ca0b_00471_471,TRANSFORMER,0.0557106112844086,0.5215053333307443,0.6085403739508018,24.082942962646484,68.60994720458984,-239.4915771484375,0.0013975203037261963,-4946695.717680693,0.6108872890472412,12074.698794407326,12074.698794407326,4145152000.0
train_tune_0ca0b_00472_472,TRANSFORMER,0.1000465409755365,0.3549766382336037,0.5430277161201115,20.9471492767334,34.15580749511719,-103.68020629882812,0.003134452970698476,-605321.3044497876,2.8726210594177246,2070.9431706954806,2206.9702619882282,964608000.0
train_tune_0ca0b_00473_473,TRANSFORMER,0.0263571099354338,0.4396832936615936,0.6000905298628556,37.12126922607422,71.67352294921875,-181.7529754638672,0.0035690967924892902,-13589.060509149267,3.0734241008758545,4772.131709340592,4930.870725987471,1417216000.0
train_tune_0ca0b_00474_474,TRANSFORMER,0.0846876105105561,0.5026329148388945,0.5634060887781173,32.77991485595703,92.18988037109375,-238.88092041015625,0.01313076727092266,-150713.21166291912,2.923287868499756,10789.943575287876,10789.943575287876,4145152000.0
train_tune_0ca0b_00475_475,TRANSFORMER,0.0906612705808995,0.3101926572957288,0.5088780008892456,28.79705810546875,47.01260757446289,-144.43814086914062,0.005137260537594557,-315418.411854959,3.932051181793213,3126.6777802511997,2993.2077420627807,1286144000.0
train_tune_0ca0b_00476_476,TRANSFORMER,0.0638980153138656,0.3562903465762392,0.4620465952867881,13.915998458862305,39.488685607910156,-60.04956817626953,0.003414211329072714,-221767.73762748673,2.2321572303771973,5746.5613333604315,5657.360110875599,1810432000.0
train_tune_0ca0b_00477_477,TRANSFORMER,0.1079687733150038,0.3816172898854369,0.5036842981179906,27.501293182373047,66.19220733642578,-137.24298095703125,0.0036004306748509407,-1861586.1458638737,3.019315719604492,4610.923428697418,4608.157233790759,1259520000.0
train_tune_0ca0b_00478_478,TRANSFORMER,0.2502393831724053,0.3602474944484788,0.5298438688362804,28.866254806518555,47.69387435913086,-132.21365356445312,0.002438078634440899,-686014.0489503826,2.9127750396728516,3017.5075673636766,3017.36252280021,1286144000.0
train_tune_0ca0b_00479_479,TRANSFORMER,0.1075550593268796,0.3227669255515574,0.4681867120052765,24.96889877319336,59.5147819519043,-96.24153900146484,0.004999265074729919,-456701.3459125207,3.2032203674316406,4214.880375429533,4757.7851736050725,1259520000.0
train_tune_0ca0b_00480_480,TRANSFORMER,0.0547661111771734,0.3664738122049209,0.5303886183655214,13.223597526550293,29.926921844482422,-70.71348571777344,0.0005629000370390713,-10352.084337693426,1.5292761325836182,2009.5736107006596,2032.157370091756,839680000.0
train_tune_0ca0b_00481_481,TRANSFORMER,0.042681490973711,0.4513673534386352,0.4810456207178504,16.656505584716797,38.90440368652344,-83.32308959960938,0.001564972335472703,-571483.4454700137,1.8489959239959717,2708.92770768611,2904.276145926853,839680000.0
train_tune_0ca0b_00482_482,TRANSFORMER,0.0557106112844086,0.5506869472869239,0.6275524058665409,22.184467315673828,61.302886962890625,-183.17459106445312,0.0018783544655889273,-6415.222000002696,0.760951817035675,11889.472289526697,11821.82691613993,4145152000.0
train_tune_0ca0b_00483_483,TRANSFORMER,0.0519166657622232,0.4710670757522146,0.6216537327818182,45.75575637817383,116.86123657226562,-302.67822265625,0.012801676988601685,-5165.038644400892,4.607977390289307,7479.168608678853,7515.932972647506,2715648000.0
train_tune_0ca0b_00484_484,TRANSFORMER,0.070943900860638,0.4999486731999477,0.6645102450633134,29.271320343017578,78.19210052490234,-207.051513671875,0.0035135792568325996,-2421748.2573326477,2.6098852157592773,8648.892175100447,8656.59417727423,2715648000.0
train_tune_0ca0b_00485_485,TRANSFORMER,0.0467231638418079,0.4185673770636725,0.5339862972562605,61.15708923339844,152.25103759765625,-1130.5341796875,0.005058219190686941,-4357.352285195229,4.481459140777588,7180.378471855974,7158.286406545968,3620864000.0
train_tune_0ca0b_00486_486,TRANSFORMER,0.0671577666008995,0.5220641010567239,0.5500046457134489,10.753355026245117,27.777137756347656,-37.96077346801758,0.0014259383315220475,-3017.908151829838,0.9520972371101379,6265.507702635492,6118.935022198348,1810432000.0
train_tune_0ca0b_00487_487,TRANSFORMER,0.1259787541136785,0.5530128674810951,0.6617449162074575,8.606206893920898,25.785085678100586,2.616912841796875,0.0021235619205981493,-1617210.8993789146,0.2750509977340698,10536.453999820962,11186.79808112129,4145152000.0
train_tune_0ca0b_00488_488,TRANSFORMER,0.0557106112844086,0.5144730346951449,0.602273975432687,18.824684143066406,56.501708984375,-123.22012329101562,0.002880168380215764,-3681.0275115059735,1.0337327718734741,11920.705903630998,11511.023233186144,4145152000.0
train_tune_0ca0b_00489_489,TRANSFORMER,0.1513021794446011,0.3891370059012278,0.5077700239186136,26.091920852661133,46.95940399169922,-178.53758239746094,0.0030918680131435394,-412754.87715569645,3.20304536819458,3088.3971397859973,3088.3971397859973,964608000.0
train_tune_0ca0b_00490_490,TRANSFORMER,0.0867994018994079,0.5315492974730899,0.6109451009889723,48.1555290222168,133.2579345703125,-419.25537109375,0.021358653903007507,-6730.501486370686,4.2286152839660645,15491.06161249897,15580.618699977253,6217728000.0
train_tune_0ca0b_00491_491,TRANSFORMER,0.0915390788370322,0.5018760971792687,0.6006493388552957,60.834259033203125,176.98777770996094,-564.5741577148438,0.006958866026252508,-3188.061883912806,2.095977544784546,23554.219306279057,22149.209745714274,8290304000.0
train_tune_0ca0b_00492_492,TRANSFORMER,0.0480307172890905,0.4326241934050962,0.5462213341535906,66.43479919433594,167.908203125,-1575.7247314453125,0.00652256328612566,-5858215.563699211,4.589929580688477,14362.86047313412,14362.86047313412,3620864000.0
train_tune_0ca0b_00493_493,TRANSFORMER,0.0467231638418079,0.3602511680327299,0.5626603211951501,37.79338455200195,98.11920928955078,-555.5390625,0.002793342573568225,-3778.3361231528306,3.6763057708740234,4976.325491888157,4996.613915895101,2715648000.0
train_tune_0ca0b_00494_494,TRANSFORMER,0.0997340331197376,0.5211804286839783,0.6224701470524912,14.268844604492188,44.166324615478516,-89.92533874511719,0.003069087862968445,-3630323.501785131,0.5701716542243958,17572.686147221182,17449.00180905188,6217728000.0
train_tune_0ca0b_00495_495,TRANSFORMER,0.0473965869113482,0.5100266968782805,0.6001471525174707,51.33393859863281,141.7230682373047,-634.7122192382812,0.004744044970721006,-2267.316852509355,1.7731386423110962,14533.747612161193,14749.885684509789,8290304000.0
train_tune_0ca0b_00496_496,TRANSFORMER,0.261217575650911,0.353471521476062,0.511450062238858,11.617368698120117,20.961387634277344,-27.179040908813477,0.0015189734986051917,-1856220.6991116328,1.4239578247070312,1382.7039367590207,1440.3722044031454,643072000.0
train_tune_0ca0b_00497_497,TRANSFORMER,0.0961900071758145,0.5064927808725826,0.6057481670600751,28.811710357666016,83.18301391601562,-190.32785034179688,0.013780101202428341,-3163476.465766177,2.6276638507843018,10008.179750829699,10438.639919984991,4145152000.0
train_tune_0ca0b_00498_498,TRANSFORMER,0.096144590008623,0.350355135657826,0.4551067094714997,23.033193588256836,61.368446350097656,-111.7707290649414,0.004011746495962143,-3127.1664606348654,2.3551182746887207,4213.852106384585,4877.567317339271,1259520000.0
train_tune_0ca0b_00499_499,TRANSFORMER,0.0866498223081135,0.3701075655958441,0.5350091562164254,32.10969543457031,80.0490951538086,-187.59552001953125,0.01388385146856308,-891085.307927489,4.387991428375244,5742.722588891882,6102.241867504526,1810432000.0
train_tune_0ca0b_00500_500,RNN,0.0428833161571052,0.3462569111622064,0.3594915698102637,0.11260256171226501,0.2971074879169464,-0.0010702400468289852,6.4596074480505195e-06,-20888931.700642206,-0.002877832856029272,1861.2003861543053,1861.2003913638307,1178048000.0
train_tune_0ca0b_00501_501,RNN,0.0422834193918531,0.3226585210547066,0.3959753583077908,0.10098133981227875,0.35785430669784546,-0.0016792583046481013,1.1410284059820697e-05,-20769162.003789425,0.0018853837391361594,2461.8005363959114,2461.7543450754447,388224000.0
train_tune_0ca0b_00502_502,RNN,0.0557106112844086,0.3349719439920596,0.3010243796217504,0.12539368867874146,0.2843772768974304,-0.00024297871277667582,3.911666863132268e-05,-20985093.134338547,0.0022457519080489874,1035.1420657293488,1035.1420592860036,963200000.0
train_tune_0ca0b_00503_503,RNN,0.045862640818894,0.3586217205987702,0.4023407962867413,0.08310867100954056,0.362714558839798,-0.0014417944476008415,4.972869646735489e-06,-21557311.31014014,0.002186961006373167,4261.620895852079,4261.621750102914,1820928000.0
train_tune_0ca0b_00504_504,RNN,0.0467231638418079,0.3727981957087793,0.3263722584693181,0.05155425891280174,0.0940750315785408,-0.00019358719873707741,1.1324546903779265e-05,-19174718.075126193,0.0043314420618116856,4507.950453318105,4507.95069195798,3312320000.0
train_tune_0ca0b_00505_505,RNN,0.0557106112844086,0.3347277797026531,0.3644563559001693,0.07556483149528503,0.12239237874746323,0.0011553853983059525,2.311767457285896e-05,-19779406.402124204,-0.005933360196650028,1113.4116539993852,1114.147408012419,2961344000.0
train_tune_0ca0b_00506_506,RNN,0.0463827139544091,0.3361873588136222,0.3290762861163869,0.12948833405971527,0.20516595244407654,-2.35588668147102e-05,2.3090145987225696e-05,-20432733.26912558,-0.0009245399269275367,594.6924643766645,594.6925417669511,3154368000.0
train_tune_0ca0b_00507_507,RNN,0.0422834193918531,0.3169662897831787,0.3386226292903486,0.12596355378627777,0.27898603677749634,-0.0005156173720024526,9.172546924673952e-06,-20966950.618685395,-0.008257300592958927,1035.4153044116977,1035.414642878422,451584000.0
train_tune_0ca0b_00508_508,RNN,0.0422834193918531,0.3462586380491692,0.4268534013033476,0.10875517129898071,0.1955391764640808,-0.00027278054039925337,1.398286440235097e-05,-19691453.537928775,2.1640851628035307e-05,1365.8010559885715,1365.7958517029724,1545728000.0
train_tune_0ca0b_00509_509,RNN,0.0512649430080622,0.2857881471341836,0.2807963688639992,0.05399716645479202,0.08830269426107407,0.0002087141911033541,5.971422069706023e-06,-19031189.845241833,-0.0033649983815848827,3003.42401450143,3003.327572166994,1037376000.0
train_tune_0ca0b_00510_510,RNN,0.0467231638418079,0.3459552927759963,0.3736505337808289,0.07250860333442688,0.16622070968151093,-0.0003259126388002187,1.1081842785642948e-05,-19923421.687976077,0.004693429451435804,2900.8543925747886,2900.854392987467,5989376000.0
train_tune_0ca0b_00511_511,RNN,0.0463827139544091,0.3342039432382835,0.2544826082798588,0.11191567778587341,0.20945122838020325,-0.0013828182127326727,3.332099367980845e-05,-19704471.33356902,0.004851924255490303,1148.8200340597411,1148.8200337399333,1783680000.0
train_tune_0ca0b_00512_512,RNN,0.0428833161571052,0.3505938799858086,0.3508700842783226,0.06662583351135254,0.17417031526565552,-0.00047866220120340586,1.1405402801756281e-05,-20218482.91293282,0.009421397000551224,4004.8381776112956,4004.8381853230517,3371584000.0
train_tune_0ca0b_00513_513,RNN,0.0557106112844086,0.3324351775818188,0.3788907105813439,0.06860901415348053,0.3695412874221802,-0.000991395441815257,1.4644712791778147e-05,-20718010.617344104,-0.004471707157790661,5299.739031877192,5299.739021912701,3981312000.0
train_tune_0ca0b_00514_514,RNN,0.0519563203238033,0.3111482843889188,0.3719365730701146,0.07101186364889145,0.2855225205421448,-0.0006985233048908412,1.3195838619139977e-05,-20406038.050822824,-0.000684192986227572,4319.72248678259,4319.741366861929,1204928000.0
train_tune_0ca0b_00515_515,RNN,0.0463827139544091,0.3418991804788877,0.3314542640077547,0.09448562562465668,0.192075714468956,-7.585983257740736e-05,1.62659944180632e-05,-19887309.347326517,-0.001166132977232337,1680.3204936167663,1680.3181280475742,1245504000.0
train_tune_0ca0b_00516_516,RNN,0.0512649430080622,0.3444764205299606,0.403583178880688,0.04599619284272194,0.09465877711772919,-1.9299352061352693e-05,9.496173333900515e-06,-18876472.530890938,0.0008624958572909236,4583.88314685596,4583.882988533182,5758016000.0
train_tune_0ca0b_00517_517,RNN,0.055719759168035,0.323376932237277,0.3579307693482456,0.09418800473213196,0.2910698652267456,-0.0012117621954530478,8.678127414896153e-06,-20562353.323975205,-0.001192543189972639,2329.4168010387484,2329.239672207059,372224000.0
train_tune_0ca0b_00518_518,RNN,0.0422834193918531,0.3279831959694697,0.3070955874528697,0.06543830037117004,0.1175382062792778,0.00016838846204336733,1.1719229405571241e-05,-18854041.51557755,-0.0026959702372550964,2379.2451683552786,2379.2348316322286,613952000.0
train_tune_0ca0b_00519_519,RNN,0.0557106112844086,0.3790446355365808,0.392867932901433,0.05063260346651077,0.09140973538160324,0.00014730716065969318,6.8376530180103146e-06,-19476384.162788182,-0.003322930308058858,3652.9101265354093,3652.9101253362305,5385472000.0
train_tune_0ca0b_00520_520,RNN,0.0887419823656286,0.3351597982075547,0.4634318366489587,0.08593691885471344,0.3615463972091675,-0.0014630836667492986,1.1551801435416564e-05,-20963484.134683695,0.006627893075346947,3866.4158450222626,3866.4153410277495,1805888000.0
train_tune_0ca0b_00521_521,RNN,0.0336875955514907,0.3270565533960685,0.4582755627854733,0.08350673317909241,0.35109177231788635,-0.001361266477033496,5.998168944643112e-06,-21065067.564325444,0.003429125528782606,3801.28394407839,3801.2849066771805,1281024000.0
train_tune_0ca0b_00522_522,RNN,0.0428833161571052,0.3210973096860521,0.3753523077165388,0.08831657469272614,0.15242122113704681,-0.0007507895352318883,1.3923047845310066e-05,-20583495.50400938,0.007197436410933733,2147.641943611744,2147.759814798077,2020224000.0
train_tune_0ca0b_00523_523,RNN,0.0557106112844086,0.336807221657988,0.3285826716552903,0.09622550010681152,0.16247114539146423,0.0002757440379355103,1.7543234207550995e-05,-19160112.59436538,-0.001127969240769744,1234.8543558920578,1234.860569232946,805568000.0
train_tune_0ca0b_00524_524,RNN,0.0485421411868069,0.3527502262973518,0.3452367237404429,0.058256614953279495,0.15203404426574707,-0.00012367645103950053,9.058428076968994e-06,-20373206.392631568,0.0009293463081121445,3965.789533869418,3965.794985811076,2902912000.0
train_tune_0ca0b_00525_525,RNN,0.0428833161571052,0.3794710185847771,0.4112615917548416,0.06177113577723503,0.1060393825173378,-0.0003800968697760254,7.27941733202897e-06,-19152029.917285506,0.007166274357587099,3337.608481381691,3337.608809130598,6186048000.0
train_tune_0ca0b_00526_526,RNN,0.0467231638418079,0.3492022983071067,0.4020292206344129,0.16621516644954681,0.2446528971195221,-0.00614546425640583,1.9061182683799416e-05,-19157758.00629937,0.01806511916220188,601.8474292256572,601.8407800552607,3995456000.0
train_tune_0ca0b_00527_527,RNN,0.0611352237147453,0.3598991998104659,0.4097205767651604,0.0913151204586029,0.3567202687263489,-0.0015589446993544698,8.92395109985955e-06,-21155043.275606066,0.003944174852222204,3467.027229918008,3467.0272354939507,2676224000.0
train_tune_0ca0b_00528_528,RNN,0.0467231638418079,0.3231762605198795,0.3067819677224476,0.0601179301738739,0.10770295560359955,-0.00039633113192394376,7.697253749938682e-06,-19022299.680237267,0.0071198479272425175,3320.766935851245,3320.7670699323935,2335168000.0
train_tune_0ca0b_00529_529,RNN,0.0422834193918531,0.3853937946687619,0.436252495592965,0.047015462070703506,0.09397665411233902,3.967538214055821e-05,3.2326624932466075e-06,-18933288.52373886,-0.0012882595183327794,5346.639883347945,5346.639908095578,8239360000.0
train_tune_0ca0b_00530_530,RNN,0.086822089068563,0.3526826945237711,0.4259412324542533,0.08392082899808884,0.37393590807914734,-0.0013387607177719474,4.324503606767394e-06,-21445271.418772854,-0.0012578386813402176,4558.744859088676,4558.744869797207,2505024000.0
train_tune_0ca0b_00531_531,RNN,0.0467231638418079,0.3285303853975003,0.3553511963695765,0.14191563427448273,0.2743960916996002,-0.0021125918719917536,1.6143811080837622e-05,-21420840.610306427,0.0070116245187819,1137.6055972397198,1137.6055972647032,2213120000.0
train_tune_0ca0b_00532_532,RNN,0.0463827139544091,0.3596626968658449,0.3886989109769439,0.0434117317199707,0.09327105432748795,-2.255993604194373e-05,4.425503902893979e-06,-19215061.426895432,0.0005211227107793093,5208.451130935284,5208.450881613521,5852736000.0
train_tune_0ca0b_00533_533,RNN,0.0422834193918531,0.366100912366229,0.3336128049026528,0.04299628362059593,0.07846520841121674,0.00010380849562352523,3.316575657663634e-06,-18465150.537263446,-0.003467230824753642,5116.718251877819,5116.718251337587,5438784000.0
train_tune_0ca0b_00534_534,RNN,0.0422834193918531,0.3658756293139125,0.4220502300161975,0.07359500974416733,0.11912129819393158,-0.00025966166867874563,1.7086451407521963e-05,-19595337.636340026,0.0029755609575659037,2019.2157496578461,2019.2157495064573,5683840000.0
train_tune_0ca0b_00535_535,RNN,0.0512649430080622,0.3805627552409282,0.3829424788234232,0.04709492623806,0.14774279296398163,-0.00010781206947285682,6.8643048507510684e-06,-19814098.1338292,-0.0007115190383046865,5114.984279737506,5114.98427874859,5576960000.0
train_tune_0ca0b_00536_536,RNN,0.0512649430080622,0.3606913743730886,0.3404464467564571,0.177750363945961,0.24209535121917725,-0.002803368726745248,6.796368688810617e-05,-19410742.74064377,0.006597696803510189,369.1333197736279,369.13332018172827,6165824000.0
train_tune_0ca0b_00537_537,RNN,0.0463827139544091,0.3631622790193692,0.3471073314722375,0.045821867883205414,0.08257149159908295,1.953973333002068e-05,4.121083748032106e-06,-19299688.909580823,-0.0005666162469424307,4240.027509283325,4240.0202951590345,3575360000.0
train_tune_0ca0b_00538_538,RNN,0.0539903766384602,0.2799004114804055,0.2310737656595374,0.25330182909965515,0.4096072018146515,-0.0019549608696252108,9.755429346114397e-06,-21389534.543419994,0.003986802417784929,255.6270720091618,255.62572652396625,170688000.0
train_tune_0ca0b_00539_539,RNN,0.0557106112844086,0.286238556728901,0.3027395624601238,0.0714714378118515,0.13961221277713776,4.736082337331027e-05,1.2394706573104486e-05,-19794525.339985855,-0.001946473028510809,2007.4113731399261,2007.5731895638414,1023616000.0
train_tune_0ca0b_00540_540,RNN,0.0428833161571052,0.3362360156357069,0.3642255960186091,0.06219511851668358,0.16276510059833527,-0.00021847191965207458,7.629159426869592e-06,-20020837.064287018,0.001800612430088222,3671.8937717684757,3671.8961563736493,1347200000.0
train_tune_0ca0b_00541_541,RNN,0.0463827139544091,0.3412740603494342,0.3125273249688775,0.1116839125752449,0.1714896559715271,-0.00035888259299099445,1.3846274669049308e-05,-19253668.78056889,0.001824803533963859,1023.6945921871252,1023.6960008741025,2050048000.0
train_tune_0ca0b_00542_542,RNN,0.0421831955922865,0.3544061322932628,0.3853791533782196,0.07000276446342468,0.35791724920272827,-0.0011139955604448915,4.83684561913833e-06,-20920568.401842035,-0.0033489742781966925,5372.9367553921775,5372.936580756925,2759744000.0
train_tune_0ca0b_00543_543,RNN,0.0467231638418079,0.3744629283455238,0.4452461772130802,0.10715650022029877,0.1935408115386963,-0.0006748092127963901,1.3893890354665928e-05,-20128520.41780588,0.003145980415865779,1360.6182348042805,1360.6182362530872,2768768000.0
train_tune_0ca0b_00544_544,RNN,0.0422834193918531,0.3475251163866884,0.3979507755544824,0.08741242438554764,0.1640857756137848,-0.0006528806407004595,1.5493222235818394e-05,-20049179.931146257,0.0057877893559634686,2045.7144075311412,2045.713044349242,1140288000.0
train_tune_0ca0b_00545_545,RNN,0.0806981091237307,0.3489175828140478,0.3926379076147189,0.08430779725313187,0.34341001510620117,-0.0013654637150466442,5.117262389831012e-06,-21485016.859128185,0.00227451603859663,3629.737699261146,3629.7374381147033,1596288000.0
train_tune_0ca0b_00546_546,RNN,0.0598802901489137,0.3377707043246405,0.342103686880594,0.06570398807525635,0.17851540446281433,-0.00021688186097890139,7.6079600148659665e-06,-19665867.418968398,-0.0005307241226546466,3615.9364440971785,3615.9364734905557,2152384000.0
train_tune_0ca0b_00547_547,RNN,0.0463827139544091,0.319266347980902,0.3294106555732315,0.08515561372041702,0.14518818259239197,0.0003236593911424279,8.71104930411093e-06,-19103312.929330215,-0.0021766438148915768,1441.5730449181235,1441.5748153605464,2073536000.0
train_tune_0ca0b_00548_548,RNN,0.0779324660652466,0.341508496413796,0.3750490734589154,0.07006525993347168,0.36974120140075684,-0.0011804273817688227,3.72435192730336e-06,-20920975.228719883,-0.0014642046298831701,5221.55973900476,5221.559113001834,2825024000.0
train_tune_0ca0b_00549_549,RNN,0.0463827139544091,0.3505486499166667,0.404869046096917,0.05129876732826233,0.13680344820022583,-0.00011203752364963293,8.20002424006816e-06,-19837504.99818419,-0.0016562725650146604,4058.287792100985,4058.288336404341,4119872000.0
train_tune_0ca0b_00550_550,RNN,0.0628728508519267,0.3572350586216855,0.3830773186093451,0.08775162696838379,0.3453678786754608,-0.0011445987038314342,7.2591851676406804e-06,-20957272.676937886,-0.001520055695436895,3533.6994362445967,3533.6994301701216,3162240000.0
train_tune_0ca0b_00551_551,RNN,0.0428833161571052,0.3480665597871635,0.3696651826126014,0.0730365589261055,0.16952510178089142,-0.0003372601349838078,5.7230454331147484e-06,-19624461.324543048,0.001375741558149457,2806.0820686796937,2806.082301830803,1366272000.0
train_tune_0ca0b_00552_552,RNN,0.0422834193918531,0.3820827811066669,0.4145916692309619,0.044308822602033615,0.09030308574438095,-4.844577779294923e-05,5.6440885600750335e-06,-19469539.248340353,0.0009470587247051299,5132.940486325929,5132.940488387975,7911232000.0
train_tune_0ca0b_00553_553,RNN,0.0495826435427291,0.3198370520447604,0.3642424803343309,0.10136236250400543,0.2858020067214966,-0.0013640843098983169,1.2663123925449327e-05,-20719925.903933324,0.006199577823281288,2144.2753847580116,2144.2759901525155,937920000.0
train_tune_0ca0b_00554_554,RNN,0.0463827139544091,0.321403837678467,0.3741664596296268,0.13095293939113617,0.2842103838920593,-0.0029750969260931015,3.135898805339821e-05,-21041877.238667823,0.014695703983306885,1144.6574523296335,1144.6574522543951,2280384000.0
train_tune_0ca0b_00555_555,RNN,0.0557106112844086,0.3363845145463298,0.4284613375755131,0.0416250042617321,0.08081768453121185,-5.1292357966303825e-05,4.050856205140008e-06,-18538997.73163321,0.0014879454392939806,5342.359023877745,5342.360097723527,4017856000.0
train_tune_0ca0b_00556_556,RNN,0.050348837121666,0.3504610203881253,0.3531981594305914,0.08153900504112244,0.3359036445617676,-0.0012123328633606434,9.142637281911448e-06,-21034020.776857942,0.000377358723198995,3792.0199424238936,3792.0187376049544,1557504000.0
train_tune_0ca0b_00557_557,RNN,0.0428833161571052,0.3669794815183898,0.3645648763820538,0.06370333582162857,0.10261542350053787,-0.000255650986218825,7.015356459305622e-06,-19288205.7238113,0.004991438239812851,2931.507614599113,2931.4042624278745,2141632000.0
train_tune_0ca0b_00558_558,RNN,0.0557106112844086,0.222713061515323,0.1980685287952044,0.2530670464038849,0.3180854320526123,-0.012663672678172588,7.725856266915798e-05,-21122152.367972627,0.018027661368250847,255.39859622188084,255.29424263768865,27776000.0
train_tune_0ca0b_00559_559,RNN,0.042422149312151,0.3372353728258455,0.3029167655743447,0.09191242605447769,0.17538416385650635,-0.00015016383258625865,5.594958565779962e-06,-19815023.627148967,0.0007477751933038235,1672.250568849452,1672.2349558722042,528960000.0
train_tune_0ca0b_00560_560,RNN,0.0428833161571052,0.3339238369215822,0.3200591029681022,0.09165128320455551,0.19300997257232666,-0.0008488739840686321,4.786912541021593e-06,-19822722.488214172,0.006456868257373571,2046.891454259048,2046.9289276054494,583424000.0
train_tune_0ca0b_00561_561,RNN,0.0428833161571052,0.3597450842905643,0.4417499652445067,0.07410478591918945,0.12178995460271835,-0.00023572135251015425,1.0853395906451624e-05,-19393097.461520948,0.0027134043630212545,2135.768472599849,2135.768473477414,6887168000.0
train_tune_0ca0b_00562_562,RNN,0.0557106112844086,0.3762408362208816,0.4064925696480048,0.0617251843214035,0.1552342027425766,-4.8618258006172255e-05,6.201187716214918e-06,-20198473.14526276,-0.0011960954871028662,3167.1375918939443,3167.1375919696584,4614592000.0
train_tune_0ca0b_00563_563,RNN,0.0463827139544091,0.3451968638365141,0.4508240224952439,0.05580897629261017,0.18145573139190674,-0.0002421582321403548,8.950526535045356e-06,-19987406.198295064,0.002739507472142577,5240.3043118258665,5240.305245633174,3054592000.0
train_tune_0ca0b_00564_564,RNN,0.0591021138832771,0.343262408707587,0.3150453428762325,0.06412602961063385,0.15911787748336792,-5.0737457058858126e-05,7.523567546741106e-06,-19401363.008910425,-0.001587633159942925,2908.173788774374,2908.173708884611,1987648000.0
train_tune_0ca0b_00565_565,RNN,0.0586829071728076,0.3453628177574044,0.4316121550764078,0.07681164145469666,0.3821340799331665,-0.0013275770470499992,5.864003924216377e-06,-20655283.130937167,0.0034509850665926933,5186.552273425039,5186.5520546498665,2666240000.0
train_tune_0ca0b_00566_566,RNN,0.1070162793114179,0.3504545343667606,0.321365422342608,0.0704706683754921,0.3628470301628113,-0.0011661540484055877,6.605154339922592e-06,-20878522.869738635,-0.0012582687195390463,5410.39334113738,5410.388049082971,2324480000.0
train_tune_0ca0b_00567_567,RNN,0.0463827139544091,0.3339588639149203,0.2600254670754514,0.059291791170835495,0.10446162521839142,-2.5415458367206156e-05,1.1100163646915462e-05,-18896073.80820352,0.0004351438255980611,2876.653450675493,2876.6534656235226,2463360000.0
train_tune_0ca0b_00568_568,RNN,0.0512649430080622,0.3016477206022561,0.312899253357823,0.06824704259634018,0.12004882097244263,0.00033686202368699014,9.689211765362415e-06,-19099134.7363743,-0.0036549281794577837,2426.8024652595536,2426.685816885869,1945152000.0
train_tune_0ca0b_00569_569,RNN,0.0782216830493982,0.3412797073331626,0.3598169655274345,0.08712708204984665,0.3075311481952667,-0.0012482317397370934,4.733154128189199e-06,-20669777.553297177,-0.0019245597068220377,2955.002169521283,2955.000021955995,901184000.0
train_tune_0ca0b_00570_570,RNN,0.0428833161571052,0.3486189740734318,0.3786195093884593,0.09823410212993622,0.1731477528810501,-0.001637420617043972,2.6585234081721865e-05,-19601956.332357854,0.013942429795861244,1850.4664522742162,1850.4664524347697,3427520000.0
train_tune_0ca0b_00571_571,RNN,0.0428906831586783,0.3457782841254284,0.3707870131337425,0.07979822158813477,0.3572773039340973,-0.0013735644752159715,8.15360363048967e-06,-20938916.06235338,0.001443428685888648,4477.294650286494,4477.29465251781,3774528000.0
train_tune_0ca0b_00572_572,RNN,0.0463827139544091,0.3260691244972327,0.2953733755367451,0.09602776914834976,0.18115636706352234,7.434705912601203e-05,1.3757497072219849e-05,-19789735.334312234,-0.0006893257377669215,1334.4303816459237,1334.4303245026545,917504000.0
train_tune_0ca0b_00573_573,RNN,0.0630007809415776,0.3645069712066368,0.4404202084197621,0.0761796161532402,0.11575540900230408,0.00023701167083345354,1.526764390291646e-05,-19243045.614244346,-0.0019215347710996866,1340.490367430023,1340.490367537825,3481280000.0
train_tune_0ca0b_00574_574,RNN,0.0512649430080622,0.3353182307680404,0.3257197592063892,0.05851420760154724,0.17226684093475342,-0.000171778752701357,9.039982614922337e-06,-19906868.696141914,-0.0013038029428571463,4410.88272427875,4410.8828212540175,3644032000.0
train_tune_0ca0b_00575_575,RNN,0.0512649430080622,0.3258040289701601,0.3143613475554812,0.1500794142484665,0.24640823900699615,0.0007653597858734429,1.1443723451520782e-05,-19751420.75582117,-0.0026301341131329536,492.31786349103334,492.3157904007769,787584000.0
train_tune_0ca0b_00576_576,RNN,0.0463827139544091,0.3527642574346395,0.3715268509259177,0.053004831075668335,0.15066678822040558,-0.00020515837240964174,5.6449216572218575e-06,-20371526.74735716,0.0014623054303228855,4735.633399849659,4735.634210924857,2405312000.0
train_tune_0ca0b_00577_577,RNN,0.0425138872182917,0.3484865273402061,0.3602310772204684,0.07250314205884933,0.36460065841674805,-0.0012247265549376607,4.863806680077687e-06,-20721597.354818024,-0.0033841601107269526,5260.314896738011,5260.321766588987,2084672000.0
train_tune_0ca0b_00578_578,RNN,0.0422834193918531,0.3436995504263387,0.3992263274220233,0.08365751802921295,0.3339211642742157,-0.0010997162899002433,6.374551048793364e-06,-20945318.1123601,-0.0034955102019011974,3768.575383502962,3768.5757340449795,1793984000.0
train_tune_0ca0b_00579_579,RNN,0.0557106112844086,0.3662512542285602,0.4497503896058196,0.06754359602928162,0.14410260319709778,-9.061800665222108e-05,1.0174890121561475e-05,-19660277.392783053,-0.0007827009540051222,2475.406394199009,2475.4063951094777,3853184000.0
train_tune_0ca0b_00580_580,RNN,0.0428833161571052,0.3629326330821942,0.3590365407877756,0.060657113790512085,0.1126827523112297,-0.00010965744877466932,5.377873094403185e-06,-19036490.490793835,0.0012704548425972462,3134.105976243388,3134.1060649722717,4428416000.0
train_tune_0ca0b_00581_581,RNN,0.1037232476532739,0.3729450271572768,0.3780738875679719,0.07023255527019501,0.35557669401168823,-0.0010794157860800624,9.378177310281899e-06,-20785199.10133584,-0.002038351260125637,5454.162488326474,5454.162482357442,4934528000.0
train_tune_0ca0b_00582_582,RNN,0.0512649430080622,0.3303611201833318,0.3317705104652477,0.06580547243356705,0.1369365155696869,6.919359293533489e-05,8.592766789661255e-06,-19930663.20962148,-0.0012816144153475761,2647.689238609559,2647.672528188455,2143552000.0
train_tune_0ca0b_00583_583,RNN,0.0422834193918531,0.3801602391596815,0.3950922773994306,0.047513093799352646,0.09182064980268478,-6.600667984457687e-05,1.0901298082899302e-05,-19409430.050308175,0.0013193846680223942,4843.598726627373,4843.598758226393,4606016000.0
train_tune_0ca0b_00584_584,RNN,0.0994200142379384,0.3490138650101677,0.3443537844410387,0.08021871745586395,0.3746563196182251,-0.0012313304468989372,5.689802947017597e-06,-20760283.349244937,-0.0005380624788813293,4678.33867096192,4678.338661836975,3704768000.0
train_tune_0ca0b_00585_585,RNN,0.0422834193918531,0.3523061286349819,0.4449210660777042,0.0740273967385292,0.3373470902442932,-0.001266411505639553,7.500286756112473e-06,-20989494.235667784,0.0016011518891900778,4362.238125805543,4362.238109258625,2734848000.0
train_tune_0ca0b_00586_586,RNN,0.0512734957179401,0.3847036379456165,0.3587686056367691,0.07411932945251465,0.3503321409225464,-0.0011530554620549083,5.407134722190676e-06,-21015070.701523025,-0.0045712785795331,5053.292380050587,5053.292384613014,4253184000.0
train_tune_0ca0b_00587_587,RNN,0.0467231638418079,0.3381603562444001,0.3646747806711193,0.0572846345603466,0.13934361934661865,-2.755226887529716e-05,7.924760211608373e-06,-19894767.2772238,-0.0013637226074934006,3970.7300339087697,3970.7306997068126,4324160000.0
train_tune_0ca0b_00588_588,RNN,0.0659614001438504,0.3580639248120464,0.4167153609174504,0.08315009623765945,0.3468402922153473,-0.0012331776088103652,1.4406490663532168e-05,-20626840.702549495,0.0011411523446440697,4396.071572381206,4396.071566356153,3550592000.0
train_tune_0ca0b_00589_589,RNN,0.0612023142764,0.3433031093370538,0.3786334326867202,0.09209135919809341,0.3357042074203491,-0.0012819464318454266,1.0627192750689574e-05,-21064457.09993582,-0.005111584439873695,3085.4427591704416,3085.442761887244,2314368000.0
train_tune_0ca0b_00590_590,RNN,0.0237444601258357,0.3563266117132265,0.389899252121672,0.0758136659860611,0.4031553864479065,-0.0015896016266196966,7.418228960887063e-06,-21215706.759326193,0.0004869556287303567,5446.986181823802,5446.986189697593,3921024000.0
train_tune_0ca0b_00591_591,RNN,0.0422834193918531,0.3443369359253715,0.3214067887765694,0.05496806651353836,0.1566404551267624,-0.00018186164379585534,8.17856562207453e-06,-19691830.905694585,0.0011861789971590042,4599.36248505981,4599.362441351259,4160384000.0
train_tune_0ca0b_00592_592,RNN,0.0463827139544091,0.3987727501819531,0.4112769469580095,0.05054503679275513,0.14701950550079346,-9.31416725507006e-05,7.790356903569773e-06,-19549306.992145732,-0.0013292038347572088,4903.05568237716,4903.055680133145,7379520000.0
train_tune_0ca0b_00593_593,RNN,0.0422834193918531,0.367515215626526,0.3671641529999911,0.043466050177812576,0.08248826116323471,-5.4607146012131125e-05,7.404014468193054e-06,-19255541.257617887,0.001375459018163383,4904.6646462351155,4904.6656655614315,4699392000.0
train_tune_0ca0b_00594_594,RNN,0.0512649430080622,0.268705441182716,0.4425645923740394,0.11663436144590378,0.18190163373947144,0.005069148261100054,9.336366929346696e-05,-18634764.980295107,-0.005546413827687502,265.0539798990602,265.0539798977145,6319808000.0
train_tune_0ca0b_00595_595,RNN,0.0467231638418079,0.3619117187077351,0.3753671182302154,0.1369730532169342,0.2148568332195282,-0.0031823506578803062,2.5551493308739737e-05,-19514489.308968164,0.011935790069401264,810.1014148524642,810.1014148249624,2958272000.0
train_tune_0ca0b_00596_596,RNN,0.0765458025069564,0.3370514579261807,0.3633805349833001,0.0760108232498169,0.3885508179664612,-0.0013093020534142852,8.919370884541422e-06,-21033030.933410287,0.0030141565948724747,5172.900073461105,5172.900144961475,3034880000.0
train_tune_0ca0b_00597_597,RNN,0.0463827139544091,0.3349312639668866,0.3335654104549566,0.1871476173400879,0.3086911141872406,-0.005802116356790066,1.7311058400082402e-05,-20634863.07195385,0.012746986001729965,487.36385859330557,487.3616751663012,1469888000.0
train_tune_0ca0b_00598_598,RNN,0.0558665349577433,0.3519781033278629,0.391780363304241,0.08603627979755402,0.16178002953529358,0.0003837599069811404,5.996615982439835e-06,-19823685.980443433,-0.004518914967775345,1617.0717874469215,1617.0717957648963,2017472000.0
train_tune_0ca0b_00599_599,RNN,0.0664333926549692,0.3722214930584215,0.4039652685017929,0.06868536025285721,0.35124942660331726,-0.0010677985846996307,6.428965662053088e-06,-20754934.701261856,-0.0013673760695382953,5368.744265833737,5368.744288075439,3308672000.0
train_tune_0ca0b_00600_600,RNN,0.0428833161571052,0.3812991475741967,0.4484973801943224,0.06492733955383301,0.11374548077583313,-0.00041358164162375033,1.0107790330948774e-05,-19233874.492100954,0.007013549096882343,3044.0197325336335,3044.019732359613,10041152000.0
train_tune_0ca0b_00601_601,RNN,0.0904118053591652,0.3395497261116085,0.4385551105031788,0.10002440214157104,0.30427220463752747,-0.0010716014076024294,5.7218353504140396e-06,-20828807.44479641,0.0005017262301407754,2435.5835119699145,2435.583498174414,1788672000.0
train_tune_0ca0b_00602_602,RNN,0.0512649430080622,0.355410023576951,0.4494598917063623,0.04791177436709404,0.09779075533151627,7.840308535378426e-05,5.933991360507207e-06,-19172519.9344695,-0.002051685703918338,4387.39547854929,4387.395481443536,7965824000.0
train_tune_0ca0b_00603_603,RNN,0.0410262278179493,0.3707657807204208,0.3864120661161787,0.08117805421352386,0.3607167899608612,-0.001448698341846466,1.2675957805186044e-05,-21006607.943392992,0.0029736633878201246,4378.936043082273,4378.9360431751375,4094976000.0
train_tune_0ca0b_00604_604,RNN,0.0428833161571052,0.3734739136500802,0.404024625258881,0.07273456454277039,0.12135669589042664,-9.582882194081321e-05,6.064656190574169e-06,-18551751.660234652,0.00038161437259986997,2149.5593213151665,2149.5593209986214,6534976000.0
train_tune_0ca0b_00605_605,RNN,0.1033639976402098,0.3430272057273769,0.3111824253346357,0.039413753896951675,0.06815003603696823,0.00011210654338356107,4.984587121725781e-06,-19276545.79269822,-0.0035944939590990543,4720.692850848081,4720.692851695505,7171904000.0
train_tune_0ca0b_00606_606,RNN,0.0736622022030894,0.3750375191338878,0.3968264856266781,0.08220396190881729,0.38558369874954224,-0.0014266088837757707,5.08874927618308e-06,-20781055.36009018,0.0004132064350415021,4599.090725218844,4599.090711455925,3130880000.0
train_tune_0ca0b_00607_607,RNN,0.0557747096208634,0.372371840186914,0.379501038120567,0.07695148140192032,0.3733605742454529,-0.0013430113904178143,6.2218477978603914e-06,-21350520.09637391,0.0005702385678887367,4964.494608409397,4964.494610719066,4098176000.0
train_tune_0ca0b_00608_608,RNN,0.0428833161571052,0.3515892328548417,0.3786750414729676,0.20031313598155975,0.32221102714538574,-0.003638167167082429,1.935662658070214e-05,-20104969.49531685,0.005466649774461985,483.1729282196317,483.17295123387555,838976000.0
train_tune_0ca0b_00609_609,RNN,0.0760281875626759,0.3405699672455293,0.342323156420082,0.07048796117305756,0.16797009110450745,-0.00046766563900746405,4.503507625486236e-06,-19913823.767176185,0.005265411455184221,3117.595029287466,3117.59967837071,2636352000.0
train_tune_0ca0b_00610_610,RNN,0.0428980526918671,0.3570394769070625,0.3853071514329602,0.08881266415119171,0.31335026025772095,-0.00129473686683923,6.575027782673715e-06,-20841381.180188477,0.004919182509183884,3148.2457283206686,3148.245727789794,3284544000.0
train_tune_0ca0b_00611_611,RNN,0.0560997901016789,0.3568664195872757,0.3528113366165109,0.05441569536924362,0.1462746262550354,-0.00017637363635003567,5.727750703954371e-06,-19724345.99526508,0.0006742865080013871,4209.82211493592,4209.8221099846,5386880000.0
train_tune_0ca0b_00612_612,RNN,0.0428833161571052,0.3052217203086806,0.3356621684424472,0.24733342230319977,0.3668268322944641,-0.01370987854897976,2.7369031158741564e-05,-20720503.01506467,0.01631099544465542,260.16940753948904,260.1694073107101,956288000.0
train_tune_0ca0b_00613_613,RNN,0.0467231638418079,0.3574952633130057,0.3562078316873754,0.1015118658542633,0.2850995659828186,-0.0015864677261561155,1.5581430488964543e-05,-21545831.446143277,0.007442310452461243,2288.906476626722,2288.906479000808,1372608000.0
train_tune_0ca0b_00614_614,RNN,0.0428833161571052,0.3402938300384028,0.3228615899996934,0.08092071861028671,0.1679292768239975,-0.0006419813144020736,9.710129234008491e-06,-20032795.0278455,0.0060095395892858505,2297.990868230718,2297.990885582351,1591232000.0
train_tune_0ca0b_00615_615,RNN,0.0422834193918531,0.3699952531276451,0.338245733814039,0.04587613791227341,0.0675363689661026,5.221251558396034e-05,4.510432063398184e-06,-18540835.835348405,-0.0015335241332650185,4435.676355239166,4435.677173303158,4084544000.0
train_tune_0ca0b_00616_616,RNN,0.0145714344584923,0.2983449849502224,0.3512848766697578,0.11389581859111786,0.3032761812210083,-0.002033750293776393,1.5002557120169513e-05,-20940061.31991654,0.008300707675516605,1568.5691369582655,1568.5926679709341,262400000.0
train_tune_0ca0b_00617_617,RNN,0.0467231638418079,0.3605971482234814,0.341119333202772,0.08101329207420349,0.13371038436889648,-0.00029100305982865393,5.224022061156575e-06,-19285290.267096464,0.0028646020218729973,2030.3629911931198,2030.3629907678346,3613376000.0
train_tune_0ca0b_00618_618,RNN,0.0399638498236143,0.3792641482817316,0.4335084442668555,0.05052990838885307,0.15514865517616272,1.3260418199934065e-05,4.007528332294896e-06,-19595130.10744964,-0.0020452416501939297,4434.218910905889,4434.218893086994,3595008000.0
train_tune_0ca0b_00619_619,RNN,0.0428833161571052,0.3445531382468933,0.3209398068656751,0.1297217756509781,0.19352173805236816,-0.0013115761103108525,1.1111914318462368e-05,-19165064.68370034,0.004144039936363697,711.0230435985312,711.0230453974895,4979200000.0
train_tune_0ca0b_00620_620,RNN,0.0409788081020957,0.3416494248816304,0.4745079697959043,0.07458309829235077,0.33934950828552246,-0.001056068460457027,7.922143595351372e-06,-20746755.258037746,-0.0018114990089088678,4943.166117098772,4943.160400321021,2110080000.0
train_tune_0ca0b_00621_621,RNN,0.0467231638418079,0.3815457394272122,0.3716998543150555,0.05008872225880623,0.09867586195468903,4.743746103486046e-05,4.371620889287442e-06,-18820724.178547177,-0.0015599839389324188,4255.6959660304965,4255.695965714549,8134784000.0
train_tune_0ca0b_00622_622,RNN,0.0920748562582927,0.3351449086408712,0.3749788874050874,0.0853458121418953,0.38990771770477295,-0.0016660732217133045,1.0421772458357736e-05,-21472024.592216697,0.012855698354542255,4591.388721461344,4591.389251971184,1910144000.0
train_tune_0ca0b_00623_623,RNN,0.0463827139544091,0.3434466981226007,0.3791324979269603,0.05713648721575737,0.1302739679813385,0.00022280248231254518,7.537385499745142e-06,-20456389.246952783,-0.006681152619421482,2753.059053721,2753.0539957820038,1504512000.0
train_tune_0ca0b_00624_624,RNN,0.0597208425379855,0.3252344011919714,0.3872810740749695,0.11626999080181122,0.3654208779335022,-0.002305282512679696,7.909793566795997e-06,-20572856.034131117,0.0037881159223616123,2142.6584290219625,2142.6613185188926,476480000.0
train_tune_0ca0b_00625_625,RNN,0.0428833161571052,0.3397702489219052,0.3776039262784323,0.061585959047079086,0.10424116253852844,-0.0004206474986858666,5.638037691824138e-06,-19043061.288500417,0.006738351192325354,3133.499211778475,3133.4948155875827,2064128000.0
train_tune_0ca0b_00626_626,RNN,0.0504760295194636,0.3633547090738696,0.3688422351022498,0.07331578433513641,0.2910361886024475,-0.0008762883953750134,6.4283135543519165e-06,-20715084.88064862,0.0006025097100064158,3654.795766459906,3654.7957654330967,3680832000.0
train_tune_0ca0b_00627_627,RNN,0.0463827139544091,0.3580854474818149,0.3706870386687302,0.10807305574417114,0.37511444091796875,-0.0020114299841225147,1.3748661331192125e-05,-20921421.752791204,0.00520359817892313,2512.6585474547364,2512.659477025204,965504000.0
train_tune_0ca0b_00628_628,RNN,0.0557106112844086,0.3583833430619191,0.3940717646199914,0.051388416439294815,0.09166137874126434,8.464178790745791e-06,3.988291155110346e-06,-19315077.58496202,-0.0005874067428521812,3846.398252523979,3846.398250208413,6544384000.0
train_tune_0ca0b_00629_629,RNN,0.0512649430080622,0.2293025373440715,0.3534347550581619,0.17524652183055878,0.23937711119651794,0.001631279126740992,6.839881098130718e-05,-19727229.31087315,-0.0023470951709896326,257.7032367995614,257.70323703369195,4514560000.0
train_tune_0ca0b_00630_630,RNN,0.0511237205162438,0.3166131074293171,0.3858188517982078,0.07033533602952957,0.1515069156885147,0.00038122234400361776,8.464745405944996e-06,-19680407.281525828,-0.003966072108596563,2003.7940524891583,2003.8199908305496,634880000.0
train_tune_0ca0b_00631_631,RNN,0.0463827139544091,0.3450968243698971,0.333866109218942,0.052964821457862854,0.16725312173366547,-0.00011800866923294961,5.880895514565054e-06,-19531746.29749489,8.457782678306103e-05,5106.9352253486,5106.944637428811,1922944000.0
train_tune_0ca0b_00632_632,RNN,0.0521309985280247,0.3792844831935154,0.4196857686896878,0.05563218146562576,0.16784511506557465,-0.00014884024858474731,3.5193495477869874e-06,-19805608.781077765,0.0009652135777287185,4724.347511380828,4724.346864423034,2691904000.0
train_tune_0ca0b_00633_633,RNN,0.0563555281333191,0.4012121771612529,0.4137267033917861,0.04873628169298172,0.14864301681518555,-0.00012013105151709169,5.542568487726385e-06,-20170373.847075082,-0.0015811037737876177,5127.75809417817,5127.758098166934,5749632000.0
train_tune_0ca0b_00634_634,RNN,0.0428833161571052,0.3463865092787481,0.3919443568930629,0.06379605829715729,0.11250033229589462,-0.00010646949522197247,5.168722054804675e-06,-19065350.290942002,0.0010990914888679981,2934.9614738914142,2934.9614127388095,1759232000.0
train_tune_0ca0b_00635_635,RNN,0.0557106112844086,0.3574049338781562,0.3807314943255174,0.049780894070863724,0.08915694802999496,0.00038896279875189066,1.0681525964173488e-05,-18358824.530759748,-0.006330017000436783,2840.711920769969,2840.71204812857,1922304000.0
train_tune_0ca0b_00636_636,RNN,0.0428833161571052,0.3320272426565071,0.472721825346793,0.11019723117351532,0.35363560914993286,-0.0019652307964861393,6.210516858118353e-06,-20746170.479101725,0.006386570166796446,2189.2305272565886,2189.255662618054,430848000.0
train_tune_0ca0b_00637_637,RNN,0.1088763212122971,0.3426689726131773,0.4023482019942688,0.07128793001174927,0.3736605644226074,-0.0012610850390046835,5.19907280249754e-06,-20957260.864550233,0.0029898323118686676,5410.223735971398,5410.2236901951665,3010752000.0
train_tune_0ca0b_00638_638,RNN,0.0449998206149184,0.3520552051514042,0.3683526678828511,0.08402755111455917,0.3202855885028839,-0.001323317876085639,4.451063432497904e-06,-20749390.61813134,0.0014722672058269382,3433.9973837199996,3433.9973837535217,3718272000.0
train_tune_0ca0b_00639_639,RNN,0.0463827139544091,0.1690934350532842,0.2013712427193107,0.35867488384246826,0.5959898829460144,-0.055208902806043625,0.00020048150327056646,-20629362.878961086,0.06228594481945038,258.65566047714555,258.07754528553323,6528000.0
train_tune_0ca0b_00640_640,RNN,0.0661074296182856,0.3343942823777712,0.3267513118208095,0.053323496133089066,0.09479590505361557,-8.550491475034505e-05,9.316647265222855e-06,-19709994.314350046,0.0018768779700621963,4178.594857344147,4178.588685858248,4622208000.0
train_tune_0ca0b_00641_641,RNN,0.0422834193918531,0.352250999354951,0.3458047759657812,0.0626852735877037,0.09973631799221039,-1.7656049749348313e-05,9.011686415760778e-06,-18913027.689082798,-0.00028538572951219976,2351.260263327358,2351.259279389552,2147264000.0
train_tune_0ca0b_00642_642,RNN,0.0428833161571052,0.3763440184339425,0.3760677181732636,0.29368436336517334,0.4212934076786041,-0.017792701721191406,4.1546929423930123e-05,-21531213.976220638,0.01953377015888691,259.63465115062354,259.6346511640156,1617728000.0
train_tune_0ca0b_00643_643,RNN,0.0467231638418079,0.3341910615075126,0.3486364736551198,0.0636490061879158,0.18739989399909973,-0.0004770423111040145,7.595149327244144e-06,-20245988.62641029,0.007408005651086569,4572.062685648172,4572.066333129179,1577024000.0
train_tune_0ca0b_00644_644,RNN,0.0463827139544091,0.2008540998601836,0.22438901629752,0.2778967618942261,0.4806620180606842,-0.023155124858021736,7.581608224427328e-05,-19872222.396160793,0.020991703495383263,240.81912684370366,243.77018572319756,1827392000.0
train_tune_0ca0b_00645_645,RNN,0.0467390075731886,0.3157276048337682,0.4172130000562036,0.10019786655902863,0.31573349237442017,-0.0018422264838591218,1.3826881513523404e-05,-20754240.215105202,0.009881173260509968,2322.1080997379277,2322.1697187285417,392384000.0
train_tune_0ca0b_00646_646,RNN,0.0557106112844086,0.3775967983537138,0.3419478139918483,0.05446140840649605,0.09902188181877136,0.000267279043328017,7.929183993837796e-06,-19179742.509971566,-0.004554827231913805,2922.78870408505,2922.7888844153463,6227328000.0
train_tune_0ca0b_00647_647,RNN,0.0557106112844086,0.3617483182816621,0.40663937941205,0.048285722732543945,0.14832229912281036,-9.77354429778643e-05,2.94596134153835e-06,-20073689.76060214,0.00020790199050679803,5567.081003182893,5567.081001692655,7779776000.0
train_tune_0ca0b_00648_648,RNN,0.0983188047950431,0.2947688175261489,0.3791895029440603,0.09258940815925598,0.29943710565567017,-0.0011617513373494148,7.877733878558502e-06,-20807900.78493897,-0.0023270645178854465,2606.4447226375464,2606.5753130574335,436032000.0
train_tune_0ca0b_00649_649,RNN,0.0422834193918531,0.3443134405463549,0.300216459038976,0.08329992741346359,0.16277678310871124,-0.0006077027646824718,2.063945066765882e-05,-20186358.817466263,0.006308358162641525,2132.0213810182986,2132.012853958001,2544000000.0
train_tune_0ca0b_00650_650,RNN,0.0463827139544091,0.3326830866541679,0.3384941767723682,0.05612870305776596,0.10525891929864883,-1.96612199943047e-05,6.690462214464787e-06,-19106129.26707185,0.00038551754551008344,3544.7807863890525,3544.780787179535,5262912000.0
train_tune_0ca0b_00651_651,RNN,0.0422834193918531,0.3460804631756873,0.368083407120785,0.050744254142045975,0.13812021911144257,-0.00018913220264948905,3.6352607821754646e-06,-20055256.78331787,0.0020117536187171936,4666.588138635443,4666.588166649211,3763392000.0
train_tune_0ca0b_00652_652,RNN,0.0422834193918531,0.360890210698491,0.3874841924433215,0.050339024513959885,0.16477186977863312,-0.0002309162518940866,3.7234344745229464e-06,-19963515.597837575,0.002540653571486473,5161.545918366134,5161.545036540854,2432448000.0
train_tune_0ca0b_00653_653,RNN,0.0532149690928906,0.3352480289206657,0.3725564062841471,0.07836116850376129,0.29740089178085327,-0.0010054014855995774,1.1768043805204798e-05,-20868301.503447365,-0.0025572043377906084,3172.320065022789,3172.320067746208,2841024000.0
train_tune_0ca0b_00654_654,RNN,0.0557106112844086,0.3724047576084415,0.4031680075660619,0.04648797586560249,0.0876917839050293,0.00012869329657405615,6.831261089246254e-06,-19018139.04541684,-0.0031251753680408,3374.6315625678776,3374.631562586447,9480896000.0
train_tune_0ca0b_00655_655,RNN,0.0467231638418079,0.3557556574740279,0.3879949002725472,0.12829791009426117,0.22101010382175446,-0.0026791126001626253,2.285301343363244e-05,-20051733.754748993,0.01161495316773653,1139.792580216168,1139.792580015766,2656832000.0
train_tune_0ca0b_00656_656,RNN,0.0422834193918531,0.3534465545762855,0.4000103154405632,0.06412922590970993,0.09646345674991608,-8.267259545391425e-05,1.615355176909361e-05,-18982124.024760336,0.0013406546786427498,2399.7456904880078,2399.910843857484,1080320000.0
train_tune_0ca0b_00657_657,RNN,0.0600920827325463,0.3475590135687487,0.2781939881567415,0.05313188210129738,0.09058145433664322,0.00011435538181103766,5.705936018784996e-06,-19148205.344639115,-0.0023987663444131613,3533.643706033421,3533.7074165618114,6541760000.0
train_tune_0ca0b_00658_658,RNN,0.0428833161571052,0.3374619768180891,0.345287172066212,0.057094842195510864,0.17074590921401978,-0.00022264709696173668,4.502613592194393e-06,-19894758.33945265,0.0024362578988075256,4859.843358939184,4859.84286266268,2220608000.0
train_tune_0ca0b_00659_659,RNN,0.0540086553439941,0.3320672446477188,0.3415777668313899,0.0918738916516304,0.3044517934322357,-0.0013751881197094917,6.6735592554323375e-06,-21044032.565403365,-0.0006971167167648673,2710.441075048413,2710.440630114458,1349312000.0
train_tune_0ca0b_00660_660,RNN,0.0428833161571052,0.3574115065662668,0.4147236370539967,0.06863754242658615,0.12147247046232224,-0.00035079653025604784,1.04374512375216e-05,-18783037.23966205,0.005735572427511215,3202.620780251401,3202.620778760015,3869312000.0
train_tune_0ca0b_00661_661,RNN,0.0738350526317034,0.3433915618286619,0.3677298534989255,0.07929520308971405,0.30726879835128784,-0.0010762626770883799,1.2649311429413501e-05,-21144299.8998487,-0.0031530100386589766,3384.205554058094,3384.205549735908,2363328000.0
train_tune_0ca0b_00662_662,RNN,0.0512649430080622,0.4053355527535129,0.4442017484568084,0.041034016758203506,0.08363264799118042,0.0001590869651408866,9.528920600132551e-06,-19070143.361099426,-0.004760142881423235,5089.5171575069835,5089.524333395468,6203392000.0
train_tune_0ca0b_00663_663,RNN,0.0428833161571052,0.3672357249633187,0.3957237500522593,0.07538551837205887,0.36533987522125244,-0.001240122364833951,8.264848474937025e-06,-20829822.205600627,0.002659115707501769,5360.551367590749,5360.551371385811,4593152000.0
train_tune_0ca0b_00664_664,RNN,0.0463827139544091,0.2442669697066578,0.3035660249984808,0.152037113904953,0.2971530258655548,-0.0002661474281921983,5.50455333723221e-05,-21093219.67212235,-0.0010688819456845522,583.1265355210242,584.0553038270366,32000000.0
train_tune_0ca0b_00665_665,RNN,0.0428833161571052,0.355378407867717,0.3670595146699059,0.09870238602161407,0.3180950880050659,-0.0015792755875736475,1.2230082575115375e-05,-20798980.761856973,0.008577249944210052,2747.179661879737,2747.179666750749,1808576000.0
train_tune_0ca0b_00666_666,RNN,0.0686824494999942,0.3357493664048075,0.3426670416375133,0.09312315285205841,0.2781892716884613,-0.001021373551338911,5.188757768337382e-06,-21378118.48545906,-0.0029148301109671593,2290.1073241271297,2290.1073269853005,2293184000.0
train_tune_0ca0b_00667_667,RNN,0.0422834193918531,0.318216611817095,0.3457485408089071,0.0594615675508976,0.1032048687338829,3.301000833744183e-05,6.82581594446674e-06,-18863009.42591225,-0.0008809237042441964,3387.0000518720944,3386.998669806528,1490944000.0
train_tune_0ca0b_00668_668,RNN,0.0467231638418079,0.3349340586013183,0.3451787920528383,0.06683644652366638,0.15915067493915558,-0.00016479594341944903,6.469022991950624e-06,-20044716.418025933,3.966625081375241e-05,3269.607902694852,3269.623731848308,1641344000.0
train_tune_0ca0b_00669_669,RNN,0.0512649430080622,0.3393559701556832,0.3273405145236877,0.1175977811217308,0.18391500413417816,0.0008976238896138966,1.6618876543361694e-05,-19916959.084033396,-0.0031994825694710016,690.3470519660455,690.3488094291424,2736704000.0
train_tune_0ca0b_00670_670,RNN,0.0463827139544091,0.3696775137026869,0.3775980465856087,0.040600650012493134,0.08532341569662094,-4.815565625904128e-05,6.135141120466869e-06,-19142674.346851375,0.0015832794597372413,5306.757771363512,5306.757772531665,5586624000.0
train_tune_0ca0b_00671_671,RNN,0.0422834193918531,0.3694978500700617,0.3842551677887538,0.05419978126883507,0.15211963653564453,-0.0002374437463004142,4.528882982413052e-06,-20095614.02568335,0.002652995055541396,4479.30825407173,4479.307145427447,2098112000.0
train_tune_0ca0b_00672_672,RNN,0.0467310843645815,0.3542841783205473,0.3604481082235112,0.05072406679391861,0.15043440461158752,-8.739387703826651e-05,6.408865829143906e-06,-19609534.637271874,-0.0018048372585326433,5037.141741156271,5037.141709752606,4749824000.0
train_tune_0ca0b_00673_673,RNN,0.0200478546026179,0.3260150873814152,0.3441325727335796,0.08293517678976059,0.3167025148868561,-0.0011799924541264772,5.05644629811286e-06,-21441210.107460506,0.001475813682191074,3248.770963824383,3248.771401848717,1435584000.0
train_tune_0ca0b_00674_674,RNN,0.0422834193918531,0.3656836264247656,0.400673664666463,0.05688949674367905,0.15158027410507202,-0.00017543401918374002,3.878915777022485e-06,-20170876.974725418,0.0022147800773382187,4105.5988449938295,4105.59884701704,3769856000.0
train_tune_0ca0b_00675_675,RNN,0.046241117303684,0.3251561315933755,0.3351624600699088,0.08197248727083206,0.3830499053001404,-0.0014910462778061628,5.0201838348584715e-06,-21024120.65385888,0.005346551537513733,4632.174242861972,4632.190491862955,1391360000.0
train_tune_0ca0b_00676_676,RNN,0.0457007348338044,0.3536723385436267,0.3707047721062147,0.08946073055267334,0.35846227407455444,-0.001386682502925396,5.057299404143123e-06,-21329814.8409518,0.00030710833379998803,3646.918406561016,3646.9184213548774,1892352000.0
train_tune_0ca0b_00677_677,RNN,0.0628830350229894,0.363496222677534,0.3570201387775906,0.07760794460773468,0.3815113306045532,-0.00121500832028687,5.150616743776482e-06,-20902616.772210624,1.5073484973981977e-05,5162.37858489582,5162.378585048611,5543552000.0
train_tune_0ca0b_00678_678,RNN,0.0473372122335833,0.296901127207123,0.3445067745633534,0.20598897337913513,0.3220272362232208,-0.0072338576428592205,3.175586607540026e-05,-21149328.2716096,0.012063832953572273,474.21413565986603,474.1951464501792,58880000.0
train_tune_0ca0b_00679_679,RNN,0.0557106112844086,0.3295416175301814,0.3614156124198096,0.0813111662864685,0.33851158618927,-0.0013186584692448378,8.724286090000533e-06,-21090593.482570425,-0.0034307409077882767,3800.9634895407135,3800.952455171896,961664000.0
train_tune_0ca0b_00680_680,RNN,0.0512649430080622,0.3751109635059566,0.4160606141026439,0.04519544914364815,0.08522556722164154,-4.155555507168174e-05,5.211372808844317e-06,-19828243.866464943,0.001039299531839788,4850.779965510454,4850.779966371566,6263744000.0
train_tune_0ca0b_00681_681,RNN,0.0512649430080622,0.3362727830633883,0.3087836632734594,0.06449416279792786,0.13402868807315826,-7.802595791872591e-05,1.3248485629446805e-05,-20247392.98824117,-1.367006916552782e-07,2335.6979711902804,2335.692064122638,1014592000.0
train_tune_0ca0b_00682_682,RNN,0.0583730403804764,0.3227296350053533,0.3561339388634799,0.09738379716873169,0.32685941457748413,-0.0016522090882062912,9.66718107520137e-06,-20860563.26302596,-0.0010945114772766829,2375.441820358906,2375.3919857602427,361088000.0
train_tune_0ca0b_00683_683,RNN,0.0428833161571052,0.3329729516203466,0.420979282389327,0.07751590758562088,0.14972564578056335,-0.00020205153850838542,5.6575863709440455e-06,-19324813.103156824,0.001210746355354786,2304.3726960207678,2304.37269076959,1815232000.0
train_tune_0ca0b_00684_684,RNN,0.0763673647832304,0.317741542646708,0.3778088281731084,0.11123360693454742,0.3396098017692566,-0.002104276791214943,5.915178917348385e-06,-20698023.860087626,0.0010537577327340841,2161.1752774440442,2161.1803770038773,360320000.0
train_tune_0ca0b_00685_685,RNN,0.0422834193918531,0.4341987938650479,0.4291914846738517,0.052800171077251434,0.14907506108283997,-0.00019875075668096542,8.334461199410725e-06,-20087681.975504875,0.0022849426604807377,4593.69716077704,4593.697159337575,6507072000.0
train_tune_0ca0b_00686_686,RNN,0.0557106112844086,0.3465312542038315,0.379187347077661,0.08546169102191925,0.15207965672016144,0.0005477808299474418,3.1540494092041627e-05,-19610265.86144652,-0.003914468921720982,1168.94192333006,1168.9419238150558,4561344000.0
train_tune_0ca0b_00687_687,RNN,0.0422834193918531,0.3956316214735851,0.3943437618881165,0.04718752205371857,0.09357916563749313,-5.1473838539095595e-05,7.694885425735265e-06,-19269753.76925888,0.0006845284369774163,4258.8573009804895,4258.859354011375,3797120000.0
train_tune_0ca0b_00688_688,RNN,0.0422834193918531,0.3337885177906307,0.4250567173148732,0.06181475892663002,0.1278851330280304,-0.00010726961772888899,8.435388735961169e-06,-19860333.413581878,0.00034547867835499346,3460.3095886721844,3460.2894332719984,2618816000.0
train_tune_0ca0b_00689_689,RNN,0.0676194900739734,0.3472357157432135,0.3798006050828526,0.0788440853357315,0.39792561531066895,-0.0013319833669811487,4.406570951687172e-06,-21049323.55646579,0.003113456768915057,5185.019035059511,5185.019403462154,2113088000.0
train_tune_0ca0b_00690_690,RNN,0.0467231638418079,0.3660814214776564,0.3508423055071647,0.04917261749505997,0.08856438100337982,-0.00015542478649877012,8.159453500411473e-06,-18850695.673549257,0.004445449914783239,4487.017641856857,4487.017681624892,8037952000.0
train_tune_0ca0b_00691_691,RNN,0.0422834193918531,0.3461164931253937,0.421501307999617,0.07330100238323212,0.1308501958847046,-0.00022394763072952628,1.2088317816960625e-05,-19781370.71360704,0.0020208903588354588,2165.751077840369,2165.709181383073,1953920000.0
train_tune_0ca0b_00692_692,RNN,0.0467231638418079,0.3686892216925104,0.4019563993940138,0.0644541010260582,0.11298566311597824,-0.00037075026193633676,8.780140888120513e-06,-19153850.627280626,0.0068728262558579445,3324.938387573526,3324.938321175886,6509696000.0
train_tune_0ca0b_00693_693,RNN,0.0463827139544091,0.3548419073505843,0.3711571220924026,0.051333677023649216,0.10926210135221481,-0.00014184995961841196,7.58101441533654e-06,-18712405.246540748,0.0031718602403998375,4324.739609766811,4324.739375401697,2332608000.0
train_tune_0ca0b_00694_694,RNN,0.0428833161571052,0.3662016892352108,0.3726024168937988,0.06749196350574493,0.11025115847587585,-0.00020927086006850004,7.651949999853969e-06,-19823978.394053493,0.002886618487536907,2702.492620619755,2702.4926198615804,5901184000.0
train_tune_0ca0b_00695_695,RNN,0.0463827139544091,0.3876125033352144,0.4552939388492263,0.053785014897584915,0.10837586224079132,-3.866962651954964e-05,4.649493348551914e-06,-19372123.89081097,0.0004066279507242143,4116.217750799807,4116.217742616451,7390400000.0
train_tune_0ca0b_00696_696,RNN,0.0512649430080622,0.3356263659761624,0.3880730206905899,0.055880263447761536,0.10264232009649277,-0.00016603035328444093,1.2439797501428984e-05,-18417130.882737637,0.0034817932173609734,3654.499549891956,3654.499546561009,2973376000.0
train_tune_0ca0b_00697_697,RNN,0.0557106112844086,0.3355224877397779,0.3276093358872925,0.14007773995399475,0.27156829833984375,-0.0013482216745615005,2.0184132154099643e-05,-20950645.663823903,0.004715613555163145,823.5284850561178,823.5284812421605,865728000.0
train_tune_0ca0b_00698_698,RNN,0.0428833161571052,0.3965700701423382,0.4361410364540833,0.060836322605609894,0.1593957245349884,-0.00018647368415258825,7.359137271123473e-06,-19693898.233647346,-0.00029173243092373013,4076.613075707335,4076.6130775567954,6246912000.0
train_tune_0ca0b_00699_699,RNN,0.0471878977347164,0.3632139434448779,0.4798941993145006,0.07248325645923615,0.3312672972679138,-0.0011136620305478573,4.878839718003292e-06,-20990202.61235082,-9.288094588555396e-06,4467.863527370675,4467.863526181103,4338560000.0
train_tune_0ca0b_00700_700,RNN,0.0428833161571052,0.3406746491973675,0.3769716278831438,0.0973750501871109,0.310773104429245,-0.0017074791248887777,1.1476346116978675e-05,-21101138.88219565,0.0092782499268651,2681.369392238233,2681.369387736257,2101376000.0
train_tune_0ca0b_00701_701,RNN,0.1209717959451529,0.3473732696643202,0.3408221160275697,0.1015777587890625,0.1790233552455902,-0.0011517778038978577,1.600204450369347e-05,-19623561.797938272,0.010572225786745548,1440.1688054901836,1440.168561856191,2131328000.0
train_tune_0ca0b_00702_702,RNN,0.042319839219064,0.3358500587747311,0.3994355277276091,0.09491078555583954,0.39465975761413574,-0.0019449933897703886,8.845416232361458e-06,-20565907.64568732,0.007236374542117119,3726.8224415987734,3726.8114551226236,843840000.0
train_tune_0ca0b_00703_703,RNN,0.0463827139544091,0.3418495048928703,0.3763357099040602,0.09195303916931152,0.17036092281341553,-0.0006790123879909515,1.1184032700839452e-05,-19932175.106156316,0.006175825837999582,1514.2674641351962,1514.2674640592904,5710336000.0
train_tune_0ca0b_00704_704,RNN,0.0962515820824783,0.3500028677848212,0.3033211037110032,0.06976056098937988,0.16288775205612183,-0.00022308496409095824,6.261026101128664e-06,-20613866.826982845,0.001869536587037146,3050.9449599077016,3050.9451099204275,2679104000.0
train_tune_0ca0b_00705_705,RNN,0.0620475350175963,0.3442691084617275,0.3607884906473171,0.07742634415626526,0.39049071073532104,-0.001384614035487175,7.41612893762067e-06,-21194537.9062534,0.0012193674920126796,5430.095988120123,5430.091749650903,2245248000.0
train_tune_0ca0b_00706_706,RNN,0.0428833161571052,0.3126973970298748,0.2382393240304815,0.2697433829307556,0.33675092458724976,-0.020872125402092934,7.285926403710619e-05,-18614558.613772802,0.02159581519663334,253.68213620861974,253.6821361520918,6297152000.0
train_tune_0ca0b_00707_707,RNN,0.0557106112844086,0.3538699895758359,0.4150008414339071,0.04614223539829254,0.11306627094745636,4.216944216750562e-05,6.374440090439748e-06,-20349137.358117845,-0.0037819521967321634,4685.6838508027795,4685.679421938643,2167168000.0
train_tune_0ca0b_00708_708,RNN,0.0557106112844086,0.3538366388078335,0.447791335903899,0.050789643079042435,0.09279978275299072,-0.0001597172667970881,1.0790242413349915e-05,-19188735.218487732,0.00404684292152524,3930.7477398772894,3930.747727719729,2862656000.0
train_tune_0ca0b_00709_709,RNN,0.0463827139544091,0.3268926889508286,0.3897608612373621,0.06172949820756912,0.1503644734621048,-0.0002977983676828444,8.271452315966599e-06,-19463250.467054266,0.005240274593234062,4249.9473733403065,4249.947374216375,4293824000.0
train_tune_0ca0b_00710_710,RNN,0.0467231638418079,0.3188487202811115,0.3469646351199578,0.06084412336349487,0.10391232371330261,-0.00042608979856595397,1.4858315807941835e-05,-19566425.51393775,0.009442390874028206,3970.240199320482,3970.2401986409113,4151616000.0
train_tune_0ca0b_00711_711,RNN,0.0557106112844086,0.3238991990493892,0.3541150392165901,0.1433781236410141,0.2195248305797577,-0.0013764600735157728,6.085632412577979e-05,-20727469.58316388,0.004035227000713348,480.3841472468114,480.38414738974336,2890560000.0
train_tune_0ca0b_00712_712,RNN,0.0499908180395842,0.3267769891497223,0.3689716136056202,0.10466628521680832,0.2970081567764282,-0.0014149079797789454,1.9907272871932946e-05,-21335734.836177915,0.002186632715165615,2037.5999889013071,2037.5996741909348,825920000.0
train_tune_0ca0b_00713_713,RNN,0.0428833161571052,0.3558419957627385,0.4712898675776407,0.048593778163194656,0.09563193470239639,-6.69935907353647e-05,7.175347946031252e-06,-19189020.887150913,0.001437805942259729,4632.357420320692,4632.357423491108,6001984000.0
train_tune_0ca0b_00714_714,RNN,0.0512649430080622,0.3343235192417682,0.3548901056238405,0.11667667329311371,0.22031155228614807,-0.0009663885575719178,2.379926991125103e-05,-20638642.034176853,0.0022780424915254116,812.6161862445894,812.6161890952251,1040576000.0
train_tune_0ca0b_00715_715,RNN,0.0467231638418079,0.3487410808528242,0.4196267505694313,0.07842029631137848,0.3128163814544678,-0.0011277551529929042,7.734196515229996e-06,-20784799.95101808,0.0031670662574470043,4241.998854143632,4241.998849145741,2983808000.0
train_tune_0ca0b_00716_716,RNN,0.0422834193918531,0.3352664455851044,0.3589108759388045,0.12247084081172943,0.20244482159614563,-0.0010026806266978383,2.238844353996683e-05,-20555878.74461888,0.00476534990593791,913.3888196208823,913.3875106380854,523776000.0
train_tune_0ca0b_00717_717,RNN,0.0422834193918531,0.3533262351000334,0.352702874477991,0.07812520861625671,0.16836687922477722,-0.0004074049065820873,7.74820819060551e-06,-20401742.204081014,0.004321678075939417,2461.2183282471433,2461.218308421904,2454272000.0
train_tune_0ca0b_00718_718,RNN,0.0512649430080622,0.389691932216655,0.4313836741410665,0.04409045726060867,0.08059580624103546,-5.8608925428416114e-06,4.102275852346793e-06,-19160956.81792485,-0.0002320713974768296,4567.004211398893,4567.00425083515,4711104000.0
train_tune_0ca0b_00719_719,RNN,0.0512649430080622,0.3608046556431456,0.4320731337514087,0.045235008001327515,0.0877140611410141,-5.149474964127876e-05,6.654105163761415e-06,-19380649.8270118,0.0009245608234778047,4360.121641505335,4360.121721585832,6584512000.0
train_tune_0ca0b_00720_720,RNN,0.0467310843645815,0.3656969668189307,0.4144837652313125,0.0863238200545311,0.32117289304733276,-0.0014602486044168472,5.387568762671435e-06,-21235587.17015806,0.005958482623100281,3235.073623171831,3235.073690743826,1389824000.0
train_tune_0ca0b_00721_721,RNN,0.0593696244423153,0.329830842021924,0.4074741747751266,0.107215017080307,0.33930715918540955,-0.0016036361921578646,3.3367487048963085e-06,-20801780.430432476,-0.0018542073667049408,2130.3567311886695,2130.3658407969215,502784000.0
train_tune_0ca0b_00722_722,RNN,0.0512649430080622,0.348591429827525,0.3514627755525842,0.05201469361782074,0.14987730979919434,-9.427788609173149e-05,9.42113547353074e-06,-19880405.180634014,-0.0017824473325163126,4888.171932513693,4888.174142276512,2429760000.0
train_tune_0ca0b_00723_723,RNN,0.09629534706836,0.3517288614616753,0.3952577506129238,0.08560633659362793,0.3303968906402588,-0.0012855178210884333,5.020258868171368e-06,-20918184.172147576,-0.007791085168719292,3072.007349962948,3072.00735073179,2864960000.0
train_tune_0ca0b_00724_724,RNN,0.0428833161571052,0.3485712358033716,0.335524891596318,0.10194110870361328,0.1570253074169159,-0.0010790699161589146,2.1798714442411438e-05,-19234708.104977217,0.008924140594899654,1429.121398882118,1429.121398217284,3862912000.0
train_tune_0ca0b_00725_725,RNN,0.0467231638418079,0.3410592863295172,0.3468767070250866,0.05281785503029823,0.1589660793542862,-0.0001950204314198345,4.425474799063522e-06,-19668334.030177653,0.0009437493281438947,5132.028771752959,5132.028722366593,3653696000.0
train_tune_0ca0b_00726_726,RNN,0.083389372775562,0.3555655815676742,0.3179410432503934,0.049300651997327805,0.11752413213253021,-1.3925307939643972e-05,4.360274033388123e-06,-20019563.39894754,1.0069808922708035e-05,4793.2873639392465,4793.281785347652,3594304000.0
train_tune_0ca0b_00727_727,RNN,0.0428833161571052,0.3461769782186776,0.3629876643279899,0.056458957493305206,0.10423539578914642,-0.00013758563727606088,6.874905920994934e-06,-18921208.371649116,0.002751093590632081,3639.0934782793706,3639.09504835457,3854912000.0
train_tune_0ca0b_00728_728,RNN,0.0467231638418079,0.3556749894821229,0.3795853634765653,0.0500749796628952,0.10102585703134537,-8.835914923110977e-05,4.392544269649079e-06,-19135567.902977716,0.0019166211131960154,4805.749782424762,4805.749767976728,5542592000.0
train_tune_0ca0b_00729_729,RNN,0.0557106112844086,0.3264921265605741,0.2944630592910034,0.045360807329416275,0.07823123782873154,2.917083065767656e-06,6.950762326596305e-06,-19116913.381022654,8.900728425942361e-05,4605.277089237465,4605.27802126875,3188288000.0
train_tune_0ca0b_00730_730,RNN,0.0792777106471168,0.3469325024022046,0.3692864590685962,0.0768870860338211,0.35581278800964355,-0.0013137694913893938,7.581102636322612e-06,-21120587.864324633,0.003440132364630699,4826.956970423678,4826.956970308,5100672000.0
train_tune_0ca0b_00731_731,RNN,0.0557106112844086,0.340067536050715,0.3601885111258103,0.1163903996348381,0.18022391200065613,0.0021449222695082426,1.9117487681796774e-05,-20002941.847539075,-0.005706785712391138,607.2932823772446,607.2932823853505,2025472000.0
train_tune_0ca0b_00732_732,RNN,0.0557106112844086,0.3720976640514337,0.4349350083207328,0.05246230214834213,0.09822628647089005,6.349376053549349e-05,6.074065822758712e-06,-19193903.037061438,-0.0018873147200793028,3555.6971852217403,3555.6971863869535,6803200000.0
train_tune_0ca0b_00733_733,RNN,0.0422834193918531,0.3657111545922827,0.3958826858399852,0.0489620715379715,0.14277686178684235,-7.48011952964589e-05,9.528279406367801e-06,-20280197.98873049,-0.0029941415414214134,5186.853477695704,5186.853480104657,5711552000.0
train_tune_0ca0b_00734_734,RNN,0.0467231638418079,0.3385456682153109,0.3860124377606382,0.08673874288797379,0.16104120016098022,-0.0005503080319613218,1.3724319614993874e-05,-19791329.11879733,0.005253496579825878,1731.9640341788217,1731.9640335559898,4163904000.0
train_tune_0ca0b_00735_735,RNN,0.0428833161571052,0.3701330636463267,0.4086082765643266,0.05193032696843147,0.08991101384162903,4.937135963700712e-05,4.652721599995857e-06,-18762170.800824158,-0.0011664723278954625,4324.445178819151,4324.441633835304,3395584000.0
train_tune_0ca0b_00736_736,RNN,0.0467231638418079,0.3671966912584345,0.3866736805742776,0.19786839187145233,0.30289748311042786,-0.008641553111374378,3.88500266126357e-05,-18946302.070907958,0.01887664571404457,478.34142595730805,478.34142604016415,6684160000.0
train_tune_0ca0b_00737_737,RNN,0.0422834193918531,0.3324595475069768,0.3448766862180152,0.13543258607387543,0.2050052434206009,-0.0013606977881863713,2.376902921241708e-05,-19798704.05751905,0.006106377579271793,708.0430539181502,708.0430538931823,1457792000.0
train_tune_0ca0b_00738_738,RNN,0.0525883562099182,0.3254564865268747,0.4241380736362141,0.0994158387184143,0.3411868214607239,-0.0016083457740023732,6.129278972366592e-06,-20770544.733507738,-0.0003719339147210121,2832.3004489607983,2832.2977035393824,641984000.0
train_tune_0ca0b_00739_739,RNN,0.0463827139544091,0.3072852930349912,0.3468554521622822,0.04638306796550751,0.09030661731958389,0.00011037728836527094,3.945282969652908e-06,-19806192.82922779,-0.0031766025349497795,4521.220677850728,4521.2189510664775,3952896000.0
train_tune_0ca0b_00740_740,RNN,0.0467231638418079,0.3498720649942461,0.3992113358540572,0.05249407887458801,0.09812040627002716,-0.00018855981761589646,8.019091183086857e-06,-19617748.642256215,0.004596663638949394,3948.3685512497304,3948.377424904623,2883648000.0
train_tune_0ca0b_00741_741,RNN,0.0467231638418079,0.2617668523583931,0.4277143568273214,0.0663175880908966,0.16042760014533997,-0.00022203678963705897,3.988456228398718e-06,-19714076.530285858,0.000504130613990128,3215.5555536626016,3215.555981366687,1710464000.0
train_tune_0ca0b_00742_742,RNN,0.0463827139544091,0.3531931745520273,0.401564279395309,0.0931919515132904,0.15906859934329987,0.0003257642383687198,1.517921373306308e-05,-19274982.880468808,-0.002173276152461767,1252.6678796752367,1252.6679010881198,1328064000.0
train_tune_0ca0b_00743_743,RNN,0.0463984609291008,0.3776694704526733,0.3844714889647074,0.06974103301763535,0.1275104284286499,-0.0002150174550479278,1.3236205631983466e-05,-18960249.706387646,0.0023631153162568808,2471.1286330280636,2471.1287319243056,4283456000.0
train_tune_0ca0b_00744_744,RNN,0.0422834193918531,0.2935383294457851,0.2652995789903272,0.14846689999103546,0.2595258355140686,-0.0003084395721089095,2.122840851370711e-05,-20576110.417740162,-0.004270038567483425,589.9712904942002,589.9704021207746,249920000.0
train_tune_0ca0b_00745_745,RNN,0.1457901094157252,0.3344983263130262,0.3433472279065923,0.0744919627904892,0.3409932255744934,-0.0010887209791690111,4.013000761915464e-06,-20972912.51685699,-0.0035731384996324778,4426.465127465419,4426.465092887913,2547584000.0
train_tune_0ca0b_00746_746,RNN,0.0512649430080622,0.3567994021722145,0.3509889194097316,0.04708582162857056,0.13996224105358124,-8.468006853945553e-05,8.4271969171823e-06,-20666137.30960502,-0.00020512309856712818,4866.891276291547,4866.890750321375,3047040000.0
train_tune_0ca0b_00747_747,RNN,0.0808839917460566,0.3643749642262689,0.4359518195511174,0.058504652231931686,0.16443829238414764,-0.00015024023014120758,1.0493251465959474e-05,-20009814.82998516,-0.00021260781795717776,4171.295574001216,4171.295574280146,5427008000.0
train_tune_0ca0b_00748_748,RNN,0.0422834193918531,0.3386655535626604,0.3225747631627095,0.05244288966059685,0.15196700394153595,-0.0002022020926233381,8.52249468152877e-06,-19686362.929026082,0.0007664490840397775,5004.480541153144,5004.4810479402295,3384448000.0
train_tune_0ca0b_00749_749,RNN,0.055273808508987,0.3651985133292664,0.3665690118341776,0.062205541878938675,0.17151254415512085,-0.000253421429079026,4.060582796228118e-06,-20505366.767466947,0.0017341136699542403,4198.316817693638,4198.316859530742,3425152000.0
train_tune_0ca0b_00750_750,RNN,0.0512649430080622,0.3947442088678681,0.4587142452363251,0.06162483990192413,0.15072640776634216,-1.3705030141863972e-06,5.3346011554822326e-06,-19850552.08249758,-0.0005971137434244156,3620.57894607232,3620.5789397554654,4774464000.0
train_tune_0ca0b_00751_751,RNN,0.0557106112844086,0.3427521866587567,0.3159113830943736,0.06740347295999527,0.12197992205619812,9.425810276297852e-05,1.4762161299586296e-05,-19280563.317246553,-0.00047688756603747606,2275.66075931061,2275.6607601968763,3815296000.0
train_tune_0ca0b_00752_752,RNN,0.0512649430080622,0.3341604083633281,0.255311700209083,0.1300036758184433,0.2081519365310669,0.0020463208202272654,1.4128752809483558e-05,-19358943.513269156,-0.005021247547119856,595.6346361856029,595.6346361897939,3095104000.0
train_tune_0ca0b_00753_753,RNN,0.0422834193918531,0.3502893564161353,0.3522658697639936,0.08649783581495285,0.15988114476203918,-0.00017364414816256613,1.0056428436655551e-05,-20146562.155722324,-0.0003650898579508066,1569.5447140943697,1569.5452859424067,1687232000.0
train_tune_0ca0b_00754_754,RNN,0.0422834193918531,0.3306717716593413,0.314897114392434,0.22758424282073975,0.3710915446281433,-0.00907265767455101,5.614160909317434e-05,-20492393.562545896,0.016445191577076912,364.79370093765937,364.7938396014713,266688000.0
train_tune_0ca0b_00755_755,RNN,0.004450026520264,0.3310856686889563,0.3326800806238708,0.054087333381175995,0.15702298283576965,-0.00012552447151392698,6.125637810328044e-06,-19745392.655344725,-0.0005176584818400443,4611.931311694396,4611.930866394707,2772736000.0
train_tune_0ca0b_00756_756,RNN,0.0557106112844086,0.3610234651608484,0.3884605025786172,0.059252720326185226,0.15855656564235687,-4.927119880449027e-05,1.3356854651647154e-05,-20733446.05818043,-0.0007605892024002969,3420.447352859355,3420.446912758381,1742912000.0
train_tune_0ca0b_00757_757,RNN,0.0467231638418079,0.3638800075334713,0.3811404022200164,0.14129704236984253,0.20006650686264038,-0.005264617502689362,3.409711644053459e-05,-19507305.217577398,0.025314388796687126,1012.5962494446605,1012.5962844373462,2669568000.0
train_tune_0ca0b_00758_758,RNN,0.0428833161571052,0.3246237260003846,0.3247059122341197,0.18683645129203796,0.33826130628585815,-0.007358055096119642,5.6421238696202636e-05,-20658559.58394425,0.023889945819973946,707.2796049007101,707.2796049079977,1572608000.0
train_tune_0ca0b_00759_759,RNN,0.0510022113462955,0.331429946377853,0.360258850525945,0.09482754021883011,0.3943621814250946,-0.001929724938236177,9.992025297833607e-06,-20733917.92080099,-0.000427576364018023,3456.275461742277,3456.163196320872,809408000.0
train_tune_0ca0b_00760_760,RNN,0.0937626478121427,0.3128755103434237,0.3418084288064077,0.059315577149391174,0.1442405879497528,-0.00013837951701134443,8.409605470660608e-06,-19736993.464635033,0.0008623803150840104,3433.684013423218,3433.6840136267692,3690368000.0
train_tune_0ca0b_00761_761,RNN,0.0428833161571052,0.3469613392145721,0.4178395090783303,0.07849331945180893,0.15918298065662384,-0.00024255758034996688,9.42425504035782e-06,-19736947.77218817,0.0016321639996021986,2300.0595949175827,2300.0605791972143,2841280000.0
train_tune_0ca0b_00762_762,RNN,0.0428833161571052,0.3658592494517531,0.3978049575135351,0.05317049100995064,0.10852834582328796,-8.796987822279334e-05,8.08993172540795e-06,-19091087.37435227,0.0017493965569883585,4394.549164853195,4394.549163281277,7096000000.0
train_tune_0ca0b_00763_763,RNN,0.0428833161571052,0.4058781555869878,0.4072364912210668,0.06969912350177765,0.11817765980958939,-8.739065378904343e-05,7.934776476758998e-06,-19471025.55948307,0.0008944491273723543,2264.133215114927,2264.133223233907,4605312000.0
train_tune_0ca0b_00764_764,RNN,0.0467231638418079,0.3363105584502648,0.2946070095594186,0.08544385433197021,0.17988935112953186,-0.0007915053283795714,1.6010548279155046e-05,-20219427.966386557,0.006334281992167234,2229.4358641752438,2229.4359257346064,2041152000.0
train_tune_0ca0b_00765_765,RNN,0.0501508195561216,0.3270003199075555,0.3523637491717519,0.09582013636827469,0.3386618494987488,-0.0017169290222227573,1.936474109243136e-05,-21196459.87488164,0.0037323134019970894,2941.2853052533856,2941.2853044376347,1584192000.0
train_tune_0ca0b_00766_766,RNN,0.0638435034590218,0.3064142457981175,0.3677073727587261,0.07718323171138763,0.3841710686683655,-0.0014603000599890947,5.434721970232204e-06,-20490051.697957493,0.002276250161230564,5372.988254889487,5372.9884139814285,2034048000.0
train_tune_0ca0b_00767_767,RNN,0.0463827139544091,0.3442840374936236,0.3820934957321003,0.053790390491485596,0.09574703872203827,-9.60318066063337e-05,1.59860555868363e-05,-19684906.461570658,0.0023766271770000458,4325.082998337231,4325.0829986770605,4736768000.0
train_tune_0ca0b_00768_768,RNN,0.0496482945043594,0.3104562278160012,0.3488747858652865,0.08287125825881958,0.3672946095466614,-0.0015126368962228298,9.119009519054089e-06,-20651806.48264967,0.00449282955378294,4543.498777115159,4543.48565571332,1281920000.0
train_tune_0ca0b_00769_769,RNN,0.0420342501297353,0.3536897238685958,0.388693088178244,0.08076055347919464,0.36561787128448486,-0.0014354137238115072,7.2125949373003095e-06,-21562886.866544202,-0.00025285198353230953,4491.909093069895,4491.909416512788,1959744000.0
train_tune_0ca0b_00770_770,RNN,0.0668130178807935,0.3340232491332027,0.3667308909050609,0.07658448815345764,0.17033497989177704,-0.00035383296199142933,2.1017476683482528e-05,-20333988.18906746,0.005574918817728758,2467.682670726541,2467.6814812140883,2197376000.0
train_tune_0ca0b_00771_771,RNN,0.0422834193918531,0.3382342030362208,0.3269071718165907,0.07299547642469406,0.1487286388874054,7.886435923865065e-05,7.067591013765195e-06,-20333024.218924813,-0.0037169703282415867,2320.9173926636768,2320.9173861572426,2393920000.0
train_tune_0ca0b_00772_772,RNN,0.0467231638418079,0.3318961367551592,0.3199556420827326,0.10683368146419525,0.27181336283683777,-0.001369405072182417,7.556243872386403e-06,-20493519.030084245,0.004853272810578346,1745.1127942383264,1745.1127767453854,1438272000.0
train_tune_0ca0b_00773_773,RNN,0.0428833161571052,0.3440298476128065,0.3898816817135276,0.10267899930477142,0.336527556180954,-0.0016018064925447106,6.897458661114797e-06,-21037034.31779794,0.009059061296284199,2743.74298630064,2743.743180321191,1254528000.0
train_tune_0ca0b_00774_774,RNN,0.0800537908746863,0.3453080382199425,0.4143663467020249,0.0835898369550705,0.3185875415802002,-0.001190804410725832,7.3231976784882136e-06,-20911557.681062907,-0.002619607374072075,3596.6427934033663,3596.642806458616,2053568000.0
train_tune_0ca0b_00775_775,RNN,0.0702585648315722,0.3628999183279538,0.3513734780969147,0.09160808473825455,0.18014118075370789,-0.0006822683499194682,1.326394522038754e-05,-19858311.008306246,0.005406450480222702,1931.9628833768625,1931.9628835046608,2803136000.0
train_tune_0ca0b_00776_776,RNN,0.0518101786350376,0.3411411844960079,0.3913585489468807,0.12225770205259323,0.2812731862068176,-0.0020987193565815687,1.6073772712843493e-05,-21299937.106744766,0.0063278768211603165,1514.5708630140593,1514.5708629646417,2316864000.0
train_tune_0ca0b_00777_777,RNN,0.0512649430080622,0.341735765205729,0.396413466846352,0.05569792538881302,0.12159793078899384,-0.00023074560158420354,8.007543328858446e-06,-19438611.6390888,0.0027026752941310406,3918.043175632638,3918.021660909753,1507840000.0
train_tune_0ca0b_00778_778,RNN,0.0597865755232093,0.3302255233181658,0.4168869067815803,0.04965705797076225,0.16176597774028778,-7.270339847309515e-05,5.051630068919621e-06,-20078280.04969556,-0.003049031365662813,5529.012583593609,5529.012617490103,4240704000.0
train_tune_0ca0b_00779_779,RNN,0.0463827139544091,0.3633265062465572,0.427251702760073,0.07058858871459961,0.16899830102920532,-0.00018188561080023646,1.292759225179907e-05,-20762004.36004038,0.0006926293717697263,2943.5076264787467,2943.507674691952,2944960000.0
train_tune_0ca0b_00780_780,RNN,0.0626734193194217,0.324473729775947,0.3692336029952929,0.12661832571029663,0.25948405265808105,-0.001721956068649888,1.602711017767433e-05,-21025455.287452094,0.0016127049457281828,944.7955846232919,944.7952170116251,323328000.0
train_tune_0ca0b_00781_781,RNN,0.0463827139544091,0.3408219390611407,0.3574205162833515,0.0914422944188118,0.13653039932250977,-0.0008592412923462689,2.312186552444473e-05,-19086266.708664462,0.003960835747420788,1112.2030998262449,1112.2030998493947,5048896000.0
train_tune_0ca0b_00782_782,RNN,0.0557106112844086,0.4467212874476828,0.3620994445226728,0.041775092482566833,0.08806730806827545,1.1960228221141733e-05,5.908657840336673e-06,-19062718.36959692,-0.0013262375723570585,5406.107696875773,5406.10769545719,8535936000.0
train_tune_0ca0b_00783_783,RNN,0.0766020753783158,0.3481336609669355,0.3900804214446645,0.0940774530172348,0.2867714464664459,-0.0010488101979717612,9.178927939501591e-06,-20986062.938732214,-0.00037578283809125423,2484.5932792461017,2484.5932826958624,2394560000.0
train_tune_0ca0b_00784_784,RNN,0.0872349163679808,0.3143149052876191,0.3856595561375245,0.08150652796030045,0.13150814175605774,-0.00048772760783322155,1.663727016421035e-05,-18773668.93456088,0.005081465933471918,1900.0787248249026,1900.0786831147818,2687552000.0
train_tune_0ca0b_00785_785,RNN,0.0512649430080622,0.3405285535928537,0.2619105338683685,0.13087595999240875,0.21466758847236633,-8.322660869453102e-05,1.1251549949520268e-05,-20167214.427311838,-0.0005696705193258822,704.6990436263418,704.6990428027561,1322432000.0
train_tune_0ca0b_00786_786,RNN,0.0463827139544091,0.3271055098876813,0.3206072104380665,0.06912065297365189,0.138306125998497,3.662497692857869e-05,8.937870006775483e-06,-18399265.292070176,-0.0006162201170809567,2762.427246570269,2762.4272461807,3820416000.0
train_tune_0ca0b_00787_787,RNN,0.0899303698661956,0.396538874841138,0.4319759216420493,0.061185695230960846,0.14152605831623077,-5.307921674102545e-05,6.078239493945148e-06,-19959260.65871819,-0.0015145139768719673,3039.268157232752,3039.2681525595626,6142912000.0
train_tune_0ca0b_00788_788,RNN,0.0422834193918531,0.3337959017303496,0.2486161859676307,0.49331679940223694,0.7762148380279541,-0.1824934035539627,0.00029907957650721073,-20431505.09821076,0.07248438894748688,144.923690395499,144.84307059523888,1576192000.0
train_tune_0ca0b_00789_789,RNN,0.0428833161571052,0.3583122422059206,0.4594592010703821,0.13926707208156586,0.21575398743152618,-0.005291383247822523,3.3619555324548855e-05,-18898622.220411662,0.02037014625966549,1037.4246995807027,1037.4246960536893,7425472000.0
train_tune_0ca0b_00790_790,RNN,0.0422834193918531,0.3769716835188095,0.3453910793564994,0.06631916016340256,0.12340658903121948,-0.00041532915201969445,1.0083906090585515e-05,-19025910.26668129,0.0071729449555277824,3146.369849138985,3146.3697426911954,4748096000.0
train_tune_0ca0b_00791_791,RNN,0.0557106112844086,0.3215876599617717,0.3271207532765465,0.10876698046922684,0.23018422722816467,-0.000700349104590714,3.051955718547106e-05,-20741802.65812146,0.001484462060034275,1133.9241520122796,1133.9241525920834,1540800000.0
train_tune_0ca0b_00792_792,RNN,0.0562334999372465,0.3661489284112512,0.377167191665452,0.05209173262119293,0.13020873069763184,0.00017821654910221696,8.249453458120115e-06,-20073684.770921513,-0.005880430806428194,3301.052746633218,3301.058745919241,1704256000.0
train_tune_0ca0b_00793_793,RNN,0.0477554922298592,0.3309129484417055,0.329945036023693,0.07902590185403824,0.3791694641113281,-0.001639806549064815,5.623856850434095e-06,-20802601.045629762,0.0024231132119894028,5166.709795137256,5166.708096586964,1940544000.0
train_tune_0ca0b_00794_794,RNN,0.0526848242813147,0.370571085666737,0.3894466137165291,0.05326765403151512,0.1378195583820343,8.214701665565372e-06,4.0687646105652675e-06,-19994626.92440994,-0.002639425452798605,4072.3750289162917,4072.3753268511673,3588352000.0
train_tune_0ca0b_00795_795,RNN,0.07555409104914,0.3524118167179654,0.3770666168612837,0.10094655305147171,0.30778712034225464,-0.0014744966756552458,4.491395429795375e-06,-21052425.116984732,-0.0018209390109404922,2476.1013765137254,2476.1013760479163,2961344000.0
train_tune_0ca0b_00796_796,RNN,0.0428833161571052,0.3276330922281749,0.318139473407605,0.13987068831920624,0.20930807292461395,-0.0027453703805804253,3.0833074561087415e-05,-19059519.447476074,0.0111697968095541,795.3932448035767,795.3932447542165,2135552000.0
train_tune_0ca0b_00797_797,RNN,0.0467231638418079,0.3248290371053835,0.3594729877893299,0.14136891067028046,0.3062671422958374,-0.0034931148402392864,2.4199927793233655e-05,-20663722.065163776,0.011327720247209072,1336.5097403881614,1336.5096827062725,965376000.0
train_tune_0ca0b_00798_798,RNN,0.0422834193918531,0.3684668856847462,0.4075760846839789,0.04289386048913002,0.08518387377262115,-3.5333865525899455e-05,1.0001216651289724e-05,-20564098.62754429,0.0009767189621925354,5086.828979124444,5086.8357783173415,2518656000.0
train_tune_0ca0b_00799_799,RNN,0.0464577095800546,0.3554022637922223,0.2899688028860396,0.061687592417001724,0.10920295864343643,-0.0002752569271251559,6.9441384766832925e-06,-18695347.19693254,0.004533462692052126,3364.8822787880626,3364.882460115471,5662528000.0
train_tune_0ca0b_00800_800,CNN,0.0512649430080622,0.2623633156511989,0.2587421225570628,0.4475000500679016,1.839538812637329,-0.05267314985394478,2.794886677293107e-05,-2762.7975593489605,-0.026463914662599564,23636969.894168124,23499074.80348064,4782642726.0
train_tune_0ca0b_00801_801,CNN,0.0467231638418079,0.6687659590215992,0.6571359585036841,0.4039442539215088,1.0512913465499878,-0.07359358668327332,2.9501443350454792e-05,-8305.728495167508,-0.01769092306494713,1312092450.4915748,1298895051.4109669,19550574030.0
train_tune_0ca0b_00802_802,CNN,0.0655269327514642,0.5224312767039777,0.6655056176879302,0.8245856761932373,3.41351580619812,-0.3547891676425934,3.109553290414624e-05,-1748.4672337578036,0.02959365025162697,1029.8043178391913,1029.8043178391913,15829062.0
train_tune_0ca0b_00803_803,CNN,0.056078309287407,0.5658103284191234,0.7203367254795007,0.6296101808547974,2.289602756500244,-0.2189190536737442,1.5106724276847672e-05,-2151.2502360643475,0.014466637745499611,55405.92409214302,55147.989921174914,2480452406.0
train_tune_0ca0b_00804_804,CNN,0.0661021433754509,0.473540006284624,0.6368274061594502,0.7782129645347595,2.700164794921875,-0.2990189790725708,2.6612975489115342e-05,-2048.0533860538258,0.001584968063980341,43012.48405198727,42686.11303430783,2287588190.0
train_tune_0ca0b_00805_805,CNN,0.0433965379437509,0.626041366746209,0.6347100489143734,0.5379302501678467,1.858847737312317,-0.11973370611667633,3.163992369081825e-05,-3647.927606806803,-0.009122703224420547,32174282.945571505,33257525.303207774,3626803558.0
train_tune_0ca0b_00806_806,CNN,0.1126566476714844,0.6019507206117009,0.6682891500578131,0.24794165790081024,1.0103857517242432,-0.030275657773017883,5.578765012614895e-06,-5532.517315429174,0.0022274234797805548,81676625556.82848,83481949430.44604,19440263102.0
train_tune_0ca0b_00807_807,CNN,0.1344500005646241,0.5556221457471094,0.6991245931533144,0.5802285671234131,2.269237756729126,-0.12057892978191376,2.8452919650590047e-05,-2128.1402785934406,-0.030681487172842026,31004.02139928397,31123.98822894849,1344949478.0
train_tune_0ca0b_00808_808,CNN,0.0669197054108082,0.4121185169113866,0.6002455983332613,0.49351394176483154,1.9364614486694336,-0.11344961822032928,1.4379220374394208e-05,-1819.9873101703956,-0.015017605386674404,403.1785548299938,403.1785548299938,8637438.0
train_tune_0ca0b_00809_809,CNN,0.0467231638418079,0.5793939660277925,0.6378539225993403,0.5525583028793335,1.809678316116333,-0.148885115981102,2.5745386665221304e-05,-4251.009203549902,0.005401588976383209,2238425054.0087194,2265140069.4673004,12241493294.0
train_tune_0ca0b_00810_810,CNN,0.0467231638418079,0.6851209558689836,0.6433443566366791,0.2839772701263428,1.1133084297180176,-0.044145919382572174,9.187700015900191e-06,-21599.740782664016,0.011310013011097908,2351076806805.501,2330994376643.998,20544872238.0
train_tune_0ca0b_00811_811,CNN,0.0557106112844086,0.6673801602790116,0.6788349645319095,0.2240702360868454,0.8523158431053162,-0.02366522327065468,6.824907359259669e-06,-6114.303683255426,0.0030757528729736805,34740976998.93352,35677052776.30641,10241088782.0
train_tune_0ca0b_00812_812,CNN,0.0422834193918531,0.6059327104508967,0.6480298187255152,0.4493410289287567,1.6538076400756836,-0.10758363455533981,1.7784062947612256e-05,-5340.881660716038,0.004233352839946747,3326322929.965461,3346741479.2757187,17937926598.0
train_tune_0ca0b_00813_813,CNN,0.1322319027008159,0.5502818465545577,0.6880248146113539,0.35685914754867554,1.3976659774780273,-0.06103869900107384,7.997103239176795e-06,-1953.3085194304128,-0.003188086673617363,24980.052889790968,25000.126753024924,5601269894.0
train_tune_0ca0b_00814_814,CNN,0.0453716705938788,0.3962736319632323,0.5127831452408538,0.28464555740356445,0.6026024222373962,-0.03255660831928253,1.3952149856777396e-05,-2918.2308073107974,-0.00823558121919632,5309878.766778504,5241038.064241836,1024248342.0
train_tune_0ca0b_00815_815,CNN,0.0569182875327937,0.4683752234089904,0.56045540687477,1.3909077644348145,2.8966176509857178,-1.643362045288086,9.844756277743727e-05,-2422.8870791913314,0.08155050873756409,746.0447449742223,746.0447449742223,1407174.0
train_tune_0ca0b_00816_816,CNN,0.0557380639509417,0.6213290700506287,0.6187268854125368,0.44681820273399353,1.770617961883545,-0.11049873381853104,1.1777911822719034e-05,-8252.293848900172,0.013357304967939854,51813390.804479785,50796467.73863969,13369429398.0
train_tune_0ca0b_00817_817,CNN,0.0467231638418079,0.6194593416247243,0.6153075398489607,0.18069079518318176,0.7241523861885071,-0.016339652240276337,8.015746061573736e-06,-8495.319448491196,0.00383729487657547,5802008955.767992,5939429297.346731,8183610926.0
train_tune_0ca0b_00818_818,CNN,0.0554754086945401,0.4537475097907444,0.6298128095939634,0.49362608790397644,1.9266396760940552,-0.12569884955883026,1.9790069927694276e-05,-1937.0693447022225,0.011891866102814674,14700.410603981045,14945.941071121,311042070.0
train_tune_0ca0b_00819_819,CNN,0.0557181738203641,0.6087661387662908,0.6768944926644164,0.4623299241065979,1.890620470046997,-0.09182216227054596,1.989233714994043e-05,-5909.626902871321,-0.009703008458018303,141032527.53530747,138938974.60262474,21374320198.0
train_tune_0ca0b_00820_820,CNN,0.0645595569196465,0.5949976552628214,0.6978679596036153,0.6733291745185852,2.880389451980591,-0.20411378145217896,3.833258961094543e-05,-3269.0907997213167,-0.010101888328790665,3355054.0633706436,3389657.237817433,23686206654.0
train_tune_0ca0b_00821_821,CNN,0.0463827139544091,0.6489898837594005,0.6373617542259277,0.17050307989120483,0.3863716423511505,-0.011726838536560535,9.201713510265108e-06,-12355.862192021585,0.0023439740762114525,1848177824630.3857,1828753914710.3403,21772460246.0
train_tune_0ca0b_00822_822,CNN,0.0557472208531843,0.6451167216369805,0.6362540432238933,0.1284426599740982,0.5355126857757568,-0.007165873423218727,3.0286144010460703e-06,-8474.987731422369,-0.002909911796450615,25383589815.699768,25801278431.90915,18359416742.0
train_tune_0ca0b_00823_823,CNN,0.0428833161571052,0.6567218206592479,0.662304146322232,0.5044296979904175,1.7653086185455322,-0.1393585503101349,2.339128332096152e-05,-5749.446042604843,0.018026914447546005,3991850116.454418,4001372125.6994996,14334615254.0
train_tune_0ca0b_00824_824,CNN,0.0422834193918531,0.3476229077443932,0.4570069292456449,0.3367844820022583,1.1291770935058594,-0.049834027886390686,7.730932338745333e-06,-2968.1123830984407,-0.008718816563487053,394779836.5502713,392143185.590242,4079381198.0
train_tune_0ca0b_00825_825,CNN,0.1597140653432692,0.5409358547052655,0.6717033857455473,0.587002158164978,2.702585220336914,-0.1852894127368927,1.3928678527008742e-05,-1823.4815970551108,0.018680546432733536,936.6186711422755,936.6186711422755,36937526.0
train_tune_0ca0b_00826_826,CNN,0.0463827139544091,0.5400907268569662,0.6274561275144689,0.3432617783546448,1.1951396465301514,-0.053639210760593414,8.105120286927558e-06,-11694.945809745781,-0.0012795637594535947,851967280100.425,879355043167.67,7345644070.0
train_tune_0ca0b_00827_827,CNN,0.0428833161571052,0.7051942470931762,0.6667234170276687,0.13116611540317535,0.42575204372406006,-0.006321431137621403,4.507299308897927e-06,-16568.24005729521,-0.0020065761636942625,147135153294.14685,143838809395.95654,28122852614.0
train_tune_0ca0b_00828_828,CNN,0.0463827139544091,0.6980164879793921,0.6664790968573134,0.11834113299846649,0.34547126293182373,-0.005123351234942675,5.773696102551185e-06,-9364.738497019776,-0.00014399545034393668,2857217426094.622,2823913921536.6265,25897134870.0
train_tune_0ca0b_00829_829,CNN,0.0358771794643026,0.5467842636299699,0.4909407882674246,0.5439534187316895,1.5512582063674927,-0.19092869758605957,2.7831929401145317e-05,-2969.5495005460007,0.02254469133913517,108063372.66212343,106364802.00824983,4997817902.0
train_tune_0ca0b_00830_830,CNN,0.0422834193918531,0.6834458531938469,0.6005187949622125,0.2623547613620758,0.5617244839668274,-0.03668905422091484,1.545793747936841e-05,-10375.545573831556,0.012285904958844185,2256069260947.697,2218113180539.631,37950638702.0
train_tune_0ca0b_00831_831,CNN,0.0463827139544091,0.5754837844238504,0.7176651941155768,0.5465912818908691,1.9012176990509033,-0.16765239834785461,2.953082548629027e-05,-2137.5894389729847,0.02869134396314621,56794.0634634505,56827.284504492534,4007841782.0
train_tune_0ca0b_00832_832,CNN,0.0463827139544091,0.635624172394639,0.6265301017617783,0.4434396028518677,1.0745165348052979,-0.1289849877357483,1.895290733955335e-05,-7756.615308661333,0.027369018644094467,1312987466.1725717,1273830773.8265593,7075771846.0
train_tune_0ca0b_00833_833,CNN,0.0468827759843353,0.5646049621948919,0.7107457022087776,0.4051467180252075,1.5891528129577637,-0.0783732533454895,1.3859087630407885e-05,-2289.2766812211544,-0.006470532156527042,42332.91402670393,42014.09378798521,7752903726.0
train_tune_0ca0b_00834_834,CNN,0.1733423501742203,0.3689726033090791,0.5040064087115675,1.3256486654281616,2.6223626136779785,-1.3111515045166016,6.781297270208597e-05,-3817.957050029204,0.060879580676555634,6177.178625392725,6210.075114011284,3055502.0
train_tune_0ca0b_00835_835,CNN,0.0540013230469974,0.480379885015552,0.625036029778029,0.5693521499633789,2.2098941802978516,-0.14830054342746735,1.4768439541512635e-05,-1591.8227005724584,-0.011535834521055222,587.6993193842641,587.6993193842641,10386262.0
train_tune_0ca0b_00836_836,CNN,0.043082197513752,0.5669937563294848,0.6967238777031227,0.48836398124694824,2.108412027359009,-0.11781071126461029,2.3117887394619174e-05,-2265.437263833266,-0.0031087251845747232,40686.18515065374,40873.257786278904,9086979150.0
train_tune_0ca0b_00837_837,CNN,0.1195513273100847,0.5497483788754122,0.6731687490294878,0.5716702342033386,2.6179256439208984,-0.14959004521369934,2.0682135073002428e-05,-1736.022137917673,-0.022057432681322098,937.334690242278,937.334690242278,32094134.0
train_tune_0ca0b_00838_838,CNN,0.1093352618187848,0.4798514073428019,0.6376767784492322,0.699751615524292,1.9917738437652588,-0.23342302441596985,1.7203989045810886e-05,-2734.7227402706753,-0.0060494462959468365,24415.86283851965,24583.969742938723,568642934.0
train_tune_0ca0b_00839_839,CNN,0.0421052631578947,0.4437697688518423,0.5145359062168341,0.37634313106536865,1.402595043182373,-0.07297748327255249,1.1505226211738773e-05,-3023.7671606527356,0.0068085384555161,15728742.979281347,15936163.552385043,5670278542.0
train_tune_0ca0b_00840_840,CNN,0.0889511690147957,0.621022125484178,0.655876514207527,0.3221810460090637,0.9252634048461914,-0.054134517908096313,8.730200534046162e-06,-3367.9702328174594,-0.0009680963703431189,1410806222.9607434,1427920571.1610045,10549469542.0
train_tune_0ca0b_00841_841,CNN,0.0520862330271256,0.4125322798860014,0.5885852120418139,0.5002539157867432,1.9820141792297363,-0.12181270122528076,1.485766188125126e-05,-1669.8319525580678,0.0034856318961828947,448.7747242004723,448.7747242004723,8640614.0
train_tune_0ca0b_00842_842,CNN,0.1643891853850214,0.5419900222088766,0.7035910854977141,0.45678025484085083,1.4364957809448242,-0.09599903970956802,1.7644986655795947e-05,-2015.2907246801365,-0.009526990354061127,19914.182787771355,19919.581521204822,2753656134.0
train_tune_0ca0b_00843_843,CNN,0.0667009332655989,0.4257595090328672,0.4736027658507628,0.46785175800323486,1.7314996719360352,-0.09719464182853699,2.4167469746316783e-05,-3709.453808758861,-0.009133994579315186,50616515.06611608,52303185.51137559,13431854070.0
train_tune_0ca0b_00844_844,CNN,0.0467231638418079,0.6744199601544466,0.5962078739754436,0.20462769269943237,0.6355981230735779,-0.01937396638095379,5.890529791940935e-06,-9569.718919048099,0.00135811825748533,2167655129040.9634,2213270170305.7065,18785867198.0
train_tune_0ca0b_00845_845,CNN,0.0210704456642879,0.630993727323498,0.6872169066730828,0.5296531319618225,1.6523898839950562,-0.16752904653549194,1.8996828657691367e-05,-6561.201298176929,0.020303597673773766,1050596502.2296003,1033345240.0366468,9303266710.0
train_tune_0ca0b_00846_846,CNN,0.0557106112844086,0.4638685858567792,0.5699469152072615,0.23963791131973267,0.9675431251525879,-0.02788085862994194,4.31796115663019e-06,-2422.5888025575896,0.0007222421118058264,995511.2476240024,999779.0171466188,8426423566.0
train_tune_0ca0b_00847_847,CNN,0.0428833161571052,0.6285181025624866,0.6177428242645383,0.16555717587471008,0.5426791310310364,-0.012648476287722588,5.674589829141041e-06,-42755.56250708062,0.004361443221569061,2125822949465.6929,2109278889084.4685,20601346814.0
train_tune_0ca0b_00848_848,CNN,0.0422834193918531,0.6272667926730761,0.6440769606540779,0.2771354913711548,0.9403365850448608,-0.0408376082777977,5.905469151912257e-06,-5702.392406405728,0.010623669251799583,19772725.796296924,20107493.18523112,6269181414.0
train_tune_0ca0b_00849_849,CNN,0.0463827139544091,0.6090082524720204,0.6333309232495479,0.4360438585281372,1.7768070697784424,-0.11171546578407288,2.277864405186847e-05,-3227.724952585617,0.025835245847702026,1746452.0102784317,1763186.501162133,10926100174.0
train_tune_0ca0b_00850_850,CNN,0.0557106112844086,0.6094792665708694,0.6262817228428803,0.2517033815383911,0.9258337020874023,-0.026744667440652847,8.448523658444174e-06,-26605.195548638767,-0.007289106957614422,14884470876416.71,14974447887538.766,37503433934.0
train_tune_0ca0b_00851_851,CNN,0.0422834193918531,0.562321127731898,0.6750459026869828,0.33027124404907227,1.2469651699066162,-0.047755055129528046,8.802697266219184e-06,-2209.947053219454,-0.00957699865102768,615912.1766776736,619603.1853373002,3610490694.0
train_tune_0ca0b_00852_852,CNN,0.0423332325118859,0.5547882128624385,0.688366079098241,1.087782621383667,3.5077428817749023,-0.7393405437469482,5.164452886674553e-05,-1939.9008403125931,0.0568559393286705,1292.4083552096417,1292.4083552096417,9147966.0
train_tune_0ca0b_00853_853,CNN,0.0862060103951846,0.5287405329090568,0.6369165418698085,0.5393030643463135,0.6673486232757568,-0.17351184785366058,1.758952384989243e-05,-2236.1813387728275,0.022088464349508286,2891.8467906898177,2888.3096237455457,27264982.0
train_tune_0ca0b_00854_854,CNN,0.0778641813504198,0.5687267464059381,0.6959005759202013,0.43263816833496094,1.4565019607543945,-0.08063524961471558,1.4192922208167147e-05,-1925.4547636323518,-0.01357327587902546,18717.90203272437,18569.503679148977,431267134.0
train_tune_0ca0b_00855_855,CNN,0.0463827139544091,0.684477302987629,0.6615741579654653,0.4534430503845215,1.5026514530181885,-0.1139436736702919,1.139151572715491e-05,-22876.230127049144,0.009475198574364185,238710430588.46393,236258766123.6932,26955688310.0
train_tune_0ca0b_00856_856,CNN,0.0512649430080622,0.5416465971721844,0.6813420444203945,0.575229823589325,2.2512779235839844,-0.16688504815101624,2.896150908782147e-05,-1826.5706829000435,0.003293253481388092,28781.08508926078,28779.41131017005,3439136918.0
train_tune_0ca0b_00857_857,CNN,0.0556650246305418,0.59962863958544,0.6014529252947023,0.26228517293930054,0.7748196125030518,-0.03505163639783859,5.3800895329914056e-06,-4894.918908289156,0.009087793529033661,571536807069.4744,594634585891.0784,10169868262.0
train_tune_0ca0b_00858_858,CNN,0.1459563817627361,0.5466425476819413,0.6725542455890889,0.5887409448623657,2.59683895111084,-0.17455211281776428,1.6437854355899617e-05,-1785.8332572401982,0.010591195896267891,1135.6935093352095,1135.6935093352095,46252550.0
train_tune_0ca0b_00859_859,CNN,0.0409422030803668,0.5369459397196252,0.6982492562142159,0.4323886036872864,1.4808614253997803,-0.09174314141273499,1.3405522622633725e-05,-2016.5405748734659,-0.0014377472689375281,21501.252616420934,21614.91460815256,1546398294.0
train_tune_0ca0b_00860_860,CNN,0.062779275545233,0.6192179502659249,0.6256413841494609,0.3387296795845032,0.9168295860290527,-0.06758315861225128,4.754563633468933e-06,-14147.857981489946,0.009537442587316036,444038247.80716586,451954879.9999549,5166176894.0
train_tune_0ca0b_00861_861,CNN,0.0422834193918531,0.6751711474591358,0.6579868942712994,0.16988202929496765,0.5138678550720215,-0.012148749083280563,1.4870764061925001e-05,-18309.79112708713,-0.0030015709344297647,3338291523001.698,3407150665252.724,20740428030.0
train_tune_0ca0b_00862_862,CNN,0.0422834193918531,0.5874400206109738,0.6630902724651364,0.2117311954498291,0.39301353693008423,-0.017877668142318726,8.837459972710349e-06,-6488.084812835317,0.006930762901902199,335322410383.41394,330728707962.2923,16629652566.0
train_tune_0ca0b_00863_863,CNN,0.0422834193918531,0.650946515273357,0.655420133358764,0.1452392339706421,0.29798322916030884,-0.0068956888280808926,5.853381935594371e-06,-14571.524360422594,0.00612926110625267,32803028172.901318,33073150507.76792,3733859862.0
train_tune_0ca0b_00864_864,CNN,0.0422834193918531,0.6437826905380183,0.6966866137720474,0.21823817491531372,0.4685624837875366,-0.019680844619870186,4.4812763917434495e-06,-4035.4428563459405,-0.003925791475921869,1874346664.336287,1905546090.349667,5005540422.0
train_tune_0ca0b_00865_865,CNN,0.067768837748748,0.4701380073412866,0.6465823541354127,0.6983062028884888,3.1879923343658447,-0.2604385018348694,2.8785470931325108e-05,-1741.5156219074943,0.014382876455783844,793.5153050237197,793.5153050237197,19992662.0
train_tune_0ca0b_00866_866,CNN,0.0457206269940352,0.412010382531405,0.5688766673695494,0.4514690935611725,2.047205686569214,-0.10301470756530762,1.1790187272708863e-05,-1613.1166716748367,0.007041583303362131,407.1617202201967,407.1617202201967,14017662.0
train_tune_0ca0b_00867_867,CNN,0.0574380048904763,0.6105892516820262,0.6684901928095672,0.381207138299942,1.4795483350753784,-0.06641141325235367,1.6286598111037165e-05,-3929.849882899694,-0.006880245171487331,68280755.98804018,68819019.4004964,27060503526.0
train_tune_0ca0b_00868_868,CNN,0.0428833161571052,0.5484103375663522,0.5203680929879044,0.05876566097140312,0.13474909961223602,-0.0005409758305177093,1.5688133316871244e-06,-5527.880716283445,-0.0018486834596842527,9111804635.20638,9637159755.21422,6306572438.0
train_tune_0ca0b_00869_869,CNN,0.0578658503385567,0.5545694411638112,0.6595578772840093,0.6063209772109985,2.5401229858398438,-0.1909427046775818,1.4999330232967623e-05,-1764.97799527503,0.019793832674622536,803.644239837013,803.644239837013,22407350.0
train_tune_0ca0b_00870_870,CNN,0.0609805227570895,0.5983027623730696,0.6643570177219053,0.43084225058555603,1.5001176595687866,-0.09158279001712799,1.7548796677147038e-05,-2623.881663775019,-0.002031468553468585,1208163.374071078,1194563.6749091176,6820333014.0
train_tune_0ca0b_00871_871,CNN,0.1792646692436462,0.542428947023995,0.6722235550686286,0.6781654357910156,3.0544092655181885,-0.20541295409202576,2.9923234251327813e-05,-1723.6432583915343,-0.03474070876836777,1031.875270227047,1031.875270227047,24250662.0
train_tune_0ca0b_00872_872,CNN,0.1056567331831361,0.4338302331012377,0.5908836454292853,0.5699466466903687,1.9403488636016846,-0.13700838387012482,3.2326614018529654e-05,-1770.6462238953475,-0.023043587803840637,479.2414322247671,479.2414322247671,4803302.0
train_tune_0ca0b_00873_873,CNN,0.0289301384465416,0.5922462053449155,0.6803491077060696,0.8638022541999817,3.3665013313293457,-0.4139063358306885,4.37044509453699e-05,-2914.9925294090845,0.013308083638548851,1826227.7147469018,1853273.8432203126,7146065782.0
train_tune_0ca0b_00874_874,CNN,0.0720469106081228,0.5498333329656608,0.6999826816931666,0.4052257537841797,1.5778698921203613,-0.07682061940431595,2.1117073629284278e-05,-2015.5614728263154,-0.0013443093048408628,26234.421352608144,26231.682207773927,3274117734.0
train_tune_0ca0b_00875_875,CNN,0.0463827139544091,0.4752851269645369,0.4688255604579348,0.08286235481500626,0.2287004292011261,-0.0017509983154013753,4.133949005336035e-06,-10573.227997542743,0.000850389595143497,1171738912.9879792,1168594467.6815464,4120059614.0
train_tune_0ca0b_00876_876,CNN,0.0467231638418079,0.5530790498009609,0.6804744611102665,0.5750253200531006,2.4033427238464355,-0.17637121677398682,2.7312900783726946e-05,-2046.9388389507446,0.01810022071003914,29134.57259162011,28938.393043615564,1960421606.0
train_tune_0ca0b_00877_877,CNN,0.0325032268593524,0.5367134064193491,0.6749977789285992,0.5120226740837097,2.0794172286987305,-0.1319390833377838,1.0269372978655156e-05,-1698.499955335709,0.005169283133000135,827.3596031161524,827.3596031161524,29815262.0
train_tune_0ca0b_00878_878,CNN,0.0465565706254392,0.5459823749060767,0.66664148557094,0.7964277863502502,3.055187702178955,-0.3398085832595825,4.0440230804961175e-05,-1734.8481372780793,0.03638162463903427,1025.6105394270996,1025.6105394270996,17863190.0
train_tune_0ca0b_00879_879,CNN,0.181821029853041,0.5704566557982628,0.7322765664877952,0.629714846611023,2.2906672954559326,-0.18829824030399323,4.84225747641176e-05,-2529.785576614487,0.003512544324621558,59360.76592949299,58851.183599202326,3387755694.0
train_tune_0ca0b_00880_880,CNN,0.0769698607919989,0.6063020455975338,0.6133896672859248,0.2694986164569855,0.4603953957557678,-0.03870253264904022,8.10151959740324e-06,-2290.680681287943,0.01776103675365448,9363228.57758985,9446527.523254694,10395558918.0
train_tune_0ca0b_00881_881,CNN,0.0748267048443321,0.4225260619990326,0.600153433699837,0.4898231029510498,2.049481153488159,-0.11075615137815475,1.3602813851321116e-05,-1728.569095989554,-0.01017487421631813,574.7692307014338,574.7692307014338,14122918.0
train_tune_0ca0b_00882_882,CNN,0.0557106112844086,0.6364712677985529,0.655784423290553,0.3275541067123413,1.2174299955368042,-0.05479400232434273,1.4541727068717591e-05,-4823.73889220407,0.006899261847138405,605689789.672342,573255705.2487036,5601198590.0
train_tune_0ca0b_00883_883,CNN,0.0505629638273358,0.605083415794194,0.649845473534336,0.2240666002035141,0.9060894250869751,-0.024629797786474228,6.756287803000305e-06,-22939.25379387174,7.902272045612335e-07,230794540336.1565,230819861427.4685,24580281654.0
train_tune_0ca0b_00884_884,CNN,0.0557106112844086,0.5489381428797964,0.6840079051054785,0.36903244256973267,1.7500170469284058,-0.06483030319213867,1.2366199371172115e-05,-1735.5508419443458,-0.01735028252005577,710.9567583210138,710.9567583210138,50880006.0
train_tune_0ca0b_00885_885,CNN,0.0512649430080622,0.6025185046287186,0.6153564757635506,0.23054921627044678,0.4283333718776703,-0.023015888407826424,1.4240704331314191e-05,-3767.4433430659346,0.005261820275336504,170533202.41053635,172035714.58276772,3866289670.0
train_tune_0ca0b_00886_886,CNN,0.0936223691385703,0.6373968313980146,0.6513141119888305,0.283471941947937,0.9919265508651733,-0.03646371513605118,1.2234582754899748e-05,-3854.934391426492,-0.0020188740454614162,19474772.942358956,19543377.84769239,5119894758.0
train_tune_0ca0b_00887_887,CNN,0.0557106112844086,0.6223815435734972,0.6570247707133408,0.08668588101863861,0.282535195350647,-0.0025777362752705812,1.5891305338300299e-06,-20129.848204010123,-7.267241016961634e-05,1167867597641.5444,1156280450032.2458,14304823022.0
train_tune_0ca0b_00888_888,CNN,0.0463827139544091,0.6245410007800207,0.6378499012246163,0.3622591495513916,1.1345592737197876,-0.07082544267177582,1.30112766782986e-05,-10305.45345405556,0.011305881664156914,165811184061.7818,166667099147.6138,23621781590.0
train_tune_0ca0b_00889_889,CNN,0.0939386464611907,0.620880333446606,0.6798095562410705,0.24237510561943054,0.7898695468902588,-0.028560511767864227,3.040178626179113e-06,-13585.135612073474,0.0027607944793999195,614443975.7349069,624022049.4529337,3361881454.0
train_tune_0ca0b_00890_890,CNN,0.0554367494653725,0.3105629146555284,0.296056538648538,0.26959890127182007,1.103887915611267,-0.03634818643331528,6.058377039153129e-06,-2480.367513729827,0.004133723210543394,7231873.948547119,7081280.711456297,2821626750.0
train_tune_0ca0b_00891_891,CNN,0.0464221014492753,0.6618445219381116,0.6786593518256944,0.31374412775039673,1.2129000425338745,-0.047591522336006165,7.112060757208383e-06,-5121.499000771368,0.0020441352389752865,682615769.233543,676986451.0668498,8192173502.0
train_tune_0ca0b_00892_892,CNN,0.0848712396128196,0.5511855046404944,0.6500206830921087,0.37771210074424744,1.3973077535629272,-0.07464949786663055,1.445860107196495e-05,-2274.993220530653,0.004908490926027298,844465.8455661976,841019.5729588389,7714265038.0
train_tune_0ca0b_00893_893,CNN,0.0842022354657234,0.5349750354687558,0.6956267762543374,0.4077286422252655,1.2679595947265625,-0.059474438428878784,2.3449541913578287e-05,-2245.2118572465147,-0.0203695148229599,26061.722723445822,26116.45050597024,1155329926.0
train_tune_0ca0b_00894_894,CNN,0.097204780261444,0.5887779730389509,0.7313456210740402,0.5337402820587158,1.6406958103179932,-0.12904304265975952,1.6357214917661622e-05,-2435.9975763099087,-0.0067464872263371944,684517.3958400692,682399.0837331859,3317042550.0
train_tune_0ca0b_00895_895,CNN,0.0700700998306773,0.5290186082331884,0.6723169507514886,0.5200687646865845,2.136472225189209,-0.12336993217468262,1.9014161807717755e-05,-1650.6042571759667,-0.0170750729739666,795.0857384909771,795.0857384909771,21801926.0
train_tune_0ca0b_00896_896,CNN,0.1130914147614569,0.4939507246125059,0.6277608752173658,0.6095372438430786,1.9884469509124756,-0.19525405764579773,1.4096180166234262e-05,-1917.5327582337093,0.00935811921954155,735.5521023451463,735.5521023451463,9545414.0
train_tune_0ca0b_00897_897,CNN,0.0446210098976208,0.6210605510270696,0.6677780494201347,0.259982705116272,1.058311104774475,-0.03477611765265465,5.360539034882095e-06,-4580.225808225895,0.0033563775941729546,124459080.70151594,124068152.96354963,32006492846.0
train_tune_0ca0b_00898_898,CNN,0.053870654857334,0.4057352923213232,0.5731649157293647,0.5875890254974365,2.138963460922241,-0.18741180002689362,2.1677207769243978e-05,-1758.6870476712988,0.02514544129371643,361.699504820567,361.699504820567,4602270.0
train_tune_0ca0b_00899_899,CNN,0.086657320799789,0.5928572289727122,0.7068780633309162,0.4762963652610779,1.852644681930542,-0.08577200770378113,1.7307906091446057e-05,-2715.0890510597887,-0.01994166523218155,1567663.921217257,1568827.8116765036,14704598350.0
train_tune_0ca0b_00900_900,CNN,0.0636958676890258,0.5858247728245276,0.6582588043099223,0.599412739276886,1.6201881170272827,-0.2364116609096527,1.9193475964129902e-05,-7145.077895199635,0.02741963043808937,115272789.87311375,113894601.93102202,13092505686.0
train_tune_0ca0b_00901_901,CNN,0.0522700416313055,0.652789288762079,0.6230662343908144,0.39413440227508545,1.5621498823165894,-0.06976616382598877,1.804943531169556e-05,-6886.548702849541,-0.003506454173475504,10442964903123.098,10664588993473.416,41947385262.0
train_tune_0ca0b_00902_902,CNN,0.0482816266261956,0.5404536483420935,0.6845218653085396,0.5389091372489929,2.265812635421753,-0.13481760025024414,1.8001399439526722e-05,-1826.4993799579015,-0.010271305218338966,22670.622716714908,22528.147302059417,5530857638.0
train_tune_0ca0b_00903_903,CNN,0.1048695966526956,0.4288827203302994,0.6227697703323409,0.7241808176040649,3.2536838054656982,-0.27008023858070374,2.5819823349593207e-05,-1795.7896798879024,0.004527975805103779,648.6620448096353,648.6620448096353,11663814.0
train_tune_0ca0b_00904_904,CNN,0.0600835653935213,0.5590222362569999,0.6724254076971333,0.8838847279548645,3.441014051437378,-0.4131166934967041,2.452797707519494e-05,-1801.6645799182868,0.011805669404566288,1398.635852293527,1398.635852293527,21350918.0
train_tune_0ca0b_00905_905,CNN,0.0512649430080622,0.5974905557237108,0.653307899837401,0.26588788628578186,0.8983216881752014,-0.033974431455135345,1.1052478839701507e-05,-3185.6149579241674,0.0010388540104031563,25114329.590210326,25045721.04963483,6613242158.0
train_tune_0ca0b_00906_906,CNN,0.0557106112844086,0.6708524866071103,0.6574550160551274,0.35486847162246704,1.313689112663269,-0.07249418646097183,9.395833330927417e-06,-12099.927978035064,0.01804247871041298,52115107185.73045,51349254708.94968,14804950134.0
train_tune_0ca0b_00907_907,CNN,0.0512649430080622,0.4213941921769011,0.5496563074465474,0.13535955548286438,0.5446597337722778,-0.008488900028169155,2.0546135601762217e-06,-12146.066709534265,0.0015831440687179565,361820322234.6388,370752749106.5604,8653878198.0
train_tune_0ca0b_00908_908,CNN,0.0422834193918531,0.4156465111173709,0.3819525812567235,0.1435893177986145,0.5209540724754333,-0.009751484729349613,2.901977950386936e-06,-6311.03588817251,0.004736407194286585,371089463399.2157,359376172270.6172,19185623022.0
train_tune_0ca0b_00909_909,CNN,0.0658032312747826,0.569275143827399,0.7068292657101511,0.35964757204055786,1.4330694675445557,-0.06654012203216553,8.052800694713369e-06,-1787.5903818190473,0.0012720548547804356,25097.007853983323,25096.820450509367,7042012702.0
train_tune_0ca0b_00910_910,CNN,0.0574843225723954,0.4627546222189007,0.6554756664699947,0.9339331388473511,3.617405891418457,-0.41646456718444824,7.426130468957126e-05,-2375.9476377131496,-0.002103380858898163,21031.662245969157,20373.83644490408,229417126.0
train_tune_0ca0b_00911_911,CNN,0.0524618862635463,0.4000964138273715,0.5410598980668756,0.7153160572052002,3.1383230686187744,-0.29792338609695435,5.035555659560487e-05,-2085.0202473154404,0.017283925786614418,656418.7395398493,657537.5733707466,3147247902.0
train_tune_0ca0b_00912_912,CNN,0.0467390075731886,0.6886317260781168,0.6577799477383767,0.2560599744319916,0.9831722974777222,-0.03450150042772293,8.04880983196199e-06,-18079.678633701667,0.009161727502942085,6167628128631.752,6264754761625.805,30102785062.0
train_tune_0ca0b_00913_913,CNN,0.0557106112844086,0.3924981161858232,0.4970915245499443,0.26641884446144104,0.854759693145752,-0.032926157116889954,3.3030437407433055e-06,-2763.5531447064795,0.0027625849470496178,10885162.144179802,11186296.639318828,3109480494.0
train_tune_0ca0b_00914_914,CNN,0.0512649430080622,0.6523628595820545,0.6914100927594582,0.10507151484489441,0.35837623476982117,-0.004701845347881317,3.454347961451276e-06,-17856.24339798489,0.005437466315925121,442891243728.3819,447340958976.4716,15574169662.0
train_tune_0ca0b_00915_915,CNN,0.0829196798887632,0.5285440606216385,0.6475572041065619,0.9707968235015869,4.050788879394531,-0.501739501953125,4.076618643011898e-05,-4039.042918378688,0.0022192890755832195,325493.7505634933,332065.3598219553,1444359862.0
train_tune_0ca0b_00916_916,CNN,0.0467231638418079,0.6032301303161282,0.61678083074765,0.1625622808933258,0.41388699412345886,-0.009884802624583244,3.933524567401037e-06,-7055.816163760137,0.006686213426291943,23493908.666894168,24293675.19536508,1823054886.0
train_tune_0ca0b_00917_917,CNN,0.0422122674017918,0.5926923635140554,0.6532801135641026,0.29769784212112427,1.0126538276672363,-0.03937262296676636,1.1032590009563137e-05,-2567.221582968191,-0.01034702081233263,1223113.2690285314,1221381.1940450827,7139152662.0
train_tune_0ca0b_00918_918,CNN,0.0422834193918531,0.6153000033019785,0.6867087416505089,0.29071804881095886,1.1936041116714478,-0.04103127121925354,6.7560486058937386e-06,-3761.6273181861056,0.0004598265513777733,910439982.9278157,911058057.1562853,15970115438.0
train_tune_0ca0b_00919_919,CNN,0.0618256318833987,0.5456679356016688,0.6614102017301229,0.4316404461860657,1.9490323066711426,-0.08981356024742126,8.551356586394832e-06,-1716.3524052952648,-0.011385725811123848,631.8845634027365,631.8845634027365,28461590.0
train_tune_0ca0b_00920_920,CNN,0.0776961555323842,0.5989401219756652,0.6664310194227234,0.17516125738620758,0.6480597257614136,-0.013926743529736996,4.35845140600577e-06,-24948.867212934583,-0.0013610328314825892,50243972730.29523,50246128071.25757,15399171750.0
train_tune_0ca0b_00921_921,CNN,0.1113887686205731,0.5886405217270266,0.6503510941302284,0.23048776388168335,0.9510718584060669,-0.024642065167427063,4.44769102614373e-06,-3137.945805669877,-0.006002270150929689,22840511.143740255,23140315.39532584,15299127822.0
train_tune_0ca0b_00922_922,CNN,0.0735031339845568,0.5147776649703023,0.6292163808502521,0.6316602230072021,1.932052493095398,-0.05086617171764374,7.501606887672096e-05,-3981.6020985618625,-0.021979179233312607,2257706.054277899,2271594.270498691,3983712054.0
train_tune_0ca0b_00923_923,CNN,0.118232069033745,0.6207927028051933,0.600315978521833,0.24702729284763336,0.967130184173584,-0.029757119715213776,8.647015420137905e-06,-4316.226708648541,0.0016695706872269511,922998923.3458054,925025450.657167,7264587430.0
train_tune_0ca0b_00924_924,CNN,0.0422834193918531,0.2869036191738252,0.3089975803706934,0.3438631296157837,1.4755263328552246,-0.05393598973751068,9.755049177329056e-06,-2854.005764546763,-0.005273889750242233,7894380.124392999,8014965.682685129,2016219982.0
train_tune_0ca0b_00925_925,CNN,0.0186749464349944,0.5646798757249214,0.7262922539960615,0.5266426801681519,1.7991136312484741,-0.13319285213947296,2.3757453163852915e-05,-2274.481504787075,-0.013445915654301643,46317.541276235606,46516.5535512178,2120215590.0
train_tune_0ca0b_00926_926,CNN,0.07259641605272,0.5516672170367295,0.6959530088065979,0.4833708107471466,1.9556580781936646,-0.10441146045923233,1.8574908608570695e-05,-2009.2089335173243,-0.009888936765491962,46910.63200992998,46906.69560108147,3662790390.0
train_tune_0ca0b_00927_927,CNN,0.0846967860295009,0.4283684602080869,0.5607608528926268,1.024533748626709,4.346573829650879,-0.664635181427002,9.115713328355923e-05,-2743.6053616850463,0.032630421221256256,1467946.8165008929,1438299.140941821,3673227494.0
train_tune_0ca0b_00928_928,CNN,0.0422834193918531,0.6810162754855843,0.6725163481492937,0.15421679615974426,0.5959928035736084,-0.010797200724482536,3.088712674070848e-06,-6074.273009638172,7.115109474398196e-05,327821555.1703106,337877525.1735517,9493869182.0
train_tune_0ca0b_00929_929,CNN,0.0799571563656053,0.5773365238232671,0.6668645578739026,0.38811931014060974,1.126037359237671,-0.07124453783035278,1.1635515875241254e-05,-2329.821953176639,-0.00808680895715952,683048.038073482,678994.1779450208,5159586758.0
train_tune_0ca0b_00930_930,CNN,0.0673618085617376,0.591269766547777,0.7171095661004664,0.8580019474029541,3.182192087173462,-0.4126754403114319,8.748921391088516e-05,-2325.4268913095557,0.018012357875704765,346311.2481873708,351517.5460117508,2510094406.0
train_tune_0ca0b_00931_931,CNN,0.0514110086616373,0.6029494534525226,0.6072118515480203,0.07057549804449081,0.253335177898407,-0.0018924048636108637,3.1360191314888652e-06,-5020.429403270172,-2.0970343030057847e-05,77695786.70893544,76797114.73139988,8249652774.0
train_tune_0ca0b_00932_932,CNN,0.0671274361919939,0.5639375936015573,0.670549081920917,0.7189928293228149,3.0219321250915527,-0.27349960803985596,3.733459016075358e-05,-1813.9799968922487,0.0035236747935414314,47086.49497453278,47737.46303668389,8806304470.0
train_tune_0ca0b_00933_933,CNN,0.0704368765049879,0.5754046714459747,0.6754679471414615,0.745408296585083,2.9794201850891113,-0.2892976999282837,5.737253377446905e-05,-2436.9906808152055,0.00663600442931056,748314.8712714219,743049.3599128126,7830813054.0
train_tune_0ca0b_00934_934,CNN,0.0426336599621798,0.630067334843227,0.6017847913284794,0.30188506841659546,1.018879771232605,-0.04271227866411209,6.94051550453878e-06,-42461.81956013129,-0.0004734835820272565,5334446161931.33,5225228438237.665,18246018174.0
train_tune_0ca0b_00935_935,CNN,0.0557106112844086,0.53555309372196,0.6091792478555799,0.4248059391975403,1.023542881011963,-0.0541122630238533,7.931312575237826e-05,-2618.6181049376473,-0.01579413004219532,19606725.02202534,19525341.34113386,8249213678.0
train_tune_0ca0b_00936_936,CNN,0.0422834193918531,0.6521744688106662,0.6264628440329055,0.16695669293403625,0.5108453035354614,-0.011990402825176716,7.2766279117786326e-06,-5527.453966067642,0.003821668913587928,287594394.6021144,283367096.74644315,11289533566.0
train_tune_0ca0b_00937_937,CNN,0.102351127442863,0.4717450963270093,0.5612910740761274,0.6253328919410706,0.9406838417053223,-0.2594229578971863,2.776823384920135e-05,-2138.538671706011,0.010082937777042389,8378.256484456073,8474.95370669122,28866134.0
train_tune_0ca0b_00938_938,CNN,0.0595627209266728,0.5462563300067446,0.6371030950406013,0.3251248002052307,1.3245717287063599,-0.055513426661491394,7.950615326990373e-06,-3359.105456848817,0.007137538865208626,69859157.11471339,69199915.16093381,15965021846.0
train_tune_0ca0b_00939_939,CNN,0.0422834193918531,0.4954780623024544,0.6113635056916861,0.6358206868171692,2.048511028289795,-0.17785635590553284,4.8654710553819314e-05,-1911.9444301482836,-0.030491903424263,698.7292802361916,698.7292802361916,6666326.0
train_tune_0ca0b_00940_940,CNN,0.144667592791709,0.5670478086890384,0.6758339649432555,0.4800017476081848,2.188833475112915,-0.11711759865283966,1.7508304154034704e-05,-1928.7682772037417,-2.7556903660297394e-05,44676.61551611312,44724.603078710876,9125071198.0
train_tune_0ca0b_00941_941,CNN,0.055719759168035,0.5785452287483185,0.6789580181789865,0.42645490169525146,1.5382827520370483,-0.0944196879863739,2.833194230333902e-05,-4167.246542283205,0.00886181928217411,3048873.6478820033,3067392.2445084313,20821937598.0
train_tune_0ca0b_00942_942,CNN,0.0512649430080622,0.6342202967436891,0.6324267950572864,0.07694965600967407,0.26330745220184326,-0.002023565350100398,3.301300239400007e-06,-17243.609303132613,-0.002075337106361985,488117443665.8545,507073651642.10803,29075112006.0
train_tune_0ca0b_00943_943,CNN,0.051922588806085,0.589890262086514,0.711601252947362,0.7935853004455566,3.0030267238616943,-0.3420940637588501,4.2501702409936115e-05,-2641.1966632973194,0.005803992040455341,1573560.212869246,1593798.6696062325,10472160486.0
train_tune_0ca0b_00944_944,CNN,0.0557106112844086,0.6832879105029322,0.633211851663869,0.3594897389411926,0.8679792284965515,-0.08285929262638092,7.804818778822664e-06,-12986.062911798923,0.02268952876329422,5036318081.140705,5120374491.92024,28469556990.0
train_tune_0ca0b_00945_945,CNN,0.0422834193918531,0.6393459403773213,0.6128017658664543,0.1271432638168335,0.4292576313018799,-0.006803018040955067,4.076545337738935e-06,-13500.22716782449,0.0024463909212499857,565003125395.4756,555815714063.7704,15374341782.0
train_tune_0ca0b_00946_946,CNN,0.052010344688245,0.5778487280600654,0.6313590361850764,0.47902268171310425,1.5836483240127563,-0.10001261532306671,2.7785989004769363e-05,-5131.365178456641,-0.012071657925844193,13527257.13019808,13181132.193249822,3085922270.0
train_tune_0ca0b_00947_947,CNN,0.055719759168035,0.4241101071901651,0.5576365871759049,0.11112827807664871,0.3543124198913574,-0.004380793776363134,3.194391638317029e-06,-2868.185875792616,-0.002779630944132805,43399.65052926618,42484.98885312893,111585190.0
train_tune_0ca0b_00948_948,CNN,0.1391225144757988,0.57657698746359,0.7218676994413924,0.4505392909049988,1.6311842203140259,-0.09613354504108429,1.3236077393230516e-05,-1953.9463787385937,-0.014761488884687424,37694.4274525977,37520.52224447942,3394613094.0
train_tune_0ca0b_00949_949,CNN,0.0896427260540362,0.4462627767626947,0.6111826988109883,0.4130204916000366,1.8794251680374146,-0.08603017032146454,8.787303158896975e-06,-1556.9089052346235,0.009996370412409306,518.4619943894497,518.4619943894497,26370846.0
train_tune_0ca0b_00950_950,CNN,0.056084233094739,0.5235374428435863,0.6532367437422256,0.5827523469924927,1.9536259174346924,-0.18314771354198456,1.9547969714039937e-05,-1750.1398889044722,0.028867172077298164,766.1546618958628,766.1546618958628,14680838.0
train_tune_0ca0b_00951_951,CNN,0.0605794822754535,0.3767218917597544,0.4539586650979052,0.37503379583358765,1.549703598022461,-0.059833262115716934,1.382329355692491e-05,-2150.06116014114,-0.011264732107520103,890023.0314135588,902855.7906921976,5498928262.0
train_tune_0ca0b_00952_952,CNN,0.0566794988940317,0.5670697457294647,0.6988554146525437,0.47450363636016846,1.920142650604248,-0.10833398252725601,1.935312684508972e-05,-2252.9201127195483,-9.892741218209267e-06,41014.16196091079,41296.03109815165,6364034534.0
train_tune_0ca0b_00953_953,CNN,0.0557106112844086,0.4073697784997941,0.5105719607758262,0.4347478747367859,1.6422420740127563,-0.08438652753829956,1.7554099031258374e-05,-2307.6784556057173,-0.007936215028166771,1071811.4194597066,1060767.2600071868,5207030454.0
train_tune_0ca0b_00954_954,CNN,0.0463827139544091,0.5999840632174628,0.6512979050705613,0.2669217586517334,1.0493979454040527,-0.034687913954257965,6.068608854548074e-06,-41278.01111215701,-0.00027231714921072125,2339038175377.666,2339985580226.449,19851335958.0
train_tune_0ca0b_00955_955,CNN,0.0463827139544091,0.6266934051211462,0.6949212314583191,0.24489545822143555,1.0113251209259033,-0.025968046858906746,6.44909141556127e-06,-7401.667240456986,-0.007393252104520798,8466343409.7116165,8813596000.10109,6443049966.0
train_tune_0ca0b_00956_956,CNN,0.0490065032354586,0.6582984820389483,0.6269609437396871,0.33412888646125793,1.2111642360687256,-0.04996867477893829,8.850458470988087e-06,-4725.123475894924,-0.007883009500801563,1921165410483.3425,1916447785795.0288,17327791774.0
train_tune_0ca0b_00957_957,CNN,0.042855505901226,0.4399855082324372,0.622615835533472,0.5631614923477173,2.5379674434661865,-0.16446688771247864,1.5761366739752702e-05,-1772.2767686209525,0.012687278911471367,568.2065319372065,568.2065319372065,18074006.0
train_tune_0ca0b_00958_958,CNN,0.0557106112844086,0.7052862481695289,0.6873176420613659,0.3062749207019806,1.0188542604446411,-0.04416263848543167,1.1885626008734107e-05,-10980.34108241336,-0.0014439908554777503,73929416240.04385,71465645217.16312,11815879286.0
train_tune_0ca0b_00959_959,CNN,0.0486685103802964,0.57608042903247,0.7065683996319935,0.5573608875274658,2.3175394535064697,-0.1677294224500656,1.8432765500620008e-05,-2189.6430312122557,0.008961589075624943,823945.3668284974,818812.0888419703,13885245974.0
train_tune_0ca0b_00960_960,CNN,0.0557106112844086,0.5888327770566119,0.6543447747306439,0.20779511332511902,0.8120365738868713,-0.018936285749077797,1.0304987881681882e-05,-5752.985000449076,-0.004840608220547438,134796674984.52264,135974317231.7059,33757999558.0
train_tune_0ca0b_00961_961,CNN,0.0428833161571052,0.6114900519965447,0.6474194004650312,0.29953014850616455,1.1871331930160522,-0.04462160915136337,9.318303455074783e-06,-5126.8217606424505,0.006685000378638506,505675270.3786528,509374988.7414539,4793222486.0
train_tune_0ca0b_00962_962,CNN,0.0629300349393569,0.517873289778825,0.670038194096748,0.484668493270874,1.3578413724899292,-0.140732079744339,1.1777539839386009e-05,-1829.4561490161739,0.012522542849183083,13360.812517259983,13292.095161134597,1128212934.0
train_tune_0ca0b_00963_963,CNN,0.0422834193918531,0.6152689319097112,0.7288790210722883,0.4841737449169159,1.995818853378296,-0.1096121221780777,2.7392388801672496e-05,-3885.635849658842,-0.007933762855827808,1184891.880070508,1186476.1455222426,5495277126.0
train_tune_0ca0b_00964_964,CNN,0.1585473294546335,0.5372944326289922,0.6672893415954516,0.43618661165237427,1.6497280597686768,-0.0962429940700531,1.1450123565737158e-05,-1762.3418995602935,0.0023888240102678537,12391.2908774776,12386.827323471338,1721850750.0
train_tune_0ca0b_00965_965,CNN,0.0884822325159412,0.4873903095722769,0.6160098202712897,0.6250357627868652,2.1660497188568115,-0.18829762935638428,1.999007145059295e-05,-1841.879912796739,-0.014040490612387657,722.9311862271519,722.9311862271519,9693446.0
train_tune_0ca0b_00966_966,CNN,0.0767016695425283,0.5680664986087608,0.58766522819955,0.2945561408996582,1.230463981628418,-0.04156528785824776,1.3211438272264786e-05,-2295.781655791064,-0.0022002060431987047,1272229.6634969763,1265292.5724881908,9540341638.0
train_tune_0ca0b_00967_967,CNN,0.0430776055776055,0.5407465506029209,0.6147817139304564,0.44655680656433105,1.8145099878311157,-0.07807497680187225,3.5139986721333116e-05,-1728.1346431276932,-0.01980285346508026,24916.35844491379,24895.576393707783,4909351158.0
train_tune_0ca0b_00968_968,CNN,0.0625124473542427,0.5675666125843227,0.6358956650522333,0.23793825507164001,0.884321928024292,-0.027228930965065956,9.950075764209032e-06,-2639.0873759853525,0.003280662465840578,315757.8271938737,318566.51774142124,995807446.0
train_tune_0ca0b_00969_969,CNN,0.0449092587359518,0.5224359052479471,0.6771006963272681,0.7901501655578613,3.3707473278045654,-0.3382825255393982,2.8079026378691196e-05,-1712.917039396977,0.030101552605628967,937.8226413132672,937.8226413132672,18482350.0
train_tune_0ca0b_00970_970,CNN,0.0428833161571052,0.6156953070637464,0.6347200127846423,0.3803669512271881,0.831484317779541,-0.09251396358013153,1.2344982678769156e-05,-10522.036739168805,0.02006029337644577,59291907922.07074,61497383273.98729,24285224894.0
train_tune_0ca0b_00971_971,CNN,0.0512649430080622,0.5594845762505837,0.7169603295505796,0.48763206601142883,1.5722191333770752,-0.1448783129453659,2.419680095044896e-05,-2407.6016601780525,0.026429763063788414,34595.224705792374,34270.61329121791,1514511790.0
train_tune_0ca0b_00972_972,CNN,0.0512649430080622,0.4272406004382807,0.5466327762872185,0.33523744344711304,1.37837553024292,-0.053321778774261475,1.0456907148181926e-05,-1962.6457609937152,-0.0007827454246580601,402023.229483325,400275.1604467822,2821972158.0
train_tune_0ca0b_00973_973,CNN,0.116498746761489,0.5155579614565385,0.6182330232644426,0.9229596853256226,2.5676844120025635,-0.532180905342102,5.890453030588105e-05,-1772.401183695297,0.022896038368344307,889.8953738308783,889.8953738308783,5173486.0
train_tune_0ca0b_00974_974,CNN,0.0698539571162272,0.371171279376368,0.5272867082167573,2.5183799266815186,3.437723159790039,-8.131282806396484,0.0002303484216099605,-6526.89484262912,0.23606309294700623,668.8925431044245,668.8925431044245,451334.0
train_tune_0ca0b_00975_975,CNN,0.0428833161571052,0.2945254914690715,0.3136358071709131,0.19455492496490479,0.6480107307434082,-0.01861407235264778,3.2478060347784776e-06,-3052.1758047251255,0.007490780204534531,6463387.770021025,6367817.620151901,5160647182.0
train_tune_0ca0b_00976_976,CNN,0.0557106112844086,0.6302444547533589,0.6663565386988322,0.17393085360527039,0.4728453755378723,-0.014546467922627926,5.473585588333663e-06,-3467.3118292972576,0.010249209590256214,1650006696.5696337,1635759541.9340289,24499470646.0
train_tune_0ca0b_00977_977,CNN,0.0467231638418079,0.557053371181162,0.701973658509797,0.832227885723114,3.2636046409606934,-0.2820242643356323,6.193107401486486e-05,-2651.2497979535956,-0.007404708303511143,1950235.6387382774,1944138.7823021295,10323071246.0
train_tune_0ca0b_00978_978,CNN,0.0512649430080622,0.5429536082210275,0.5976392603250613,0.1775936782360077,0.19454169273376465,-0.0024498095735907555,1.3256738384370692e-05,-8893.842835426372,0.0013118768110871315,9550679968.72211,10101385357.149633,2722956190.0
train_tune_0ca0b_00979_979,CNN,0.0422906983416537,0.6084115514937961,0.6292693283045412,0.31315234303474426,0.6782451868057251,-0.05093212425708771,6.316703093034448e-06,-5408.873292659005,-0.0037999593187123537,21072574.906149555,21306936.23605428,2302070942.0
train_tune_0ca0b_00980_980,CNN,0.0557106112844086,0.6739482200855825,0.6594141764728282,0.17487689852714539,0.5911986231803894,-0.012699290178716183,3.0360909022419946e-06,-32266.25167631253,0.002225605770945549,166296881973.46783,163585585936.49506,23201065990.0
train_tune_0ca0b_00981_981,CNN,0.0422834193918531,0.5790343088646034,0.5716879619788257,0.24031589925289154,1.007365107536316,-0.026483166962862015,6.242137715162244e-06,-6333.042543598306,-0.005525053478777409,268667000.6637156,263629366.02298477,3889580966.0
train_tune_0ca0b_00982_982,CNN,0.0428833161571052,0.6331313263544608,0.62998450403123,0.22490692138671875,0.6635516285896301,-0.02324037440121174,6.466293598350603e-06,-4982.842952927639,2.662383485585451e-05,414173703.89879227,421007748.73046064,2806267846.0
train_tune_0ca0b_00983_983,CNN,0.0769959774908656,0.6001252742514905,0.6107336154121029,0.257871150970459,0.8206770420074463,-0.031070072203874588,5.588603016803972e-06,-9520.082638150494,0.0019329134374856949,1952132738.2241392,1942694629.5679088,12017227814.0
train_tune_0ca0b_00984_984,CNN,0.0931990176783818,0.5579618416342965,0.7116416202160586,0.7619353532791138,3.1546247005462646,-0.260200560092926,3.3791766327340156e-05,-2140.010168349959,-0.007516038604080677,45044.19052601419,45708.22880800078,3514632134.0
train_tune_0ca0b_00985_985,CNN,0.1582054162857354,0.5768207478959299,0.7317598108319734,0.5993627905845642,2.1413683891296387,-0.190185546875,2.175663576053921e-05,-2566.5796545391463,-0.0018036523833870888,57510.098452239574,57724.86556079686,2928165830.0
train_tune_0ca0b_00986_986,CNN,0.0463827139544091,0.6681584014464471,0.633082687992315,0.32264184951782227,0.8979641795158386,-0.05543114244937897,6.16380202700384e-06,-19883.309654000946,0.009408515878021717,6304526650385.86,6420855783101.245,25426424750.0
train_tune_0ca0b_00987_987,CNN,0.1503753149788038,0.554614382105732,0.695705024780855,0.7570146918296814,3.272969961166382,-0.30023980140686035,3.979632310802117e-05,-1757.1869738093656,0.021206550300121307,1322.269191158087,1322.269191158087,32199950.0
train_tune_0ca0b_00988_988,CNN,0.0505079666472964,0.5356377238085874,0.6892353088741207,0.4715880751609802,1.3082020282745361,-0.13001488149166107,8.86603447725065e-06,-1988.816246936306,0.0016378683503717184,24054.308638530765,23994.506529745915,1398315638.0
train_tune_0ca0b_00989_989,CNN,0.0555555555555555,0.6628563092891238,0.6510464356813556,0.28671035170555115,0.8412682414054871,-0.04542698711156845,1.0207194463873748e-05,-17162.736750453092,0.012330166064202785,135199409775.80347,133009187498.93784,24828785374.0
train_tune_0ca0b_00990_990,CNN,0.0467231638418079,0.6710681543398094,0.6533946132904745,0.24661694467067719,0.9639842510223389,-0.029039116576313972,6.801757081120741e-06,-6505.1112145717425,0.0020257243886590004,189269055.7956154,187946484.51266843,29921248294.0
train_tune_0ca0b_00991_991,CNN,0.0422834193918531,0.5909446514447635,0.672365555417196,0.15484270453453064,0.526526153087616,-0.0100775808095932,3.725542683241656e-06,-19336.69412989385,-0.0042338743805885315,296175187529.378,288698750409.46936,6331394782.0
train_tune_0ca0b_00992_992,CNN,0.0521285655474114,0.5925424185742963,0.660840647232664,0.47743135690689087,1.6775388717651367,-0.1108684241771698,3.3809948945418e-05,-3456.4808679476237,0.0053516896441578865,2058784.0301141348,2049442.303819521,11479301286.0
train_tune_0ca0b_00993_993,CNN,0.0463827139544091,0.6173517074696311,0.6561899551281353,0.504778265953064,2.0485775470733643,-0.12723684310913086,3.3130279916804284e-05,-12479.28887788696,0.0011167335323989391,131705842198.63174,127170832613.6211,23954411630.0
train_tune_0ca0b_00994_994,CNN,0.0641975135697082,0.6177476376015316,0.6480802769724449,0.23562806844711304,0.9044367671012878,-0.027240965515375137,6.184564881550614e-06,-10042.990256723435,0.0025215349160134792,13877245910.787422,14631862315.323057,10803001662.0
train_tune_0ca0b_00995_995,CNN,0.0422834193918531,0.6696964697381157,0.6531143926675871,0.29135552048683167,1.1370341777801514,-0.03872571140527725,5.8254613577446435e-06,-8410.407460192542,-0.0019810365047305822,120214339570.03539,123143670367.52554,14173915662.0
train_tune_0ca0b_00996_996,CNN,0.0825460470748278,0.6011186135496495,0.6652355254371665,0.35551851987838745,1.3821094036102295,-0.05859634652733803,8.410026566707529e-06,-2846.108727984851,0.00015599140897393227,952671.8755559183,933488.1798240189,5118042054.0
train_tune_0ca0b_00997_997,CNN,0.0557106112844086,0.3791723575358313,0.4575835860739578,0.6000972390174866,2.4493143558502197,-0.1465606391429901,5.181474261917174e-05,-2535.2264285735337,-0.011584267020225525,62195543.95739033,62285923.03686987,10286216038.0
train_tune_0ca0b_00998_998,CNN,0.1721284431950197,0.5498197755542551,0.6841462933192156,0.9007956981658936,3.400531053543091,-0.4306688904762268,4.290702418074943e-05,-1929.8421305339095,0.02096039056777954,1391.1640844214144,1391.1640844214144,20461574.0
train_tune_0ca0b_00999_999,CNN,0.0467231638418079,0.6084580576163134,0.6652557673941635,0.2839610278606415,0.863944411277771,-0.041175682097673416,5.106945536681451e-06,-17446.141305932335,0.006494395434856415,1159246123108.663,1139346571491.3857,7970216934.0
train_tune_0ca0b_01000_1000,CNN,0.0633495886266509,0.6806353451194188,0.6158985130899088,0.2277345359325409,0.8666818141937256,-0.02625015377998352,6.646166184509639e-06,-15247.870815696919,0.005411811172962189,336693190010.2637,337936541059.8019,30255585326.0
train_tune_0ca0b_01001_1001,CNN,0.0422834193918531,0.5526340618170894,0.6477429298150149,0.24623429775238037,0.6281247138977051,-0.027183691039681435,2.7301839509163983e-06,-3088.069267358721,-0.002444951329380274,224690621.4245519,224247184.2370298,4668230910.0
train_tune_0ca0b_01002_1002,CNN,0.053612271922131,0.4412145610922662,0.619247361193092,0.659665048122406,2.7585082054138184,-0.2417171448469162,2.8903430575155653e-05,-2193.1965248118736,0.018046468496322632,23680.588684684175,23598.44341244792,1597694806.0
train_tune_0ca0b_01003_1003,CNN,0.0847643465818122,0.6215402020829348,0.6866927796229164,0.44788360595703125,1.6293872594833374,-0.10476233065128326,1.3427943486021832e-05,-2513.497655461964,0.004761258605867624,34202896.28263933,34340385.21284893,7852435030.0
train_tune_0ca0b_01004_1004,CNN,0.0463827139544091,0.5653874546550601,0.6843155143630936,0.4778951406478882,1.9469692707061768,-0.11890306323766708,1.6787733329692855e-05,-2074.72706607864,0.005058239214122295,33122.37025283102,33071.670220121356,6093310054.0
train_tune_0ca0b_01005_1005,CNN,0.0463827139544091,0.3715018298631849,0.2816424278588682,0.33821892738342285,0.7541379928588867,-0.06838284432888031,2.777355803118553e-05,-6185.242556167093,0.0018063272582367063,264487936702.1211,272486298558.4866,16538787814.0
train_tune_0ca0b_01006_1006,CNN,0.0557106112844086,0.5983739188316105,0.629096691520616,0.335471510887146,1.0103967189788818,-0.04844842478632927,1.7058488083421253e-05,-4475.75849539999,-0.006911360193043947,40303152.69607489,40825074.05843757,5413553014.0
train_tune_0ca0b_01007_1007,CNN,0.0467231638418079,0.7044554748312236,0.6663711387059242,0.24485066533088684,0.7855297327041626,-0.02806638926267624,3.386708158359397e-06,-10867.305375699083,0.00048809510190039873,6216773824.108507,6280024710.438426,24486334070.0
train_tune_0ca0b_01008_1008,CNN,0.059034300587376,0.5963230223931251,0.6755174215500244,0.235349640250206,0.4569731652736664,-0.02539057657122612,1.150434763985686e-05,-4844.852640381184,0.005661421455442905,22728967150.770473,22325778831.45355,11726067574.0
train_tune_0ca0b_01009_1009,CNN,0.0620360933526874,0.6723157052147105,0.6630819450050925,0.2512018084526062,0.9648274779319763,-0.02857997640967369,6.608138392039109e-06,-11134.380867544827,-0.001983403926715255,47040249898.80811,45347030635.12429,12131717670.0
train_tune_0ca0b_01010_1010,CNN,0.0422834193918531,0.4045219560179362,0.5857124624127993,0.4297015070915222,1.9521552324295044,-0.08578398823738098,1.9708590116351843e-05,-1669.276036177921,-0.018521443009376526,496.86532609818016,496.86532609818016,18713558.0
train_tune_0ca0b_01011_1011,CNN,0.0429423231280816,0.5013947770418193,0.6527359370578069,0.6328895092010498,2.8380494117736816,-0.21213892102241516,1.5820784028619528e-05,-1757.5274607211236,0.018868235871195793,785.7219384287138,785.7219384287138,23464558.0
train_tune_0ca0b_01012_1012,CNN,0.1271241340906365,0.4903814798422409,0.6371401924895297,0.7513721585273743,2.8021657466888428,-0.3045363426208496,4.634823926608078e-05,-1747.450538496456,0.018858445808291435,778.312517092452,778.312517092452,11009038.0
train_tune_0ca0b_01013_1013,CNN,0.0730897256716759,0.5930982077145063,0.6658260007820065,0.668830394744873,2.572086811065674,-0.22257493436336517,2.8461632609833032e-05,-3067.209334255763,0.00013593025505542755,2048263.7001361223,2049475.3874190934,10497539638.0
train_tune_0ca0b_01014_1014,CNN,0.0512649430080622,0.5555625051943731,0.658047983685636,0.3875427544116974,0.6698635816574097,-0.07001255452632904,2.878452323784586e-05,-2669.3903605446453,-0.014229445718228817,18749.686956805803,18722.272590797198,263151958.0
train_tune_0ca0b_01015_1015,CNN,0.0463827139544091,0.6617815352772999,0.6235580305581219,0.18278175592422485,0.39314034581184387,-0.011966696009039879,3.7587205952149816e-06,-26871.467328325714,-0.001748658949509263,231106378275.4613,225677664212.61432,7413218062.0
train_tune_0ca0b_01016_1016,CNN,0.0512649430080622,0.5975788544174502,0.7065259238767855,0.1019270047545433,0.3875386714935303,-0.004284953698515892,2.245849373139208e-06,-20571.540447859687,-0.0012100494932383299,813423998884.3228,780007102244.7106,12666687446.0
train_tune_0ca0b_01017_1017,CNN,0.0467231638418079,0.6980453981849264,0.6287016128787103,0.3461601734161377,1.1897941827774048,-0.05535128712654114,7.980148438946344e-06,-18504.845745415056,-0.004384858533740044,5908428045574.768,6001354423476.936,22260761350.0
train_tune_0ca0b_01018_1018,CNN,0.0467231638418079,0.6233601785434727,0.6278680020377878,0.1983310878276825,0.7961077094078064,-0.019246727228164673,6.438507625716738e-06,-7550.539093879783,0.0034811999648809433,530458519.3538259,518397135.75110453,5786074662.0
train_tune_0ca0b_01019_1019,CNN,0.1659930544333984,0.5152521794605593,0.6358473327710845,0.7224736213684082,2.1729061603546143,-0.24573403596878052,2.200679409725126e-05,-1784.829422439196,-0.023951401934027672,815.0625465998228,815.0625465998228,6365830.0
train_tune_0ca0b_01020_1020,CNN,0.0392786076426819,0.512943692927752,0.4713435596577742,3.936389207839966,5.147536277770996,-22.0158748626709,0.0003594217705540359,-8605.679206873188,0.36603158712387085,821.2066044796252,821.2066044796252,309374.0
train_tune_0ca0b_01021_1021,CNN,0.0557106112844086,0.5404463227330907,0.6687061527426366,0.5348004102706909,2.2259035110473633,-0.1492474377155304,1.6438167222077027e-05,-1798.7544131993145,0.012074742466211319,814.600960128706,814.600960128706,23853542.0
train_tune_0ca0b_01022_1022,CNN,0.0492860931029999,0.4517824671829546,0.4035288193655366,0.3705150783061981,1.4088568687438965,-0.06683771312236786,1.6975180187728256e-05,-5055.185735987047,0.0008006179705262184,50712507988.50992,49776333437.59213,20290281966.0
train_tune_0ca0b_01023_1023,CNN,0.1490323061305866,0.5407160490761894,0.703468076716374,0.6092441082000732,1.8810443878173828,-0.1374855935573578,3.397827094886452e-05,-2564.9362999863797,-0.022359240800142288,9966.434347748082,9666.04665089771,49128734.0
train_tune_0ca0b_01024_1024,CNN,0.0557106112844086,0.5037707603743359,0.5363336385900886,0.3690637946128845,1.3415710926055908,-0.06422416120767593,1.0997283425240312e-05,-15941.819745511788,-0.0017732491251081228,378604741555.1252,341676817704.21094,4073393110.0
train_tune_0ca0b_01025_1025,CNN,0.0823226168443427,0.5653247762180802,0.7037639611997881,0.8317704200744629,3.2908270359039307,-0.3994333744049072,3.4995020541828126e-05,-2110.12403636373,0.030578255653381348,51536.109415754996,51299.34730938169,5532491950.0
train_tune_0ca0b_01026_1026,CNN,0.0557106112844086,0.5993582805154325,0.6216228231644624,0.22337090969085693,0.8846889138221741,-0.025225430727005005,4.527592864178587e-06,-2950.6810848914884,0.005796707235276699,37808579.947921686,37395212.64517642,12012798598.0
train_tune_0ca0b_01027_1027,CNN,0.0428833161571052,0.6625935200481217,0.6510234556385058,0.17193788290023804,0.668508768081665,-0.014304733835160732,4.514175088843331e-06,-16178.878623485,0.005860662087798119,1171642675806.391,1142672814285.0615,17238091038.0
train_tune_0ca0b_01028_1028,CNN,0.0426518395478653,0.626068328184004,0.671334248730759,0.31477272510528564,1.22537100315094,-0.05245541036128998,1.0054212907562032e-05,-8447.042709345173,0.009785753674805164,98169717941.25327,98936254268.29575,17664676382.0
train_tune_0ca0b_01029_1029,CNN,0.0428833161571052,0.5778256363461555,0.6708005714332986,0.3657301068305969,0.938235878944397,-0.06988758593797684,9.818650141824037e-06,-3048.041216685975,-0.008485970087349415,897326.639844817,894065.5862671216,4016884046.0
train_tune_0ca0b_01030_1030,CNN,0.0561570217902373,0.5761996836571747,0.5821086436634662,0.21809178590774536,0.8857882618904114,-0.021495861932635307,8.17217369331047e-06,-5711.195587020613,-0.002815021201968193,5581749753.927559,5613934254.582966,3932625094.0
train_tune_0ca0b_01031_1031,CNN,0.1011845809732592,0.4663267177182518,0.6122430353635532,0.748612642288208,1.2872035503387451,-0.49167051911354065,0.00011040578101528808,-1850.128525503776,0.030157309025526047,6385.296952735568,6312.657299961753,49420486.0
train_tune_0ca0b_01032_1032,CNN,0.0215827951499183,0.6121252455622771,0.6839326786035151,0.5439467430114746,1.7049630880355835,-0.15432044863700867,1.799534038582351e-05,-6643.915793455533,0.004525013267993927,28937927.988812234,28929202.484048348,2504826654.0
train_tune_0ca0b_01033_1033,CNN,0.0467231638418079,0.5708740074491675,0.6399602436424595,0.3954732120037079,1.2342890501022339,-0.09127539396286011,9.41547750699101e-06,-4323.414102582747,0.02269517257809639,26465680.955920145,27511345.391590632,5735811014.0
train_tune_0ca0b_01034_1034,CNN,0.1267966860996449,0.5674941672941579,0.7220824546560265,0.3564084768295288,1.1541426181793213,-0.05949541553854942,6.950561783014564e-06,-2215.3965345686793,-0.006865887902677059,29311.52773161751,29348.627333428867,2230071398.0
train_tune_0ca0b_01035_1035,CNN,0.043572069813634,0.6048866705105278,0.6480830215752086,0.29053640365600586,1.2253608703613281,-0.04434478282928467,8.261637958639767e-06,-18559.968747140632,0.007866119034588337,211076591356.3093,212568699067.80392,33229504086.0
train_tune_0ca0b_01036_1036,CNN,0.0422834193918531,0.6293772580695656,0.6695316695840625,0.2303048074245453,0.7972294092178345,-0.028262529522180557,3.3908013392647263e-06,-10279.565088655052,0.01197346206754446,107473457320.19046,109233308287.29306,30085805086.0
train_tune_0ca0b_01037_1037,CNN,0.1024431261306771,0.395366742670161,0.4760861165248826,0.5683392286300659,1.7084276676177979,-0.14810168743133545,2.31676094699651e-05,-2263.078068808517,0.0008467081934213638,630340.363762572,625542.6334684978,3070693126.0
train_tune_0ca0b_01038_1038,CNN,0.1235026061257945,0.4870427458285501,0.644020158076883,0.6555318832397461,2.5244510173797607,-0.23401516675949097,4.235693995724432e-05,-1927.8087269522407,0.0033248630352318287,629554.0500866984,622905.135593687,3015893926.0
train_tune_0ca0b_01039_1039,CNN,0.1203576278220114,0.2816116681983975,0.2803655589843304,0.15821951627731323,0.6086950302124023,-0.011376682668924332,2.3564280127175152e-06,-3266.2672752331646,0.003718885127454996,132677491.8908433,133943861.28388822,14676787566.0
train_tune_0ca0b_01040_1040,CNN,0.0601506871469522,0.5126792391228272,0.568273209736666,0.7764981985092163,2.541569232940674,-0.2718158960342407,1.7997903341893107e-05,-3286.136695856487,-0.008482949808239937,221011.26374539218,222659.20766335967,353464150.0
train_tune_0ca0b_01041_1041,CNN,0.042752747568905,0.5812620297457056,0.6218367889399915,0.5296180248260498,0.9034411907196045,-0.2153386026620865,2.9224989702925086e-05,-3347.476750333632,0.04541947320103645,16989999.481468543,17097770.3042757,3494897022.0
train_tune_0ca0b_01042_1042,CNN,0.0557106112844086,0.5648189788719418,0.5226483785295334,0.3198567032814026,1.3101319074630737,-0.04732746630907059,1.7862756067188457e-05,-18968.15984467976,0.00014973018551245332,948180788542.972,955337030218.908,10139539982.0
train_tune_0ca0b_01043_1043,CNN,0.0420706371191135,0.6181430487070998,0.6343261697094994,0.3165585398674011,1.1815009117126465,-0.05449420213699341,1.3042656973993871e-05,-5114.5548141091285,0.012098588049411774,74583480411.27185,76010665539.3041,19639926830.0
train_tune_0ca0b_01044_1044,CNN,0.0776304224966865,0.5690810403722395,0.6650697715854417,0.71614009141922,2.876601219177246,-0.2631453275680542,2.7229898478253745e-05,-1995.426775074438,-0.000722743570804596,30756.017437509676,30504.572243483115,1322561270.0
train_tune_0ca0b_01045_1045,CNN,0.0422834193918531,0.5311861360078919,0.6515147759009124,0.42365562915802,1.7502444982528687,-0.08761471509933472,1.3912971553509124e-05,-1866.7025045672428,0.006690559908747673,714.6950467362656,714.6950467362656,28225470.0
train_tune_0ca0b_01046_1046,CNN,0.0895656063311727,0.4850475137516019,0.642491207303198,0.9581723213195801,2.8353230953216553,-0.5454357266426086,4.6500543248839676e-05,-1849.3633122376045,0.019792303442955017,914.1666993205289,914.1666993205289,6060902.0
train_tune_0ca0b_01047_1047,CNN,0.0836791378424339,0.4806894249496058,0.5623243090002482,1.2862191200256348,3.370609760284424,-1.1574437618255615,7.020431803539395e-05,-1880.288294517833,0.05811304599046707,715.2063315805576,715.2063315805576,1874990.0
train_tune_0ca0b_01048_1048,CNN,0.0512649430080622,0.6118512558942958,0.719510091184527,0.2324438989162445,0.7873687744140625,-0.027051012963056564,7.270155947480816e-06,-8323.234529599842,0.009181726723909378,13975843099.425606,13833279722.782679,6280957598.0
train_tune_0ca0b_01049_1049,CNN,0.0422834193918531,0.6684687675509388,0.6063061317227829,0.2666935324668884,0.5209424495697021,-0.03111504577100277,6.091763680160511e-06,-7061.476707963947,0.0005859239026904106,176680498172.24783,177293818661.0056,5615357686.0
train_tune_0ca0b_01050_1050,CNN,0.0513615132945197,0.6146934729488117,0.6107679818212359,0.20362931489944458,0.8088452816009521,-0.01838921755552292,7.001895937719382e-06,-3411.7063356276108,-0.005180490203201771,288471689.9160547,302959127.65346825,11373694070.0
train_tune_0ca0b_01051_1051,CNN,0.0621396874176771,0.515295331936644,0.6389105175204556,0.7204358577728271,2.2185919284820557,-0.29334530234336853,3.132320853183046e-05,-1885.8726542305508,0.008767177350819111,821.0430168403753,821.0430168403753,7955622.0
train_tune_0ca0b_01052_1052,CNN,0.0557106112844086,0.5706325230331467,0.6227172253196218,0.7380157113075256,1.783060908317566,-0.3219655752182007,0.00010773936082841828,-6685.927739514648,0.013475105166435242,10744246.892482234,9984211.691337561,1503100862.0
train_tune_0ca0b_01053_1053,CNN,0.0557106112844086,0.5205794553344799,0.5885300406191192,0.15472811460494995,0.6329923868179321,-0.011573724448680878,5.318354851624463e-06,-5094.466458013043,0.0012409960618242621,727397591.6431623,737090763.7900422,11957332590.0
train_tune_0ca0b_01054_1054,CNN,0.0398345374750794,0.4524163308046154,0.5916201803648049,0.6950472593307495,2.3131070137023926,-0.2155764400959015,2.240754838567227e-05,-1960.870096909591,-0.007132434286177158,23516.164169637144,23365.939257281927,1026364958.0
train_tune_0ca0b_01055_1055,CNN,0.0512649430080622,0.6346408548877559,0.6185130849416873,0.22345352172851562,0.69605553150177,-0.022842273116111755,3.4403733479848597e-06,-5887.956735307268,0.0040598721243441105,13965460725.09591,13768751643.180542,6597930750.0
train_tune_0ca0b_01056_1056,CNN,0.0788748888692211,0.5294257681812943,0.659329950266155,0.9182326793670654,3.0450668334960938,-0.4047236144542694,5.3716565162176266e-05,-1880.7393943570019,-0.018918771296739578,1135.3245768969728,1135.3245768969728,8179886.0
train_tune_0ca0b_01057_1057,CNN,0.0422834193918531,0.5963051202036546,0.656371069007673,0.16802118718624115,0.6077423691749573,-0.013377608731389046,3.95917595596984e-06,-2769.842028351383,0.002532712183892727,6518992.7298129,6323635.81481984,3919595094.0
train_tune_0ca0b_01058_1058,CNN,0.0528515383252225,0.5500991326135342,0.7000278602724483,0.6344082355499268,2.846660852432251,-0.17797860503196716,3.437337727518752e-05,-1687.6521711557373,-0.024161353707313538,1207.005534244728,1207.005534244728,39220998.0
train_tune_0ca0b_01059_1059,CNN,0.0796764162604603,0.6752938037814462,0.5947933330907844,0.1839028149843216,0.6296985149383545,-0.015172065235674381,5.169901669432875e-06,-21797.267969714547,0.0005344089586287737,2028910638001.9583,1978194847493.0376,15273221878.0
train_tune_0ca0b_01060_1060,CNN,0.0422834193918531,0.6109428013595724,0.5466593101255506,0.3066842555999756,0.6267703771591187,-0.05884461849927902,4.5428922021528706e-05,-4907.453549197914,0.013382181525230408,116026932.68586218,116638976.56089464,5595718702.0
train_tune_0ca0b_01061_1061,CNN,0.033921228860191,0.6329475323367557,0.6564192135172763,0.3073052763938904,0.9125366806983948,-0.05145823210477829,9.244360626325943e-06,-6845.7665928517035,0.011449651792645454,44165071809.91799,45413966410.086395,23349275894.0
train_tune_0ca0b_01062_1062,CNN,0.0428833161571052,0.604620274282353,0.6080101783872905,0.2666992247104645,1.1430439949035645,-0.03544752299785614,6.910345291544218e-06,-5126.494180138918,0.0013495862949639559,1452306734.9897044,1475794105.0914364,16849750054.0
train_tune_0ca0b_01063_1063,CNN,0.064920571249714,0.5639452532850256,0.6466473110209461,0.46585023403167725,1.5832915306091309,-0.0958339273929596,1.279098341910867e-05,-2739.7683255423476,-0.009878990240395069,1631556.6038277007,1630052.981179311,6963705494.0
train_tune_0ca0b_01064_1064,CNN,0.0428833161571052,0.6860806237062823,0.6744528843749175,0.22291803359985352,0.7754422426223755,-0.023670002818107605,6.511760147986934e-06,-9249.5808187736,0.003026206512004137,147305505192.5786,149706764371.91656,27619539342.0
train_tune_0ca0b_01065_1065,CNN,0.0512906097018246,0.6198800602256662,0.6188970996073093,0.1967349350452423,0.8256276249885559,-0.018235929310321808,3.5002515232918086e-06,-20915.143770297636,-0.003113478422164917,5124382489730.182,5254535482551.569,22948736478.0
train_tune_0ca0b_01066_1066,CNN,0.1481689177840343,0.5640681013553888,0.7143762953848181,0.5299447774887085,2.0177745819091797,-0.13836055994033813,2.4520406441297382e-05,-2629.1563762701317,0.004851420409977436,47630.74089921619,47614.014481275895,6822508742.0
train_tune_0ca0b_01067_1067,CNN,0.0565205387489681,0.4891528638885327,0.6220940970452743,1.2015055418014526,3.0269148349761963,-0.8823451399803162,5.1360919314902276e-05,-1938.1049693721493,-0.017484910786151886,1080.4861733397304,1080.4861733397304,4008710.0
train_tune_0ca0b_01068_1068,CNN,0.0428833161571052,0.6197982964151084,0.6859366520858777,0.3043197691440582,1.2432200908660889,-0.04642859473824501,7.814130185579415e-06,-5176.914791273268,0.0021028751507401466,613439424.0757309,614520582.8995031,7103884558.0
train_tune_0ca0b_01069_1069,CNN,0.128759304559008,0.4125488270007132,0.5723651912649611,0.5270171761512756,1.9322471618652344,-0.1506035178899765,1.4096146514930297e-05,-1660.036562923955,0.012940611690282822,359.2971276348487,359.2971276348487,5835238.0
train_tune_0ca0b_01070_1070,CNN,0.1379948687373071,0.5194607052684143,0.6679116993150077,0.5955817103385925,1.92987859249115,-0.17373435199260712,1.61216903507011e-05,-1777.7232964602208,0.003487997455522418,17703.76473922844,17682.404044737093,575021790.0
train_tune_0ca0b_01071_1071,CNN,0.0952699594306655,0.5714064741068466,0.7202920690883579,0.5691282749176025,2.1431567668914795,-0.1755046397447586,3.2754382118582726e-05,-2326.168028402323,0.018722739070653915,44816.69620832654,44602.41848383905,7801547614.0
train_tune_0ca0b_01072_1072,CNN,0.111671519288943,0.6745952714792728,0.6457704119959956,0.28658658266067505,1.1458481550216675,-0.04013131558895111,1.1058547897846438e-05,-8412.349199456421,7.255410309880972e-05,147247547551.15735,143723222459.76978,28569636742.0
train_tune_0ca0b_01073_1073,CNN,0.2019440268993574,0.5964385459438211,0.6436339149202441,0.4935322701931,1.8462307453155518,-0.12599685788154602,2.1590854885289446e-05,-3400.244934303498,0.001386062242090702,2036716.599782426,2050326.185212804,8884640046.0
train_tune_0ca0b_01074_1074,CNN,0.0463827139544091,0.5778331304102425,0.6940732216962887,0.4577908515930176,1.710215449333191,-0.0907086655497551,2.703750942600891e-05,-4092.4599453424294,-0.015030644834041595,1730341.2991411542,1793556.283366828,12388231838.0
train_tune_0ca0b_01075_1075,CNN,0.0429054247579767,0.4567838611287625,0.5898852907942761,0.1009797751903534,0.35828953981399536,-0.003452837001532316,3.2931779969658237e-06,-47933.812363082696,-0.005708278156816959,559620940252.1536,615482691148.2379,21122448574.0
train_tune_0ca0b_01076_1076,CNN,0.0791885000513157,0.5855733084044193,0.6361995975980655,0.3857443034648895,0.874340832233429,-0.09431697428226471,1.3572491297964007e-05,-2962.580234110651,0.017450567334890366,30106379.571481735,29699175.085999545,10882573478.0
train_tune_0ca0b_01077_1077,CNN,0.0428833161571052,0.6375718458148915,0.6458981165299829,0.3222467303276062,0.9344977736473083,-0.05007242038846016,5.166568371350877e-06,-4872.145830377216,-0.0011589361820369959,1069186548706.8914,1064749723589.004,16714644406.0
train_tune_0ca0b_01078_1078,CNN,0.0508763043809772,0.5759762592586787,0.611663908325668,0.24641814827919006,1.0147252082824707,-0.030718160793185234,4.718177933682455e-06,-2749.2178977815493,0.00854567438364029,466863.9877078094,469275.61055871774,1243260054.0
train_tune_0ca0b_01079_1079,CNN,0.0463827139544091,0.679579168969398,0.6303470313992335,0.35774266719818115,1.4571027755737305,-0.05472073331475258,7.914295565569773e-06,-7653.360645827086,-0.011200436390936375,4845704472.124121,4876335229.737469,23458966134.0
train_tune_0ca0b_01080_1080,CNN,0.0428833161571052,0.5954676277979049,0.5904806252489486,0.298835813999176,0.7460533380508423,-0.04665493220090866,1.1028931112377904e-05,-4562.28009660373,0.005774560384452343,2645016256.810576,2696299322.740366,6372988486.0
train_tune_0ca0b_01081_1081,CNN,0.1073386284585422,0.4044151946972273,0.6131181317454956,0.5102970004081726,2.070354461669922,-0.13560131192207336,1.2094671546947211e-05,-1676.4386177548358,0.012684108689427376,15071.908998099221,15156.926630673752,757876598.0
train_tune_0ca0b_01082_1082,CNN,0.0422834193918531,0.6122998357935714,0.6454428158081952,0.42264699935913086,1.6505049467086792,-0.09506358206272125,1.9812538084806874e-05,-5137.33430813627,0.0072908420115709305,1594685097.0876033,1520565716.735356,9739701582.0
train_tune_0ca0b_01083_1083,CNN,0.0483196379417484,0.6122785365190225,0.6145464153940342,0.33753883838653564,0.8026102781295776,-0.06201239302754402,7.905441634648014e-06,-7898.943725276558,0.011043978855013847,2062523357.8878803,2081989202.962996,15709608862.0
train_tune_0ca0b_01084_1084,CNN,0.0479667529711183,0.5047304905513953,0.6499563412991457,0.9946930408477783,3.277169942855835,-0.48243704438209534,4.2839434172492474e-05,-1740.6997595573516,-0.027045700699090958,1006.946572540623,1006.946572540623,5876262.0
train_tune_0ca0b_01085_1085,CNN,0.0463827139544091,0.3958965501883772,0.5227659479163903,0.3603253662586212,1.1872246265411377,-0.06520217657089233,7.030556389509002e-06,-5098.86180523127,0.0043994104489684105,83057418575.18321,83689654012.77438,20396618398.0
train_tune_0ca0b_01086_1086,CNN,0.0713559212133696,0.5971578413463284,0.5929677277370496,0.32181060314178467,1.2798564434051514,-0.05384492129087448,1.0805769306898583e-05,-6832.085467349665,0.005345845595002174,125061774747.51436,126959506826.89796,34165382182.0
train_tune_0ca0b_01087_1087,CNN,0.0422834193918531,0.6256445965297658,0.6758911773863256,0.11230362951755524,0.4226972162723541,-0.005505876149982214,2.3619058993062936e-06,-13050.258811546692,-0.0004963226965628564,21287237006.856194,21077357456.053005,6868938030.0
train_tune_0ca0b_01088_1088,CNN,0.0769145785357094,0.527890571850757,0.6733557406827879,0.610967218875885,2.6599996089935303,-0.16491049528121948,2.103075348713901e-05,-1674.7627387596135,-0.024607576429843903,852.2444548002154,852.2444548002154,22209062.0
train_tune_0ca0b_01089_1089,CNN,0.0872617589013314,0.5123113104570262,0.6411071197821653,1.01554536819458,2.8631744384765625,-0.596759021282196,3.556111914804205e-05,-2077.8470751375053,0.015860222280025482,1110.0486653640248,1110.0486653640248,5787398.0
train_tune_0ca0b_01090_1090,CNN,0.0422834193918531,0.3617476327756306,0.3475916955565442,0.34405890107154846,0.9317208528518677,-0.059185389429330826,1.033034368447261e-05,-2536.7086972192205,-0.002870649565011263,119166061.67587942,117036515.40480468,1886217270.0
train_tune_0ca0b_01091_1091,CNN,0.0998012593502671,0.5017735585873696,0.6430460076952831,0.4749116897583008,2.196885585784912,-0.11258814483880997,9.564279025653377e-06,-1716.647391055704,-0.0037632095627486706,585.7644263728292,585.7644263728292,24917702.0
train_tune_0ca0b_01092_1092,CNN,0.0673841146414797,0.5970533603843259,0.6463435440971902,0.31980353593826294,1.1264456510543823,-0.05185847729444504,7.502454536734149e-06,-3697.288258429475,0.006541712209582329,2115514.1867560605,2092871.4775626475,13412973358.0
train_tune_0ca0b_01093_1093,CNN,0.080311351159028,0.5628643802325022,0.6939822541367012,0.28807130455970764,0.6853300333023071,-0.0466737300157547,1.3458895409712568e-05,-2163.6089430868883,0.011142781935632229,18293.76284448572,18288.828432194092,1682719334.0
train_tune_0ca0b_01094_1094,CNN,0.047314791710949,0.6011719449923023,0.6623174699580624,0.3505467176437378,1.3854037523269653,-0.061907388269901276,1.2807543498638552e-05,-3802.5214602889096,0.0023044864647090435,3703762.7744533992,3692783.9691860564,24356786430.0
train_tune_0ca0b_01095_1095,CNN,0.0422834193918531,0.339636390733069,0.3928533180520637,0.26841896772384644,1.1412129402160645,-0.032785698771476746,7.976448614499532e-06,-2365.1583677441163,-0.008266502059996128,4150058.322497708,4182863.944859461,1784097430.0
train_tune_0ca0b_01096_1096,CNN,0.0592693186515678,0.5196586059748314,0.6371550072266886,0.5588094592094421,2.0284509658813477,-0.16066065430641174,2.3661745217395946e-05,-1750.8210367395575,0.007917501032352448,625.6545394909554,625.6545394909554,12115142.0
train_tune_0ca0b_01097_1097,CNN,0.0467231638418079,0.6690741059459212,0.65096637557516,0.15147724747657776,0.5735920071601868,-0.010628809221088886,3.56277814717032e-06,-51752.56643955496,-0.0016997642815113068,6910921921848.008,6945847942828.145,28522835734.0
train_tune_0ca0b_01098_1098,CNN,0.0341046317007422,0.4415786382462759,0.5104749995098524,0.38952094316482544,1.6162993907928467,-0.0812952071428299,9.667193808127195e-06,-4565.8314150140395,0.003133560996502638,17440840467.598877,17775382342.41119,9889656566.0
train_tune_0ca0b_01099_1099,CNN,0.115600473044082,0.3810283368534941,0.4282233743578784,0.6842474937438965,2.8717525005340576,-0.24147957563400269,3.549670509528369e-05,-2817.3220876755167,0.004322338383644819,1282232.0261518818,1308206.0700422223,3212749982.0
train_tune_0ca0b_01100_1100,CNN,0.0493591184628604,0.3042453780936769,0.4052511276299189,0.8123798370361328,3.656794309616089,-0.39464354515075684,4.315211845096201e-05,-1835.9255972560888,0.022275224328041077,9273.086805006325,9225.083848380627,330290086.0
train_tune_0ca0b_01101_1101,CNN,0.0434998228017173,0.5383846458855751,0.5914257842541885,0.3357967734336853,1.3255393505096436,-0.06224878504872322,1.5122802324185614e-05,-5220.054043535296,0.010569221340119839,27412966.935906414,27904565.636459857,7952865550.0
train_tune_0ca0b_01102_1102,CNN,0.0483317608258639,0.5437602946945429,0.6752830568894187,0.552667498588562,1.3041659593582153,-0.21616438031196594,1.9987417545053177e-05,-2014.7485698338676,0.04229564219713211,14865.72444749554,15081.232301407803,452015158.0
train_tune_0ca0b_01103_1103,CNN,0.0498828120544763,0.5482065450495069,0.6870848143262899,0.9368337988853455,3.6253814697265625,-0.5014376640319824,2.9461814847309142e-05,-1820.113667204937,0.04920373857021332,1319.2441716588637,1319.2441716588637,20673958.0
train_tune_0ca0b_01104_1104,CNN,0.0422834193918531,0.5646201703009037,0.7454147693393423,0.44909220933914185,1.7908061742782593,-0.0928255170583725,1.5168297068157699e-05,-2241.6127397956884,-0.010310331359505653,70302.41385576912,70344.31210276665,6636634470.0
train_tune_0ca0b_01105_1105,CNN,0.1377943999295535,0.6210993130460709,0.6772800517831185,0.47364768385887146,1.2646772861480713,-0.12294647097587585,3.129405013169162e-05,-16737.499350578513,0.002705077640712261,71529619289.08383,72006893191.31342,10173211926.0
train_tune_0ca0b_01106_1106,CNN,0.0428833161571052,0.599993254157526,0.6721399322802076,0.19978219270706177,0.587598443031311,-0.01785368286073208,3.6630549402616452e-06,-6527.36935070566,0.0010953923920169473,5783438779.322012,5855383491.9967,8304270534.0
train_tune_0ca0b_01107_1107,CNN,0.1076475553904061,0.594385730468794,0.6972458179862188,0.5414186716079712,2.349552631378174,-0.1300365924835205,2.4072480300674215e-05,-2305.8858303283846,-0.008849994279444218,29848.748801914935,29860.571015566296,2520525646.0
train_tune_0ca0b_01108_1108,CNN,0.0428334192292275,0.6641235136131353,0.6497372180357933,0.10636179149150848,0.34673136472702026,-0.003983357921242714,4.63629703517654e-06,-10026.804388782863,0.001071894308552146,18509387334.716026,18231094890.46659,8638410078.0
train_tune_0ca0b_01109_1109,CNN,0.0463827139544091,0.4840413578864863,0.5998835490910338,0.3404603600502014,1.2256340980529785,-0.058661703020334244,9.437046173843555e-06,-3647.0782121604457,0.0025400621816515923,24171233.916058898,24469365.655670352,6761675574.0
train_tune_0ca0b_01110_1110,CNN,0.0512649430080622,0.6057970583822618,0.6505580168522107,0.2215936779975891,0.901405394077301,-0.023274533450603485,4.871922101301607e-06,-5405.3816646756095,-0.00822113174945116,641897505.7500393,661612757.0484858,9458175518.0
train_tune_0ca0b_01111_1111,CNN,0.0557106112844086,0.6794260343289907,0.647178598731658,0.1310843825340271,0.36091458797454834,-0.006154016591608524,2.344161202927353e-06,-45595.71066511004,0.00208069384098053,2638987447594.8896,2642998386242.619,16587416486.0
train_tune_0ca0b_01112_1112,CNN,0.0836537055702037,0.5740901149689062,0.7075512195203434,0.47907477617263794,1.9331649541854858,-0.0770145058631897,2.9884064133511856e-05,-2189.451034940527,-0.01821066439151764,723331.5953696935,725271.7880608347,14536848718.0
train_tune_0ca0b_01113_1113,CNN,0.1006154606309341,0.4364987872081496,0.522753112231999,0.5965078473091125,2.005298376083374,-0.17225360870361328,2.281592969666235e-05,-2102.519637241402,-0.0026363260112702847,627893.1097665478,617111.5053029532,1464012502.0
train_tune_0ca0b_01114_1114,CNN,0.1595360232918723,0.5718580858217276,0.7225257389252343,0.3598558008670807,1.4181002378463745,-0.0662154108285904,6.558381301147165e-06,-1971.0124450665016,-0.0008029575110413134,24751.056934327768,24709.439435670312,6395950742.0
train_tune_0ca0b_01115_1115,CNN,0.0669181243257517,0.5054915956924305,0.6657585535329409,0.7030163407325745,3.271080493927002,-0.2705060541629791,2.3901317035779357e-05,-1685.6954329225039,0.011770753189921379,926.9032446540639,926.9032446540639,23879742.0
train_tune_0ca0b_01116_1116,CNN,0.0422834193918531,0.6449305263716937,0.6733001582687378,0.13421425223350525,0.4055805802345276,-0.0070654721930623055,3.5492810184223345e-06,-16143.767233974457,0.005184495821595192,50863228249.557396,50899846940.34692,12113695622.0
train_tune_0ca0b_01117_1117,CNN,0.0428833161571052,0.5962475571795177,0.6721661920343135,0.3770522475242615,1.225019097328186,-0.07010606676340103,1.6362500900868326e-05,-3359.4172835476074,-0.0020741221960633993,25651374.549532764,24863444.79261709,3963521750.0
train_tune_0ca0b_01118_1118,CNN,0.1443292488235296,0.5805587985345176,0.6127695271426057,0.4306984841823578,0.8341883420944214,-0.10571669787168503,1.5729881852166727e-05,-6858.795134290003,-0.0037365288008004427,27560869.657102894,28464959.74023634,918569382.0
train_tune_0ca0b_01119_1119,CNN,0.0422979532116382,0.5715033800332497,0.70851494723271,0.48704859614372253,1.7789336442947388,-0.12217657268047333,2.511719321773853e-05,-2566.9855220394024,0.005684328265488148,40989.922889972564,41172.81751017971,4464414182.0
train_tune_0ca0b_01120_1120,CNN,0.0337209556354723,0.6012508742372679,0.6407587106964087,0.494952917098999,1.907491683959961,-0.14089465141296387,1.6105357644846663e-05,-3013.338108322763,0.013919640332460403,1705318.9195220473,1704430.4961602683,10861534406.0
train_tune_0ca0b_01121_1121,CNN,0.0589394350433116,0.5068263467668656,0.6483124656244479,0.357503741979599,1.1884666681289673,-0.06690658628940582,1.0410645700176246e-05,-2516.576622468381,0.006625933572649956,465312.25854880374,459198.1322044263,2680777622.0
train_tune_0ca0b_01122_1122,CNN,0.0647006545065718,0.517474077297854,0.6654975474448511,0.6557900905609131,2.917090654373169,-0.2397989183664322,1.4514795111608692e-05,-1778.981031402427,0.036291517317295074,774.5612834445027,774.5612834445027,20143086.0
train_tune_0ca0b_01123_1123,CNN,0.0770797973542946,0.4950006891766182,0.6813132241913923,1.0937232971191406,3.9877841472625732,-0.6711388826370239,4.623745917342603e-05,-2209.541986090209,0.020410452038049698,26057.847959708277,25683.187325483348,570192246.0
train_tune_0ca0b_01124_1124,CNN,0.0512649430080622,0.4440580328208871,0.5248948662559445,0.7268542647361755,1.9754841327667236,-0.3521403670310974,4.109146539121866e-05,-3405.5564590715835,0.038450174033641815,31900067.83251526,32057487.5244964,7643680214.0
train_tune_0ca0b_01125_1125,CNN,0.0646358100927296,0.5958566910382895,0.7276241046066824,0.4287499785423279,1.8614997863769531,-0.09250709414482117,1.0758620192063972e-05,-2860.411130142426,-0.0046625095419585705,1964890.6871299152,1937263.3288159186,9510927910.0
train_tune_0ca0b_01126_1126,CNN,0.0495104424870311,0.5813849982377493,0.6617973896781155,0.45066970586776733,1.617066740989685,-0.10929454118013382,1.1091091437265277e-05,-2432.5530831162655,0.016701089218258858,833939.3907536912,832053.6755289449,4621210358.0
train_tune_0ca0b_01127_1127,CNN,0.0975482457600216,0.6052761595686587,0.6882295143871588,0.5273450613021851,1.6027508974075317,-0.15345828235149384,1.9590033843996935e-05,-3370.6252340210885,0.006340459920465946,34499415.56846449,33941836.018319316,6808193710.0
train_tune_0ca0b_01128_1128,CNN,0.0641667871305783,0.541444598251383,0.6732817160637724,0.7585384845733643,3.3408195972442627,-0.3107646703720093,2.3064003471517935e-05,-1937.6331060550206,0.03393847867846489,1385.6202160132261,1385.6202160132261,36025094.0
train_tune_0ca0b_01129_1129,CNN,0.0474371222374285,0.6130191873683385,0.6876098132845351,0.4597124457359314,1.6415297985076904,-0.11783052980899811,2.802877497742884e-05,-2720.0810231513306,0.022947702556848526,35732509.57490484,35727383.705696166,13392893278.0
train_tune_0ca0b_01130_1130,CNN,0.0557106112844086,0.6050792257783376,0.6043078235019652,0.17529582977294922,0.6574837565422058,-0.014259902760386467,4.980353423889028e-06,-11716.432123368426,0.00018794025527313352,1210910705626.234,1170755099470.5474,19731427294.0
train_tune_0ca0b_01131_1131,CNN,0.0524830511363841,0.5884610039384081,0.6664498239485611,0.37576743960380554,1.4746296405792236,-0.0814170241355896,1.4200441000866704e-05,-2400.3652348572145,0.01758556067943573,475363.6572787768,475329.38549204497,3475295222.0
train_tune_0ca0b_01132_1132,CNN,0.0635173785444021,0.4113477996284804,0.5665268914313532,0.4450899362564087,1.9368643760681152,-0.10055344551801682,8.898795385903213e-06,-1806.1545418052451,0.007386022247374058,369.8633944366204,369.8633944366204,10655022.0
train_tune_0ca0b_01133_1133,CNN,0.0984456618693072,0.4386275689029056,0.6057529826972987,0.9538043141365051,3.6718404293060303,-0.5068936347961426,6.417145050363615e-05,-1870.822069790918,0.020085707306861877,19740.039722767302,19383.033193965093,1663683902.0
train_tune_0ca0b_01134_1134,CNN,0.054716805993131,0.3302102479384963,0.40121965075582,0.5021718144416809,1.8610968589782715,-0.13974876701831818,1.4095422557147685e-05,-2915.8627491803245,0.016482770442962646,638728.2500060517,634024.1249595264,1329614334.0
train_tune_0ca0b_01135_1135,CNN,0.0512649430080622,0.3739877877421826,0.3225887694270063,1.0842311382293701,4.105319976806641,-0.5532949566841125,8.000093657756224e-05,-2560.9642727635255,-0.007111763581633568,12000.370126846621,12019.545557233261,116884942.0
train_tune_0ca0b_01136_1136,CNN,0.0543211622953002,0.6005174344892371,0.6517816635037291,0.3698960542678833,1.4699972867965698,-0.06669466197490692,1.7872225726023316e-05,-3918.0643533204725,0.003998518921434879,63097442.6701359,61775988.88040603,13182492150.0
train_tune_0ca0b_01137_1137,CNN,0.046679144688333,0.6060780662455522,0.6742844137692702,0.35599565505981445,1.2457002401351929,-0.06307732313871384,1.0859040230570827e-05,-12926.439997191324,0.004315391182899475,37867729902.893814,39339359571.57877,10455075838.0
train_tune_0ca0b_01138_1138,CNN,0.0422834193918531,0.6118180691887959,0.657867692863133,0.25399282574653625,1.033479928970337,-0.030638068914413452,5.860462806595024e-06,-6097.736120570212,-0.0017660484882071614,102299864897.5934,102916776304.87001,15711275166.0
train_tune_0ca0b_01139_1139,CNN,0.1264196891604082,0.4398537385404906,0.6121630433069524,0.5302636623382568,2.4020445346832275,-0.144263356924057,1.1427259778429288e-05,-1687.054845127011,-0.0014352333964779973,659.1837851092125,659.1837851092125,24294926.0
train_tune_0ca0b_01140_1140,CNN,0.0810974295723696,0.5922449692630306,0.6742616700187888,0.6425884962081909,2.6933178901672363,-0.17209593951702118,4.99745765409898e-05,-2889.4993403302133,-0.006094550248235464,25189485.641531207,24283221.904101573,20159630054.0
train_tune_0ca0b_01141_1141,CNN,0.0570713629247313,0.6979142204688477,0.6548879047280848,0.2567440867424011,0.7276719212532043,-0.03300628811120987,2.8658882911258843e-06,-10378.740844493885,0.005081367678940296,50880544800.59108,52407480610.50644,14135222478.0
train_tune_0ca0b_01142_1142,CNN,0.0428833161571052,0.6675658333469151,0.6508761894037852,0.15681761503219604,0.6139287352561951,-0.010988159105181694,3.398204626137158e-06,-7319.545748932695,5.316385067999363e-05,1199400257.3930528,1200116616.7801929,11308555246.0
train_tune_0ca0b_01143_1143,CNN,0.0436717829003528,0.6122171375220432,0.6613443039053891,0.3678585886955261,0.9590879678726196,-0.07656074315309525,1.1621534213190898e-05,-5249.707879805835,0.008882766589522362,93001685.84803757,93447247.78817025,18930008518.0
train_tune_0ca0b_01144_1144,CNN,0.0695162046702501,0.5351776021276968,0.6738342681861617,0.6171286106109619,1.4017760753631592,-0.2096698135137558,1.889672603283543e-05,-2740.0274706497826,-0.021918579936027527,22295.7003634024,22359.8547621328,333411006.0
train_tune_0ca0b_01145_1145,CNN,0.064190790628296,0.5965414054862602,0.6581027819276065,0.21731188893318176,0.9450465440750122,-0.022986089810729027,3.987763193435967e-06,-9415.22906155778,-0.00021717615891247988,1248878372.2436647,1257878218.7980595,15618643390.0
train_tune_0ca0b_01146_1146,CNN,0.0463827139544091,0.6225901331379257,0.6805183814578445,0.10050653666257858,0.35150015354156494,-0.0038745286874473095,2.7276960281596985e-06,-6552.684515217923,0.0007179530221037567,5691998528.126177,5741137301.095596,10294184414.0
train_tune_0ca0b_01147_1147,CNN,0.0557106112844086,0.7043794651266712,0.6959040584826766,0.2797064185142517,1.0463169813156128,-0.03939623013138771,6.505742931040004e-06,-9834.102750331169,0.002390100620687008,135523679599.52565,133192662319.06276,20477677366.0
train_tune_0ca0b_01148_1148,CNN,0.0442875464430101,0.5812156742519551,0.6685680981624408,0.5870501399040222,2.17384672164917,-0.20923104882240295,3.2219824788626283e-05,-3665.33021007637,0.02721293829381466,1100686.5695109516,1106172.9704422373,2769071694.0
train_tune_0ca0b_01149_1149,CNN,0.1116558058943336,0.5994619661938966,0.6797249406884017,0.4194493293762207,1.3747143745422363,-0.09148263186216354,1.271285509574227e-05,-3666.6611922654392,0.0015139426104724407,1683281.0565379069,1671536.2869891343,9948473926.0
train_tune_0ca0b_01150_1150,CNN,0.0865191987842394,0.4104833068638563,0.5610083876212927,0.6493165493011475,2.3219995498657227,-0.23767732083797455,1.9314495148137212e-05,-1732.3045734034386,0.023671332746744156,396.21358666317076,396.21358666317076,3817654.0
train_tune_0ca0b_01151_1151,CNN,0.0941142196658961,0.5577813138559659,0.7184543896053661,0.43694499135017395,1.584681749343872,-0.10249698162078857,7.74437103245873e-06,-1833.9516729659683,0.01263180561363697,29241.50191374011,29203.835458496054,1852263446.0
train_tune_0ca0b_01152_1152,CNN,0.0428833161571052,0.3900303902539487,0.343776703559784,0.4578183889389038,1.958155870437622,-0.1119040697813034,1.7307549569522962e-05,-5486.815347634486,0.006267573684453964,70784173781.04126,71455799257.99783,25755521214.0
train_tune_0ca0b_01153_1153,CNN,0.0467231638418079,0.6509747174182462,0.6349926632912298,0.3562086820602417,1.5072237253189087,-0.060485731810331345,1.3486369425663725e-05,-11077.157864331293,-0.0020897791255265474,274171372500.9277,269337342935.54355,34808239230.0
train_tune_0ca0b_01154_1154,CNN,0.0463827139544091,0.6424246221333707,0.6390387859216592,0.10969909280538559,0.4061751365661621,-0.005121093243360519,4.688240096584195e-06,-18859.156396361104,0.0035493439063429832,575722382013.6658,581208789710.1838,28061844406.0
train_tune_0ca0b_01155_1155,CNN,0.0557106112844086,0.3242699070715645,0.3271027957583779,0.18834295868873596,0.764739990234375,-0.015510007739067078,6.976743861741852e-06,-2698.076800627432,-0.0059837414883077145,7512020753.164299,7317769470.596833,10168651158.0
train_tune_0ca0b_01156_1156,CNN,0.0900421709727571,0.5980423244562788,0.706321507140601,0.226049542427063,0.5434847474098206,-0.02023490145802498,5.957563189440407e-06,-4133.975895814226,-0.004222997464239597,684102396.7635581,673226543.2136346,16875156606.0
train_tune_0ca0b_01157_1157,CNN,0.0963455552147278,0.5689169418581544,0.7246320327484836,0.3688405156135559,1.5521273612976074,-0.0649854838848114,7.63436582928989e-06,-2059.5821177353787,-0.0031556945759803057,31567.19275167348,31570.41580092366,8671280278.0
train_tune_0ca0b_01158_1158,CNN,0.0512649430080622,0.654669013198227,0.6431843691454567,0.3358652591705322,1.4194151163101196,-0.05539350584149361,1.299051109526772e-05,-14100.681370983786,-0.0015852496726438403,214334428246.6136,216385110023.97906,25633816094.0
train_tune_0ca0b_01159_1159,CNN,0.0795005378604124,0.5406457770585101,0.6610139454482834,0.4543520510196686,2.0634777545928955,-0.10063125938177109,1.0143963663722388e-05,-1790.9961815647484,-0.010459637269377708,706.5666349808572,706.5666349808572,29672438.0
train_tune_0ca0b_01160_1160,CNN,0.0512649430080622,0.554866110170804,0.6932935976056523,0.695116400718689,2.3685784339904785,-0.22885508835315704,3.474652112345211e-05,-2190.7364339366973,0.003943935502320528,47770.992268806775,47902.197951829294,4488695366.0
train_tune_0ca0b_01161_1161,CNN,0.0428833161571052,0.6207289419802934,0.6148752899820155,0.502017617225647,2.1119110584259033,-0.13916581869125366,2.2185198758961633e-05,-10083.17144558961,0.013037124648690224,24140996242.854,24183587625.966835,13391522966.0
train_tune_0ca0b_01162_1162,CNN,0.0512649430080622,0.5528880924970269,0.6014390112587574,0.31190183758735657,0.8417889475822449,-0.03702293708920479,8.780971256783232e-06,-6882.104194960494,-0.010909900069236755,24038551754.065697,24720245273.935196,12609951710.0
train_tune_0ca0b_01163_1163,CNN,0.0463827139544091,0.6109976587158633,0.6219968491585152,0.16462397575378418,0.6001831889152527,-0.012482395395636559,4.309261385060381e-06,-30528.217016822917,0.0012740541715174913,4033420217011.0137,3971746122966.045,20680169502.0
train_tune_0ca0b_01164_1164,CNN,0.0467231638418079,0.6802489639803254,0.6623981076196745,0.3727755546569824,1.5256576538085938,-0.07980895042419434,1.2076042366970796e-05,-8851.653345510584,0.016475195065140724,5780660773.773039,5763492602.446866,16013250646.0
train_tune_0ca0b_01165_1165,CNN,0.1740011505957065,0.3593551442979186,0.3769480714938008,0.21892395615577698,0.8025846481323242,-0.020265035331249237,7.319723863474792e-06,-4201.341057663517,-0.005092095583677292,6542182.969291686,6437521.976873026,1124238862.0
train_tune_0ca0b_01166_1166,CNN,0.0737816659829608,0.546748354053102,0.690922976374638,0.5006385445594788,2.2952122688293457,-0.12299830466508865,1.8588600141811185e-05,-1778.7166943794182,0.005318810231983662,928.0787503244385,928.0787503244385,44520838.0
train_tune_0ca0b_01167_1167,CNN,0.0429571002523514,0.6120829534332998,0.6528340696198873,0.2872406244277954,1.1516525745391846,-0.040485408157110214,7.2956936492118984e-06,-2753.318692445929,0.001168344751931727,5278196.978184739,5414205.618870223,2321810518.0
train_tune_0ca0b_01168_1168,CNN,0.0423052637621261,0.596900933841218,0.6975576760257507,0.5629580616950989,2.1636593341827393,-0.17092254757881165,1.7607802874408662e-05,-2710.369490320966,0.011403052136301994,2562106.677030412,2525545.0103911804,11474351670.0
train_tune_0ca0b_01169_1169,CNN,0.0793709458675295,0.2819914646709295,0.2749683036233933,0.28030383586883545,1.126521348953247,-0.03700729086995125,1.1053804882976692e-05,-3264.4968372494404,0.0006039952277205884,1241186085.6252537,1265630087.2420278,14534566822.0
train_tune_0ca0b_01170_1170,CNN,0.0512649430080622,0.7101274307142367,0.6527797952764697,0.2844589650630951,1.1004501581192017,-0.04112548381090164,9.95143454929348e-06,-11418.44364961995,0.0014203520258888602,2686891468309.4824,2804096692829.907,22195911422.0
train_tune_0ca0b_01171_1171,CNN,0.1470442259284591,0.491065435403021,0.6461917946024792,0.9863808155059814,3.3486883640289307,-0.4809776246547699,3.968361488659866e-05,-1908.2635045103214,-0.006125342100858688,1007.1065210233534,1007.1065210233534,7152262.0
train_tune_0ca0b_01172_1172,CNN,0.0463905861054537,0.5835191284894454,0.6124507334193288,0.21855545043945312,0.6369978189468384,-0.022447798401117325,7.119310339476215e-06,-7579.028382430483,0.0013009909307584167,463739014.44785213,467211401.56702125,2996663190.0
train_tune_0ca0b_01173_1173,CNN,0.0467231638418079,0.6039724158161414,0.6531808069028272,0.38290390372276306,1.6068298816680908,-0.08233006298542023,1.3119873074174393e-05,-2778.7885556858864,0.01308293454349041,49723420.896634944,49745501.51691178,14168444998.0
train_tune_0ca0b_01174_1174,CNN,0.1103238984731681,0.5747285826061089,0.7122643385778044,0.5066482424736023,1.9320725202560425,-0.14773209393024445,2.651101203809958e-05,-2497.258133647457,0.027242962270975113,45044.73714193188,45356.30869166549,8014136454.0
train_tune_0ca0b_01175_1175,CNN,0.0882645039114363,0.5434132033918607,0.6931944229261849,0.5629441142082214,2.6344122886657715,-0.1517743468284607,1.5456302207894623e-05,-1730.1165038112783,-0.005809953436255455,1080.1538839557666,1080.1538839557666,48097870.0
train_tune_0ca0b_01176_1176,CNN,0.0470582024542119,0.666551434035493,0.6527052838682658,0.6823875904083252,2.710125207901001,-0.2291518747806549,3.593083965824917e-05,-9034.753683391385,0.004867292009294033,106008803186.01025,101244204330.55331,22750791414.0
train_tune_0ca0b_01177_1177,CNN,0.0584260459562389,0.4156694970463153,0.576617728897609,0.46809202432632446,1.9373151063919067,-0.113705575466156,1.529589280835353e-05,-1599.7198839519278,0.0009684702381491661,368.47034055037864,368.47034055037864,9197878.0
train_tune_0ca0b_01178_1178,CNN,0.0467231638418079,0.6920317272227655,0.6728888999099886,0.1954648494720459,0.4218024015426636,-0.014259125106036663,3.693515736813424e-06,-12625.864515501393,0.0021837507374584675,15438878938.575829,15764976872.930431,7360942150.0
train_tune_0ca0b_01179_1179,CNN,0.0512649430080622,0.5768148008286109,0.6311872877708288,0.4803740382194519,1.7293329238891602,-0.12696734070777893,3.529102832544595e-05,-6905.82145893791,0.01210051216185093,8589570328.176246,8533376731.57856,31755038862.0
train_tune_0ca0b_01180_1180,CNN,0.0703614711836871,0.4937054522800118,0.6074582073093237,0.35109812021255493,1.1214144229888916,-0.05523709952831268,1.3292319636093453e-05,-3466.9524479672514,-0.00407029502093792,12298009.84989342,12267497.506403372,2365635734.0
train_tune_0ca0b_01181_1181,CNN,0.0463827139544091,0.5680177732261946,0.6404489405805082,0.5179656147956848,0.8491337299346924,-0.213409423828125,7.492848817491904e-05,-5299.133343650318,0.025106215849518776,483056230.6147118,489172026.2515048,13461483542.0
train_tune_0ca0b_01182_1182,CNN,0.0461390398550724,0.4562987337321642,0.528375401734405,0.5758669376373291,2.396385908126831,-0.1666802614927292,3.272663161624223e-05,-2527.01019150825,-0.0018879581475630403,8116613.301731385,8092993.659920994,2414593462.0
train_tune_0ca0b_01183_1183,CNN,0.0422834193918531,0.6164323216222932,0.659851803717458,0.30696290731430054,1.2122244834899902,-0.04599379375576973,7.664417353225872e-06,-3388.177013345194,-7.039721822366118e-05,63697132.3773323,63147048.638786905,15439441422.0
train_tune_0ca0b_01184_1184,CNN,0.0463827139544091,0.3753018527588752,0.3693136371080315,0.5965685248374939,2.4318764209747314,-0.18207316100597382,2.0025674530188553e-05,-2479.4969039009334,0.00828556902706623,181511.92769729786,177186.08283250616,213703782.0
train_tune_0ca0b_01185_1185,CNN,0.0429054247579767,0.6274536193843525,0.6442328553469313,0.22806476056575775,0.8656708002090454,-0.020790116861462593,5.2246432460378855e-06,-4425.054082341164,-0.011554762721061707,1490463010.3366964,1500238794.2759569,15545085422.0
train_tune_0ca0b_01186_1186,CNN,0.1085261105476429,0.5948021878635107,0.6531460659468222,0.32585105299949646,1.0357539653778076,-0.048996735364198685,1.1078926036134362e-05,-2993.899489790158,-0.003832047339528799,30707791.266606554,30296966.981800128,5803557462.0
train_tune_0ca0b_01187_1187,CNN,0.0262230436510807,0.6228720122652968,0.5738647714879511,0.12696737051010132,0.40348243713378906,-0.006078754086047411,3.9309416024480015e-06,-20951.310646776383,-0.0022125402465462685,972994187812.7756,980352012556.9442,18454605318.0
train_tune_0ca0b_01188_1188,CNN,0.1033787436474512,0.6165914861233415,0.6447692312551928,0.5866279602050781,2.1397311687469482,-0.17311927676200867,1.648044417379424e-05,-4217.040319173269,0.0067526232451200485,2759772584.901573,2788957916.550128,18719306750.0
train_tune_0ca0b_01189_1189,CNN,0.0557106112844086,0.3404579373915148,0.3054074503392733,0.45480793714523315,1.9682345390319824,-0.09025189280509949,1.5457648260053247e-05,-2227.4246114857265,-0.014356699772179127,1222082.065328892,1205826.036167429,4875678974.0
train_tune_0ca0b_01190_1190,CNN,0.0428833161571052,0.6113841063532525,0.678064207739825,0.3400499224662781,0.8922206163406372,-0.05583163723349571,9.451533514948096e-06,-7904.440745732156,-0.00270767486654222,54808173055.40204,55828952651.30202,17267344262.0
train_tune_0ca0b_01191_1191,CNN,0.0557106112844086,0.5614987562294341,0.5906751008871679,0.2797536849975586,0.9351353049278259,-0.03742317855358124,7.017024472588673e-06,-55472.600498427724,0.0069521209225058556,1117211602987.0571,1131577603587.5266,14818046150.0
train_tune_0ca0b_01192_1192,CNN,0.0557106112844086,0.608595920811645,0.5602372004526375,0.21858006715774536,0.877524733543396,-0.02368031069636345,4.738983989227563e-06,-5065.789195579592,-0.00015489320503547788,4848479.214245347,4688818.703722,616504550.0
train_tune_0ca0b_01193_1193,CNN,0.0467231638418079,0.631141935065172,0.6876254594467506,0.17419102787971497,0.5095517039299011,-0.013263172470033169,4.149282176513225e-06,-17225.01124362699,0.0032742286566644907,39071027391.70292,39878772544.26941,14560119614.0
train_tune_0ca0b_01194_1194,CNN,0.0530785865819771,0.5913227217987459,0.6749834571057018,0.5215207934379578,2.0651695728302,-0.15002179145812988,2.665415195224341e-05,-2817.2810322377227,0.00966770201921463,2126792.8238237794,2129090.8393133087,9728105566.0
train_tune_0ca0b_01195_1195,CNN,0.0611571276155261,0.5761561566831473,0.7367399628124852,0.49334296584129333,1.9429007768630981,-0.11834123730659485,1.5738027286715806e-05,-2701.5792241728377,-0.006581327877938747,65230.42987468922,66306.33733916897,5283074054.0
train_tune_0ca0b_01196_1196,CNN,0.036660411508871,0.4560206872289353,0.6043420290185594,0.5650076866149902,2.341522693634033,-0.16052301228046417,1.987491486943327e-05,-2256.1005093763297,0.0008839904330670834,18620.954325352577,18577.522806012643,1340671166.0
train_tune_0ca0b_01197_1197,CNN,0.0428833161571052,0.677790094860847,0.6862315767212982,0.21008434891700745,0.587399959564209,-0.02125360257923603,7.735806320852134e-06,-31189.087712754193,0.012527694925665855,504314408810.4949,472315937331.51904,6091052086.0
train_tune_0ca0b_01198_1198,CNN,0.0721286201632938,0.5850577919104601,0.683177905091545,0.2020167112350464,0.6799317598342896,-0.018898285925388336,5.350798346626107e-06,-2204.216753265394,0.0006421083235181868,125696.32441149098,125705.71363100578,507972166.0
train_tune_0ca0b_01199_1199,CNN,0.0561913323899396,0.4046221854926951,0.525181744628088,1.025290846824646,4.023589134216309,-0.6192578077316284,4.8396886995760724e-05,-2039.8110637682857,0.0239022895693779,37241.16570021996,37489.376208388174,1076007022.0
train_tune_0ca0b_01200_1200,CNN,0.0428833161571052,0.642571937940664,0.6894629684968504,0.24649080634117126,0.8772937655448914,-0.028200818225741386,7.369224931608187e-06,-17466.22472116374,-0.0017983748111873865,38317660491.32716,38563615736.04703,10240409606.0
train_tune_0ca0b_01201_1201,CNN,0.0557106112844086,0.6114871029751804,0.6630318760062477,0.13083912432193756,0.4842519164085388,-0.007021206896752119,3.5220191421103664e-06,-34641.25391948762,-0.0018455206882208586,2853319931164.8735,2823180201239.958,17524708158.0
train_tune_0ca0b_01202_1202,CNN,0.0557636152547143,0.4648421573182144,0.6305666079181965,0.4857039451599121,2.100045680999756,-0.1081184521317482,2.2138272470328957e-05,-1709.975439956903,-0.017986927181482315,581.0153263113572,581.0153263113572,17029206.0
train_tune_0ca0b_01203_1203,CNN,0.0512649430080622,0.6211337778640018,0.6755611285910786,0.23679812252521515,0.4312608242034912,-0.023948820307850838,3.302525783510646e-06,-30710.012921781476,-0.005540324375033379,1437718147670.0166,1452713578150.953,15992324662.0
train_tune_0ca0b_01204_1204,CNN,0.0512649430080622,0.6320848224353858,0.6086199655645941,0.10194632411003113,0.2106170952320099,-0.0029832995496690273,4.251558948453749e-06,-24713.984727782117,0.0030274665914475918,1030097221658.4816,1036139932107.0978,27576893982.0
train_tune_0ca0b_01205_1205,CNN,0.0603823834917041,0.6078726124697931,0.6251931647510486,0.34492573142051697,0.5939487218856812,-0.0658382847905159,4.84663860333967e-06,-5392.980699885026,0.0016365309711545706,314959280.0604794,311506685.49909294,7946270470.0
train_tune_0ca0b_01206_1206,CNN,0.0293048335724481,0.5518937683774702,0.6745894287546434,0.7412122488021851,3.32487154006958,-0.2802547216415405,2.3525382857769728e-05,-1842.2219536138143,-0.00011887005530297756,1386.645814568239,1386.645814568239,38248454.0
train_tune_0ca0b_01207_1207,CNN,0.1791145315252144,0.537147246453893,0.6706806282402559,0.5225117206573486,2.2841691970825195,-0.12919336557388306,1.8813101632986218e-05,-1822.863476578485,-0.015367226675152779,800.8111431816686,800.8111431816686,27250742.0
train_tune_0ca0b_01208_1208,CNN,0.0436394570694546,0.6346878746797263,0.6791995247377821,0.2667459547519684,0.7175354361534119,-0.03450537100434303,1.0881472007895354e-05,-3183.9967865967933,0.005255146883428097,164664802.265405,163886753.4148236,3304789574.0
train_tune_0ca0b_01209_1209,CNN,0.0463827139544091,0.6002834916575663,0.7034430382771221,0.36503422260284424,1.1028677225112915,-0.06875379383563995,1.2870637874584645e-05,-3516.7125325657607,0.011662021279335022,19216751.88046306,18832340.052419215,5421216038.0
train_tune_0ca0b_01210_1210,CNN,0.0686866267523194,0.6969286226118133,0.6812636031768772,0.1515364646911621,0.6039692759513855,-0.011638306081295013,4.046205958729843e-06,-8265.18569801273,0.007634640671312809,2060497597.6204767,2049286318.8490717,15444443894.0
train_tune_0ca0b_01211_1211,CNN,0.0423353465631291,0.5286783410165309,0.5064657633361532,0.4099419116973877,1.452111005783081,-0.0639498308300972,1.629676262382418e-05,-2383.6236455244325,-0.015486175194382668,965183.4954661399,961392.8277989232,3968631678.0
train_tune_0ca0b_01212_1212,CNN,0.0783807652220236,0.3872039209366893,0.4947705189749178,0.29090750217437744,0.9080870747566223,-0.03877194970846176,5.4814881877973676e-06,-3520.3391019565297,-0.0081864595413208,8335613.404260812,8444552.415288856,1493247254.0
train_tune_0ca0b_01213_1213,CNN,0.0467231638418079,0.6373223062912817,0.6855869369707847,0.15869252383708954,0.3115610182285309,-0.007773302495479584,7.38936114430544e-06,-10713.036303040812,0.007269089575856924,385897154747.80945,390154653265.1297,7493684646.0
train_tune_0ca0b_01214_1214,CNN,0.0567779463021743,0.5472618979667964,0.6185231913319003,0.5854348540306091,2.183542013168335,-0.15723136067390442,3.7039106246083975e-05,-4154.390814358344,-0.007211609743535519,740837498.0444357,744528140.0594144,10717414694.0
train_tune_0ca0b_01215_1215,CNN,0.0467390075731886,0.5647876988080406,0.6668974883176578,0.48836445808410645,2.034972906112671,-0.11860135942697525,1.5314262782339938e-05,-1937.9284268229944,0.005623775999993086,52202.78614682676,52247.568684243844,7718930678.0
train_tune_0ca0b_01216_1216,CNN,0.0467231638418079,0.3927871537465319,0.5875571533128333,0.45034223794937134,1.2761945724487305,-0.10223586112260818,1.5037665434647352e-05,-1992.695955241234,-0.002744159661233425,9504.737168125703,9659.821426815939,183371166.0
train_tune_0ca0b_01217_1217,CNN,0.0511878929505369,0.6126021665489971,0.6664443735166193,0.36277443170547485,1.497061014175415,-0.055293742567300797,1.9099334167549387e-05,-4203.264282476327,-0.01024563331156969,2917222.19550834,2900623.739609538,17182269822.0
train_tune_0ca0b_01218_1218,CNN,0.0512649430080622,0.5893635122348325,0.6658089886122068,0.8896881937980652,3.5102691650390625,-0.4866965413093567,5.6713048252277076e-05,-3050.124778078877,0.03683190792798996,1528865.3443104115,1519118.0797976232,12474295726.0
train_tune_0ca0b_01219_1219,CNN,0.0463827139544091,0.5804193352439033,0.6559631461104092,0.270465612411499,1.140417456626892,-0.033763986080884933,8.142698789015412e-06,-8160.337018836838,-0.0034269357565790415,112274201236.87668,112994064877.07266,33978756430.0
train_tune_0ca0b_01220_1220,CNN,0.0503205922473594,0.5704678890292482,0.7296680228522526,0.5200091600418091,2.1864051818847656,-0.10743957757949829,2.4230845156125724e-05,-2199.353060960868,-0.01773625984787941,48586.03775981863,48852.73852441138,13065909238.0
train_tune_0ca0b_01221_1221,CNN,0.0643393388836622,0.6312797035210144,0.6596648831943456,0.3546484112739563,0.7471233606338501,-0.07495124638080597,1.5522695321124047e-05,-6204.071564854283,0.01078744512051344,1259532889.6401196,1257942304.9881332,13467496406.0
train_tune_0ca0b_01222_1222,CNN,0.0512649430080622,0.5928448221436287,0.6524673740916981,0.22067570686340332,0.8668433427810669,-0.020286614075303078,5.623052857117727e-06,-8176.954025911758,-0.0074393255636096,375275831.94820213,380949026.3748307,3833241702.0
train_tune_0ca0b_01223_1223,CNN,0.0480052336291343,0.6083583810753028,0.6534187162808732,0.3705233931541443,1.3754639625549316,-0.07577469944953918,1.1055570212192833e-05,-10574.14738697145,0.017330627888441086,152405132421.51932,153190179415.69922,22755488950.0
train_tune_0ca0b_01224_1224,CNN,0.1106885221743967,0.4238162948261046,0.632630514561462,0.6467934846878052,2.9549436569213867,-0.20193178951740265,2.4735139959375374e-05,-1732.5686323795856,-0.0012953912373632193,660.7498673326079,660.7498673326079,14353926.0
train_tune_0ca0b_01225_1225,CNN,0.1017633156930288,0.5145347632058123,0.6477808760016126,0.5061348676681519,1.2813425064086914,-0.14018115401268005,1.8389233446214348e-05,-2073.630781714604,-0.0033788513392210007,538263.533632308,546557.3247136283,1482263286.0
train_tune_0ca0b_01226_1226,CNN,0.0428833161571052,0.598549129942561,0.6199514334151457,0.24665409326553345,0.43560096621513367,-0.02968231588602066,9.868691449810285e-06,-4881.300032183599,0.010725189000368118,273243737.04758406,267274745.14265448,3918697630.0
train_tune_0ca0b_01227_1227,CNN,0.042855505901226,0.4399855082324372,0.622615835533472,0.5631614923477173,2.5379674434661865,-0.16446688771247864,1.5761366739752702e-05,-1772.2767664004389,0.012687278911471367,568.2065319372065,568.2065319372065,18074006.0
train_tune_0ca0b_01228_1228,CNN,0.0557106112844086,0.6560101300561435,0.6573084454312598,0.10231278836727142,0.37863922119140625,-0.004359962418675423,9.003311788546853e-06,-11095.899661369012,0.0008644381887279451,12137192860.992207,11668287912.230885,14804681830.0
train_tune_0ca0b_01229_1229,CNN,0.0443079975160829,0.4878944067595179,0.5833140177799021,0.4102083742618561,1.769850254058838,-0.0796099603176117,1.654128936934285e-05,-2699.546114572641,-0.00353964208625257,722133.3399203775,717376.7635288304,2309613862.0
train_tune_0ca0b_01230_1230,CNN,0.0040168214308788,0.3034214039491794,0.4041762980416291,0.3841288089752197,1.4320580959320068,-0.0800614282488823,1.1956788512179628e-05,-4362.572069739667,0.0101096760481596,32426506570.796234,31964410531.013206,16268859350.0
train_tune_0ca0b_01231_1231,CNN,0.0467231638418079,0.6113046352194356,0.6243391443197454,0.09130901098251343,0.3213752806186676,-0.002894970355555415,1.2386956314003328e-06,-23475.15019034044,-0.0001034126034937799,2203509138.135388,2179415725.285838,2239308766.0
train_tune_0ca0b_01232_1232,CNN,0.0422834193918531,0.5718814720638664,0.6764113334064957,0.3058202862739563,1.0866082906723022,-0.04244241118431091,1.652749051572755e-05,-3850.4196569164715,-0.003573776688426733,32553604.52031789,31984339.354235083,6492049558.0
train_tune_0ca0b_01233_1233,CNN,0.0422834193918531,0.5781454857305336,0.66287064688046,0.25126245617866516,0.9594318866729736,-0.031599678099155426,3.9215410652104765e-06,-6351.735110219878,0.003101733513176441,21584306561.772118,21298625621.629395,11539063710.0
train_tune_0ca0b_01234_1234,CNN,0.0557106112844086,0.3688245950041697,0.4403772740203899,0.6038445830345154,2.119091033935547,-0.199223130941391,2.9686187190236524e-05,-2004.0378123849705,0.012134216725826263,5431064.757749209,5415124.704491126,1368488966.0
train_tune_0ca0b_01235_1235,CNN,0.0512649430080622,0.3645089618328892,0.4480113783202335,0.9544904232025146,3.502483367919922,-0.5660539865493774,6.071147072361782e-05,-2672.946949019558,0.03999190405011177,490202.220101075,491790.0668400532,1465488630.0
train_tune_0ca0b_01236_1236,CNN,0.0532384239312185,0.4043488546614013,0.5730615804545609,0.5979613661766052,2.2646491527557373,-0.19254770874977112,1.5429626728291623e-05,-1666.5457860064148,0.009316381067037582,398.4981077880292,398.4981077880292,5498974.0
train_tune_0ca0b_01237_1237,CNN,0.0467231638418079,0.6113920963755963,0.6060093795373529,0.1306222826242447,0.41836288571357727,-0.006309074815362692,3.2831801490829093e-06,-16094.151226872924,0.00021761341486126184,382994608852.62494,399481226686.3529,12842518438.0
train_tune_0ca0b_01238_1238,CNN,0.055719759168035,0.5544401263734176,0.6938011008740378,0.44008496403694153,1.1369884014129639,-0.10590934753417969,1.915465691126883e-05,-2199.4112438260104,-0.0025934509467333555,19716.122399208754,19678.287333652297,385833062.0
train_tune_0ca0b_01239_1239,CNN,0.0463827139544091,0.5786204305294577,0.6642600159640143,0.3926438093185425,0.8015632629394531,-0.09738262742757797,1.2844858247262891e-05,-4131.3660259432245,0.010467133484780788,109311787.53508991,108823432.07782474,2609598534.0
train_tune_0ca0b_01240_1240,CNN,0.0664307357406338,0.467542877477251,0.6592366172990027,0.8664355278015137,2.560058832168579,-0.30880701541900635,4.608264134731144e-05,-2061.4188038895995,-0.039713844656944275,12695.259944899073,12464.790327685681,50629262.0
train_tune_0ca0b_01241_1241,CNN,0.0946601805123071,0.5726276896310193,0.6776885497504641,0.3069474697113037,0.8947588205337524,-0.049079809337854385,5.753454843215877e-06,-3199.665430554515,0.0024882564321160316,12952384.896289833,12833593.045279633,2890071278.0
train_tune_0ca0b_01242_1242,CNN,0.0463827139544091,0.6401814249134073,0.6261672643421013,0.1726316660642624,0.48122018575668335,-0.01319514773786068,5.720892204408301e-06,-11355.548548477454,0.0021977927535772324,160837213872.12744,160598055032.8246,29796558486.0
train_tune_0ca0b_01243_1243,CNN,0.0448272642833686,0.5795393716556356,0.7133317970384739,0.3886277675628662,1.3988938331604004,-0.06911958754062653,6.768823368474841e-06,-2545.656077369695,-0.0068649593740701675,1169512.1049215763,1167706.9028605702,8966065254.0
train_tune_0ca0b_01244_1244,CNN,0.1098105921733497,0.5719757223866622,0.6925665948149686,0.7400506734848022,3.2227039337158203,-0.25817689299583435,2.9669516152353026e-05,-2104.9436428933,0.0016466521192342043,60618.683699321584,60922.67563272637,9740324566.0
train_tune_0ca0b_01245_1245,CNN,0.1132509534313699,0.4334154602163135,0.4804548605750935,0.6390242576599121,2.692478895187378,-0.17473922669887543,6.126450898591429e-05,-2818.10099059529,-0.01279000099748373,57431044.26287002,58023735.33917116,6587920678.0
train_tune_0ca0b_01246_1246,CNN,0.051183514341409,0.5858953853255295,0.6976378702382534,0.4550268054008484,1.6646695137023926,-0.10973161458969116,1.1791619726864155e-05,-3424.586691698618,0.011709246784448624,2236546.531907253,2238025.544754901,11774460110.0
train_tune_0ca0b_01247_1247,CNN,0.0674885326385658,0.5381783673980695,0.671285349105791,0.7074565887451172,2.7177810668945312,-0.23900118470191956,3.158766048727557e-05,-1844.142296295002,-0.003517733421176672,1017.498990854197,1017.498990854197,16462678.0
train_tune_0ca0b_01248_1248,CNN,0.0463827139544091,0.6258835332479097,0.6600941198840994,0.10886926203966141,0.2473095953464508,-0.0030409840401262045,6.580800800293218e-06,-17911.979540869703,0.004026351496577263,760769515429.3364,763801934990.472,16962352350.0
train_tune_0ca0b_01249_1249,CNN,0.0926470141468836,0.576691116145638,0.7203593289249967,0.4390633702278137,1.6990275382995605,-0.07929150760173798,1.6560405128984712e-05,-2171.8382420663434,-0.008627803064882755,690093.1493405967,696240.1444185802,3161837270.0
train_tune_0ca0b_01250_1250,CNN,0.0467231638418079,0.608689634969516,0.6489403412149509,0.13562072813510895,0.48412850499153137,-0.007536375429481268,3.793285486608511e-06,-13041.206879566636,-0.0029553635977208614,241560513609.36682,246568760170.7909,6198474454.0
train_tune_0ca0b_01251_1251,CNN,0.0681022298206981,0.6150006552136017,0.6642087604176397,0.3354435861110687,1.246862769126892,-0.05749675631523132,1.0683012988010887e-05,-6267.144458859276,0.006536962930113077,371827872.56250185,382827130.07807195,4964325470.0
train_tune_0ca0b_01252_1252,CNN,0.0467231638418079,0.641101982364122,0.5766191084655965,0.18543314933776855,0.20733270049095154,-0.004997527692466974,1.4095494407229125e-05,-7341.862388277301,0.003980521112680435,114950483728.5339,117837781082.29672,7252877110.0
train_tune_0ca0b_01253_1253,CNN,0.1666390072458059,0.522195413284685,0.6649938244531902,0.2997792661190033,0.9241858720779419,-0.04469600319862366,6.382666924764635e-06,-1859.8302237507983,0.0048414571210742,13331.427554058857,13272.10638003724,1070428678.0
train_tune_0ca0b_01254_1254,CNN,0.0422834193918531,0.5792152749822798,0.495991557873839,0.07175914943218231,0.2491471767425537,-0.0016101445071399212,1.994647163883201e-06,-23588.682027138155,-0.00014165102038532495,287090810042.46277,285336914950.20416,22761242686.0
train_tune_0ca0b_01255_1255,CNN,0.1444893473763199,0.6190671464060621,0.6834268149747255,0.4920092821121216,1.338625192642212,-0.07596676051616669,1.698922278592363e-05,-3947.098728130321,-0.025242719799280167,52736450.773361474,53035478.98520336,4905353070.0
train_tune_0ca0b_01256_1256,CNN,0.0463827139544091,0.5742386057991178,0.6616213189264711,0.6814223527908325,2.3432669639587402,-0.2876119017601013,3.860336073557846e-05,-6129.326411845845,0.031281061470508575,128549561.34861824,126873202.90707067,11679123086.0
train_tune_0ca0b_01257_1257,CNN,0.1337523760784873,0.5851120382876595,0.6865843338675504,0.5857455730438232,2.077591896057129,-0.1271214485168457,3.52521165041253e-05,-2459.4773094854436,-0.02395457774400711,605813.4693951971,612881.5780394449,5054531654.0
train_tune_0ca0b_01258_1258,CNN,0.0968394412235262,0.5274890973024157,0.6547093176846961,1.0036420822143555,3.059476375579834,-0.5705113410949707,4.7501289373030886e-05,-1902.351597444572,0.02476073056459427,1025.0371283443938,1025.0371283443938,7009222.0
train_tune_0ca0b_01259_1259,CNN,0.0245088778968198,0.5239966643687951,0.5671842244711963,0.8564133644104004,1.022003173828125,-0.5325777530670166,7.856624870328233e-05,-2897.6223000405785,0.0132675152271986,11194.251673464323,11242.10030032192,36543598.0
train_tune_0ca0b_01260_1260,CNN,0.0503960849802108,0.5604191478946992,0.719660952909719,0.36694541573524475,1.4370946884155273,-0.06814455986022949,1.2968284863745794e-05,-1981.3764714488427,-0.003449053270742297,26883.431010047236,26702.198242913575,3091057302.0
train_tune_0ca0b_01261_1261,CNN,0.0422834193918531,0.4151627758573443,0.3758613459889053,0.15979279577732086,0.5883795619010925,-0.011079076677560806,3.6002511478727683e-06,-4229.76539625409,0.0010268568294122815,3521018952.318059,3573391353.9463367,5512066958.0
train_tune_0ca0b_01262_1262,CNN,0.0512649430080622,0.5808564712436058,0.6850226523616348,0.5588077306747437,2.3436107635498047,-0.17211613059043884,1.9276991224614903e-05,-8976.773175635542,0.007007112726569176,1273792900.605545,1278121904.6805768,12662651198.0
train_tune_0ca0b_01263_1263,CNN,0.0557106112844086,0.6272978386958097,0.645321769087197,0.208829864859581,0.5797087550163269,-0.021294381469488144,2.9557293146353913e-06,-5390.024006669958,0.003780220402404666,17747287920.935177,17964533750.838028,10454889822.0
train_tune_0ca0b_01264_1264,CNN,0.0443258094338792,0.5469749821935067,0.6755458258247528,0.49224525690078735,2.3139138221740723,-0.10998626053333282,1.8665768948267214e-05,-1756.397925809541,-0.028404001146554947,729.2819092302891,729.2819092302891,31396262.0
train_tune_0ca0b_01265_1265,CNN,0.0422834193918531,0.5850018772740134,0.6877673047060028,0.48101744055747986,1.9654462337493896,-0.08825261890888214,3.408995326026343e-05,-3172.659585766001,-0.01621433161199093,1812189.5014893177,1800612.9546020785,5712421014.0
train_tune_0ca0b_01266_1266,CNN,0.0428833161571052,0.6411997008666717,0.6090177052374698,0.2830579876899719,1.0871732234954834,-0.03973408043384552,6.930124982318375e-06,-13182.654158779173,0.003049114253371954,3820537625411.4883,3872797291878.663,28536794958.0
train_tune_0ca0b_01267_1267,CNN,0.1173193904874478,0.5460038298472509,0.6791593921438707,0.4927668571472168,2.092991352081299,-0.1123942881822586,1.875174893939402e-05,-1854.1689070786065,-0.010113969445228577,864.516357607636,864.516357607636,30244358.0
train_tune_0ca0b_01268_1268,CNN,0.1539130479733748,0.4195142316718723,0.5877620422879833,0.5313727855682373,1.926012635231018,-0.1362208127975464,8.150820576702245e-06,-1719.9260743549573,-0.004106553271412849,434.2894964054351,434.2894964054351,6881846.0
train_tune_0ca0b_01269_1269,CNN,0.0463827139544091,0.5946792251763621,0.5579297252138775,0.45034143328666687,1.6946020126342773,-0.10098831355571747,1.4422395906876773e-05,-3577.9225958494835,0.004427117295563221,46677406.58268458,47579377.66991426,12592156118.0
train_tune_0ca0b_01270_1270,CNN,0.0467231638418079,0.5789485913453332,0.5496976996345193,0.6107322573661804,0.7640261054039001,-0.22473177313804626,6.899890286149457e-05,-3667.0250730998578,0.01796368509531021,2248642.3788677687,2301633.4565099217,1281021470.0
train_tune_0ca0b_01271_1271,CNN,0.1095555087823046,0.4080762063101692,0.5698498413519741,0.5041378736495972,2.072556257247925,-0.13621655106544495,1.7024729459080845e-05,-1742.2254353055346,0.02372189611196518,407.4932788109289,407.4932788109289,9534142.0
train_tune_0ca0b_01272_1272,CNN,0.1009154137475479,0.5681614450164176,0.7128929839039541,0.9314038753509521,3.981236696243286,-0.5318492650985718,6.0237827710807323e-05,-2555.1493421593977,0.03248107433319092,97878.58052161285,98102.4907959886,18655959558.0
train_tune_0ca0b_01273_1273,CNN,0.0422834193918531,0.3294312535929864,0.3207924289968701,1.257145881652832,5.3027238845825195,-0.911331057548523,0.00012765373685397208,-2321.3984541070035,0.010571123100817204,385591.1258489422,404754.53011171473,1997005014.0
train_tune_0ca0b_01274_1274,CNN,0.0463827139544091,0.412289827806722,0.5827388278954605,0.5411337614059448,2.1031720638275146,-0.13508032262325287,2.339986531296745e-05,-3862.9266854531115,-0.007972470484673977,3602454.866995169,3583233.887951807,2702699766.0
train_tune_0ca0b_01275_1275,CNN,0.0463827139544091,0.3538717396366957,0.3658091184231133,0.4483315944671631,1.6209371089935303,-0.10032935440540314,1.0960538929793984e-05,-2295.962782426654,0.002614916069433093,34008492.1252013,34167977.42028898,16484191238.0
train_tune_0ca0b_01276_1276,CNN,0.0429866850321395,0.5603898296918177,0.6953143661810385,0.7855392694473267,2.912881374359131,-0.34860315918922424,2.949066401924938e-05,-2411.331912788835,0.03130275756120682,64916.47274738342,65512.39572030661,7163148262.0
train_tune_0ca0b_01277_1277,CNN,0.1758171417695757,0.4609793012559617,0.6240536078410427,0.4751488268375397,2.1166694164276123,-0.09959910064935684,1.2074321602995042e-05,-1727.962323636742,-0.026829194277524948,573.8332498617941,573.8332498617941,18689942.0
train_tune_0ca0b_01278_1278,CNN,0.0432813544676562,0.6740665205724014,0.6751019468304539,0.43511801958084106,1.3396227359771729,-0.08661696314811707,3.374780862941407e-05,-9613.103209596497,-0.007011923938989639,2194386990.8682194,2211484581.2167687,11064666398.0
train_tune_0ca0b_01279_1279,CNN,0.1173632786725802,0.5663567715116554,0.7167736434292823,0.6331736445426941,2.7429256439208984,-0.2021796703338623,2.2068921680329368e-05,-2142.5850528948804,-0.0028771525248885155,57810.82628471423,57673.81884967213,8937325214.0
train_tune_0ca0b_01280_1280,CNN,0.0467231638418079,0.550540591814597,0.7110033088726433,0.4299091696739197,1.8712034225463867,-0.09485401213169098,1.8924902178696357e-05,-2036.0841899568775,0.0004647071473300457,27143.237186747683,27251.78731108393,3046915110.0
train_tune_0ca0b_01281_1281,CNN,0.0733296640032391,0.6066864803345944,0.605415847056835,0.3849563002586365,1.5259149074554443,-0.08195855468511581,1.3714163287659176e-05,-9747.562994386763,0.01247035525739193,72349844360.75122,71567470604.63391,13512380918.0
train_tune_0ca0b_01282_1282,CNN,0.1009352989821932,0.6083411130685006,0.5923072871340975,0.3485764265060425,1.2259944677352905,-0.06377741694450378,1.4163369087327737e-05,-8167.8471488751165,0.012817826122045517,1293405459.9811854,1291250224.3121622,7041447790.0
train_tune_0ca0b_01283_1283,CNN,0.0441865377347477,0.588107164693839,0.6231761688801762,0.7035877704620361,1.4712027311325073,-0.3661107122898102,2.4073808162938803e-05,-4562.404918785762,0.029150202870368958,29833690.14015447,29974076.921310186,8249920494.0
train_tune_0ca0b_01284_1284,CNN,0.0442752376998952,0.6003567628033338,0.6670008520428145,0.41990572214126587,1.6458996534347534,-0.0832655280828476,1.719981082715094e-05,-4806.527456567369,-0.004824914503842592,1457437721.5553112,1417270269.3238635,8209789454.0
train_tune_0ca0b_01285_1285,CNN,0.0422834193918531,0.6097851060694657,0.575507799243792,0.09822311997413635,0.30287569761276245,-0.0034736483357846737,2.8925464903295506e-06,-19111.50434811463,0.00338083878159523,150183507741.89948,151482664179.51926,6663347278.0
train_tune_0ca0b_01286_1286,CNN,0.0538621857496417,0.5957520794292527,0.6717254866317361,0.24510638415813446,0.8599287271499634,-0.027817832306027412,8.790827450866345e-06,-4050.0871252974734,-0.0016665048897266388,1058955.1290192471,1037427.3118385447,3761677670.0
train_tune_0ca0b_01287_1287,CNN,0.0538565856921767,0.6035395531873649,0.6372411224280958,0.4788380563259125,1.187515377998352,-0.13685274124145508,1.9451787011348642e-05,-5456.568804493501,0.009382400661706924,701540183.6713247,690034149.2082295,5911963214.0
train_tune_0ca0b_01288_1288,CNN,0.0555829363123596,0.5901055773803825,0.6596286529023575,0.6727626919746399,2.5639233589172363,-0.24629777669906616,3.2178078981814906e-05,-5903.971806928781,0.011238021776080132,63024024.34753126,62085415.422964625,11743412262.0
train_tune_0ca0b_01289_1289,CNN,0.0422834193918531,0.7165786388511123,0.6700293712996488,0.30991268157958984,1.2061220407485962,-0.046960506588220596,6.773962013539858e-06,-9694.840602102136,0.0019048816757276654,70641115771.68088,69228737862.0065,10673744454.0
train_tune_0ca0b_01290_1290,CNN,0.0422906983416537,0.6015140343151176,0.6214672370969662,0.20391513407230377,0.5157867670059204,-0.016470778733491898,4.088320565642789e-06,-6388.587455037035,0.000475251697935164,21811669596.707096,22201383545.34969,9859274302.0
train_tune_0ca0b_01291_1291,CNN,0.0586279504549505,0.5908738150233007,0.6247477510250737,0.308169960975647,1.066362738609314,-0.05134773254394531,6.8511590143316425e-06,-5135.690860528583,0.013268997892737389,2031997500.8849492,2034086963.2982287,16771088790.0
train_tune_0ca0b_01292_1292,CNN,0.0463827139544091,0.6899056491486505,0.5895188713397842,0.2233530431985855,0.8900496363639832,-0.025119975209236145,6.631071300944313e-06,-35339.94009636534,0.0070559061132371426,8963412981081.787,8857042727551.941,36475570750.0
train_tune_0ca0b_01293_1293,CNN,0.0902030999919315,0.594857136066088,0.6937070904827843,0.5932188034057617,2.0927679538726807,-0.1727580428123474,1.8116606952389702e-05,-2287.1954888987807,-0.0038685332983732224,1306899.2114877468,1302786.4372854726,7728662758.0
train_tune_0ca0b_01294_1294,CNN,0.0557106112844086,0.6150932097762221,0.6739840435996506,0.2503919303417206,0.8495908379554749,-0.02843979187309742,6.8507906689774245e-06,-4028.509763311797,0.00023071904433891177,45719911.06200345,45671778.00151623,8891442206.0
train_tune_0ca0b_01295_1295,CNN,0.0431203223949338,0.6704197366571396,0.6688068112445258,0.17509181797504425,0.4733453392982483,-0.014982996508479118,3.716948640430928e-06,-13866.919374092204,0.014664951711893082,1433907801.5326905,1428017173.3433328,16748782942.0
train_tune_0ca0b_01296_1296,CNN,0.0422834193918531,0.6062072712512475,0.6749675272460977,0.2602939009666443,0.673996090888977,-0.026761122047901154,1.0190141438215505e-05,-2750.5056806589077,-0.009318356402218342,434512144.9146096,429849834.3335881,9996087414.0
train_tune_0ca0b_01297_1297,CNN,0.0601817084363921,0.6117324795482986,0.685694588035375,0.4501602351665497,1.7362897396087646,-0.11374531686306,1.1458786502771545e-05,-4361.772864825626,0.01161283440887928,106530973.61345658,106976760.77397352,16561413590.0
train_tune_0ca0b_01298_1298,CNN,0.0467231638418079,0.6065820877962999,0.6821380273658151,0.10339027643203735,0.3773159384727478,-0.003980871289968491,2.7674477678374387e-06,-13981.20765532816,-0.0034407577477395535,211095920738.40732,200596234302.7105,12988869662.0
train_tune_0ca0b_01299_1299,CNN,0.0615109849039427,0.6178972468239824,0.6461289873301824,0.3001735210418701,0.9151561856269836,-0.04742579162120819,6.6046436586475465e-06,-3740.7428014491998,0.008760733529925346,53716300659.74157,54829191605.91969,16609037726.0
train_tune_0ca0b_01300_1300,CNN,0.101334307794763,0.5425096760301438,0.6623004283238632,0.7031481266021729,2.7590432167053223,-0.25244319438934326,1.6314592357957736e-05,-1723.5016622981902,0.00575526338070631,1024.0567218203687,1024.0567218203687,18563446.0
train_tune_0ca0b_01301_1301,CNN,0.0521318478793207,0.7004653138853839,0.6510303772280662,0.6794087886810303,1.8760079145431519,-0.3203233480453491,3.941993782063946e-05,-14892.839988089825,0.02973151206970215,972159676.6754014,967031483.0839407,3212236438.0
train_tune_0ca0b_01302_1302,CNN,0.0600835653935213,0.5358729525805153,0.6522788531171312,0.5299283266067505,2.063242197036743,-0.14440017938613892,9.821460480452515e-06,-1741.1604570714167,0.008014065213501453,777.8201127923094,777.8201127923094,21350918.0
train_tune_0ca0b_01303_1303,CNN,0.0879373079025705,0.6217015478689144,0.6143516540642124,0.17014169692993164,0.5728016495704651,-0.013836098834872246,1.7845077309175394e-06,-4045.7587416011193,0.005917492788285017,7510231.18531899,7728272.99059558,2002042430.0
train_tune_0ca0b_01304_1304,CNN,0.0384292108718542,0.6060740742804359,0.5978418255868545,0.5545616149902344,2.3206393718719482,-0.1541842222213745,1.855055961641483e-05,-4649.754960678749,0.0021778889931738377,192093461.01209366,193487469.21349397,37403634950.0
train_tune_0ca0b_01305_1305,CNN,0.0428833161571052,0.577429000660115,0.6828615273490272,0.5615382194519043,2.018315315246582,-0.18122440576553345,3.5269833460915834e-05,-4491.548250713288,0.012384338304400444,43379153.46023868,43681023.12539162,16541926750.0
train_tune_0ca0b_01306_1306,CNN,0.1176571971966386,0.4329607305309848,0.6313684777855469,0.6021076440811157,2.4468960762023926,-0.17504733800888062,2.2538748453371227e-05,-2051.77361940168,0.0023090543691068888,650630.600551208,644565.9394288498,2368116342.0
train_tune_0ca0b_01307_1307,CNN,0.0428055698813821,0.4402122203951641,0.5204391168879473,0.5053848624229431,1.8957444429397583,-0.12370730936527252,2.204945485573262e-05,-3041.5950280023867,0.0008541217539459467,1621665.5982695818,1618601.7378504812,8246090974.0
train_tune_0ca0b_01308_1308,CNN,0.1342695933021145,0.5047483118985411,0.6525061644794916,0.6421656608581543,2.8685238361358643,-0.21247395873069763,1.8043276213575155e-05,-1682.5093858589682,0.007320341654121876,779.903068101834,779.903068101834,20350678.0
train_tune_0ca0b_01309_1309,CNN,0.0428833161571052,0.6677865604514732,0.6554873468715773,0.19465385377407074,0.7901873588562012,-0.01662163995206356,6.011548975948244e-06,-5136.180626207065,-0.0010504797101020813,69743885774.75677,69940747181.14221,21568806230.0
train_tune_0ca0b_01310_1310,CNN,0.0477116716971977,0.5515572468824831,0.6634411820068715,0.5789393782615662,2.2553224563598633,-0.1599547564983368,2.088575820380356e-05,-1814.633366965169,-0.008181317709386349,817.5159684183745,817.5159684183745,18289270.0
train_tune_0ca0b_01311_1311,CNN,0.1283099364365177,0.5586123082556169,0.6827176517705933,0.5259308218955994,2.414680242538452,-0.14373880624771118,1.3261366802908015e-05,-1671.044124691098,0.002392960712313652,811.113366149375,811.113366149375,30883286.0
train_tune_0ca0b_01312_1312,CNN,0.0387108048727531,0.4045253178899361,0.6078394630631893,0.685157299041748,2.380527973175049,-0.2145766317844391,1.8036991605185904e-05,-2153.8026563023013,-0.016478057950735092,8510.493019384849,8430.507721840946,68555318.0
train_tune_0ca0b_01313_1313,CNN,0.082996851671234,0.621821891238265,0.6626987791863411,0.3639078140258789,1.307268738746643,-0.0728190615773201,9.35628850129433e-06,-6380.081625110783,0.013988275080919266,3304279797.2673607,3294845243.093125,19079222598.0
train_tune_0ca0b_01314_1314,CNN,0.0820591283484102,0.41258554572204,0.5918935580191714,0.6069355010986328,2.3479697704315186,-0.18729132413864136,2.041173866018653e-05,-1661.711054325789,0.013164781965315342,467.7333608622227,467.7333608622227,8301174.0
train_tune_0ca0b_01315_1315,CNN,0.0522424318820194,0.498059043850374,0.6665806082387236,0.5494927763938904,1.4150573015213013,-0.17458774149417877,2.3331593183684163e-05,-2304.099862484665,0.013808934018015862,19288.027434972362,19164.452122256596,287312454.0
train_tune_0ca0b_01316_1316,CNN,0.0597430848315526,0.5576682588363189,0.7155759809945553,0.42916011810302734,1.7239322662353516,-0.07956787943840027,1.8024100427282974e-05,-2188.2387616468527,-0.013432309031486511,38579.83961439869,38896.62046625397,4825096750.0
train_tune_0ca0b_01317_1317,CNN,0.0467231638418079,0.6239682840618733,0.6384110595915127,0.4483540654182434,1.6144535541534424,-0.08367478102445602,1.299977520829998e-05,-3004.867528500017,-0.008133668452501297,40571026.66711721,39192249.72872445,6849770542.0
train_tune_0ca0b_01318_1318,CNN,0.1396365348803713,0.4291390622595371,0.5109528152362918,0.5813165903091431,2.229809045791626,-0.14940175414085388,1.979250373551622e-05,-2484.3557972952804,-0.006869661621749401,931933.5167653945,920153.0107751829,2718763582.0
train_tune_0ca0b_01319_1319,CNN,0.0467231638418079,0.5712824112962297,0.7274653243532687,0.35567647218704224,1.2999426126480103,-0.06345462054014206,9.325430255557876e-06,-2282.77443126311,0.008100995793938637,36771.54497318688,36811.109478507584,3908263670.0
train_tune_0ca0b_01320_1320,CNN,0.1064644261070834,0.5944605631434573,0.5959489697301609,0.34500569105148315,1.326178789138794,-0.0639733374118805,6.6910865825775545e-06,-3985.1955524085893,0.009772060438990593,1392676030.9966917,1461751653.6851003,9329702822.0
train_tune_0ca0b_01321_1321,CNN,0.0368107221120527,0.5470859162022962,0.6941654629126027,0.6366615295410156,2.9321866035461426,-0.2186589241027832,1.7460170056438074e-05,-1748.1568988742536,0.016688432544469833,1011.4246827261575,1011.4246827261575,36069846.0
train_tune_0ca0b_01322_1322,CNN,0.0737530805572646,0.5918331733362227,0.6700741943752443,0.647297739982605,2.1760942935943604,-0.25966590642929077,3.0804942070972174e-05,-2624.183915141813,0.026360735297203064,1299533.3469916298,1296770.3557353786,6919844918.0
train_tune_0ca0b_01323_1323,CNN,0.0463827139544091,0.6128264116623376,0.6540816976484519,0.2681441605091095,1.1021173000335693,-0.03212396800518036,4.608171821018914e-06,-6162.026555162908,-0.0063202884048223495,15077381834.902664,14851520085.772585,14957496302.0
train_tune_0ca0b_01324_1324,CNN,0.0649425915378745,0.4457483432557878,0.5584402203637043,0.7239638566970825,2.8324427604675293,-0.30683305859565735,3.26107838191092e-05,-2178.2700859092315,0.022172491997480392,714038.536003256,716707.5390770888,4845739998.0
train_tune_0ca0b_01325_1325,CNN,0.0431401244391602,0.6014322958164452,0.6384931826786445,0.3110247254371643,0.9986375570297241,-0.0496101938188076,1.0284854397468735e-05,-8573.825194165041,0.006890448741614819,1822041056.5533016,1816787376.6237867,6710283270.0
train_tune_0ca0b_01326_1326,CNN,0.0512649430080622,0.6012516240657041,0.6838565588210249,0.7802867889404297,3.2984707355499268,-0.2719811797142029,3.776293306145817e-05,-4018.440741815436,-0.011996790766716003,6200074.1192766605,6267030.770830532,23175544502.0
train_tune_0ca0b_01327_1327,CNN,0.0686945200741572,0.5108261126514302,0.6608960473267446,0.8106083869934082,2.7188541889190674,-0.3332275152206421,4.835455911234021e-05,-2136.082702148236,-0.00015702866949141026,24448.32407668177,24443.871981952696,1154690406.0
train_tune_0ca0b_01328_1328,CNN,0.0512649430080622,0.5352607667274464,0.6666464386452448,0.6184424757957458,1.2858942747116089,-0.2045748382806778,4.73786931252107e-05,-2331.3156937024805,-0.009447877295315266,24468.015129228865,24284.25601576564,325532222.0
train_tune_0ca0b_01329_1329,CNN,0.0792182397293422,0.5556621716852553,0.6771602884684002,0.6944757103919983,2.732753276824951,-0.23808375000953674,2.1051573639851995e-05,-1719.8238939812657,-0.005375386215746403,929.0098849060703,929.0098849060703,18169382.0
train_tune_0ca0b_01330_1330,CNN,0.0996981999496493,0.5613983975206648,0.7171240200808396,0.3495168685913086,1.2178082466125488,-0.05925825238227844,6.776692771381931e-06,-2112.716370660555,0.0026963134296238422,31368.24952764326,31358.551590287898,2288632206.0
train_tune_0ca0b_01331_1331,CNN,0.0512649430080622,0.5746896305742263,0.6346833196857012,0.4430764317512512,1.6024636030197144,-0.11540430784225464,2.0283530830056407e-05,-6313.403206093566,0.02382858470082283,78595336694.5002,78614915876.82506,16244730782.0
train_tune_0ca0b_01332_1332,CNN,0.0428833161571052,0.61052096017715,0.6526692373634063,0.20015230774879456,0.6639830470085144,-0.019345413893461227,1.0220098374702502e-05,-7980.377139103223,0.006660526152700186,6874334178.796539,6857924009.364212,36760255030.0
train_tune_0ca0b_01333_1333,CNN,0.1012418505751232,0.59649196972928,0.6885944467366697,0.49590742588043213,2.079012393951416,-0.1304292529821396,2.317103644600138e-05,-3154.9373615207796,0.0069794426672160625,1318031.966351613,1311358.8277265313,4851572990.0
train_tune_0ca0b_01334_1334,CNN,0.0467231638418079,0.6507264815879169,0.6504616186065764,0.4730461835861206,1.3410648107528687,-0.12011542916297913,1.1416007509978954e-05,-5463.604016286294,0.0017466081771999598,1086674404.319447,1052131939.596623,9510361510.0
train_tune_0ca0b_01335_1335,CNN,0.048876474371841,0.6032302375553747,0.6185825634708579,0.24443179368972778,0.8780115842819214,-0.02754032053053379,4.623449513019295e-06,-4250.329905235516,-0.0021274311002343893,4206040.057415826,4165910.481865529,537510662.0
train_tune_0ca0b_01336_1336,CNN,0.0512649430080622,0.6252408709174402,0.6218524465615825,0.6503784656524658,2.2103919982910156,-0.2600662410259247,2.5943350919988006e-05,-4513.852722992355,0.02054256573319435,1040334466.5196401,1078960228.9732165,4567595110.0
train_tune_0ca0b_01337_1337,CNN,0.0422834193918531,0.667737564554832,0.6568465931667701,0.3013116419315338,1.0256803035736084,-0.03982357308268547,9.284421139454935e-06,-5400.726002239543,-0.007024668622761965,5998136866.338467,6035241077.801483,29387569566.0
train_tune_0ca0b_01338_1338,CNN,0.0467231638418079,0.6090944304826754,0.6698042904608957,0.3069128096103668,1.2023005485534668,-0.04824820160865784,7.159011147450656e-06,-3515.480475761899,-2.0197243429720402e-05,2164068493.2357655,2172431503.7320414,16976473206.0
train_tune_0ca0b_01339_1339,CNN,0.0445855018289235,0.5591980535244716,0.7056758608311516,0.7800122499465942,3.162882089614868,-0.3325681984424591,4.235714004607871e-05,-2316.018560830953,0.01586061157286167,70054.43592490145,70765.11191639991,6022709702.0
train_tune_0ca0b_01340_1340,CNN,0.0557106112844086,0.5433172242293995,0.6579581662335311,0.3602920174598694,1.024727702140808,-0.06396935880184174,6.7571181716630235e-06,-5214.355405288934,-0.0009563532657921314,1370542358.810309,1363613272.1489897,17435451934.0
train_tune_0ca0b_01341_1341,CNN,0.0396399851044774,0.5283855514532064,0.668083781731572,0.5235521197319031,2.424563407897949,-0.13957592844963074,1.3928554835729301e-05,-1701.8032341517935,0.005169159732758999,666.2879295964901,666.2879295964901,25955662.0
train_tune_0ca0b_01342_1342,CNN,0.0422834193918531,0.6035911401772115,0.6750563460805655,0.20791932940483093,0.8196601271629333,-0.021108899265527725,4.010964858025545e-06,-17254.849452013314,0.0017269973177462816,62793837944.380356,61808060824.92494,23094614974.0
train_tune_0ca0b_01343_1343,CNN,0.0512649430080622,0.4180798769225902,0.4375451960821213,0.14595209062099457,0.3205077052116394,-0.005732085555791855,3.9100177673390135e-06,-5457.291849969274,-0.004760146606713533,1329356568.102622,1101066519.8888278,10141953070.0
train_tune_0ca0b_01344_1344,CNN,0.0529861824825853,0.4491951920644538,0.6334029192886195,0.7330306768417358,3.0908265113830566,-0.2683303952217102,2.8821050364058465e-05,-1716.7289939433374,0.01536900270730257,800.6741877390077,800.6741877390077,12477926.0
train_tune_0ca0b_01345_1345,CNN,0.0676501451900818,0.5274137263917861,0.6495004890587736,0.6653814315795898,2.1872105598449707,-0.24280202388763428,3.939056841772981e-05,-1967.8923640539174,0.01590719446539879,888.8852502065596,888.8852502065596,13791494.0
train_tune_0ca0b_01346_1346,CNN,0.1227925792314026,0.5431709205702497,0.5499368533592212,0.3047729730606079,1.0844225883483887,-0.04961024224758148,1.0492219189472962e-05,-3144.3563395883543,0.010499530471861362,31470363.88011063,31240099.755719304,7210427126.0
train_tune_0ca0b_01347_1347,CNN,0.0512649430080622,0.622777125679741,0.6305123838445166,0.09858626127243042,0.3674216866493225,-0.0037095053121447563,2.144739482901059e-06,-7840.141966233986,-0.0031656338833272457,1092270991546.5632,1081271641588.2927,20265067022.0
train_tune_0ca0b_01348_1348,CNN,0.0663790829310913,0.4447205472604777,0.5882606223237853,0.754705548286438,2.1042320728302,-0.3455101251602173,1.9840526874759234e-05,-1809.9060639658028,0.018385816365480423,596.6731787495531,596.6731787495531,4244630.0
train_tune_0ca0b_01349_1349,CNN,0.0463827139544091,0.5960611703985775,0.670506771102157,0.14304129779338837,0.49475088715553284,-0.007862173952162266,2.3553225219075102e-06,-14701.176751023919,-0.009296596050262451,3351632237167.683,3291263809066.0225,19223995334.0
train_tune_0ca0b_01350_1350,CNN,0.0557106112844086,0.618637615480424,0.590365284166833,0.13163097202777863,0.545253336429596,-0.007443023845553398,5.78423077968182e-06,-6849.734577410708,-0.005315014161169529,1497639808.8208187,1488448686.5260625,14216266134.0
train_tune_0ca0b_01351_1351,CNN,0.0467231638418079,0.6690140721697646,0.6268829866565508,0.15436196327209473,0.45938175916671753,-0.008828435093164444,2.6881948542722967e-06,-41511.01937653021,0.0008731115376576781,1631930244000.2407,1659702639628.4182,12159424822.0
train_tune_0ca0b_01352_1352,CNN,0.0512649430080622,0.3420839837242144,0.3593339920987889,0.4511426091194153,1.7325176000595093,-0.11513333767652512,2.3201853764476255e-05,-3690.659360546764,0.018859747797250748,22048455.474242404,22218363.38554117,3204881750.0
train_tune_0ca0b_01353_1353,CNN,0.0467231638418079,0.6731097254473419,0.6601305543913164,0.10761366784572601,0.32541874051094055,-0.004169058986008167,3.639210490291589e-06,-18427.266399482724,0.002799623180180788,707665009489.9163,718415289770.3677,13234153478.0
train_tune_0ca0b_01354_1354,CNN,0.0567453320711747,0.5733501331184628,0.7316766993403555,0.4120035469532013,1.6098177433013916,-0.08572101593017578,1.4462961189565249e-05,-2089.5145808876696,0.00693895760923624,33525.99857498445,33477.77287250542,5515384830.0
train_tune_0ca0b_01355_1355,CNN,0.0819049864147587,0.5717021504013147,0.7212990502762772,0.5974228382110596,2.5364573001861572,-0.16913272440433502,3.26178633258678e-05,-1860.4087294831418,-0.007293707691133022,31390.284296813796,31842.29242387136,7431589622.0
train_tune_0ca0b_01356_1356,CNN,0.0557106112844086,0.6308818259064036,0.6806335702565893,0.32206347584724426,1.1791961193084717,-0.05462051182985306,6.719511020492064e-06,-4020.6415648731286,0.011147568002343178,60292535.35714221,58800348.776483744,14024121606.0
train_tune_0ca0b_01357_1357,CNN,0.0557106112844086,0.6250008982036094,0.6598243413849665,0.33663588762283325,1.2764246463775635,-0.05690540000796318,1.9853037883876823e-05,-10081.133260050588,0.0015643718652427197,2236700506.423366,2241182845.924488,11410939326.0
train_tune_0ca0b_01358_1358,CNN,0.0512649430080622,0.6262969425024333,0.6736032771869377,0.4289199709892273,1.5984801054000854,-0.09522192180156708,1.1470882782305125e-05,-7058.569254348775,0.011949649080634117,895052637.8821614,901850079.3961635,9423222030.0
train_tune_0ca0b_01359_1359,CNN,0.0447923026733525,0.4300861457539093,0.6073815890383508,0.7447050213813782,3.1070597171783447,-0.28168785572052,3.678750363178551e-05,-2085.054903564146,0.01217598095536232,21046.174910435235,20506.338611281928,2435741838.0
train_tune_0ca0b_01360_1360,CNN,0.0463827139544091,0.7009869706404966,0.6390219439844599,0.11748909950256348,0.40309518575668335,-0.0055641895160079,2.9003902000113158e-06,-22340.088491463965,0.001909579848870635,542238978463.38086,546902295716.8816,5540117870.0
train_tune_0ca0b_01361_1361,CNN,0.0463827139544091,0.4134122576234035,0.4771006611600707,0.37876808643341064,1.3443248271942139,-0.07590147852897644,7.958496098581236e-06,-4278.697582243176,0.010815485380589962,929691343.251696,942387744.1445109,12638786502.0
train_tune_0ca0b_01362_1362,CNN,0.0579237412292375,0.6087006325936017,0.6230615723099031,0.15771499276161194,0.18785731494426727,-0.0032209549099206924,1.1328972504998092e-05,-10955.604227868982,-0.0007033047149889171,133542593.8736572,133589538.53218026,3242766182.0
train_tune_0ca0b_01363_1363,CNN,0.0759656104568042,0.5810591133283018,0.7091081853229845,0.388124942779541,1.4156930446624756,-0.06893393397331238,8.87399619386997e-06,-1988.7342743238712,-0.0013309500645846128,687645.7617018146,695381.7703331123,4495456358.0
train_tune_0ca0b_01364_1364,CNN,0.1710621765261321,0.5812190316902908,0.6442792710352878,0.40035495162010193,1.5838253498077393,-0.0790964737534523,1.1355476090102457e-05,-10760.31366864372,0.0014525710139423609,18657154.766440894,18599768.462268084,6599838662.0
train_tune_0ca0b_01365_1365,CNN,0.0687980185577723,0.4041683542831875,0.5856282484073942,0.6801688075065613,2.5321195125579834,-0.2555801570415497,1.489662281528581e-05,-1759.4372829119213,0.03359656780958176,466.4445934740804,466.4445934740804,5723150.0
train_tune_0ca0b_01366_1366,CNN,0.0463827139544091,0.657227854891842,0.6073243000749348,0.166179358959198,0.6250017881393433,-0.013576550409197807,5.60086209588917e-06,-103195.22851004131,0.0060953074134886265,1929664747265.052,1953673864623.4902,10404434190.0
train_tune_0ca0b_01367_1367,CNN,0.1426507618591845,0.5840331062440313,0.6841667222306683,0.35782569646835327,1.3983269929885864,-0.06447336077690125,1.8022075892076828e-05,-4159.02226947477,-0.0014153348747640848,67984403.15379177,67926598.06387739,7175929566.0
train_tune_0ca0b_01368_1368,CNN,0.0608957084712806,0.5979681693769232,0.6521939525958106,0.13492178916931152,0.516399085521698,-0.00831790454685688,4.364283086033538e-06,-3504.865744061748,0.007644517347216606,6758636.903516166,6750919.685644783,11979864118.0
train_tune_0ca0b_01369_1369,CNN,0.0560790093641604,0.5652998960467127,0.7194287993932748,0.37860119342803955,1.514183759689331,-0.05993853509426117,1.7239046428585425e-05,-2296.291617797844,-0.01685602217912674,50551.88443238537,50361.18755994178,7671215862.0
train_tune_0ca0b_01370_1370,CNN,0.0622716493326749,0.5924102716961549,0.6938557128508845,0.7052979469299316,2.7717695236206055,-0.2896925210952759,4.659474507207051e-05,-3693.81475528026,0.027864664793014526,2687061.1932783267,2709321.151579232,7666009086.0
train_tune_0ca0b_01371_1371,CNN,0.0467231638418079,0.423323323894798,0.5231462533483506,0.32144245505332947,1.1036468744277954,-0.053090158849954605,9.816660167416558e-06,-4334.335536844295,0.006677520927041769,3750838237.8026333,3717010606.022974,28774622542.0
train_tune_0ca0b_01372_1372,CNN,0.0959263966069183,0.5786379695564896,0.7143881086724461,0.40600696206092834,1.6742695569992065,-0.08859676122665405,1.0857004781428259e-05,-2344.4709276134045,0.013943508267402649,50119.90936115559,50029.406628455625,7280854854.0
train_tune_0ca0b_01373_1373,CNN,0.0865253221914291,0.4646941489782705,0.5834967330280155,0.24512343108654022,0.4354325532913208,-0.02239152044057846,1.174639146483969e-05,-3167.3055535091535,-0.00894749816507101,148498018.28231418,150423882.92909545,4454574974.0
train_tune_0ca0b_01374_1374,CNN,0.054324052728025,0.6772178086035435,0.6630207524417193,0.3148690462112427,0.7691997289657593,-0.057401202619075775,1.1648299732769374e-05,-12150.923061624228,0.011696921661496162,1243117967.0108862,1293275120.5652509,12971542046.0
train_tune_0ca0b_01375_1375,CNN,0.0557106112844086,0.4775604696471298,0.5202199780426929,0.39257514476776123,1.6755707263946533,-0.06173526495695114,1.7536724044475704e-05,-7961.090438817519,-0.012622924521565437,5597835089.170168,6170660964.069126,18186614062.0
train_tune_0ca0b_01376_1376,CNN,0.1207034344392636,0.5412956250247015,0.6425485129400782,0.5232680439949036,0.8840182423591614,-0.203424870967865,3.1225357815856114e-05,-2331.1462390649053,0.0432160384953022,13042.443973074809,12955.154670335734,401584598.0
train_tune_0ca0b_01377_1377,CNN,0.0428833161571052,0.6730796795332049,0.6363838276337518,0.3841092884540558,1.389016032218933,-0.07901497930288315,1.4029943486093543e-05,-15358.727040716909,0.015100739896297455,893142561040.0979,826969397496.509,9741867758.0
train_tune_0ca0b_01378_1378,CNN,0.0575430879618528,0.4495277359702745,0.6082941203777626,0.5084612369537354,2.2236809730529785,-0.1327207386493683,1.5804642316652462e-05,-1695.4070580535595,0.007690225727856159,577.129505337177,577.129505337177,19312718.0
train_tune_0ca0b_01379_1379,CNN,0.0715748918515181,0.5083719615754061,0.6307629254440072,1.1547987461090088,3.6602282524108887,-0.8639158010482788,7.202829874586314e-05,-1742.9548871088498,0.07285940647125244,1136.659746106184,1136.659746106184,7271750.0
train_tune_0ca0b_01380_1380,CNN,0.0428833161571052,0.6482445537623431,0.6624745760118181,0.20612257719039917,0.8075662851333618,-0.019872024655342102,5.5447003433073405e-06,-7040.963856431965,-0.0019804337061941624,17035915096.262648,17192596728.231216,14348058310.0
train_tune_0ca0b_01381_1381,CNN,0.0557636152547143,0.4978229423875859,0.6717148484327055,0.7156158089637756,3.104458808898926,-0.22456052899360657,4.113087197765708e-05,-1625.812735455628,-0.019677573814988136,928.8203111241489,928.8203111241489,17029206.0
train_tune_0ca0b_01382_1382,CNN,0.0422834193918531,0.274436540283666,0.3013464158252616,0.4679362177848816,1.7978515625,-0.12805303931236267,2.7475352908368222e-05,-3467.179309149851,0.019374873489141464,513855028.9473697,502846835.9879105,7302026006.0
train_tune_0ca0b_01383_1383,CNN,0.0512649430080622,0.4852867757461358,0.561175081473337,0.15067678689956665,0.6006776094436646,-0.010975879617035389,5.969545327388914e-06,-12365.648410266464,0.003673550207167864,174356566673.0074,175066313834.42932,6524784462.0
train_tune_0ca0b_01384_1384,CNN,0.0172611721257718,0.4776758125918845,0.5188107473337197,0.48643606901168823,1.8419067859649658,-0.11673483997583389,2.2232610717765056e-05,-2092.103714968009,0.0007500516949221492,543694.4250530595,544810.8754193693,2705015894.0
train_tune_0ca0b_01385_1385,CNN,0.0882896432736987,0.5706231279636791,0.7307059675237428,0.6194028854370117,2.145768642425537,-0.19872888922691345,2.693582428037189e-05,-1966.7181958186648,0.009620164521038532,42930.20414312108,42766.84861105487,5114007238.0
train_tune_0ca0b_01386_1386,CNN,0.0482150285766467,0.6088701739394596,0.6228523237437747,0.320522665977478,1.1312967538833618,-0.04114597663283348,6.445041435654275e-06,-3498.1502820436117,-0.011574997566640377,61894916.84979232,61391035.77229562,11568805062.0
train_tune_0ca0b_01387_1387,CNN,0.0817985972018054,0.5387363612600948,0.663488407241993,0.5624337196350098,2.5290780067443848,-0.14928075671195984,2.319965642527677e-05,-1872.4838930199655,-0.009970838204026222,1145.9453429724572,1145.9453429724572,49365254.0
train_tune_0ca0b_01388_1388,CNN,0.0463827139544091,0.6241152984571299,0.6371897392028211,0.3493485450744629,0.9578825831413269,-0.059944093227386475,6.3201982811733615e-06,-3823.5277437589934,-0.0051553938537836075,10383759648.15049,9989392325.468325,4664386190.0
train_tune_0ca0b_01389_1389,CNN,0.1404419375366035,0.5501861425341786,0.6963885918415111,0.7312977313995361,3.2291359901428223,-0.26109936833381653,1.7567297618370503e-05,-1856.4366802342142,0.0010730336653068662,1126.2638138215905,1126.2638138215905,24223622.0
train_tune_0ca0b_01390_1390,CNN,0.0428833161571052,0.6243482944750354,0.5158980888123686,0.28201135993003845,0.44903451204299927,-0.04020574688911438,1.1166088370373473e-05,-8525.085115357526,0.012668853625655174,4944235947.528614,5031024821.204563,8663807230.0
train_tune_0ca0b_01391_1391,CNN,0.0607648053111055,0.5105524333891155,0.638424315307161,0.5393273234367371,2.0067453384399414,-0.14523983001708984,2.382117418164853e-05,-1980.0696478533218,-0.004857184365391731,27813.38283862183,27526.43499438728,2778960934.0
train_tune_0ca0b_01392_1392,CNN,0.0463827139544091,0.6601078949025524,0.6642027767829182,0.33845674991607666,1.3510870933532715,-0.062173955142498016,1.059152782545425e-05,-7255.508206794202,0.00999885331839323,2099088026.5173273,2091963643.1152956,9439219638.0
train_tune_0ca0b_01393_1393,CNN,0.0428833161571052,0.4195233288956672,0.5558700364239247,0.2622109055519104,0.9752733111381531,-0.032669343054294586,9.36576907406561e-06,-4298.0722923108615,0.0025215581990778446,9296648.625173572,8862643.796067756,1894711382.0
train_tune_0ca0b_01394_1394,CNN,0.075002850402928,0.6238633955375016,0.5907901679291203,0.5151042938232422,1.3396656513214111,-0.10223644971847534,1.8402437490294687e-05,-9035.748471402529,-0.013606583699584007,45565339976.643166,47158983927.2473,18304938302.0
train_tune_0ca0b_01395_1395,CNN,0.1034684890820277,0.5216007818260023,0.6862286078243369,0.6613537073135376,2.089672565460205,-0.24087287485599518,3.4017641155514866e-05,-2164.515978863381,0.008749350905418396,16030.13653449299,15878.636535345588,600655670.0
train_tune_0ca0b_01396_1396,CNN,0.1128569383922151,0.5136086476199542,0.6360094839101305,0.7868375778198242,2.401590347290039,-0.28970959782600403,4.204636934446171e-05,-1797.1107880305512,-0.03793884813785553,764.0420216582268,764.0420216582268,4850054.0
train_tune_0ca0b_01397_1397,CNN,0.0512649430080622,0.4072932777104134,0.5096106585113908,0.34204724431037903,1.3696155548095703,-0.045232199132442474,1.253967457159888e-05,-2566.271588182678,-0.013909678906202316,33001467.066412903,33169537.937427275,14452479358.0
train_tune_0ca0b_01398_1398,CNN,0.0467231638418079,0.4022039422604272,0.501983266759961,0.2927379310131073,1.188116192817688,-0.04544619843363762,1.131850694946479e-05,-8845.894186614014,0.010122903622686863,669904539452.4712,681376162269.3098,10909107646.0
train_tune_0ca0b_01399_1399,CNN,0.0807953005532804,0.6299164167265432,0.6165776932089817,0.5607497692108154,1.7302167415618896,-0.16146200895309448,2.386397864029277e-05,-8967.850406061381,0.00500612985342741,7297341287.180333,7187609953.592308,18524922278.0
train_tune_0ca0b_01400_1400,CNN,0.0463827139544091,0.4157242556531082,0.4976813404867848,0.6095916628837585,1.6657845973968506,-0.23469112813472748,5.3899872000329196e-05,-3156.9783251797394,0.0190238356590271,56630834.09998417,56001525.829269946,20559475310.0
train_tune_0ca0b_01401_1401,CNN,0.0485786445290465,0.5329080320410289,0.6003775852055481,0.5935958027839661,2.1765522956848145,-0.18512937426567078,3.707240830408409e-05,-3265.6393474928022,0.002187741454690695,1659146.7540929113,1652350.6341462384,4963019094.0
train_tune_0ca0b_01402_1402,CNN,0.0422834193918531,0.4954780623024544,0.6113635056916861,0.6358206868171692,2.048511028289795,-0.17785635590553284,4.8654710553819314e-05,-1911.9444375216428,-0.030491903424263,698.7292802361916,698.7292802361916,6666326.0
train_tune_0ca0b_01403_1403,CNN,0.0428833161571052,0.5980199740620085,0.6554122101999291,0.21333028376102448,0.4548455476760864,-0.017804039642214775,5.073505690234015e-06,-5336.736667921717,0.0006400200654752553,51372511275.28238,49200713289.13561,20256909526.0
train_tune_0ca0b_01404_1404,CNN,0.0512649430080622,0.4324407326729096,0.4411010373344521,0.16076605021953583,0.4600209593772888,-0.011101379990577698,2.527361857573851e-06,-5144.4810880878495,8.056985097937286e-05,700064083.7207971,716928766.0379913,636168670.0
train_tune_0ca0b_01405_1405,CNN,0.0428833161571052,0.5408190196723219,0.6679972849117807,0.5721908807754517,2.3449082374572754,-0.1684851497411728,2.241055881313514e-05,-1686.4152688062377,0.007158063817769289,874.5928745355587,874.5928745355587,24165494.0
train_tune_0ca0b_01406_1406,CNN,0.1133129241153176,0.5931382039945486,0.6607849788736885,0.18208977580070496,0.618614912033081,-0.014160537160933018,3.468901468295371e-06,-8327.51299811856,-0.003297564573585987,38770094593.25795,38906103189.74559,16152700910.0
train_tune_0ca0b_01407_1407,CNN,0.0430014927086921,0.6619298688320513,0.6337710593791136,0.3781978487968445,1.1811782121658325,-0.03440459445118904,2.804360701702535e-05,-23333.334285094308,-0.027191247791051865,45070563658.748764,44541349945.02403,6715731798.0
train_tune_0ca0b_01408_1408,CNN,0.0567259338234693,0.5780562142845417,0.7122339700312565,0.5155175924301147,1.9031124114990234,-0.1316731870174408,1.8611161067383364e-05,-2175.611758242646,0.0008845233824104071,62456.920745310534,62092.67697170723,7773839678.0
train_tune_0ca0b_01409_1409,CNN,0.0426336599621798,0.4889039350781684,0.4600342202205401,0.2796905040740967,1.0618164539337158,-0.03798699378967285,7.497303613490658e-06,-4927.09056784169,-0.001183055341243744,453985746.4458854,453692882.036044,6419627318.0
train_tune_0ca0b_01410_1410,CNN,0.0429127993583132,0.576864726067274,0.6774873064920376,0.27521467208862305,0.9708921909332275,-0.037011660635471344,5.647244051942835e-06,-3372.7615465419794,0.0025923759676516056,83675974.46824478,84412689.20374635,12377572302.0
train_tune_0ca0b_01411_1411,CNN,0.0428833161571052,0.5874682142259653,0.6548669809903862,0.28796833753585815,1.163201093673706,-0.04165590927004814,5.838229299115483e-06,-4013.823552695059,0.00027549988590180874,812643716.6709788,804546824.160977,7903101998.0
train_tune_0ca0b_01412_1412,CNN,0.0645439526095037,0.4973002525787456,0.6060732895115873,1.4183846712112427,3.0888776779174805,-1.4664955139160156,7.522897067246959e-05,-1958.8835681359378,0.026053618639707565,926.0706420268613,926.0706420268613,2230022.0
train_tune_0ca0b_01413_1413,CNN,0.1281224752834666,0.4355175532353646,0.6232140867938515,0.5528734922409058,2.348961114883423,-0.14620767533779144,1.134683407144621e-05,-1718.9640999938383,-0.006059917621314526,563.4661963814983,563.4661963814983,12318038.0
train_tune_0ca0b_01414_1414,CNN,0.1206536903304688,0.5762827232564177,0.7205053806248111,0.5991284847259521,2.2349965572357178,-0.17635022103786469,1.5232601981551852e-05,-2349.4705690921114,0.009165499359369278,69085.90014394798,68970.23319863563,5769211630.0
train_tune_0ca0b_01415_1415,CNN,0.0487003783294628,0.6193412676033833,0.6782874409071717,0.22920486330986023,0.8615745902061462,-0.026247087866067886,8.518863978679292e-06,-8534.59464252525,0.00549718551337719,71500274572.63562,70163032215.41081,20392076054.0
train_tune_0ca0b_01416_1416,CNN,0.0428833161571052,0.6530741958891287,0.5932039908273682,0.2920626401901245,1.0572431087493896,-0.04005613178014755,6.493145519925747e-06,-8038.299612645298,0.00279415724799037,372905320267.9604,351125529542.3581,8626508790.0
train_tune_0ca0b_01417_1417,CNN,0.0557106112844086,0.5971244199479036,0.6135965931084119,0.1528690755367279,0.14729717373847961,0.0027680909261107445,9.374800356454216e-06,-34920.113559207326,-0.007724558003246784,207583791107.8999,206826730394.70358,19827092702.0
train_tune_0ca0b_01418_1418,CNN,0.0557106112844086,0.6116381370364916,0.6823334272327983,0.27824902534484863,1.0536754131317139,-0.030671361833810806,9.679244612925686e-06,-5674.12592881495,-0.010029636323451996,31354568782.16788,31232158916.09514,11234811646.0
train_tune_0ca0b_01419_1419,CNN,0.0473129891844603,0.6379380271232056,0.682501023683972,0.4264495372772217,1.6185954809188843,-0.08985200524330139,1.5541596440016292e-05,-4299.568070469263,-0.0009759058011695743,3675646389.141435,3680026607.99121,20969296806.0
train_tune_0ca0b_01420_1420,CNN,0.05687515373062,0.4249420716478773,0.4901728654155728,0.3955659866333008,1.5982645750045776,-0.07431153208017349,1.1618028111115564e-05,-2166.408229807633,-0.004261511377990246,547991.1205381087,542542.4767924503,2255379638.0
train_tune_0ca0b_01421_1421,CNN,0.070191682916014,0.5196532732774726,0.6440510995499658,0.4138851761817932,1.8792482614517212,-0.08670532703399658,8.939834515331313e-06,-1625.9159722474194,-0.0009306240826845169,572.4228697595288,572.4228697595288,32161862.0
train_tune_0ca0b_01422_1422,CNN,0.0512649430080622,0.4766327300169231,0.5587424669694201,0.06119118258357048,0.20738564431667328,-0.001131352037191391,2.3057441467244644e-06,-11787.968228817896,-0.0006453137611970305,149617341952.41058,146939337307.206,13780780110.0
train_tune_0ca0b_01423_1423,CNN,0.0487929740941789,0.658271207046241,0.6329765936216368,0.2938033938407898,1.1795109510421753,-0.05168744921684265,1.0117310011992231e-05,-6127.731560077597,0.01554807648062706,1286132137.086553,1257132637.4878936,6480930566.0
train_tune_0ca0b_01424_1424,CNN,0.098407087047424,0.435748443531008,0.5599049786428921,0.7625927925109863,2.0752997398376465,-0.3487408757209778,4.203139178571291e-05,-1870.8116036308522,0.002285266760736704,621.694032474114,621.694032474114,3336494.0
train_tune_0ca0b_01425_1425,CNN,0.0463827139544091,0.4081871932761947,0.3767984655763831,0.1269310712814331,0.4587876796722412,-0.006823498755693436,3.2905554689932615e-06,-3325.055972746636,0.0014096744125708938,2603842231.768892,2497601786.379326,4356191758.0
train_tune_0ca0b_01426_1426,CNN,0.0422834193918531,0.6227981949903824,0.6131143324462908,0.12147998064756393,0.18366338312625885,-0.0018410797929391265,3.839417786366539e-06,-16482.84999194937,-0.0035521534737199545,7210189891.127498,7011224477.218235,7514005454.0
train_tune_0ca0b_01427_1427,CNN,0.0512649430080622,0.5889355047354009,0.6742302484540402,0.5426946878433228,1.9576661586761475,-0.16717228293418884,2.9637987609021366e-05,-2986.546551013139,0.016492296010255814,2186604.2272440586,2182463.203291281,8479729982.0
train_tune_0ca0b_01428_1428,CNN,0.0513163021094228,0.5046919008665242,0.6434883996018262,0.7850756645202637,3.4741766452789307,-0.22529573738574982,4.526178236119449e-05,-2257.2816820623007,-0.02054797299206257,28164.56504636259,28711.95730274244,1809544670.0
train_tune_0ca0b_01429_1429,CNN,0.0463827139544091,0.5920105738745253,0.6477765550127971,0.36748450994491577,1.3485088348388672,-0.05780360847711563,1.2456994227250107e-05,-10667.48457024424,-0.007659039460122585,6057624420.250946,5929931026.4729,27498486326.0
train_tune_0ca0b_01430_1430,CNN,0.0428833161571052,0.6537273558121526,0.5958203045455349,0.4126044809818268,1.6473557949066162,-0.07057254016399384,1.3807887626171578e-05,-76090.70259133725,-0.011074528098106384,22112441449986.11,22013480307000.8,31631784430.0
train_tune_0ca0b_01431_1431,CNN,0.0574839143679723,0.6197644906147449,0.6059799293010258,0.26779496669769287,0.8044237494468689,-0.030218539759516716,1.6527621482964605e-05,-6398.058489410783,-0.00887545756995678,197057521.28096795,194823542.23857376,3321190166.0
train_tune_0ca0b_01432_1432,CNN,0.0463827139544091,0.4817055191852881,0.3989715180471,0.11911946535110474,0.4514979422092438,-0.006621076725423336,2.06061986318673e-06,-2442.5885661805673,0.0015883725136518478,16657445.678601664,17174285.308169797,1526395590.0
train_tune_0ca0b_01433_1433,CNN,0.135913563124784,0.5982757323423885,0.6417193843203678,0.4779278635978699,1.4866433143615723,-0.11244019865989685,4.680350320995785e-05,-2350.4702311871383,0.0034133349545300007,29757958.324641652,29618350.63353733,7293144326.0
train_tune_0ca0b_01434_1434,CNN,0.0428833161571052,0.6839390443658204,0.6809538629482003,0.19813135266304016,0.7637324929237366,-0.019491789862513542,2.6880038603849243e-06,-64358.116151396105,0.006649912800639868,9955058899540.137,9695917735165.17,26245328030.0
train_tune_0ca0b_01435_1435,CNN,0.0553035661952642,0.4153490074761239,0.5998335781435126,0.7755241394042969,2.7342824935913086,-0.3273327648639679,7.752592500764877e-05,-1982.0175108982978,0.014388315379619598,32097.72047508769,32010.85974587303,2188210606.0
train_tune_0ca0b_01436_1436,CNN,0.0493288013863111,0.5652683385915227,0.6218515684970499,0.41202181577682495,0.6452260613441467,-0.09769546240568161,8.660932508064434e-06,-5104.0243948459065,0.002622799249365926,401630639.9179461,395559428.018203,9495136070.0
train_tune_0ca0b_01437_1437,CNN,0.0557106112844086,0.6237319669267675,0.6501057503554883,0.20009435713291168,0.4771054685115814,-0.01538481842726469,5.493756361829583e-06,-7916.828644667664,-0.0144019965082407,69184732.51114225,69474414.32779261,15744834934.0
train_tune_0ca0b_01438_1438,CNN,0.0150096126255511,0.5116387141299995,0.6422633521842239,0.7278739213943481,2.7238314151763916,-0.29647424817085266,2.343883716093842e-05,-1684.6290520879677,0.03614620119333267,760.1538356455485,760.1538356455485,9449062.0
train_tune_0ca0b_01439_1439,CNN,0.0467231638418079,0.3254275089402292,0.3059735487381422,0.6384811401367188,2.815523147583008,-0.2475382536649704,2.74432277365122e-05,-1743.6497330490251,0.021265774965286255,256060.8938494192,247282.25788639224,1068581150.0
train_tune_0ca0b_01440_1440,CNN,0.0566175694518645,0.3820713043737314,0.5063090854514904,0.41465234756469727,1.8318872451782227,-0.08127207309007645,1.6195075659197755e-05,-2751.7382277446504,-0.007403762545436621,1933756.8351676294,1923778.0580018084,11559242742.0
train_tune_0ca0b_01441_1441,CNN,0.0465686274509803,0.6047925177621459,0.6823511053022445,0.6081697344779968,2.3831162452697754,-0.19306278228759766,2.490586120984517e-05,-3943.8312751188137,0.0029681730084121227,40665724.69897468,40981199.745800875,6222234134.0
train_tune_0ca0b_01442_1442,CNN,0.0422834193918531,0.6804276064580742,0.6354050394082503,0.31796854734420776,1.3406535387039185,-0.04666861146688461,9.260111255571246e-06,-5521.125087822874,-0.004388036672025919,4061998664.1765246,4073938817.688423,23811705198.0
train_tune_0ca0b_01443_1443,CNN,0.0757620928645033,0.5394836697032447,0.6765371154898608,0.49587351083755493,2.141284704208374,-0.11466233432292938,2.4813849449856207e-05,-1648.6793984221838,-0.014509319327771664,858.5022889382703,858.5022889382703,28367030.0
train_tune_0ca0b_01444_1444,CNN,0.0463827139544091,0.6358990987617678,0.6486507423747833,0.39118361473083496,1.592414140701294,-0.0755479484796524,8.804009667073842e-06,-5906.402740890671,0.0035013845190405846,90017807.39330062,94024436.78673463,23757309126.0
train_tune_0ca0b_01445_1445,CNN,0.0440550611005156,0.5511494368280144,0.6902529426838093,0.5854922533035278,2.367178440093994,-0.18621033430099487,1.4571081010217313e-05,-1729.5536319409293,0.02419380471110344,976.471972916992,976.471972916992,32023046.0
train_tune_0ca0b_01446_1446,CNN,0.0104437631245384,0.5743920838001336,0.7264305140643001,0.51014643907547,2.1821444034576416,-0.1468554139137268,1.679999695625156e-05,-2277.8580992689526,0.023106809705495834,50333.8491049356,50385.81495079075,7820003414.0
train_tune_0ca0b_01447_1447,CNN,0.0428833161571052,0.6152569123972448,0.6083238509532768,0.13178199529647827,0.48974281549453735,-0.0077841635793447495,2.314280663995305e-06,-5997.570014524096,0.0028239921666681767,576663090.367068,546870216.8842114,14165106334.0
train_tune_0ca0b_01448_1448,CNN,0.1271714616449459,0.6149002189336438,0.6794233454806408,0.4963805079460144,1.534377932548523,-0.13242563605308533,1.5177040040725842e-05,-3546.6942754216825,0.0034933844581246376,2319282.8574097864,2314809.4797776975,9115998046.0
train_tune_0ca0b_01449_1449,CNN,0.0573477403152506,0.5174096122786666,0.6539474365804171,0.6166713237762451,1.6464918851852417,-0.23007060587406158,3.1613548344466835e-05,-2648.6761660276134,0.02023736946284771,23009.565463618557,22837.70339904367,606393238.0
train_tune_0ca0b_01450_1450,CNN,0.0422834193918531,0.6124551735279483,0.7128309140498846,0.12820106744766235,0.47945553064346313,-0.006851533427834511,4.05319678975502e-06,-23264.993299518996,0.0004161378601565957,4431052489220.719,4484085514365.999,26795765126.0
train_tune_0ca0b_01451_1451,CNN,0.0872617589013314,0.5183544433423547,0.6368940564902416,0.7165350914001465,2.017225503921509,-0.29277151823043823,1.7818536434788257e-05,-2009.7803340911453,0.009291072376072407,741.1341513236031,741.1341513236031,5787398.0
train_tune_0ca0b_01452_1452,CNN,0.0557106112844086,0.5482567970178563,0.6850853448460644,0.6907296180725098,2.875568151473999,-0.250835120677948,2.8153479433967732e-05,-1904.6103721892387,0.015931855887174606,1085.6232749871908,1085.6232749871908,23853542.0
train_tune_0ca0b_01453_1453,CNN,0.0944567170123044,0.4106875086446611,0.5764882607256577,0.8717663288116455,1.8061883449554443,-0.6503713130950928,5.484543362399563e-05,-2028.8182325353432,0.07913611084222794,8480.301370251278,8548.775190684588,65034382.0
train_tune_0ca0b_01454_1454,CNN,0.0467231638418079,0.6365799491343381,0.7002986683201597,0.13627445697784424,0.32320594787597656,-0.006051556207239628,7.941057447169442e-06,-17557.060123630225,7.547132554464042e-05,14332274032.785,14303318662.243904,11443201662.0
train_tune_0ca0b_01455_1455,CNN,0.0463827139544091,0.6194708361556649,0.6236532429492838,0.3582151532173157,1.0466716289520264,-0.06943150609731674,7.4767176556633785e-06,-7892.08076037055,0.007549934554845095,20880313242.841244,21198699508.760193,7189552342.0
train_tune_0ca0b_01456_1456,CNN,0.068943720746701,0.6098809733716837,0.6767021507428218,0.5438703298568726,2.1863746643066406,-0.15354284644126892,3.910307714249939e-05,-2718.3598393683724,0.003868077415972948,50232205.0345494,51355699.5098955,16101394206.0
train_tune_0ca0b_01457_1457,CNN,0.0820505887427493,0.5889244378285149,0.6799264511895865,0.5152944326400757,2.1134042739868164,-0.12786869704723358,3.868870408041403e-05,-2336.8190211245687,-0.0027585059870034456,1578219.3692089308,1620697.8147458343,17654823526.0
train_tune_0ca0b_01458_1458,CNN,0.0557106112844086,0.6088246607112932,0.5907822536619939,0.4211181402206421,1.368151307106018,-0.09124672412872314,1.4579316484741867e-05,-3816.120207458219,0.007048793137073517,7933667.373358812,8148401.258052809,1551960182.0
train_tune_0ca0b_01459_1459,CNN,0.0428833161571052,0.5689611957740649,0.6796475139718892,0.5264780521392822,1.6883450746536255,-0.15655271708965302,2.4832037524902262e-05,-3336.175315191361,0.011202828958630562,39329333.53066933,39381361.15340982,12480061790.0
train_tune_0ca0b_01460_1460,CNN,0.0467231638418079,0.5914576731981297,0.6587116469836675,0.41601505875587463,1.6900399923324585,-0.078581802546978,2.161480369977653e-05,-10298.326220982273,-0.0046904729679226875,69596647761.93234,69346425648.11354,14633991486.0
train_tune_0ca0b_01461_1461,CNN,0.0422453703703703,0.5561205596181454,0.6353768078626829,0.2920737862586975,1.0011597871780396,-0.043005041778087616,6.398528512363555e-06,-2338.3460312603456,0.008662661537528038,841663.317337269,838070.8987040031,6016920574.0
train_tune_0ca0b_01462_1462,CNN,0.0422834193918531,0.6169385405344061,0.677723648149232,0.27935048937797546,0.9396641254425049,-0.03728705272078514,9.522772415948566e-06,-5099.02604032942,0.0038210831116884947,2009781274.4864616,2046483987.6871443,11679890430.0
train_tune_0ca0b_01463_1463,CNN,0.0512649430080622,0.6229900478935128,0.6526325055441563,0.21688342094421387,0.4579371213912964,-0.014673837460577488,6.528650374093559e-06,-5307.485423098195,-0.01426292397081852,449863439023.85675,438059127355.1266,23585866246.0
train_tune_0ca0b_01464_1464,CNN,0.0527857541567152,0.5667352449827514,0.7116121397377003,0.5550124645233154,2.199211597442627,-0.1474575698375702,2.1359230231610127e-05,-2436.000839270056,0.005040212068706751,75983.98480781648,75933.32835630288,8644454622.0
train_tune_0ca0b_01465_1465,CNN,0.0293048335724481,0.5511541457609711,0.6981994236217383,0.6321222186088562,2.8320164680480957,-0.20292416214942932,1.689539203653112e-05,-1891.583257985571,-0.0003905026242136955,1155.7584491945872,1155.7584491945872,38248454.0
train_tune_0ca0b_01466_1466,CNN,0.125214336567905,0.5747391627189434,0.6734550996036918,0.42644476890563965,1.3975679874420166,-0.07270247489213943,1.56255773617886e-05,-4625.123359856065,-0.015065251849591732,347075706.85975194,325012012.5598409,5522037774.0
train_tune_0ca0b_01467_1467,CNN,0.0482481791541325,0.4247421537324266,0.5352561640946458,0.4519599676132202,1.4956094026565552,-0.10037257522344589,1.5272971722879447e-05,-6454.711355922844,0.0026885292027145624,1598932227644.5862,1622229620914.0986,13237290374.0
train_tune_0ca0b_01468_1468,CNN,0.0517251669013186,0.5942074475049156,0.6656444199180181,0.5390503406524658,2.004304885864258,-0.1518467664718628,2.031083931797184e-05,-5279.861500942433,0.003538019023835659,33179948.275509596,33348934.89347563,5294776494.0
train_tune_0ca0b_01469_1469,CNN,0.1133235752491969,0.4923108877347756,0.5051659441953827,0.2973702549934387,1.2154045104980469,-0.04711458086967468,7.0097339630592614e-06,-11415.431595134478,0.0045605553314089775,394969922876.1943,381053757667.55615,8726476790.0
train_tune_0ca0b_01470_1470,CNN,0.1071215921532352,0.5960472948715088,0.6631622642831766,0.3021625280380249,1.078337550163269,-0.036566123366355896,5.983878509141505e-06,-2817.7351953060843,-0.01784047856926918,524543.3987710476,513419.7214002992,1263652734.0
train_tune_0ca0b_01471_1471,CNN,0.0557106112844086,0.6455645703132813,0.6462824325858306,0.3412492573261261,0.9678034782409668,-0.055971186608076096,7.603812264278531e-06,-9982.594136203867,-0.0016228731255978346,22904153243.600983,21347273221.050957,10394179646.0
train_tune_0ca0b_01472_1472,CNN,0.1416116670684136,0.5257636535398675,0.6835923881710779,0.5412393808364868,1.7850767374038696,-0.1263543963432312,3.776722223847173e-05,-2677.251049306292,-0.031602613627910614,21497.697453789202,21399.96108822375,418555086.0
train_tune_0ca0b_01473_1473,CNN,0.1152914947229688,0.5451365083632792,0.672550611866248,0.872758150100708,2.4911537170410156,-0.4301348328590393,6.0288886743364856e-05,-3961.147729689861,0.013314644806087017,375240.1463646513,400170.4379860997,1049055590.0
train_tune_0ca0b_01474_1474,CNN,0.0483828540939642,0.6129412728440812,0.686077347586938,0.401917964220047,1.2272770404815674,-0.07846398651599884,1.2602215065271594e-05,-2315.4480794648903,-0.004793607629835606,12276398.9159892,12438701.620465733,6449369862.0
train_tune_0ca0b_01475_1475,CNN,0.0512649430080622,0.6463901476312547,0.6262158398397991,0.06633910536766052,0.1998797208070755,-0.0012113380944356322,2.553572130636894e-06,-20776.536065130455,-0.003438712563365698,457201686095.13385,459314045816.88226,27453662702.0
train_tune_0ca0b_01476_1476,CNN,0.0429054247579767,0.5498763768222441,0.6549171488039013,0.34318244457244873,1.207758903503418,-0.05508485436439514,6.47678780296701e-06,-14898.404562714642,-0.0002562927547842264,40686242797.17743,41348334837.995155,17135972278.0
train_tune_0ca0b_01477_1477,CNN,0.0638799713631342,0.612516227009208,0.6286196646041481,0.28045374155044556,1.0234057903289795,-0.0392645001411438,8.785970749158878e-06,-4409.791327519816,0.005534015130251646,1896985667.0440707,1914489027.1511087,17860520758.0
train_tune_0ca0b_01478_1478,CNN,0.0647213673019485,0.6140004938848731,0.613874246128403,0.26237601041793823,1.0435984134674072,-0.03430932015180588,4.107653694518376e-06,-4028.007036353528,0.0026153139770030975,9050887.27702901,9133998.487589126,1949514870.0
train_tune_0ca0b_01479_1479,CNN,0.0557106112844086,0.4435204730723479,0.4994504899971387,0.4153563380241394,1.408193588256836,-0.06717967987060547,2.7781359676737338e-05,-2851.6637316253104,-0.020848173648118973,32017780.34942834,32283451.403824795,7382346910.0
train_tune_0ca0b_01480_1480,CNN,0.0746824901073182,0.3521838791926219,0.5181478798360944,0.7341532111167908,3.215543270111084,-0.2873951196670532,3.239867874071933e-05,-1996.6100194115272,0.006252564024180174,16747.17353669872,17173.181573273676,732911366.0
train_tune_0ca0b_01481_1481,CNN,0.0461740711877178,0.6372402006345185,0.5819378069797551,0.19827502965927124,0.8095049262046814,-0.01853911578655243,5.378099558583926e-06,-5112.562811545005,-0.0008220655145123601,190286878.36524826,195653795.77398092,2516004950.0
train_tune_0ca0b_01482_1482,CNN,0.0774897012586123,0.6475631241764208,0.6529248998548453,0.22314906120300293,0.8051301836967468,-0.02207241579890251,4.3559298319451045e-06,-16254.864946434176,-0.005698435008525848,37144360845.14559,37012394954.3704,8003551638.0
train_tune_0ca0b_01483_1483,CNN,0.0428833161571052,0.6757955691063682,0.6546808073796003,0.2463880479335785,1.005266547203064,-0.029981549829244614,6.217711870704079e-06,-11053.594396203716,0.0009046419290825725,1861042082536.8103,1909055288162.0073,13777036238.0
train_tune_0ca0b_01484_1484,CNN,0.0467310843645815,0.5799519270874015,0.6637728142134957,0.4383011758327484,1.3951588869094849,-0.0927206426858902,1.1359370546415448e-05,-2840.9432594164573,-0.0009781348053365946,1672053.0401260555,1682200.1392773986,6105010158.0
train_tune_0ca0b_01485_1485,CNN,0.0621460811868297,0.5222645275814785,0.6294949818914127,0.6283128261566162,2.0032236576080322,-0.21554967761039734,2.790552025544457e-05,-1800.1810369985383,0.018476150929927826,677.7200990786832,677.7200990786832,7709478.0
train_tune_0ca0b_01486_1486,CNN,0.0512133891213389,0.6124072263983265,0.6300068681044518,0.314153254032135,1.357422947883606,-0.051824361085891724,8.828334102872759e-06,-3599.873990585921,0.006742455065250397,170682065.4716518,175528791.23166418,4519267438.0
train_tune_0ca0b_01487_1487,CNN,0.0428833161571052,0.5948793453491292,0.6793157069772496,0.6754231452941895,2.849961757659912,-0.22032305598258972,4.188599996268749e-05,-2717.2299343978975,-0.00032567232847213745,1716701.4406540184,1704626.5435184352,9749539150.0
train_tune_0ca0b_01488_1488,CNN,0.0512649430080622,0.6239184203248646,0.6433003389529551,0.27763375639915466,1.0321396589279175,-0.03856319934129715,6.360161023621913e-06,-8386.82793128964,0.004537695087492466,2742825592084.3677,2737229080713.6934,20537853918.0
train_tune_0ca0b_01489_1489,CNN,0.0467231638418079,0.5327947566541582,0.5878543291233798,0.38408535718917847,1.4101611375808716,-0.06981766223907471,1.8158700186177157e-05,-13391.852489116503,0.0015050771180540323,1099917085409.5076,1076622064903.1343,15664214878.0
train_tune_0ca0b_01490_1490,CNN,0.1036730537652214,0.5434343743860062,0.6534475160024583,0.5636767745018005,2.0453357696533203,-0.15151166915893555,1.614342545508407e-05,-1924.662319885667,-0.007386581040918827,35278.99166555534,35271.12209141192,2906878966.0
train_tune_0ca0b_01491_1491,CNN,0.0723846939986266,0.5123672717872102,0.6281387698457844,0.6447702646255493,2.6444690227508545,-0.19435667991638184,2.884759487642441e-05,-1704.7489757383523,0.0009363035205751657,21618.593148596607,21611.022713606515,3250122086.0
train_tune_0ca0b_01492_1492,CNN,0.0602957507273015,0.4967606209269428,0.6438218554589304,1.106602668762207,3.399567127227783,-0.7685431241989136,7.583252590848133e-05,-1624.586248608143,0.012833851389586926,884.0596560379063,884.0596560379063,4573686.0
train_tune_0ca0b_01493_1493,CNN,0.0521302359725161,0.5931692889705246,0.6713610616955691,0.6573233604431152,2.0793330669403076,-0.24739235639572144,3.2968287996482104e-05,-2051.310484761237,0.006667112000286579,26070.298175853713,25721.81154713204,1378010982.0
train_tune_0ca0b_01494_1494,CNN,0.067452306472483,0.5465976008361041,0.7073758940843309,0.5270414352416992,1.749656319618225,-0.16404564678668976,1.678340595390182e-05,-2296.6777555371627,0.028339704498648643,28512.7934767205,28714.55859571712,1856683270.0
train_tune_0ca0b_01495_1495,CNN,0.0772209292485838,0.5990131324191899,0.6883651005278253,0.512696385383606,1.9971048831939697,-0.15688356757164001,2.399109143880196e-05,-3095.961732004542,0.022825729101896286,91361305.06124109,89534800.23181851,12419255126.0
train_tune_0ca0b_01496_1496,CNN,0.0512649430080622,0.5796888834355508,0.5928944234088198,0.2962435781955719,0.499361127614975,-0.04852038994431496,2.1478208509506658e-05,-3907.7640547758747,0.00792066939175129,12424108.525793223,12176333.23406503,7495282702.0
train_tune_0ca0b_01497_1497,CNN,0.100681310406682,0.5568341535902745,0.7131566654498398,0.5679286122322083,2.43613338470459,-0.16299334168434143,1.8373164493823424e-05,-2147.02889962183,-0.003651226870715618,70952.68709517337,71634.61901241692,7529617862.0
train_tune_0ca0b_01498_1498,CNN,0.0463827139544091,0.651322869910112,0.6514697903351344,0.24391931295394897,0.9583828449249268,-0.027987929061055183,7.708649718551897e-06,-13477.859771621579,-0.001170880626887083,663028154457.207,675472253742.632,15525596830.0
train_tune_0ca0b_01499_1499,CNN,0.0557106112844086,0.6463928927057904,0.6517040002474904,0.15276873111724854,0.5422763228416443,-0.008959243074059486,4.325642294134013e-06,-16393.72060090941,-0.0025964276865124702,2104947169615.8293,2163879579402.221,26457105422.0
train_tune_0ca0b_01500_1500,CNN,0.0512649430080622,0.5617987596644566,0.6225924084144668,0.24450737237930298,1.0034955739974976,-0.029347717761993408,7.315565653698286e-06,-14080.18102396488,0.0011881415266543627,2789354899436.7676,2727652242986.294,22798135678.0
train_tune_0ca0b_01501_1501,CNN,0.0805572766074624,0.6111960191548134,0.5957872047134327,0.23886625468730927,0.7297521829605103,-0.022553417831659317,5.261485057417303e-06,-5047.437822228056,-0.012727538123726845,1228746983.850967,1201990283.7396235,11950415254.0
train_tune_0ca0b_01502_1502,CNN,0.0474117730351626,0.581916010059597,0.6311557124334054,0.581847071647644,1.6295229196548462,-0.19991233944892883,2.6007463020505384e-05,-5714.208108855024,0.016041377559304237,66910717.67804137,67049541.552761644,13584859798.0
train_tune_0ca0b_01503_1503,CNN,0.1528197289666896,0.5703272463686889,0.6238927458582283,0.3765523433685303,1.1611520051956177,-0.059403371065855026,1.4309250218502712e-05,-2615.2105749195416,-0.014086984097957611,10483756.759655973,10263741.81540624,1503011822.0
train_tune_0ca0b_01504_1504,CNN,0.0512649430080622,0.6602876218303948,0.6264296671911745,0.3165230453014374,0.6814020872116089,-0.0595800057053566,2.7648431569105014e-05,-6358.28103783784,0.00601675920188427,59004768.895594716,60118150.33745302,9511736118.0
train_tune_0ca0b_01505_1505,CNN,0.0479246365451411,0.5710466294936383,0.6562095166397668,0.49729645252227783,1.8168792724609375,-0.12123359739780426,1.4754506992176175e-05,-2533.65958621185,-0.006090597715228796,881470.3061195124,884723.6001501472,2853273942.0
train_tune_0ca0b_01506_1506,CNN,0.0512649430080622,0.3999121316851386,0.471389560305059,0.4313703179359436,1.5049136877059937,-0.09870298206806183,1.6249610780505463e-05,-4773.0855348558825,0.012560324743390083,83305651231.99289,83352708215.98926,6760823550.0
train_tune_0ca0b_01507_1507,CNN,0.0467231638418079,0.6451967279105973,0.6619101886751276,0.23591932654380798,0.522344708442688,-0.02705659717321396,8.214125045924447e-06,-5237.754245803201,0.007816561497747898,303070839.3837588,294449983.84782493,7216958414.0
train_tune_0ca0b_01508_1508,CNN,0.0557106112844086,0.5367166004862353,0.6529149012804273,0.803816556930542,3.5715935230255127,-0.29965758323669434,3.880548683810048e-05,-2848.617404685919,-0.006983619183301926,13251.955490394077,13232.812165205018,252866430.0
train_tune_0ca0b_01509_1509,CNN,0.0557106112844086,0.4149802099514659,0.4866539961945719,0.4992498755455017,1.8896872997283936,-0.09557171911001205,2.6496116333873942e-05,-4010.8081802830184,-0.005763876251876354,55974980042.740456,59996233339.002686,12539961934.0
train_tune_0ca0b_01510_1510,CNN,0.0428833161571052,0.4784155452863046,0.5630322879699513,0.677173912525177,2.6271607875823975,-0.25690412521362305,3.0890754715073854e-05,-2288.0533378354394,0.01473572663962841,1393901.2246715706,1402311.1731495482,11403519638.0
train_tune_0ca0b_01511_1511,CNN,0.0593065765640101,0.4013770080203044,0.4585684995938521,0.42043226957321167,1.5288715362548828,-0.09123002737760544,1.8533744878368452e-05,-2692.430731198958,0.002774873049929738,321848.6814623776,307934.0973343261,506698638.0
train_tune_0ca0b_01512_1512,CNN,0.0467231638418079,0.5416741882426898,0.5197953784253335,0.18125426769256592,0.6934892535209656,-0.016279198229312897,2.9882930903113447e-06,-4455.254421329029,0.007483160123229027,1651861.3910167539,1658275.4494317267,1132756054.0
train_tune_0ca0b_01513_1513,CNN,0.0467231638418079,0.6004121135992109,0.6664825027429534,0.36473414301872253,1.1473745107650757,-0.06311099231243134,1.255073948414065e-05,-7127.921327037686,0.00015850155614316463,946188684.6593719,944358458.942219,19230703006.0
train_tune_0ca0b_01514_1514,CNN,0.0454966851640863,0.5473017000588336,0.6824267508534131,0.5594795942306519,2.4400672912597656,-0.1633465737104416,1.6116453480208293e-05,-1949.4805757256606,0.013519435189664364,971.5341667658203,971.5341667658203,34691078.0
train_tune_0ca0b_01515_1515,CNN,0.0465195246179966,0.598662866520672,0.6772966513114707,0.5902677774429321,2.4148471355438232,-0.18453532457351685,2.2450160031439736e-05,-3891.673845620343,0.011415556073188782,5372833.109625192,5334052.932990736,21357359854.0
train_tune_0ca0b_01516_1516,CNN,0.0496100224078379,0.6095146400260106,0.5205909681084085,0.15779273211956024,0.6335409879684448,-0.012047909200191498,4.366404482425423e-06,-3585.1262866754673,0.004792423918843269,7642083.392387884,7199247.001679699,3947162454.0
train_tune_0ca0b_01517_1517,CNN,0.0740550518042834,0.4164270880665146,0.4737834364256166,0.480834424495697,1.6122370958328247,-0.10776188969612122,1.5103254554560408e-05,-2717.450026322388,-0.00404668552801013,41012637.04449642,40730288.96229816,13309862070.0
train_tune_0ca0b_01518_1518,CNN,0.0555738063950941,0.4998753883005053,0.6420233558081189,0.474949449300766,2.077070713043213,-0.10863735526800156,1.922063165693544e-05,-1626.6367260716518,-0.004885535221546888,649.5478863753959,649.5478863753959,21953862.0
train_tune_0ca0b_01519_1519,CNN,0.1158344295346963,0.4762809617384733,0.5661830763453216,1.6104152202606201,3.999709129333496,-2.270538806915283,0.00011636845010798424,-2303.893934055308,0.07601764798164368,1311.565285634137,1311.565285634137,3119366.0
train_tune_0ca0b_01520_1520,CNN,0.0428833161571052,0.6324911803694352,0.6744492369811792,0.3650479316711426,0.49718719720840454,-0.05550010874867439,1.6907442841329612e-05,-7255.397988993245,-0.0023070811294019222,388039011.0641711,388927589.9426818,7397968238.0
train_tune_0ca0b_01521_1521,CNN,0.0466120964074579,0.5393872553980722,0.7125272743597044,0.6047247648239136,1.7404661178588867,-0.21685367822647095,1.494063781137811e-05,-2142.416943569099,0.0075496286153793335,34627.84457035284,34479.87363211794,1725594790.0
train_tune_0ca0b_01522_1522,CNN,0.0499557822009667,0.5970888782431689,0.6269790636938791,0.4576910138130188,1.7150626182556152,-0.1051282212138176,1.478111335018184e-05,-2935.2419366246663,0.004988516680896282,73143630.1555783,72649109.28722012,11466138294.0
train_tune_0ca0b_01523_1523,CNN,0.0467231638418079,0.5694173367133902,0.6582721340294012,0.2611793279647827,0.6954302191734314,-0.03062352165579796,8.665430868859403e-06,-39727.066220720684,-0.0020132868085056543,411501804627.8407,424066571060.24146,8725947886.0
train_tune_0ca0b_01524_1524,CNN,0.1935494676525584,0.3835698786976361,0.3331041892722325,0.7361360192298889,2.7669074535369873,-0.2988097667694092,2.4670895072631538e-05,-1880.4924025816379,0.007808973081409931,11675.483460692354,11645.607150848817,566086070.0
train_tune_0ca0b_01525_1525,CNN,0.1597140653432692,0.5415821250395175,0.665451277131293,0.5141123533248901,2.3616526126861572,-0.14042386412620544,1.0618319720379077e-05,-1766.70910260499,0.016065265983343124,802.9714181417129,802.9714181417129,36937526.0
train_tune_0ca0b_01526_1526,CNN,0.1056567331831361,0.4338302331012377,0.5908836454292853,0.5699466466903687,1.9403488636016846,-0.13700838387012482,3.2326614018529654e-05,-1770.6462251156638,-0.023043587803840637,479.2414322247671,479.2414322247671,4803302.0
train_tune_0ca0b_01527_1527,CNN,0.0521941892577303,0.46319570654863,0.5191801939248134,0.31513547897338867,0.8813653588294983,-0.05659489706158638,2.535773819545284e-05,-3057.613390474682,0.02619430050253868,10110091.789865939,9893016.586149398,9413894894.0
train_tune_0ca0b_01528_1528,CNN,0.0962334796386873,0.6467268073920726,0.6566765896934429,0.3709675073623657,1.5880346298217773,-0.07535761594772339,1.729150790197309e-05,-6600.519867824065,0.006912730634212494,7230587178.611004,7225782111.51885,33905717446.0
train_tune_0ca0b_01529_1529,CNN,0.0791668986945927,0.4967319098294014,0.6496258272275964,0.6169828176498413,2.78304123878479,-0.19847670197486877,1.354020059807226e-05,-1803.459503548026,0.015523495152592659,759.9663234885153,759.9663234885153,22634190.0
train_tune_0ca0b_01530_1530,CNN,0.0428833161571052,0.6041301241769401,0.6594500828323933,0.19910642504692078,0.7358229160308838,-0.018867207691073418,5.546808097278699e-06,-4314.1137829777645,0.00024333567125722766,9013281267.334827,9039245419.958843,10558898902.0
train_tune_0ca0b_01531_1531,CNN,0.0422834193918531,0.6123178564877122,0.6793317582869745,0.36336228251457214,1.4607170820236206,-0.05757584795355797,1.808605702535715e-05,-3013.3384227197207,-0.0055082207545638084,111664276.43962964,111443602.94484544,21791453286.0
train_tune_0ca0b_01532_1532,CNN,0.0422834193918531,0.6100265092960632,0.6189028377773513,0.17344354093074799,0.7263112664222717,-0.01307750679552555,6.1577943597512785e-06,-7516.0869428759925,-0.0037378957495093346,52511446690.72942,52948272203.76297,14357096870.0
train_tune_0ca0b_01533_1533,CNN,0.0428833161571052,0.6665187503588385,0.6757077504796108,0.16099649667739868,0.44001561403274536,-0.010380661115050316,8.234344022639561e-06,-7932.557221384914,0.004694664850831032,81275401758.95126,83877835404.14697,6257199110.0
train_tune_0ca0b_01534_1534,CNN,0.0512649430080622,0.6040423887921487,0.6721943533088778,0.10021749883890152,0.34973862767219543,-0.00395957799628377,8.24315611680504e-06,-11347.57116804267,-0.002142012119293213,1400218978368.2073,1382963952219.7656,23007366262.0
train_tune_0ca0b_01535_1535,CNN,0.0422834193918531,0.6168579309141301,0.6326823994071394,0.32976359128952026,1.2553420066833496,-0.046912968158721924,2.077149838441983e-05,-5069.057394066162,-0.004313943441957235,68887990.8600047,69120459.08393262,17130346518.0
train_tune_0ca0b_01536_1536,CNN,0.0832984708890867,0.5374510377533072,0.6815008652332559,0.38982945680618286,1.8000539541244507,-0.07304517179727554,9.00643954082625e-06,-1851.2302590202967,-0.007816747762262821,764.3254579965493,764.3254579965493,50254598.0
train_tune_0ca0b_01537_1537,CNN,0.0471263438808915,0.5147098778469931,0.6073430644525959,0.6725594401359558,1.9863193035125732,-0.2609586715698242,2.770935680018738e-05,-1728.7216325378604,-0.0009275567717850208,611.8322526668094,611.8322526668094,5758190.0
train_tune_0ca0b_01538_1538,CNN,0.0463827139544091,0.6251772616937504,0.6000691304603691,0.3016887605190277,0.9243605732917786,-0.04660923779010773,9.93700905382866e-06,-10457.859211482568,0.006441939622163773,47990907330.93823,48930147935.11771,8639588046.0
train_tune_0ca0b_01539_1539,CNN,0.0557786724591067,0.4759671103164284,0.5802071556108007,0.1667773425579071,0.5215082764625549,-0.012054267339408398,5.474207682709675e-06,-3088.7114845039127,0.0010616704821586609,101558.42592122628,98719.18716193284,171044118.0
train_tune_0ca0b_01540_1540,CNN,0.0424442001313499,0.5809327812172238,0.6691363933690612,0.4370895028114319,1.8289096355438232,-0.10583442449569702,1.4754312360309996e-05,-3420.1817456184212,0.008674920536577702,69727942.80978459,69964131.58436635,11786410486.0
train_tune_0ca0b_01541_1541,CNN,0.0721282257196351,0.5560685523857437,0.7048426887179392,0.5678194761276245,2.2205686569213867,-0.1469602882862091,2.721778400882613e-05,-2486.5929255493925,-0.010622222907841206,44190.306593909365,44112.45823819339,3337799862.0
train_tune_0ca0b_01542_1542,CNN,0.0428833161571052,0.4791537138008614,0.5543169758045311,0.33963316679000854,1.2419568300247192,-0.054318178445100784,1.1068284948123619e-05,-3560.9577023091515,-0.0031580710783600807,1076985106.9358816,1101522809.6991124,7977781286.0
train_tune_0ca0b_01543_1543,CNN,0.0512649430080622,0.6538515061272868,0.6311587295222795,0.17391547560691833,0.5815019607543945,-0.013833824545145035,2.6772531782626174e-06,-24622.57885522697,0.0015389581676572561,1820173121688.7542,1833525204808.2812,19869873470.0
train_tune_0ca0b_01544_1544,CNN,0.0557106112844086,0.5762682719187271,0.6454617443132205,0.2965378165245056,1.0818599462509155,-0.045013658702373505,7.357642061833758e-06,-9197.178745362544,0.004406972322613001,35393431897.55412,35583696769.98116,9683223462.0
train_tune_0ca0b_01545_1545,CNN,0.0705762316885515,0.6340671014967142,0.6190183302145911,0.26627394556999207,1.0201060771942139,-0.03659480810165405,7.676116183574777e-06,-3176.3009728214556,0.005514114163815975,27499537.30091698,27626659.974163845,5858957710.0
train_tune_0ca0b_01546_1546,CNN,0.1540779094459021,0.5559586387043572,0.6863755853305666,0.642981767654419,2.6474149227142334,-0.20725810527801514,1.9531049474608153e-05,-1746.5569991259397,-0.003493394237011671,1094.7694122535117,1094.7694122535117,26635678.0
train_tune_0ca0b_01547_1547,CNN,0.0480743798987033,0.6075306014758451,0.658510453397679,0.41487544775009155,1.1559780836105347,-0.09596128016710281,9.198921361530665e-06,-2974.660348717068,0.01106744073331356,586691.5569824394,577275.9766469903,1588030726.0
train_tune_0ca0b_01548_1548,CNN,0.0463827139544091,0.6055125786308092,0.6197815239832699,0.07649719715118408,0.14194156229496002,-0.0006886203773319721,3.0767364478379022e-06,-7659.039816918385,0.00048291683197021484,5659034482.232273,5769051917.895821,13404020270.0
train_tune_0ca0b_01549_1549,CNN,0.0423125502353886,0.6082604984407419,0.6796927299227935,0.2530288100242615,1.0128252506256104,-0.031448040157556534,4.724858172266977e-06,-3155.154185665249,0.003462073625996709,1151209.06300965,1135974.2979447718,2709947094.0
train_tune_0ca0b_01550_1550,CNN,0.0640951732846717,0.5078707019174763,0.6367533875666371,0.6222390532493591,2.0365095138549805,-0.1899014413356781,2.181571107939817e-05,-1697.635761876212,-0.02291291579604149,707.8544741468007,707.8544741468007,9088022.0
train_tune_0ca0b_01551_1551,CNN,0.1698062789505544,0.5688621371964179,0.6903887819339003,0.5435906052589417,2.32417631149292,-0.15212208032608032,3.218108031433076e-05,-2285.6230552868983,0.002997784875333309,25497.583367039173,25154.247101464483,2385032118.0
train_tune_0ca0b_01552_1552,CNN,0.0428833161571052,0.6439571793633028,0.6264247507321837,0.30698418617248535,1.3090074062347412,-0.04121680557727814,7.69058897276409e-06,-15422.676876256055,-0.010911052115261555,7055567690655.857,7090357363010.594,30106575150.0
train_tune_0ca0b_01553_1553,CNN,0.0412340600919085,0.4058714654228872,0.4737344113091351,2.365241765975952,3.2385010719299316,-6.231749057769775,0.0002232799888588488,-3546.6001830311784,0.18448463082313538,514.9713345060109,514.9713345060109,261862.0
train_tune_0ca0b_01554_1554,CNN,0.0515889483572066,0.5355879563567082,0.6529043827878837,0.9182543754577637,2.9835503101348877,-0.4772067666053772,4.4725402403855696e-05,-1688.9290097480832,0.03202633559703827,1011.8833324348113,1011.8833324348113,8759862.0
train_tune_0ca0b_01555_1555,CNN,0.0505806863338552,0.5100056402160595,0.6512987007346763,0.6761420965194702,2.5409557819366455,-0.25864481925964355,1.8950493540614843e-05,-1772.5906990761198,0.044453442096710205,862.9048820794842,862.9048820794842,15762422.0
train_tune_0ca0b_01556_1556,CNN,0.1445225915943254,0.678696640450737,0.6353191109000308,0.18288466334342957,0.6614326238632202,-0.014845311641693115,4.438132236828096e-06,-33627.19662837964,-0.00154226110316813,2323005579372.2334,2350694380864.8057,20135452014.0
train_tune_0ca0b_01557_1557,CNN,0.1022860771824834,0.5617774942480852,0.6467511908998814,0.45806199312210083,1.283634901046753,-0.1015184223651886,1.8265851394971833e-05,-2231.8415095034197,-0.011470897123217583,667572.6533492106,657179.8243688059,3033787478.0
train_tune_0ca0b_01558_1558,CNN,0.0622826695940468,0.488629944418991,0.6379670805259107,1.000223994255066,3.45662784576416,-0.553330659866333,3.696718704304658e-05,-1723.7856468772277,0.007930068299174309,780.8189534373792,780.8189534373792,4483526.0
train_tune_0ca0b_01559_1559,CNN,0.0518320800085522,0.5161298825803227,0.6683109183259447,0.552452564239502,1.9328912496566772,-0.15696215629577637,2.4998314984259196e-05,-1759.9466917469454,0.010738518089056015,12120.274559283596,12212.038460607811,742607022.0
train_tune_0ca0b_01560_1560,CNN,0.0463827139544091,0.6507698764884834,0.6631394646497276,0.2893856167793274,1.156860589981079,-0.041199907660484314,6.7122264226782136e-06,-6730.321792334925,-0.0002231710823252797,2817736875.550798,2910510708.8781867,21989343398.0
train_tune_0ca0b_01561_1561,CNN,0.1008336685204767,0.5326733797656328,0.6578354364878999,0.5010823011398315,1.992561936378479,-0.12777811288833618,9.11443930817768e-06,-1795.8318545877182,0.010674617253243923,678.7091567162975,678.7091567162975,19963958.0
train_tune_0ca0b_01562_1562,CNN,0.0428833161571052,0.563089936837333,0.7220523936732516,1.1768808364868164,4.875257968902588,-0.8285702466964722,0.00010587889119051397,-2364.8597799300064,0.027359094470739365,67236.809144007,67029.24627133999,3853827702.0
train_tune_0ca0b_01563_1563,CNN,0.0930104960613346,0.4718942767653891,0.6590513460083903,0.8667574524879456,2.4969124794006348,-0.5030467510223389,4.1410152334719896e-05,-2151.4953881251345,0.05715978145599365,14319.929451583183,14000.21940397122,188183702.0
train_tune_0ca0b_01564_1564,CNN,0.0486412574808989,0.6018602943500613,0.6942308358443153,0.4532269835472107,1.656330943107605,-0.09917774796485901,1.3028814464632887e-05,-7707.493635406138,-0.00028529344126582146,28149247314.473885,28656406823.363266,7554750126.0
train_tune_0ca0b_01565_1565,CNN,0.0935533804317351,0.4379926311057225,0.5027213954368926,0.3771279454231262,1.2580432891845703,-0.07143571972846985,1.173529562947806e-05,-2863.3800191212913,0.001579600851982832,21183431.98028011,21164643.165415697,6138078158.0
train_tune_0ca0b_01566_1566,CNN,0.0812205786139435,0.5577140762603654,0.6766403810342635,0.5792357921600342,2.5347211360931396,-0.17815689742565155,1.684788367128931e-05,-1786.2523761273515,0.036106664687395096,939.5281519727084,939.5281519727084,29020366.0
train_tune_0ca0b_01567_1567,CNN,0.0579447772629172,0.6082381538905466,0.6564439846854178,0.2603131830692291,1.0227563381195068,-0.027538809925317764,1.6501655409228988e-05,-4124.481350791107,-0.008507242426276207,86232344.09322187,86385173.94988145,21860138982.0
train_tune_0ca0b_01568_1568,CNN,0.0639616960149555,0.5901212436849697,0.66038406156527,0.35651710629463196,1.4862749576568604,-0.06890144944190979,9.797662642085925e-06,-3135.412573176549,0.016026504337787628,1301624.5238545823,1314820.996031487,4817332190.0
train_tune_0ca0b_01569_1569,CNN,0.0557289100563858,0.5845494015109318,0.6776493522319181,0.6004306674003601,2.1238150596618652,-0.16823545098304749,3.080007081734948e-05,-3325.175372285029,-0.012132478877902031,1693871.8404356947,1722964.8112088488,2909100142.0
train_tune_0ca0b_01570_1570,CNN,0.1048858075159859,0.5467098974438414,0.6720611481861125,0.6557002067565918,3.0818240642547607,-0.21465712785720825,2.2315150999929756e-05,-1824.5463230043536,-0.0028451127000153065,1360.951893189092,1360.951893189092,56480006.0
train_tune_0ca0b_01571_1571,CNN,0.0428833161571052,0.6656841918383292,0.6582484951629346,0.277413010597229,1.1266425848007202,-0.03778385743498802,6.564624527527485e-06,-49594.32722377881,-0.0008299404289573431,35284487379136.055,35510913501795.72,55064992214.0
train_tune_0ca0b_01572_1572,CNN,0.0865062042945968,0.2964669978895181,0.4194272898053581,0.5229855179786682,1.8282846212387085,-0.1083788275718689,4.935653123538941e-05,-3820.8867929822627,-0.004424832761287689,92576.70590628203,103514.87670837899,115775990.0
train_tune_0ca0b_01573_1573,CNN,0.0422834193918531,0.6201635754980204,0.6589023566661226,0.33880820870399475,0.8214280605316162,-0.07176753133535385,2.1715608454542235e-05,-23505.81784581059,0.028369659557938576,1831374287282.5615,1856178119341.0164,18548021078.0
train_tune_0ca0b_01574_1574,CNN,0.0463827139544091,0.5921591657636021,0.624556952943855,0.5351054668426514,1.891603946685791,-0.14680510759353638,2.1079697035020217e-05,-3368.750045727542,0.0032385652884840965,12279502.971366644,12068417.971655905,2462335654.0
train_tune_0ca0b_01575_1575,CNN,0.0865395574272368,0.4204155952902736,0.4717562765202028,0.7428700923919678,2.5242788791656494,-0.24609023332595825,8.556579268770292e-05,-2108.543308558016,-0.00424236012622714,373968.4165781257,368399.04829689185,2116779302.0
train_tune_0ca0b_01576_1576,CNN,0.0428833161571052,0.3949490553663604,0.464887201781106,0.5414067506790161,1.9832216501235962,-0.16098681092262268,2.4275841497001238e-05,-6681.225002491566,0.017680643126368523,96314514240.9114,98113628051.59819,25457444814.0
train_tune_0ca0b_01577_1577,CNN,0.0657975648342285,0.5472056154692427,0.6801799596456511,0.7179147005081177,2.5314085483551025,-0.2980721592903137,2.7833626518258825e-05,-1803.8126263814834,0.03829435631632805,982.7181413664807,982.7181413664807,15125510.0
train_tune_0ca0b_01578_1578,CNN,0.0646448341994236,0.5977460573391061,0.6396320712424948,0.2680070996284485,0.8044965267181396,-0.03452790156006813,8.653300938021857e-06,-4941.4408677843985,-0.001407771254889667,833408001.4785144,840693688.272175,15081781974.0
train_tune_0ca0b_01579_1579,CNN,0.0463827139544091,0.4648972516169382,0.5818023263987289,0.2355615794658661,0.8461843729019165,-0.026836087927222252,5.219988452154212e-06,-12881.256764816886,0.005296532995998859,1786454188581.6543,1708408386112.1846,26146601350.0
train_tune_0ca0b_01580_1580,CNN,0.0120552455355547,0.4554319474132322,0.6086396784654254,0.5124378800392151,1.804649829864502,-0.13664913177490234,1.4924218703527004e-05,-2918.989547243134,0.008514698594808578,38507864.04604451,38319475.54246812,11818118486.0
train_tune_0ca0b_01581_1581,CNN,0.1036552430477333,0.4676724874779293,0.6525827953138668,0.6494165658950806,1.7849525213241577,-0.15224435925483704,7.709843339398503e-05,-2171.800849818674,-0.021318117156624794,13025.245721215088,13026.085051964765,64758838.0
train_tune_0ca0b_01582_1582,CNN,0.0763223728475491,0.5531926356245639,0.7054855273979674,0.7028573751449585,2.5823147296905518,-0.32714489102363586,3.540005855029449e-05,-2044.4436644334721,0.061906591057777405,43404.930584014524,43423.9735305329,2189183174.0
train_tune_0ca0b_01583_1583,CNN,0.0512649430080622,0.5141220775521695,0.5293201518577636,0.48697519302368164,1.8676036596298218,-0.10361436009407043,1.9591831005527638e-05,-5726.0525629915055,-0.009034313261508942,51961799975.98906,51082901891.2753,18710117318.0
train_tune_0ca0b_01584_1584,CNN,0.0512649430080622,0.575184597375264,0.604480490434563,0.048119183629751205,0.13112154603004456,-0.0004966643173247576,1.1557440302567557e-06,-5628.529431436943,0.0012977034784853458,1814777209.6149058,1708544285.1220188,10501054054.0
train_tune_0ca0b_01585_1585,CNN,0.0586012296881862,0.5841820510136871,0.642002087945999,0.13331004977226257,0.3054649531841278,-0.005134591832756996,5.564736966334749e-06,-12258.178212505074,0.0009171937126666307,617533440585.9327,632159295549.1494,17003999918.0
train_tune_0ca0b_01586_1586,CNN,0.144068582174237,0.4619157885768014,0.6438448229276695,0.8722453117370605,3.51884388923645,-0.43241530656814575,4.504685784922913e-05,-2162.1906874207525,0.03597020357847214,20506.447640479968,20410.373159104623,318963262.0
train_tune_0ca0b_01587_1587,CNN,0.0431910105120949,0.6112928158856967,0.6297276406639213,0.23782169818878174,0.9332034587860107,-0.03049575164914131,5.028052783018211e-06,-4859.919920615266,0.010609698481857777,2232494454.363799,2239184496.0707755,14645215166.0
train_tune_0ca0b_01588_1588,CNN,0.0414463634474203,0.5733244648813953,0.6184871848309418,0.4415760040283203,1.0509653091430664,-0.12785999476909637,7.665444172744174e-06,-1974.2988083593555,0.021855467930436134,520128.2018896299,517106.3068547754,1264176510.0
train_tune_0ca0b_01589_1589,CNN,0.0467231638418079,0.6194456136823967,0.6518751297597701,0.37704193592071533,1.112053632736206,-0.0739264115691185,1.2014627827738877e-05,-4761.769114058343,0.007302493788301945,22139673.64413585,22564127.827773575,4404649166.0
train_tune_0ca0b_01590_1590,CNN,0.1235483364720652,0.4011246789701699,0.5581964002398901,0.8415418863296509,3.3332772254943848,-0.31001728773117065,4.191126208752394e-05,-2444.939101298829,-0.0035912818275392056,527603.7537902856,526798.8665124077,1692377406.0
train_tune_0ca0b_01591_1591,CNN,0.0512649430080622,0.5871168883741487,0.5845258692040293,0.22564733028411865,0.868166983127594,-0.024376336485147476,1.0579296940704808e-05,-5445.639254468656,0.0013760598376393318,365024129.98871005,361482028.6599882,7421168566.0
train_tune_0ca0b_01592_1592,CNN,0.0824203137579702,0.4303852045988856,0.5107499480612638,0.2108609974384308,0.6221985220909119,-0.019454607740044594,3.974511855631135e-06,-3593.362065550739,-0.004035650286823511,83930.43792621762,84720.0108465656,164097302.0
train_tune_0ca0b_01593_1593,CNN,0.0467231638418079,0.6959007537305811,0.6598738338114666,0.26258474588394165,1.0198264122009277,-0.03728923574090004,8.000499292393215e-06,-8322.30039779726,0.012647210620343685,4541111306.968712,4527237644.499387,21951265518.0
train_tune_0ca0b_01594_1594,CNN,0.083995793839931,0.4185925326273842,0.5591735707086746,0.8720625042915344,3.720269203186035,-0.34464433789253235,7.380925671895966e-05,-1932.577041210324,-0.014745762571692467,33698.031329198944,32695.457057264706,2980097254.0
train_tune_0ca0b_01595_1595,CNN,0.0422834193918531,0.6199827338922399,0.5790052265000114,0.16486337780952454,0.5906732082366943,-0.011728842742741108,2.5462334178882884e-06,-5569.496273736665,-0.0012185329105705023,20771652479.49087,20327566244.3343,9606284982.0
train_tune_0ca0b_01596_1596,CNN,0.1097836113595663,0.4818699185476576,0.5428348353871651,0.39649075269699097,1.1230108737945557,-0.07430394738912582,8.26701034384314e-06,-3728.5394873330833,-0.0050840191543102264,582537625.3041754,591930626.8543109,12913989318.0
train_tune_0ca0b_01597_1597,CNN,0.2040884684430922,0.5770092840759857,0.7092959891940666,0.4622393846511841,1.4047971963882446,-0.09352066367864609,1.2698463251581416e-05,-2258.1415597279833,-0.008951719850301743,30312.250235805255,30321.316187942735,1488804918.0
train_tune_0ca0b_01598_1598,CNN,0.0463827139544091,0.4261314540475133,0.466428448498898,0.5405832529067993,2.2271831035614014,-0.14944379031658173,2.0430736185517162e-05,-3019.4009507904266,0.005218511447310448,41025074.08028486,42265012.5583246,6866580686.0
train_tune_0ca0b_01599_1599,CNN,0.0603415423500711,0.4489366986615214,0.625103068629515,0.7276661396026611,2.7641687393188477,-0.26497533917427063,1.8668302800506353e-05,-1883.5446338456268,0.011632083915174007,765.2999704655454,765.2999704655454,11839406.0
train_tune_0ca0b_01600_1600,CNN,0.0906553379583506,0.3966198158470707,0.4564396397088596,0.45781654119491577,1.8827357292175293,-0.10884076356887817,1.4304385331342928e-05,-2478.1239848852874,0.008374707773327827,1114949.5034262436,1125358.5218117351,4337689134.0
train_tune_0ca0b_01601_1601,CNN,0.0557106112844086,0.6291515918732917,0.6145554791089677,0.16440632939338684,0.34429454803466797,-0.006579917389899492,9.56836356635904e-06,-9351.096553820702,-0.014542924240231514,15686650422.82153,16066570505.751009,7369729934.0
train_tune_0ca0b_01602_1602,CNN,0.0428833161571052,0.6045339217820679,0.6302850248937649,0.25067105889320374,0.7653253078460693,-0.03212796896696091,3.4575728022900876e-06,-5870.285816339818,0.007260201033204794,45125969.65746164,45032058.85290643,6884417102.0
train_tune_0ca0b_01603_1603,CNN,0.0557106112844086,0.6059758534043567,0.702007102165506,0.5633275508880615,2.259305715560913,-0.13636553287506104,4.002809873782098e-05,-3095.300203012007,-0.0008321789791807532,2683022.422120504,2643179.4594238885,10241531638.0
train_tune_0ca0b_01604_1604,CNN,0.0784533099711048,0.5309762508891249,0.6013771409917178,0.1766008734703064,0.6994146704673767,-0.01473325490951538,6.122165359556675e-06,-17605.77785883986,0.003449304960668087,848379375953.4966,868141334603.6576,22725195758.0
train_tune_0ca0b_01605_1605,CNN,0.0659894365056219,0.5632168786670333,0.6406363532383964,0.2765270173549652,0.784583330154419,-0.03102441132068634,1.3607344044430647e-05,-2486.981701021401,-0.009710565209388733,18967375.304092165,18974820.431369275,2605511446.0
train_tune_0ca0b_01606_1606,CNN,0.0512667655246541,0.6549719650894713,0.6627536927079115,0.35014915466308594,1.3782957792282104,-0.05795968323945999,9.810919436858967e-06,-5608.230708487414,-0.0029210501816123724,56940800825.75476,56109901437.587685,9978454734.0
train_tune_0ca0b_01607_1607,CNN,0.0943540046609827,0.5633559449821014,0.7005302476894516,0.35083702206611633,1.059736967086792,-0.04573865234851837,2.6164767405134626e-05,-2366.554703159655,-0.0138254314661026,25055.67236155634,25051.56813358886,1210600894.0
train_tune_0ca0b_01608_1608,CNN,0.0429497104191754,0.5785336771986946,0.5973569987310303,0.5330138206481934,2.293200731277466,-0.15153133869171143,1.8282320525031537e-05,-3081.082626553248,0.00561829237267375,6374136.326907702,6476230.310539648,3951633862.0
train_tune_0ca0b_01609_1609,CNN,0.0512649430080622,0.3430939854906276,0.4003247171726538,0.9963476657867432,4.134581565856934,-0.5313453674316406,5.366822733776644e-05,-3312.644946701261,0.0043966080993413925,93708547.18123586,94525941.25700091,15530102126.0
train_tune_0ca0b_01610_1610,CNN,0.0467231638418079,0.5033788440918998,0.6489642287164649,0.4652670919895172,2.012685775756836,-0.10548622161149979,1.5220541172311641e-05,-2015.483813049292,-0.0006872949306853116,23358.79872998502,23360.620419094586,2253442838.0
train_tune_0ca0b_01611_1611,CNN,0.0561728627538171,0.4055663544810406,0.5167830067503113,0.649448573589325,1.8171021938323975,-0.26195794343948364,2.3423275706591085e-05,-2787.0755555999635,0.01869545876979828,321141.384206866,311080.52840027754,486600238.0
train_tune_0ca0b_01612_1612,CNN,0.1678122413826504,0.4016267507238666,0.5653694228702763,0.6882758736610413,2.052858352661133,-0.2566302716732025,2.3307016817852855e-05,-1801.3759355950256,0.009466531686484814,537.676791106449,537.676791106449,4089862.0
train_tune_0ca0b_01613_1613,CNN,0.1001440112805854,0.6390267884557513,0.6264254121717662,0.3642645478248596,1.4419100284576416,-0.06264398992061615,1.3524811038223561e-05,-5555.0600562165355,-0.002791141625493765,4628852319.920763,4652448815.793873,31792418038.0
train_tune_0ca0b_01614_1614,CNN,0.0557380639509417,0.4865913783657408,0.6050787319602794,0.5333071947097778,1.3269882202148438,-0.1421341598033905,6.115090945968404e-05,-2434.724411172261,-0.0013921619392931461,795801.317663427,797061.0421067242,7165079086.0
train_tune_0ca0b_01615_1615,CNN,0.0428833161571052,0.6411591374547173,0.5821120107340564,0.16556909680366516,0.5789717435836792,-0.011835508979856968,2.7751198103942443e-06,-17742.771284849037,-0.001091311452910304,318848616529.9719,346877924665.3558,7849095326.0
train_tune_0ca0b_01616_1616,CNN,0.0805485887426031,0.5769936768666205,0.6816743127355959,0.6054505705833435,2.265089273452759,-0.16456365585327148,2.9739534511463717e-05,-4561.482186937286,-0.0022695735096931458,71459938.86944368,71253086.03952321,8195691310.0
train_tune_0ca0b_01617_1617,CNN,0.0709636108614022,0.3791215509806103,0.5353574439356518,0.9162524938583374,3.237685441970825,-0.5148406028747559,3.9643055060878396e-05,-2060.5284447566714,0.02086234837770462,11910.737450615896,11686.249117260286,301453454.0
train_tune_0ca0b_01618_1618,CNN,0.0827305484402773,0.5158380575582932,0.6093840722936384,1.2586487531661987,2.454921007156372,-1.351293683052063,0.00013279241102281958,-2092.120050593753,0.11110720038414001,599.3883891380864,599.3883891380864,1217510.0
train_tune_0ca0b_01619_1619,CNN,0.0467231638418079,0.6227821205585687,0.6099682609119839,0.261711061000824,0.9930511713027954,-0.02888171374797821,7.6237492976360954e-06,-17954.87010260523,-0.0097934789955616,5575160692.120988,5601712785.782371,18905811638.0
train_tune_0ca0b_01620_1620,CNN,0.0463827139544091,0.2330549750939403,0.2556198720538513,0.18931123614311218,0.7160660624504089,-0.015575945377349854,2.670495405254769e-06,-2507.17415497263,-0.008551746606826782,107536723.66146302,104096207.64407876,2820920486.0
train_tune_0ca0b_01621_1621,CNN,0.0557107344388284,0.6009474534148654,0.597351366476924,0.6439772844314575,2.1660284996032715,-0.24882365763187408,2.7102163585368544e-05,-3682.091982347722,0.02381664514541626,9364599.512424676,8917692.163836243,1418016326.0
train_tune_0ca0b_01622_1622,CNN,0.0502255089785574,0.4325787729606418,0.5531493797139592,0.46412310004234314,1.9240931272506714,-0.1098911464214325,1.4860466762911528e-05,-1802.9626271825437,0.006181288510560989,377176.68921610725,380556.49889767176,3898135150.0
train_tune_0ca0b_01623_1623,CNN,0.0963410680617021,0.5432456100043422,0.6713670003292497,0.43427377939224243,1.9001619815826416,-0.0915185734629631,9.487816896580625e-06,-1781.8756058671675,-0.009022960439324379,718.6842553674896,718.6842553674896,35776982.0
train_tune_0ca0b_01624_1624,CNN,0.0463827139544091,0.5651893060337058,0.708726571575668,0.6296578645706177,2.2841272354125977,-0.23243388533592224,4.0943355998024344e-05,-2229.0589507095974,0.03022422082722187,37922.13691028915,37711.71134776513,2608576174.0
train_tune_0ca0b_01625_1625,CNN,0.0494785113591653,0.5857440154740224,0.6889116493969416,0.6063079833984375,1.9844954013824463,-0.21915803849697113,2.8905453291372396e-05,-3774.3879278820955,0.02560846135020256,1080836.3088422373,1066865.7100924049,4374769302.0
train_tune_0ca0b_01626_1626,CNN,0.0422834193918531,0.5785793812398654,0.6887551440420188,0.23452749848365784,0.9055566787719727,-0.02684261091053486,6.507444595627021e-06,-3085.7611749868997,-0.0011006321292370558,57808332.58749708,58045517.791748,15697503638.0
train_tune_0ca0b_01627_1627,CNN,0.0339870624151008,0.5573374554790567,0.6782253232819708,0.8919925689697266,3.2194268703460693,-0.3725908696651459,3.110810212092474e-05,-1778.159075006468,0.005342841148376465,1330.1282747311607,1330.1282747311607,13122446.0
train_tune_0ca0b_01628_1628,CNN,0.0463827139544091,0.6522982808976455,0.6724190431810015,0.2480970323085785,0.7348623871803284,-0.031345464289188385,1.1603367966017686e-05,-11264.084766147502,0.011118868365883827,15760052478.224508,16313774080.520815,4553369150.0
train_tune_0ca0b_01629_1629,CNN,0.0446843486604455,0.6982864898542017,0.6568773201149739,0.1729198694229126,0.5591909885406494,-0.012950360774993896,3.767935140785994e-06,-14250.244798442702,-0.005680089816451073,4970598722.579281,4996841280.155396,22461967966.0
train_tune_0ca0b_01630_1630,CNN,0.0725309967391639,0.4636215777489592,0.5956910966681432,0.887446403503418,2.3241631984710693,-0.4817783832550049,5.112455983180553e-05,-1974.8927661642697,-0.010571768507361412,648.9065300607236,648.9065300607236,3157814.0
train_tune_0ca0b_01631_1631,CNN,0.0428833161571052,0.413194594753081,0.4691820981886308,0.45070117712020874,1.6768850088119507,-0.11402255296707153,2.0540594050544314e-05,-4038.2099911261416,0.017771683633327484,223892271.3198011,222723278.55571312,6030098694.0
train_tune_0ca0b_01632_1632,CNN,0.046414218599649,0.5860442572319735,0.5925265505625279,0.10348619520664215,0.388105571269989,-0.0043273987248539925,4.134966275159968e-06,-4970.3367216581655,-8.181226439774036e-05,4562213.237595143,4484677.051329593,5513566638.0
train_tune_0ca0b_01633_1633,CNN,0.111208886155932,0.5415844951743239,0.6574232594822945,0.5325644612312317,2.166926145553589,-0.1499691605567932,2.114577182510402e-05,-1835.0262121094756,0.002239672467112541,761.3767567850311,761.3767567850311,21714598.0
train_tune_0ca0b_01634_1634,CNN,0.0558770044635476,0.6240458959046461,0.6068662681295219,0.26540619134902954,1.0152026414871216,-0.030966268852353096,1.078491459338693e-05,-6735.771323288633,-0.003448854899033904,465964871.7392886,434845947.17126805,10799240158.0
train_tune_0ca0b_01635_1635,CNN,0.0512734957179401,0.4728222535980992,0.6003473115096389,0.9952032566070557,2.668036460876465,-0.6605105996131897,7.577599899377674e-05,-1848.3718255383783,0.005199851933866739,750.8193697201298,750.8193697201298,3639206.0
train_tune_0ca0b_01636_1636,CNN,0.0557106112844086,0.4033814692384772,0.4782424727976087,0.5926678776741028,1.9532036781311035,-0.19267046451568604,2.16779881156981e-05,-2740.501839129186,0.010798826813697815,38844909.4968592,39804682.52416136,5451374982.0
train_tune_0ca0b_01637_1637,CNN,0.0464931677722968,0.6037025894126892,0.6437740857029117,0.40628737211227417,1.6225018501281738,-0.07621508836746216,1.2095576494175475e-05,-3510.6183356587912,-0.0016095259925350547,3024069.658772903,2984128.078659164,20640427462.0
train_tune_0ca0b_01638_1638,CNN,0.107769799986762,0.5200810240027378,0.6635167130161148,0.6556715965270996,2.911616802215576,-0.21527835726737976,2.7465997845865786e-05,-1679.9372614145718,-0.0064081852324306965,905.2972737586521,905.2972737586521,25748070.0
train_tune_0ca0b_01639_1639,CNN,0.0658652288947288,0.5999840293465603,0.713757437286778,0.43544691801071167,1.726439356803894,-0.08862780034542084,1.501573933637701e-05,-3108.733434276782,-0.006972836796194315,944552.3926289801,954181.0669130873,3426836022.0
train_tune_0ca0b_01640_1640,CNN,0.0512649430080622,0.6250034687801049,0.6824507649683818,0.47735756635665894,1.8093233108520508,-0.09100648760795593,2.388117354712449e-05,-3176.7288399938293,-0.011447346769273281,31106731.87246845,30837491.429054745,6994988406.0
train_tune_0ca0b_01641_1641,CNN,0.0657377233241631,0.5286829813172521,0.6704583383470811,0.7893092632293701,2.9782750606536865,-0.3609234094619751,3.089751044171862e-05,-1612.5246457336386,0.041309770196676254,946.0762932523666,946.0762932523666,16655822.0
train_tune_0ca0b_01642_1642,CNN,0.0466824912399683,0.6180727160174729,0.690021610261998,0.13814884424209595,0.4957272410392761,-0.007772827986627817,3.296759814475081e-06,-9789.64565886643,-0.002388458698987961,13863464801.009888,13495660239.884228,16611629822.0
train_tune_0ca0b_01643_1643,CNN,0.0463827139544091,0.5991817911976403,0.6336455704412235,0.14718589186668396,0.5950627326965332,-0.010081340558826923,3.68959445040673e-06,-5411.095708414952,0.002126879058778286,210569537.38838372,205160868.45398206,5624486790.0
train_tune_0ca0b_01644_1644,CNN,0.0284187198539955,0.5532407992717568,0.6899405733617265,0.6943252086639404,2.6678125858306885,-0.20892919600009918,3.562025085557252e-05,-1970.6377301637785,-0.002357540652155876,49034.97425365227,49381.36816941765,2916944478.0
train_tune_0ca0b_01645_1645,CNN,0.0422834193918531,0.6283386093013291,0.7267304816839909,0.16941431164741516,0.5088605880737305,-0.012885103933513165,5.017759576730896e-06,-9926.40148959696,0.004786794073879719,59003450025.440506,59983468784.30826,24622276366.0
train_tune_0ca0b_01646_1646,CNN,0.112441281907952,0.5268827332497407,0.6661635980704065,0.35935723781585693,0.8726568222045898,-0.059051986783742905,1.1385345715098083e-05,-1844.5913475270331,-0.0033871710766106844,12396.635699378474,12436.886788452131,305146086.0
train_tune_0ca0b_01647_1647,CNN,0.0444935046507317,0.4322912342114224,0.4771684014163608,0.5539219379425049,0.9952530264854431,-0.2314503937959671,3.073292100452818e-05,-2752.479268474366,0.02830764651298523,10732880.065239793,10818551.744623113,3874627758.0
train_tune_0ca0b_01648_1648,CNN,0.0484529225047556,0.6511775414646187,0.6463246760065166,0.3743794560432434,1.3976000547409058,-0.06826931238174438,7.505757821490988e-06,-5846.756011021295,6.656174082309008e-05,3086182522.6821027,3095277096.9252014,12680260286.0
train_tune_0ca0b_01649_1649,CNN,0.0579824410080799,0.5377224377158738,0.6564469757715438,0.4564504027366638,1.779067039489746,-0.1045542061328888,1.709167736407835e-05,-1762.6890266195528,0.006771408021450043,19768.840834192437,19778.222326954725,1754006942.0
train_tune_0ca0b_01650_1650,CNN,0.0791798490914757,0.3781964344298449,0.5589850374870827,0.7257163524627686,2.7312405109405518,-0.2470407485961914,3.310323154437356e-05,-1884.7395986288734,-0.0028336872346699238,20009.016177602738,20078.331531939566,624742214.0
train_tune_0ca0b_01651_1651,CNN,0.0557106112844086,0.6021975502238472,0.6611682435120705,0.3244766592979431,0.9986184239387512,-0.05372234806418419,7.414289029838983e-06,-10082.515375960045,0.009507488459348679,5173480604.956636,5155694691.107964,28823018574.0
train_tune_0ca0b_01652_1652,CNN,0.0491655284323989,0.5552154587210498,0.7031989888791608,0.5892132520675659,2.646692991256714,-0.16922850906848907,1.4456091776082758e-05,-1849.1969449746584,-0.0012998394668102264,1076.030740866244,1076.030740866244,42533598.0
train_tune_0ca0b_01653_1653,CNN,0.0463827139544091,0.5482273048152101,0.6686253638451555,0.4115138053894043,1.4349764585494995,-0.08950192481279373,1.3811668395646848e-05,-5961.730519120972,0.010071826167404652,354788416.8208009,361525790.0164286,11423503550.0
train_tune_0ca0b_01654_1654,CNN,0.0715537706129236,0.5363377769742649,0.6448265933551243,0.39046430587768555,0.7890980243682861,-0.09690746665000916,1.387160227750428e-05,-2067.7867254042217,0.005008344538509846,6438.517296170706,6458.3672726988725,112612414.0
train_tune_0ca0b_01655_1655,CNN,0.0557106112844086,0.6268107613941402,0.5963587380005319,0.38132667541503906,1.4915082454681396,-0.06767776608467102,1.3683311408385634e-05,-7794.495689837495,-0.001409991760738194,2916011170.354547,2974899873.1786838,11875484414.0
train_tune_0ca0b_01656_1656,CNN,0.0499378977701755,0.522965652235471,0.5975856510957366,0.21747732162475586,0.7572624087333679,-0.01861463114619255,5.454383881442482e-06,-3226.3958951168497,-0.010078666731715202,505963845.3564008,518992927.83254415,4666658694.0
train_tune_0ca0b_01657_1657,CNN,0.0935295301054275,0.5963418163648097,0.651046326208052,0.20804649591445923,0.7334846258163452,-0.018493331968784332,3.7339837035688106e-06,-16572.06081839789,-0.0022877927403897047,1457559853814.125,1456348979761.586,13255441974.0
train_tune_0ca0b_01658_1658,CNN,0.0419041040695331,0.5261133598330764,0.6449193346153744,0.35216662287712097,0.7778427600860596,-0.06984652578830719,1.252344827662455e-05,-1915.697772487589,0.014450299553573132,10018.62456859187,9973.956681927342,254138566.0
train_tune_0ca0b_01659_1659,CNN,0.0512649430080622,0.3825374516598624,0.4388519609890553,0.47091224789619446,1.6583222150802612,-0.10784827172756195,2.0830986613873392e-05,-2844.357238854156,0.0012412599753588438,32370237.03160131,32967103.701268204,5330907246.0
train_tune_0ca0b_01660_1660,CNN,0.0463827139544091,0.3361667680804813,0.4590881791720794,0.3212217688560486,1.1518853902816772,-0.04388797655701637,1.1618967619142495e-05,-4037.1758226359075,-0.007584742270410061,506978695.4628843,511099854.2892202,6635996822.0
train_tune_0ca0b_01661_1661,CNN,0.1503189300411522,0.4971970538994294,0.6184529846543657,0.708744466304779,2.54713773727417,-0.2979874908924103,3.18110833177343e-05,-3334.9006931375843,0.03110412135720253,18076101.30304402,18462004.905492,4427459574.0
train_tune_0ca0b_01662_1662,CNN,0.08810476965202,0.5417645515495738,0.662644366068903,0.5575453042984009,2.0892224311828613,-0.1700972467660904,1.0102123269462027e-05,-1945.275428449657,0.016245141625404358,765.9933085530035,765.9933085530035,20016902.0
train_tune_0ca0b_01663_1663,CNN,0.0857023530629603,0.5379341587282513,0.6292446159615643,0.4484315812587738,0.8899135589599609,-0.1101723164319992,2.3082709958544e-05,-2128.278172596516,0.0152512788772583,8449.651518590914,8439.31229547314,156335566.0
train_tune_0ca0b_01664_1664,CNN,0.0467231638418079,0.6371124616062945,0.6146900239295965,0.18563339114189148,0.7812259793281555,-0.015718715265393257,6.468180799856782e-06,-11955.80015343598,-0.0008933739736676216,360534980073.3707,357201981051.77344,9912780702.0
train_tune_0ca0b_01665_1665,CNN,0.0564140836078938,0.517099722071852,0.5579517206954688,0.20128874480724335,0.7288987636566162,-0.019129063934087753,5.628016879200004e-06,-12437.537129564897,0.005807080771774054,10848859723.014153,10753046941.680119,11086782790.0
train_tune_0ca0b_01666_1666,CNN,0.0422834193918531,0.6551755538055587,0.6778685895637043,0.2088605910539627,0.3916420340538025,-0.017127832397818565,1.5547910152236e-05,-12430.652780462151,-0.0007780506275594234,567944777401.2349,553482014920.7437,7396338046.0
train_tune_0ca0b_01667_1667,CNN,0.0512649430080622,0.5691356504010577,0.5773838100331382,0.22424516081809998,0.6579750776290894,-0.021258899942040443,7.37614163881517e-06,-4222.664286387499,-0.006032396107912064,224095213.34592035,224094766.9956359,6958761302.0
train_tune_0ca0b_01668_1668,CNN,0.0454080375271186,0.5446990347440538,0.5478110339588509,0.28068870306015015,0.9089515209197998,-0.034478574991226196,1.0814286724780686e-05,-14361.179794176844,-0.007327137049287558,474423328640.3716,463732963778.4807,12669836462.0
train_tune_0ca0b_01669_1669,CNN,0.1676107159600291,0.4518977143604728,0.6042011263301351,0.8191803693771362,3.0583651065826416,-0.3262608051300049,2.239008608739823e-05,-1638.2265184174012,-0.013150515034794807,784.0392180092297,784.0392180092297,9140710.0
train_tune_0ca0b_01670_1670,CNN,0.0463827139544091,0.443499891438714,0.4642512128965372,0.1586323231458664,0.580735445022583,-0.011888910084962845,3.891047072102083e-06,-5904.450455898227,0.004100294783711433,10419065129.851892,10467413650.59541,7968521046.0
train_tune_0ca0b_01671_1671,CNN,0.0579150906308126,0.6231292659733008,0.6304982649004117,0.30551835894584656,0.8148470520973206,-0.044952407479286194,1.071547649189597e-05,-4856.188140276315,0.0017311875708401203,552493016.2607561,549027575.5089531,3862539662.0
train_tune_0ca0b_01672_1672,CNN,0.0512649430080622,0.484777066030096,0.5838671857351544,0.14969080686569214,0.5599952936172485,-0.010249041020870209,1.6624867384962272e-06,-4222.926579961821,0.0017134689260274172,1325836.3484279732,1297320.3054432366,652376374.0
train_tune_0ca0b_01673_1673,CNN,0.1180633966245359,0.5643029812370276,0.7066765162609595,0.5036901235580444,1.657275676727295,-0.1377580165863037,2.2836124117020518e-05,-1991.567501996868,0.01585347019135952,29100.008128433074,28938.54757742836,2183083702.0
train_tune_0ca0b_01674_1674,CNN,0.0512649430080622,0.6092807483841624,0.6308338385630782,0.32657358050346375,1.1365042924880981,-0.04811210185289383,1.0067926268675365e-05,-5018.6808836311175,-0.008217244409024715,119503588.73343477,119060481.30119815,11906350502.0
train_tune_0ca0b_01675_1675,CNN,0.0441195501546407,0.6396362642250264,0.6346307370795652,0.23641617596149445,0.800570011138916,-0.026563681662082672,7.52071264287224e-06,-73456.10067491051,-0.0011502078268676996,4803029013889.245,4739347557316.872,17270046022.0
train_tune_0ca0b_01676_1676,CNN,0.1043731519744122,0.604651272023983,0.6736509216815346,0.28530800342559814,0.7229544520378113,-0.04319276660680771,1.1370730135240592e-05,-5100.386241072236,0.00925746001303196,38548896.65465735,38788761.16893742,9004486518.0
train_tune_0ca0b_01677_1677,CNN,0.0512649430080622,0.5913445221000986,0.6630783554730747,0.28701189160346985,1.146545171737671,-0.039770763367414474,8.57433224155102e-06,-4807.706673309528,8.643907494843006e-05,2211469790.172146,2200899147.4905605,16016353382.0
train_tune_0ca0b_01678_1678,CNN,0.0595257511679215,0.594558056464174,0.6796698027000784,0.6211367845535278,2.4899003505706787,-0.21500223875045776,2.3635111574549228e-05,-4042.4261130180803,0.015376696363091469,1390504133.785002,1352615598.6741872,19676973174.0
train_tune_0ca0b_01679_1679,CNN,0.0518857319234155,0.5969808955904302,0.6631228670998036,0.2892354726791382,0.8771209716796875,-0.0425398126244545,7.207124326669145e-06,-3148.619233240437,0.007615876849740744,55101257.580408625,54703691.54177067,13200290374.0
train_tune_0ca0b_01680_1680,CNN,0.0512649430080622,0.4501946353353993,0.5663202037001982,0.44917985796928406,1.6713443994522095,-0.11969758570194244,1.9204364434699528e-05,-2332.6052423844935,0.02541476860642433,263603.1340918178,265367.2314681744,725754710.0
train_tune_0ca0b_01681_1681,CNN,0.0428833161571052,0.254960301161784,0.2047849368306826,0.5408898591995239,2.1970789432525635,-0.15966007113456726,2.7810638130176812e-05,-3217.7060289153997,0.008653901517391205,20540877657.924767,20644101167.566734,9612788198.0
train_tune_0ca0b_01682_1682,CNN,0.0467231638418079,0.5793987243207727,0.6639079285906732,0.7227710485458374,2.594000816345215,-0.2987341582775116,6.319364911178127e-05,-3062.057963573613,0.01309740636497736,777397.1816884102,748690.746804473,1011775470.0
train_tune_0ca0b_01683_1683,CNN,0.0463827139544091,0.6534707110811233,0.680288749324327,0.3803808093070984,1.5903518199920654,-0.07844280451536179,1.2123211490688846e-05,-5619.555562923734,0.008991665206849575,5375959894.3306465,5367747359.469279,23390963222.0
train_tune_0ca0b_01684_1684,CNN,0.1289348151566587,0.5841560329418963,0.7014270962272543,0.651943564414978,2.3651554584503174,-0.22220143675804138,2.786460390780121e-05,-2168.0683145460926,0.00801481306552887,670075.9087348444,690483.7349971584,3469610478.0
train_tune_0ca0b_01685_1685,CNN,0.0512178845512178,0.58726793737056,0.7149488155269917,0.5576092004776001,1.8860630989074707,-0.1455049365758896,1.981225432245992e-05,-2852.0820206956682,-0.008445639163255692,956347.2892714504,968216.5791813905,7387112478.0
train_tune_0ca0b_01686_1686,CNN,0.046375143284568,0.6064292904455822,0.6431820584100626,0.24110902845859528,0.7202584743499756,-0.02794630639255047,5.640642939397367e-06,-18029.916390439408,0.0028052963316440582,58845827587.58441,58627807506.446,12252621934.0
train_tune_0ca0b_01687_1687,CNN,0.1018256332093482,0.5968808479754593,0.6929833863754951,0.2506556212902069,0.5682858824729919,-0.03424280881881714,9.942845281329937e-06,-7729.969259993636,0.00896652415394783,799471968.2890207,810693360.8589627,13230976542.0
train_tune_0ca0b_01688_1688,CNN,0.0428833161571052,0.6967090347200832,0.63064692986017,0.39325785636901855,1.4395091533660889,-0.08282265812158585,1.2555607099784538e-05,-11744.205701421804,0.011374163441359997,6416907876.596627,6402844524.030667,23081376078.0
train_tune_0ca0b_01689_1689,CNN,0.0557289100563858,0.6091749225709141,0.662919120925272,0.3199044466018677,1.3170452117919922,-0.03913842886686325,2.1251624275464565e-05,-3076.481545762338,-0.014263329096138477,8754427.620047297,8277788.334077537,1956806846.0
train_tune_0ca0b_01690_1690,CNN,0.0467231638418079,0.6105960056274867,0.6837829485844301,0.16701799631118774,0.5119315981864929,-0.011218184605240822,6.222441243153298e-06,-5615.114669811046,-0.002390041947364807,10592101.315326441,10701753.420476887,5234594158.0
train_tune_0ca0b_01691_1691,CNN,0.042319839219064,0.6635126169087358,0.6912225357481829,0.16944515705108643,0.6125789880752563,-0.013315862976014614,3.960091817134526e-06,-21725.663875832503,0.005164629779756069,97941882475.89001,97376565684.9204,12040454598.0
train_tune_0ca0b_01692_1692,CNN,0.0512649430080622,0.5940682049689041,0.677599982331635,0.25951719284057617,1.0755174160003662,-0.03223913162946701,1.0906399438681547e-05,-3758.7031815794658,-0.004634981509298086,3677805.3750276,3684501.5626239483,25384474246.0
train_tune_0ca0b_01693_1693,CNN,0.0557106112844086,0.6416404836386487,0.6598336838254573,0.17344504594802856,0.5141411423683167,-0.012705457396805286,6.349854174914071e-06,-6729.495754658269,0.0013975223992019892,4058819355.801652,3878589016.4166756,4522818118.0
train_tune_0ca0b_01694_1694,CNN,0.0463827139544091,0.2891619644970323,0.2756845245479519,0.4422505497932434,1.830090045928955,-0.10291104018688202,1.2237663213454653e-05,-2118.328785136092,0.00887317955493927,413199.86144308967,424646.37171140953,1967642622.0
train_tune_0ca0b_01695_1695,CNN,0.0463827139544091,0.5641645715005185,0.6993553037999498,0.4210699200630188,0.9962965846061707,-0.11553537845611572,2.013533958233893e-05,-2880.9690350712817,0.026793422177433968,23764.738784997062,23647.122642447564,912753670.0
train_tune_0ca0b_01696_1696,CNN,0.0557106112844086,0.6332942943903003,0.671381898881159,0.16696035861968994,0.47879981994628906,-0.012111961841583252,6.804661097703502e-06,-28484.323775174384,-0.0008031355682760477,362743620436.3297,361020024123.2991,34520244126.0
train_tune_0ca0b_01697_1697,CNN,0.054796024817438,0.5772110142163541,0.7142075772216478,0.3318643569946289,0.9619406461715698,-0.05937208980321884,8.908455129130743e-06,-3120.0788743207418,0.009031517431139946,2136407.9611934717,2134634.081784603,13497431422.0
train_tune_0ca0b_01698_1698,CNN,0.0463827139544091,0.6305370563468099,0.6037143000941455,0.09978663921356201,0.3164964020252228,-0.0036971725057810545,2.0242910068191122e-06,-10019.58035399413,0.0014685807982459664,4895232127.618389,5008832118.522242,13474215446.0
train_tune_0ca0b_01699_1699,CNN,0.0527178442643023,0.5092331577620403,0.6560941650694276,0.566082775592804,1.9170160293579102,-0.16179120540618896,2.194893022533506e-05,-1933.9567191205215,0.0007650880143046379,647064.0402144287,648138.0622373298,2861048430.0
train_tune_0ca0b_01700_1700,CNN,0.0467231638418079,0.47333197736459,0.596880076880733,0.48540329933166504,2.0119881629943848,-0.12790808081626892,3.0499215426971205e-05,-1871.3917170991401,0.0015938300639390945,19401.509540478568,19392.46182592433,1421503390.0
train_tune_0ca0b_01701_1701,CNN,0.0591524704965444,0.5607011400289723,0.6346264855150882,0.30511367321014404,0.4894120693206787,-0.036737240850925446,1.6837386283441447e-05,-3016.177003298229,0.0009720277739688754,709233.9134898854,707175.7553731103,10313864934.0
train_tune_0ca0b_01702_1702,CNN,0.0422834193918531,0.5963751607204977,0.5856762123018114,0.5427452325820923,2.1859209537506104,-0.1613987237215042,2.735116140684113e-05,-14581.665535177965,0.011337821371853352,5325258312543.477,5228673593474.061,19571485902.0
train_tune_0ca0b_01703_1703,CNN,0.0512649430080622,0.3898630209478146,0.4740193610665064,0.47888508439064026,1.5845919847488403,-0.1135505810379982,3.3733664167812094e-05,-4311.759610029753,-0.0021381487604230642,56885004.9590642,57533295.916789666,6849775582.0
train_tune_0ca0b_01704_1704,CNN,0.0428833161571052,0.6268796145438315,0.6621537006856592,0.19608719646930695,0.5365248918533325,-0.017177768051624298,9.255449185729958e-06,-8323.191768036719,0.004005040042102337,9536819296.634201,9520744569.466038,5105177334.0
train_tune_0ca0b_01705_1705,CNN,0.0508461363023781,0.4272374726912532,0.5157514540861957,0.27290135622024536,0.4823180139064789,-0.034831780940294266,4.820473805011716e-06,-2498.9188600950797,0.009320584125816822,187025.89721923624,188049.78963070092,570162430.0
train_tune_0ca0b_01706_1706,CNN,0.0539766294808104,0.6343162735275182,0.6530546856827621,0.44902119040489197,1.5098670721054077,-0.10381198674440384,1.5558023733319715e-05,-5506.130164173126,0.006390604190528393,10649747007.1811,11029395452.200865,4940908366.0
train_tune_0ca0b_01707_1707,CNN,0.0169485266294267,0.5387901415232967,0.6592053913605047,1.0418689250946045,3.251167058944702,-0.6785269379615784,8.330705168191344e-05,-1721.6006548050073,0.07008109986782074,1093.8898943766308,1093.8898943766308,7160726.0
train_tune_0ca0b_01708_1708,CNN,0.0467231638418079,0.6055468258714626,0.5485084406115801,0.3299420475959778,1.1119580268859863,-0.05461259186267853,7.836866643629037e-06,-24765.064966652768,0.008504969999194145,1025225808188.0208,1013133653851.5137,16553496318.0
train_tune_0ca0b_01709_1709,CNN,0.0843230146695277,0.4080550038348574,0.5960408638526065,0.6332759857177734,2.831878185272217,-0.20945480465888977,2.256713923998177e-05,-1617.5732948354325,0.0008250238606706262,546.9920935356322,546.9920935356322,13793486.0
train_tune_0ca0b_01710_1710,CNN,0.0506738043629015,0.5627190612326393,0.6657242572818155,0.39130353927612305,0.7850462794303894,-0.08073654770851135,1.3264707376947626e-05,-2871.537858730244,-0.0059539442881941795,548897.8627065022,544537.6997641837,1375110646.0
train_tune_0ca0b_01711_1711,CNN,0.0512649430080622,0.6970017551963467,0.6761703641653792,0.09195616841316223,0.21380415558815002,-0.001706356299109757,2.4807529825920938e-06,-31656.137392386605,-0.004464869853109121,432928083316.16376,429469570623.11035,9786352566.0
train_tune_0ca0b_01712_1712,CNN,0.0512649430080622,0.6281949130799939,0.6715765140142215,0.46889251470565796,0.7810579538345337,-0.14661608636379242,2.4749611839069985e-05,-4234.890910428403,0.020364321768283844,1819632950.3242388,1777467047.2025707,21596712174.0
train_tune_0ca0b_01713_1713,CNN,0.0595251048571276,0.571611192464713,0.6636816057198436,0.6206205487251282,1.5694241523742676,-0.19624581933021545,1.7195498003275134e-05,-3262.4729343703134,-0.0023779040202498436,946267.783229619,957904.2923636578,4849760646.0
train_tune_0ca0b_01714_1714,CNN,0.1059215264527462,0.4411535867961547,0.5226991654166181,0.2985759675502777,1.140876293182373,-0.04355831444263458,7.873218237364199e-06,-2286.773750640014,-0.0008174135000444949,55742421.13974421,55892658.95536199,20344187942.0
train_tune_0ca0b_01715_1715,CNN,0.0593604030565345,0.3247141561180803,0.3533701542925609,0.47391414642333984,1.8945735692977905,-0.11466643959283829,2.254649552924093e-05,-3019.751220371456,0.0019125797552987933,460977518.3465457,455191650.41911054,5814185670.0
train_tune_0ca0b_01716_1716,CNN,0.0967288336969455,0.5383092208084467,0.6620102267217249,0.8914591073989868,3.3067843914031982,-0.40883398056030273,3.4896926081273705e-05,-1710.830231558667,0.01020235475152731,1012.8938927491488,1012.8938927491488,10980262.0
train_tune_0ca0b_01717_1717,CNN,0.0463827139544091,0.3536228262521484,0.30630840848935,0.5220274925231934,2.2106709480285645,-0.15118339657783508,1.756003803166095e-05,-2640.702278693699,0.009260334074497223,290660283.16174495,279717403.0314437,4566700478.0
train_tune_0ca0b_01718_1718,CNN,0.062260604170652,0.5848500637512623,0.6607672248711175,0.1827353984117508,0.39765554666519165,-0.014832879416644573,3.1293857318814844e-06,-11710.817784487874,-0.00015345757128670812,952645791236.7922,940442177756.3417,21492296286.0
train_tune_0ca0b_01719_1719,CNN,0.0557106112844086,0.6507560978375058,0.6917122804657737,0.4730576276779175,1.81135892868042,-0.1160852238535881,2.1642128558596596e-05,-3137.861866304003,0.010759316384792328,2611913.103166508,2604615.5539469575,12120276726.0
train_tune_0ca0b_01720_1720,CNN,0.1202291491817406,0.5529029681847474,0.6926223222967445,0.7230356931686401,3.351170063018799,-0.28521305322647095,2.9585226002382115e-05,-1786.1835952192669,0.0186433307826519,1124.125808249044,1124.125808249044,32699558.0
train_tune_0ca0b_01721_1721,CNN,0.0512649430080622,0.614344869768125,0.702460541334812,0.1842765510082245,0.4542543888092041,-0.012831749394536018,4.084547072125133e-06,-7242.620288652416,-0.008329030126333237,1450752627.5722656,1476396663.000442,20919150598.0
train_tune_0ca0b_01722_1722,CNN,0.0467231638418079,0.5836014590438013,0.5934085761152705,0.14305227994918823,0.2909741699695587,-0.005614127963781357,6.5694812292349525e-06,-6709.945316799901,0.004288934636861086,12316795833.679276,12674029905.88233,9799676670.0
train_tune_0ca0b_01723_1723,CNN,0.0712526967427052,0.5451314364648234,0.6829058336995638,0.8195661306381226,2.982117176055908,-0.34433847665786743,2.556135950726457e-05,-1777.5338757809118,0.005051865708082914,1109.2375907283854,1109.2375907283854,13917342.0
train_tune_0ca0b_01724_1724,CNN,0.0463827139544091,0.6252227939692389,0.6348367299145571,0.0897165834903717,0.3182171583175659,-0.0029849603306502104,2.5215442747139605e-06,-6598.704721857816,-0.0002527790784370154,2174193.560216778,2055651.4329727637,2975649862.0
train_tune_0ca0b_01725_1725,CNN,0.1545460745990246,0.619805130532929,0.632544799303789,0.36045145988464355,1.3490490913391113,-0.06051606312394142,1.2682076885539573e-05,-7227.9458609108715,-0.006285384297370911,92701247.69026174,94480529.14280427,14755002398.0
train_tune_0ca0b_01726_1726,CNN,0.0601172777659036,0.6222564390175164,0.6680363253798584,0.37982529401779175,1.2976495027542114,-0.07860210537910461,1.3081846191198565e-05,-10296.337948821503,0.013503605499863625,1677267388.2277932,1627914162.3324585,15037890022.0
train_tune_0ca0b_01727_1727,CNN,0.0568920301912684,0.459901372220321,0.6334152180346814,0.6361387968063354,2.6837284564971924,-0.21466797590255737,2.2602727767662145e-05,-1669.741345573336,0.024143315851688385,770.6410495486879,770.6410495486879,17236798.0
train_tune_0ca0b_01728_1728,CNN,0.1566080003454431,0.5349453548348714,0.6614487538898901,0.3670540452003479,1.2770299911499023,-0.06620565056800842,9.917218449118081e-06,-1792.770190740865,0.010986866429448128,16277.614352028982,16250.148508902672,2335968590.0
train_tune_0ca0b_01729_1729,CNN,0.0422834193918531,0.4322272686293093,0.4637332501785065,0.3097493052482605,1.1057828664779663,-0.047700755298137665,7.608129180880496e-06,-3153.814743136584,0.003127302974462509,1091840062.0473757,1085986389.4832504,11802791662.0
train_tune_0ca0b_01730_1730,CNN,0.0476181570139409,0.3648631324436044,0.3202200355909583,0.5301674604415894,2.1385140419006348,-0.11893467605113983,2.8541388019220904e-05,-2517.3733536980553,-0.008744185790419579,32256996.77672201,32171495.00266756,9505739886.0
train_tune_0ca0b_01731_1731,CNN,0.0422834193918531,0.5963400239686546,0.6329760281517547,0.24924854934215546,0.8437166213989258,-0.02732371725142002,9.360559488413855e-06,-3054.6816569208186,-0.003041157964617014,193065053.02300444,181493517.70673284,3367754262.0
train_tune_0ca0b_01732_1732,CNN,0.0422834193918531,0.4702536761444638,0.5516234080871673,0.2960361838340759,1.0853193998336792,-0.04663906618952751,8.906343282433227e-06,-3332.1156442797,0.013463584706187248,452451.1116553935,456061.6501657384,919972462.0
train_tune_0ca0b_01734_1734,CNN,0.0463827139544091,0.7066053238543443,0.7022183363796292,0.23297274112701416,0.39462947845458984,-0.02318132296204567,1.4545861631631851e-05,-19139.543710572492,0.012196066789329052,42247849536.5968,43221334758.11626,19655859326.0
train_tune_0ca0b_01735_1735,CNN,0.0463984609291008,0.6151262958525343,0.6180514678519614,0.2935713827610016,0.5510046482086182,-0.04120665416121483,2.9916141102148686e-06,-4494.92402930472,-0.0011631825473159552,883359790.0364941,873089490.6986946,10968760934.0
train_tune_0ca0b_01736_1736,CNN,0.0533907662427365,0.5622396368820405,0.7230510997096381,0.4948793351650238,2.051115036010742,-0.12436862289905548,1.4479061064776033e-05,-2291.190286682644,0.0026995509397238493,54816.7764352332,55144.74775576803,8166298982.0
train_tune_0ca0b_01737_1737,CNN,0.0660554258879218,0.5246316972287665,0.6590479946979305,0.49721240997314453,2.2411508560180664,-0.12416621297597885,1.3305455468071159e-05,-1719.7178348103712,-0.005684042349457741,722.7249876634426,722.7249876634426,32417062.0
train_tune_0ca0b_01738_1738,CNN,0.0440550611005156,0.5388560463030533,0.6757129967185195,0.4652014374732971,1.8781167268753052,-0.11559482663869858,9.644229066907428e-06,-1956.2667434833595,0.018888436257839203,759.7906949810028,759.7906949810028,32023046.0
train_tune_0ca0b_01739_1739,CNN,0.0422834193918531,0.6462318181065497,0.6531296689643316,0.22363141179084778,0.7751908898353577,-0.024717554450035095,9.200255590258166e-06,-26236.058074010816,0.00891987793147564,248469970269.86023,252360245812.95593,28970492886.0
train_tune_0ca0b_01740_1740,CNN,0.0512649430080622,0.639377486448562,0.6702410791965779,0.3042486608028412,1.241645336151123,-0.045880451798439026,6.2942517615738325e-06,-9344.988975083155,0.0027524782344698906,4840057783.480652,5020692584.337639,25888897630.0
train_tune_0ca0b_01741_1741,CNN,0.1567763196275,0.5469702929834901,0.69010962260362,0.6915296316146851,3.0802602767944336,-0.22115224599838257,2.8209411539137363e-05,-1806.0108814820528,-0.011786898598074913,1314.0767634806255,1314.0767634806255,32994846.0
train_tune_0ca0b_01742_1742,CNN,0.0576638506574812,0.6579688690782836,0.6497020010229303,0.33338797092437744,1.2646151781082153,-0.06102091073989868,1.3518199921236373e-05,-8202.001375228725,0.01622980833053589,80445580081.31277,78628131495.31815,24973573190.0
train_tune_0ca0b_01743_1743,CNN,0.0395211788562287,0.6031015754343768,0.6473591776318756,0.462298184633255,1.8189443349838257,-0.12355594336986542,1.4879557056701742e-05,-3734.6245802681774,0.01901557482779026,1585191.2368836238,1605599.2053346322,6500375878.0
train_tune_0ca0b_01744_1744,CNN,0.0429866850321395,0.5844491265170485,0.6266382468790922,0.584373950958252,2.2422902584075928,-0.15921586751937866,3.05884204863105e-05,-3768.7608459517674,-0.004958728328347206,2904917509.649361,2901361468.5059824,17109288550.0
train_tune_0ca0b_01745_1745,CNN,0.0557106112844086,0.5085895341796286,0.6723656241149992,0.46606409549713135,1.740575909614563,-0.10524167865514755,1.3749825484410394e-05,-1901.3410422871214,-2.2046733647584915e-05,13042.594875327935,12999.708890613218,509054566.0
train_tune_0ca0b_01746_1746,CNN,0.0463827139544091,0.6366703425086518,0.6095975540119242,0.385959267616272,1.3824087381362915,-0.07462207973003387,1.3832705008098856e-05,-7685.76285021757,0.0029933296609669924,785516853265.5054,816430390428.28,15008827126.0
train_tune_0ca0b_01747_1747,CNN,0.0561799700473646,0.6179242728587742,0.6360116177959322,0.45581600069999695,1.856856346130371,-0.11454295367002487,1.5025947504909709e-05,-6863.551989971077,0.010282732546329498,5454770530.757982,5565311454.304192,22895401150.0
train_tune_0ca0b_01748_1748,CNN,0.0557106112844086,0.4923223119050335,0.5589925380936278,0.09270761907100677,0.32124435901641846,-0.0031934562139213085,2.7810665415017866e-06,-4260.3181362390005,0.00046909431694075465,57403206.73969915,53242025.35700284,8080692214.0
train_tune_0ca0b_01749_1749,CNN,0.0707674612097513,0.5545111580979836,0.69299319303156,0.42834019660949707,1.6695282459259033,-0.0861615315079689,1.5014412383607123e-05,-1899.3632280231557,-0.001705495873466134,27596.87721358342,27559.073819575537,5946342030.0
train_tune_0ca0b_01750_1750,CNN,0.0463827139544091,0.5870847800463078,0.695265194724371,0.23983947932720184,0.8094669580459595,-0.025515321642160416,5.6413528000121005e-06,-52977.562924779435,-0.007419820409268141,59993149873.03789,60326571438.82611,20095985134.0
train_tune_0ca0b_01751_1751,CNN,0.0463827139544091,0.5010156306270954,0.5893222590259984,0.30940112471580505,1.1567755937576294,-0.04238634556531906,1.4084093891142402e-05,-80180.24419324676,-0.002082984196022153,8032090321001.416,8232569075400.687,19965484166.0
train_tune_0ca0b_01752_1752,CNN,0.0467231638418079,0.3960941412739931,0.4150434385715129,0.14144101738929749,0.5141699910163879,-0.008391580544412136,3.869153715641005e-06,-7263.296085794719,0.0007008803077042103,1962132300.61265,1901346051.6756577,13106464414.0
train_tune_0ca0b_01753_1753,CNN,0.0463827139544091,0.6049411893034117,0.6684619367098469,0.5123834609985352,1.898693561553955,-0.12801197171211243,2.8681559342658147e-05,-3357.680823030343,2.3696920834481716e-05,43086169.4820788,43392122.37959082,11284118958.0
train_tune_0ca0b_01754_1754,CNN,0.1127402029936544,0.6132553122513352,0.6901195624715705,0.23250499367713928,0.7049466967582703,-0.025610795244574547,7.419529083563248e-06,-4953.338628260433,-0.003784140106290579,93086142.21562518,93364603.80089733,21965861542.0
train_tune_0ca0b_01755_1755,CNN,0.0366717276470926,0.623196805900547,0.6940595449525523,0.2711627185344696,0.9989291429519653,-0.03488243371248245,6.611900516872993e-06,-4133.6941766002865,0.0007026809616945684,654133341.2498335,655894881.590683,8096665718.0
train_tune_0ca0b_01756_1756,CNN,0.0479607562937283,0.6218747887965628,0.6404852948593199,0.32563963532447815,0.8554713129997253,-0.058385055512189865,1.0675389603420626e-05,-8320.99704202976,0.00794500857591629,1846720070.1789694,1860887657.493217,15957805014.0
train_tune_0ca0b_01757_1757,CNN,0.0429071301554523,0.5736219069513255,0.7259799525100722,0.6309118270874023,2.5099008083343506,-0.19675494730472565,2.303311885043513e-05,-2419.2990879176496,0.0013316019903868437,79247.79707286283,79073.66581819062,7337104358.0
train_tune_0ca0b_01758_1758,CNN,0.0746263162578541,0.5995752503124275,0.6763296274295795,0.6685453057289124,1.065106987953186,-0.4033086895942688,6.1004979215795174e-05,-5100.225541249993,0.03321274369955063,40276541.86383394,40132546.3237408,16763397102.0
train_tune_0ca0b_01759_1759,CNN,0.107257863132561,0.5415619542516189,0.6605939910218448,0.8476331233978271,3.137890100479126,-0.4185396432876587,3.598708281060681e-05,-1809.3283935226823,0.04390009492635727,1024.0618484146698,1024.0618484146698,13661654.0
train_tune_0ca0b_01760_1760,CNN,0.0732522434268349,0.4126397947394855,0.58320039799259,0.4462102949619293,1.8998746871948242,-0.0936935767531395,1.0116116754943505e-05,-1673.1180306900953,-0.013319814577698708,445.06698124912054,445.06698124912054,12957590.0
train_tune_0ca0b_01761_1761,CNN,0.0475441346741774,0.5610200696301646,0.7187426467521414,0.38789916038513184,1.6689611673355103,-0.07858856767416,8.740634257264901e-06,-2151.950947573197,0.002463202690705657,42078.971732916354,41962.87768331437,10008447366.0
train_tune_0ca0b_01762_1762,CNN,0.0467231638418079,0.6275518651405906,0.5450062589355497,0.05611914396286011,0.17942512035369873,-0.0007998466026037931,3.4694946862146026e-06,-13672.323917297983,0.0019528314005583525,17032294494.605736,19080129974.702446,5702038502.0
train_tune_0ca0b_01763_1763,CNN,0.0591118940677074,0.5585427922580745,0.6964202854131508,0.5686209201812744,2.6052043437957764,-0.16373002529144287,1.891033571155276e-05,-1767.9474551723604,0.008184321224689484,1067.9799295300045,1067.9799295300045,48892766.0
train_tune_0ca0b_01764_1764,CNN,0.0577738494869414,0.5464018111217968,0.6621061636887298,0.8190896511077881,2.7649919986724854,-0.31895238161087036,3.746717266039923e-05,-1821.3136111609742,-0.028547033667564392,1031.4619035755686,1031.4619035755686,10160374.0
train_tune_0ca0b_01765_1765,CNN,0.0465028359801703,0.6094550844889275,0.6164382755389264,0.3332235813140869,1.3690650463104248,-0.05078278109431267,1.7670230590738356e-05,-29492.143732758803,-0.004661985673010349,36947755136.52426,36584991654.6825,9312462358.0
train_tune_0ca0b_01766_1766,CNN,0.0409967461383464,0.5255614024112049,0.6541126568881657,0.5711551904678345,2.4095067977905273,-0.16550923883914948,1.4030877537152264e-05,-1773.9868916812663,0.013858580961823463,742.2726258397937,742.2726258397937,19657062.0
train_tune_0ca0b_01767_1767,CNN,0.0422834193918531,0.4263989157046686,0.5681311903333616,0.7067263722419739,2.1527321338653564,-0.24973513185977936,3.0291699658846483e-05,-1685.4025895386415,-0.00733947241678834,539.8595291285701,539.8595291285701,3743318.0
train_tune_0ca0b_01768_1768,CNN,0.0463827139544091,0.5867050188877067,0.5020857806791322,0.08125653117895126,0.18542543053627014,-0.0014648522483184934,1.787115820661711e-06,-3262.258431902279,0.0011787640396505594,713829092.4768095,788808438.5668325,3990345462.0
train_tune_0ca0b_01769_1769,CNN,0.0778140884356807,0.6289917280701253,0.6669847465959671,0.33488816022872925,1.2648561000823975,-0.053119413554668427,1.4440764061873779e-05,-3645.9690173457966,0.00010571349412202835,999784936.0368364,970911911.3636423,9797723678.0
train_tune_0ca0b_01770_1770,CNN,0.0448969410096029,0.5697665702587003,0.7125073132065087,0.46822497248649597,1.5742675065994263,-0.09977280348539352,2.2148480638861656e-05,-2285.5399699898503,-0.002950461581349373,287913.74620331416,285285.34779280087,800536614.0
train_tune_0ca0b_01771_1771,CNN,0.0469328622255767,0.3585118066724356,0.5669946211067739,0.6290662884712219,2.4618473052978516,-0.20680773258209229,2.50303273787722e-05,-2252.9183651493454,0.011533273383975029,10136.438697862966,9870.526284181247,245073382.0
train_tune_0ca0b_01772_1772,CNN,0.021364411826172,0.5605140404814958,0.5815295779397706,0.6487562656402588,2.405996799468994,-0.25488248467445374,2.691362169571221e-05,-21824.88521240308,0.02528461441397667,800407819175.3069,809808154774.9067,15399668150.0
train_tune_0ca0b_01773_1773,CNN,0.1507647947570037,0.5603993663755404,0.6954916482032468,0.7109485268592834,3.052649736404419,-0.2438175231218338,2.0421066437847912e-05,-1766.2189401737148,0.00023804628290235996,1374.3740887074953,1374.3740887074953,36914438.0
train_tune_0ca0b_01774_1774,CNN,0.0463827139544091,0.6875173941855369,0.6625175519381126,0.243841290473938,0.9217323064804077,-0.025889601558446884,4.442517820280045e-06,-8045.193381969907,-0.005703379400074482,55806673631.33986,57033657544.02593,14010834958.0
train_tune_0ca0b_01775_1775,CNN,0.0895169953647315,0.5348309115489615,0.6996320922622087,0.7961529493331909,2.3619163036346436,-0.41161227226257324,5.6046294048428535e-05,-2529.727434647157,0.033987902104854584,27977.955770305627,28215.735468289167,1074910822.0
train_tune_0ca0b_01776_1776,CNN,0.0637876951464389,0.5665495676820593,0.6987016645570003,0.4768040180206299,1.8228589296340942,-0.11464178562164307,1.2378976862237323e-05,-2158.959982532348,0.005130901001393795,29566.457710237235,29675.549367378557,2653607222.0
train_tune_0ca0b_01777_1777,CNN,0.1461710117570006,0.4621662111660992,0.6080630298712957,0.9457875490188599,2.945183753967285,-0.5541974306106567,6.458214920712635e-05,-1717.6157562227747,0.032202403992414474,761.1893811333155,761.1893811333155,5196462.0
train_tune_0ca0b_01778_1778,CNN,0.0422834193918531,0.6233997332051535,0.6699269657113813,0.1698010265827179,0.6660812497138977,-0.014324091374874115,4.737861672765575e-06,-13878.09495792428,0.004620409570634365,34186327510.535927,34967419286.06388,11240046926.0
train_tune_0ca0b_01779_1779,CNN,0.0422834193918531,0.6563965365589847,0.6902091011366093,0.06979423761367798,0.2345869094133377,-0.001655132626183331,6.2586041167378426e-06,-16167.862672835028,-0.0025089262053370476,60110896861.85445,60002058024.643036,30762356374.0
train_tune_0ca0b_01780_1780,CNN,0.1014573409752473,0.574756213015197,0.7429614072935152,0.5157739520072937,2.0340800285339355,-0.13522297143936157,2.6001795049523935e-05,-2248.2999636515356,0.004881427623331547,41061.482475375306,40922.31422236515,2412197630.0
train_tune_0ca0b_01781_1781,CNN,0.0844408568271262,0.519818259132722,0.6500638054117481,0.7543669939041138,2.845747947692871,-0.2593448758125305,3.8395020965253934e-05,-1696.378525509028,-0.026326633989810944,865.9977007162801,865.9977007162801,9959462.0
train_tune_0ca0b_01782_1782,CNN,0.1388800079731222,0.519970249649567,0.6598618402597922,1.1122863292694092,2.6533901691436768,-0.7181525826454163,3.039685179828666e-05,-3092.5266284548557,0.008005877956748009,184401.891534461,190414.69835929613,283698406.0
train_tune_0ca0b_01783_1783,CNN,0.0487613264289119,0.6204749000478207,0.6830931218741915,0.2845797836780548,1.1592878103256226,-0.03665464371442795,8.192288987629581e-06,-2841.7827556846364,-0.009404228068888187,46155882.351030685,46924658.00564164,14079871566.0
train_tune_0ca0b_01784_1784,CNN,0.0842334827086883,0.5949474850287265,0.6795661851039836,0.375871866941452,1.3356328010559082,-0.05824644863605499,1.603765122126788e-05,-2962.783597338519,-0.00959660205990076,1399125.8297451632,1393027.903251837,7371409814.0
train_tune_0ca0b_01785_1785,CNN,0.0883680480752106,0.5723162684798332,0.6711968801800426,0.7147693634033203,2.448814868927002,-0.26838234066963196,2.9384358640527353e-05,-2618.6791905720906,0.01489498931914568,380157.775316844,372487.5734466077,2974655446.0
train_tune_0ca0b_01786_1786,CNN,0.1265504307783719,0.5944024977093106,0.5931409431188649,0.6103129982948303,2.5147900581359863,-0.19478556513786316,2.2889213141752407e-05,-3775.3582144870325,0.004019737243652344,30000865.818728458,29506624.061623808,7267407814.0
train_tune_0ca0b_01787_1787,CNN,0.0463827139544091,0.5421303542046944,0.5446373452654285,0.23091909289360046,0.8879243731498718,-0.026753228157758713,6.390045655280119e-06,-6349.174067836702,0.005557836964726448,191431815098.58533,200264615369.57092,11135737030.0
train_tune_0ca0b_01788_1788,CNN,0.0463905861054537,0.4865825857429118,0.5948182931560098,0.09381145983934402,0.2931663990020752,-0.003278120653703809,2.9207167244749144e-06,-5969.00925654568,0.0024023880250751972,66083575.45053038,66684468.6626399,994067198.0
train_tune_0ca0b_01789_1789,CNN,0.0467231638418079,0.6706776193466951,0.6079663135016503,0.5607170462608337,1.813538670539856,-0.16639725863933563,2.5960340281017125e-05,-62770.75902609789,0.011123321950435638,12709732673901.746,13382947899019.15,22495467062.0
train_tune_0ca0b_01790_1790,CNN,0.0589597567875061,0.5753957657522771,0.6571578942517108,0.3466727137565613,0.6597567796707153,-0.06028835102915764,6.095098797231913e-06,-5075.720652589287,-0.0026640247087925673,844320756.1727557,844708681.5464363,17620144966.0
train_tune_0ca0b_01791_1791,CNN,0.050158039920058,0.6172027798045512,0.6629576966318164,0.5106715559959412,1.693052053451538,-0.136871799826622,1.546668863738887e-05,-5378.2125410236295,0.0050660716369748116,79872658.63503805,79774808.81078012,7121642438.0
train_tune_0ca0b_01792_1792,CNN,0.0807067058403063,0.419153435473558,0.5354480713820241,0.5453200340270996,1.2832049131393433,-0.18159469962120056,3.3858152164611965e-05,-2709.9236674492004,0.02003810741007328,209055.36081575888,209501.78158775126,202246854.0
train_tune_0ca0b_01793_1793,CNN,0.068419971242873,0.4590096987263304,0.6137197109154271,0.6121071577072144,0.7245994806289673,-0.20501182973384857,4.462000651983544e-05,-2645.2328495447814,0.012051333673298359,91158.72370154352,92127.62255900059,1366663686.0
train_tune_0ca0b_01794_1794,CNN,0.0396399851044774,0.5185390807234428,0.6587841950800425,0.4656662940979004,2.157758951187134,-0.11036292463541031,1.1458538210717961e-05,-1611.2091470123235,0.004359139129519463,583.1427254447658,583.1427254447658,25955662.0
train_tune_0ca0b_01795_1795,CNN,0.1231179189415944,0.3051587969908422,0.3008721523392942,0.7506248950958252,3.0251173973083496,-0.26923516392707825,3.076630673604086e-05,-2347.927549719745,-0.004447239451110363,29323001.64944655,29374246.001194887,12989273878.0
train_tune_0ca0b_01796_1796,CNN,0.081129027166103,0.6164776128146764,0.6908227096140521,0.37632325291633606,1.485166311264038,-0.054921966046094894,1.4569272025255486e-05,-3693.234384558729,-0.013302554376423359,66066621.399771884,66491139.96388963,14252731934.0
train_tune_0ca0b_01797_1797,CNN,0.0596618999069756,0.4443539296261513,0.6007717574457886,0.5809429287910461,2.2522170543670654,-0.1515422910451889,2.857741856132634e-05,-2036.8628365283535,-0.0016274238005280495,33627.01936021419,33440.89362090318,3052029566.0
train_tune_0ca0b_01798_1798,CNN,0.0448389666552862,0.5717325394673031,0.6152851226860038,0.6095527410507202,2.377269983291626,-0.2241952121257782,2.694689464988187e-05,-2902.428060807899,0.02126200497150421,2154649.95221126,2099803.46319296,13843479678.0
train_tune_0ca0b_01799_1799,CNN,0.0464299869769548,0.4481275744462598,0.5859158920731874,0.17033421993255615,0.6850382089614868,-0.012995030730962753,2.6797047212312464e-06,-3209.2362234320326,-0.001741072628647089,130667.11730836408,130673.75177164728,253779454.0
train_tune_0ca0b_01800_1800,CNN,0.0428833161571052,0.616454808033993,0.6471937181525638,0.11470558494329453,0.3661712408065796,-0.004469564184546471,3.3745677683327813e-06,-30422.380974305328,-0.0014501955593004823,1153704085473.746,1200103359005.2542,17349780078.0
train_tune_0ca0b_01801_1801,CNN,0.0429127993583132,0.6837570442300382,0.6628763725272647,0.16499537229537964,0.354690819978714,-0.008231135085225105,7.274795734701911e-06,-8892.973176929643,-0.0053808437660336494,875476331699.9393,874290717577.3667,13078329926.0
train_tune_0ca0b_01802_1802,CNN,0.170030828364145,0.5961369699117459,0.6846277429301212,0.32730811834335327,1.266878366470337,-0.05529235303401947,6.837401997472625e-06,-2377.4055994367736,0.0062864962965250015,925659.662848484,930111.513953612,4102221854.0
train_tune_0ca0b_01803_1803,CNN,0.0422834193918531,0.5983271886456252,0.6882281208733488,0.4238795042037964,1.089301586151123,-0.10702116787433624,2.409091030131094e-05,-2428.4519246417944,0.0160022284835577,16497742.038136553,16395616.619111516,6904332286.0
train_tune_0ca0b_01804_1804,CNN,0.0953234132716433,0.5693900900725756,0.7133751941782253,0.4788298010826111,2.056262731552124,-0.12412852048873901,1.6286443496937864e-05,-2526.3163506569904,0.012459508143365383,51559.67344414463,50940.54525995122,14953728366.0
train_tune_0ca0b_01805_1805,CNN,0.046485260770975,0.7143095004116252,0.6556806061830563,0.22834698855876923,0.801064133644104,-0.02430431731045246,5.0496182666393e-06,-22385.180285908424,-0.0009164846851490438,33541877098603.227,33140767885242.664,66623214286.0
train_tune_0ca0b_01806_1806,CNN,0.0463827139544091,0.6897355698708035,0.674251980827648,0.2963376045227051,1.088539958000183,-0.043967731297016144,6.670476523140678e-06,-4614.477731699297,0.0038551040925085545,1491014727.7430289,1522872906.6836128,15838156102.0
train_tune_0ca0b_01807_1807,CNN,0.0410339295272277,0.6155918217337012,0.6237883804395512,0.3410366475582123,1.4005160331726074,-0.06579768657684326,1.107451862480957e-05,-3925.8618509723015,0.0157031062990427,83082491.45341328,81932547.95113619,30864903406.0
train_tune_0ca0b_01808_1808,CNN,0.0467858101108229,0.6389936527339438,0.6583918966807466,0.21714456379413605,0.6735997200012207,-0.02205663174390793,5.199587121751392e-06,-7164.656609683971,0.003367304103448987,20105508.591402113,20564789.568619855,5130057374.0
train_tune_0ca0b_01809_1809,CNN,0.0524357704903948,0.5764467696172343,0.7389002855157535,0.6359857320785522,2.4197826385498047,-0.1638234704732895,2.934942313004285e-05,-1953.6086387009702,-0.009077491238713264,37013.842774651814,36726.160338383066,5042892062.0
train_tune_0ca0b_01810_1810,CNN,0.055711747374491,0.5520255147686858,0.6950033740648,0.5159164667129517,1.5318046808242798,-0.144626647233963,2.216840221080929e-05,-2108.7167284209117,0.0064446753822267056,26145.94400905783,25982.750059027538,1133090502.0
train_tune_0ca0b_01811_1811,CNN,0.0463905861054537,0.5799416563073716,0.6748435911333216,0.2068956196308136,0.8381274342536926,-0.022218167781829834,6.272328391787596e-06,-4487.696287127528,0.007231333293020725,1455671057.2338102,1476680939.4058166,13592453486.0
train_tune_0ca0b_01812_1812,CNN,0.1054165204824987,0.6874262587645649,0.6270870081163187,0.3278125524520874,1.3749771118164062,-0.055371224880218506,7.533960342698265e-06,-12587.260498736947,0.005923388991504908,7384737576.220225,7364067671.252518,21910457942.0
train_tune_0ca0b_01813_1813,CNN,0.0673242974514626,0.5316871512471486,0.6535494135259059,0.4888356924057007,2.0545222759246826,-0.12461262941360474,1.749938201101031e-05,-2942.946578863099,0.0038464460521936417,14774606.710156294,15577700.292042797,6162353102.0
train_tune_0ca0b_01814_1814,CNN,0.0438191344145005,0.2817305872625403,0.2938768218883869,0.5219960808753967,2.1831462383270264,-0.14785555005073547,2.2324067685985938e-05,-2635.9833989550243,0.008481742814183235,23900788.778158627,23509592.529727295,4633465414.0
train_tune_0ca0b_01815_1815,CNN,0.1828068162068263,0.5242757949159932,0.655643462083656,0.36235710978507996,1.500576138496399,-0.06461989879608154,9.466902156418655e-06,-1797.905146905258,-0.0033587594516575336,13278.53710942217,13288.422247581057,1841028998.0
train_tune_0ca0b_01816_1816,CNN,0.1102127129696167,0.5758097625186341,0.6877297158647736,0.21994929015636444,0.3838992118835449,-0.016055136919021606,1.0702679901442025e-05,-4238.539954053527,-0.009561533108353615,489709654.0443466,481717454.3925631,8124133086.0
train_tune_0ca0b_01817_1817,CNN,0.0557106112844086,0.7174953291859473,0.6402372748210967,0.2860878109931946,0.9526143074035645,-0.031993746757507324,1.2171782145742327e-05,-29953.53072464508,-0.013719538226723671,1879728155251.4978,1823416449710.5103,13672521318.0
train_tune_0ca0b_01818_1818,CNN,0.0423563218390804,0.5590751491963224,0.640265541443064,0.16782942414283752,0.4484713673591614,-0.012339461594820023,5.056125701230485e-06,-3529.5001331196568,0.006827849429100752,3622324.4475615476,3595011.64010771,1182513406.0
train_tune_0ca0b_01819_1819,CNN,0.0556650246305418,0.450833552859806,0.6200506203530022,0.5254228115081787,1.928173303604126,-0.1263001561164856,5.0130347517551854e-05,-1726.9647993312647,-0.012060621753334999,17149.405748210935,17107.418671942258,518742662.0
train_tune_0ca0b_01820_1820,CNN,0.0467231638418079,0.6592554536191999,0.7017040550082657,0.1416843831539154,0.5774046778678894,-0.008394379168748856,3.0342316676978953e-06,-5523.051877114534,-0.004424049519002438,403122316.6447141,405453779.85238075,18298760566.0
train_tune_0ca0b_01821_1821,CNN,0.0467231638418079,0.542311127877715,0.5745573944741427,0.557023286819458,0.7732319831848145,-0.20426347851753235,5.075049557490274e-05,-2607.253734406079,0.015959734097123146,2827227.50005458,2848185.161593929,1087004990.0
train_tune_0ca0b_01822_1822,CNN,0.0467945453516663,0.3848584880975278,0.4500902624598466,0.4960293769836426,1.7929447889328003,-0.1412324607372284,1.713790697976947e-05,-2957.559086607145,0.021792523562908173,34879679.79249322,35322014.71187818,6758670950.0
train_tune_0ca0b_01823_1823,CNN,0.0469576913646078,0.619855745502026,0.6449383757470274,0.24543814361095428,1.0124201774597168,-0.03291504085063934,7.827779882063624e-06,-5543.027423855718,0.012609186582267284,98621537.6355035,99961302.90995568,17125140350.0
train_tune_0ca0b_01824_1824,CNN,0.0428833161571052,0.6139568030190293,0.6751121223088165,0.3009827733039856,1.155303955078125,-0.04405611753463745,6.864171609777259e-06,-8102.860040958283,0.003280196338891983,5230213017771.961,5274226008202.741,27604908798.0
train_tune_0ca0b_01825_1825,CNN,0.0654104371213131,0.5733222697803998,0.6591075982739917,0.4731366038322449,1.8459281921386719,-0.11556573957204819,1.1990596249233931e-05,-3302.4463896636103,0.004539070650935173,21438335.514155775,21228989.25864348,7954779294.0
train_tune_0ca0b_01826_1826,CNN,0.0798214434856357,0.522724184576982,0.6544140751955853,0.5203737616539001,2.1713249683380127,-0.13359996676445007,1.3390634194365703e-05,-1713.053987686076,0.003927064128220081,21088.379492495504,21030.91309411004,2051036446.0
train_tune_0ca0b_01827_1827,CNN,0.0746436108479836,0.5670817702464522,0.7124632044200062,0.5312747955322266,2.1817805767059326,-0.113321453332901,1.5983252524165437e-05,-2437.2692593135516,-0.018101844936609268,47409.485882274166,47707.72204632954,9185631126.0
train_tune_0ca0b_01828_1828,CNN,0.0412400948580021,0.6024026075692274,0.6627797539911323,0.21280239522457123,0.8436257243156433,-0.023888172581791878,6.685908829240361e-06,-2814.507888389077,0.01191290095448494,24891395.22270275,24400773.67238243,11578730982.0
train_tune_0ca0b_01829_1829,CNN,0.0602587358090306,0.5854173060839551,0.6644249037451582,0.5948554277420044,2.197978973388672,-0.16734978556632996,2.6936104404740036e-05,-2902.772038825354,-0.0018610844854265451,2594282.6587243406,2606307.2046540314,12080073942.0
train_tune_0ca0b_01830_1830,CNN,0.0989126786701413,0.6544545499641435,0.6853756556954421,0.23843175172805786,0.9113419651985168,-0.025042306631803513,9.96059134195093e-06,-6341.307822246244,-0.0052933101542294025,2404716789.1627736,2455923268.3929157,19206455222.0
train_tune_0ca0b_01831_1831,CNN,0.0503382722385349,0.4722358902356782,0.6145243289173089,0.49538296461105347,2.0840649604797363,-0.12049882858991623,1.1532476491993293e-05,-1623.7703310931292,0.003609979758039117,573.1156590562598,573.1156590562598,20558270.0
train_tune_0ca0b_01832_1832,CNN,0.0449376610282094,0.6150889659955165,0.6318823668470938,0.37288475036621094,1.3891403675079346,-0.06391270458698273,1.5958834410412237e-05,-3347.948602198251,-0.006042673252522945,46758238.03248282,46562993.18470091,17653156750.0
train_tune_0ca0b_01833_1833,CNN,0.0937342765974261,0.6767816112227587,0.6493518401285413,0.14876610040664673,0.48122483491897583,-0.008913781493902206,7.79459787736414e-06,-12644.569962796342,-0.0034806111361831427,199569921769.8895,200627612149.82492,34293746038.0
train_tune_0ca0b_01834_1834,CNN,0.0510328061775563,0.3779179593254057,0.3408865173772826,0.496782511472702,1.4759788513183594,-0.15452833473682404,3.0116918424027972e-05,-5604.778625012261,0.03335864096879959,12589336505.40185,12323870182.43504,11122947694.0
train_tune_0ca0b_01835_1835,CNN,0.0467231638418079,0.565899200550581,0.6692461761714829,0.5693520903587341,0.9600942730903625,-0.24865803122520447,2.2890988475410268e-05,-5643.000923778266,0.020595494657754898,325724436.4254533,317677095.6218846,3630288422.0
train_tune_0ca0b_01836_1836,CNN,0.0512649430080622,0.2759329817903184,0.2776282290330334,0.3893357515335083,1.5180180072784424,-0.07652547955513,1.2017528206342831e-05,-4001.3213133107906,0.004259509965777397,1166087673.0532136,1116892119.1261945,11756295318.0
train_tune_0ca0b_01837_1837,CNN,0.0557106112844086,0.6834825917141476,0.6371075098705138,0.22466933727264404,0.8188436031341553,-0.024285489693284035,4.925720531900879e-06,-18477.49624376379,0.0037809330970048904,5480007377250.961,5296501610722.967,20882948142.0
train_tune_0ca0b_01838_1838,CNN,0.0557106112844086,0.6585219576705607,0.6598179339665907,0.1810528039932251,0.6382755041122437,-0.013985469937324524,4.850569439440733e-06,-16930.262160415896,-0.005747358780354261,145384452861.97824,146188050111.5387,21701505070.0
train_tune_0ca0b_01839_1839,CNN,0.0556650246305418,0.4286879801803887,0.4962137621043761,0.49492377042770386,2.015946626663208,-0.12511767446994781,2.3652017262065783e-05,-2809.29050034983,0.00476611265912652,894364.0397920725,900540.1893510178,3067896782.0
train_tune_0ca0b_01840_1840,CNN,0.0484543444949673,0.6009383048862561,0.6893429381416437,0.22842654585838318,0.6428768634796143,-0.02260761708021164,3.911877684004139e-06,-4499.342658934186,-0.0018210901180282235,36889642.904942654,36817748.1632328,6925328910.0
train_tune_0ca0b_01841_1841,CNN,0.0819584960049256,0.642134006280252,0.6269773380121174,0.26900985836982727,1.0821927785873413,-0.03435153141617775,7.72185558162164e-06,-16909.427827131793,-0.005667509511113167,650768062629.832,659833943937.9241,11104642750.0
train_tune_0ca0b_01842_1842,CNN,0.0172940390887512,0.6019750629958458,0.6568667594839546,0.3845234811306,1.6753828525543213,-0.06685517728328705,1.2055743354721926e-05,-2902.9667017089782,-0.007153230719268322,2843473.632943918,2850222.108223959,21335005086.0
train_tune_0ca0b_01843_1843,CNN,0.0557106112844086,0.6177198776051332,0.6186974259249417,0.3827887773513794,1.5228830575942993,-0.07463447749614716,7.121245289454237e-06,-4571.0346387360705,0.0010387907968834043,62230058.187048376,62908095.490582995,8509105566.0
train_tune_0ca0b_01844_1844,CNN,0.035102322907365,0.530692755164504,0.6588926629573272,0.4091145396232605,1.8422746658325195,-0.0803656354546547,1.2678727216552943e-05,-1618.8216262904843,-0.01390934456139803,569.3505783950516,569.3505783950516,29354662.0
train_tune_0ca0b_01845_1845,CNN,0.0681237075199188,0.5950002197713553,0.7044020727591653,0.557380199432373,2.0751349925994873,-0.14271926879882812,2.0234587282175198e-05,-2735.9682382330147,-0.008039875887334347,2246926.238697188,2286599.507321897,12868188294.0
train_tune_0ca0b_01846_1846,CNN,0.0497136613853022,0.5868253417127307,0.7156811476974384,0.48754027485847473,1.6109471321105957,-0.1353754997253418,1.9731063730432652e-05,-2539.5037448395674,0.021499261260032654,31462034.091516245,31476054.17415795,6126982350.0
train_tune_0ca0b_01847_1847,CNN,0.1384485513349455,0.6039282442999258,0.6718931934056475,0.4207908511161804,1.6541045904159546,-0.08911675214767456,1.5659181372029707e-05,-3214.038770658117,0.003662961069494486,22246630.981843814,21809855.558458537,6170319334.0
train_tune_0ca0b_01848_1848,CNN,0.0859827178358927,0.5660792696910945,0.6766509189313171,0.529155969619751,2.277617931365967,-0.13631018996238708,1.3297236364451237e-05,-1681.5063262926615,-0.009923792444169521,867.4127676215464,867.4127676215464,26616390.0
train_tune_0ca0b_01849_1849,CNN,0.067900924987061,0.5927880652405386,0.6037313825759484,0.7703959941864014,2.281001091003418,-0.39424842596054077,4.115633055334911e-05,-3352.264487474389,0.03996388614177704,10231275.70105975,10058868.711130178,1874779742.0
train_tune_0ca0b_01850_1850,CNN,0.0509554976963706,0.5651224426668761,0.6771243238342919,0.7537267208099365,2.9936625957489014,-0.2858494818210602,4.206435551168397e-05,-1879.7599541445693,0.004066801629960537,21367.028444458443,21203.660661161943,1198771958.0
train_tune_0ca0b_01851_1851,CNN,0.0467231638418079,0.3789159657051633,0.4203730057028393,0.4661754369735718,1.7330855131149292,-0.11283811926841736,2.4012246285565197e-05,-1992.324173758963,0.00508218165487051,263037.6185983997,259411.3534220663,1039885670.0
train_tune_0ca0b_01852_1852,CNN,0.0995553332318821,0.5608362574696237,0.7111733397354928,0.5556948781013489,1.6576707363128662,-0.1636982262134552,1.6512401998625137e-05,-2021.7420864699127,-0.00540430610999465,26874.452486221693,26964.490489147494,1715727638.0
train_tune_0ca0b_01853_1853,CNN,0.0422834193918531,0.4389050348606261,0.437585881286375,0.3075715899467468,1.15153968334198,-0.040678683668375015,1.0982001185766421e-05,-3657.9413420490155,-0.008600318804383278,1421390457.7015746,1428671693.021015,13643122550.0
train_tune_0ca0b_01854_1854,CNN,0.0455373949565836,0.5943236793842657,0.6411875638234475,0.2392769753932953,0.6243195533752441,-0.026275500655174255,7.3768974289123435e-06,-10651.428189851116,-0.0014479742385447025,12094371156.35906,11394264264.993706,4597058726.0
train_tune_0ca0b_01855_1855,CNN,0.0513935340022296,0.3548260679589087,0.4952817446834712,0.5590298175811768,2.414849042892456,-0.1642928272485733,2.4380577087868005e-05,-3375.276650728357,0.002848799806088209,9648.595577988533,9730.17240054705,76061494.0
train_tune_0ca0b_01856_1856,CNN,0.0557106112844086,0.6522381208371847,0.6374313075383518,0.2304595708847046,0.7709197998046875,-0.024340856820344925,5.044291356171016e-06,-5949.371802762737,0.0018691252917051315,4251714836.2270823,4237104371.536474,21354957078.0
train_tune_0ca0b_01857_1857,CNN,0.0850463935806708,0.5336363872100857,0.6711380035409191,0.7699289917945862,2.5538828372955322,-0.31902608275413513,2.0878382201772183e-05,-1941.4362483327511,0.0027611698023974895,994.1072764174548,994.1072764174548,10234118.0
train_tune_0ca0b_01858_1858,CNN,0.0722704328730401,0.4866049605908321,0.5899029673892481,0.3150140643119812,1.3016717433929443,-0.0508619099855423,9.134070751315448e-06,-3527.203863758801,0.004024612717330456,60166566.994552985,60403169.88032006,15092956014.0
train_tune_0ca0b_01859_1859,CNN,0.0462931522354272,0.578280220454867,0.6695069598168403,0.26034629344940186,0.7005742788314819,-0.029821433126926422,1.2458881428756285e-05,-10452.24276885185,-0.006507582031190395,253185670139.11053,248073757418.69476,6219199230.0
train_tune_0ca0b_01860_1860,CNN,0.0728746437344262,0.5446706674776665,0.664873739956713,0.5676838159561157,2.3361048698425293,-0.1567031443119049,1.2383947250782512e-05,-1936.3509769184648,-0.004331139847636223,859.6052827913859,859.6052827913859,23115110.0
train_tune_0ca0b_01861_1861,CNN,0.0463827139544091,0.385620745537521,0.3532505262321226,0.33250975608825684,1.1317148208618164,-0.06513957679271698,1.5436080502695404e-05,-4801.843668668841,0.01870536431670189,19659044903.114803,19758693387.863747,2171758630.0
train_tune_0ca0b_01862_1862,CNN,0.0555006044620287,0.5618441559630376,0.7172381369038489,0.5629781484603882,2.174832344055176,-0.11233552545309067,3.254781768191606e-05,-2540.8850941883484,-0.025831405073404312,49053.92180037648,48862.034565524824,1319666598.0
train_tune_0ca0b_01863_1863,CNN,0.0463827139544091,0.7000339328677031,0.6541499086812703,0.2093188613653183,0.6463010311126709,-0.020109280943870544,7.74034924688749e-06,-13337.355709441248,0.004853042773902416,1607680190379.9556,1597323901388.3335,24456816254.0
train_tune_0ca0b_01864_1864,CNN,0.0496173457978906,0.5202328263013432,0.6316810357989908,0.5815611481666565,1.79807448387146,-0.16918852925300598,1.737008278723806e-05,-2931.2989249542047,-0.0015552893746644258,43832494.25326224,45127136.00349544,7715272006.0
train_tune_0ca0b_01865_1865,CNN,0.0463827139544091,0.6723048586958164,0.6425739228507922,0.20410031080245972,0.7616022229194641,-0.02032374031841755,5.16477939527249e-06,-6168.067438355277,0.0062141939997673035,2153347706.882263,2145409549.4773636,11335489246.0
train_tune_0ca0b_01866_1866,CNN,0.0442602606671656,0.3449726208054793,0.3368990457952416,0.6789522171020508,2.419556140899658,-0.25717830657958984,2.8129576094215736e-05,-3359.086802036988,0.013836883008480072,20622572.94349277,21169349.83984862,3562804726.0
train_tune_0ca0b_01867_1867,CNN,0.0790846090322798,0.5725318720496845,0.7051408144923229,0.5923572778701782,2.5245168209075928,-0.16703568398952484,2.1692098016501404e-05,-2261.177745556881,-0.003113612998276949,32638.22872367954,32653.648546085024,6176221070.0
train_tune_0ca0b_01868_1868,CNN,0.0404058174994135,0.6220539176485026,0.6356869836592394,0.22774627804756165,0.845129668712616,-0.023200713098049164,7.992010978341568e-06,-3737.4001710430143,-0.002459391485899687,1339723810.6949947,1343796052.9228954,9743617502.0
train_tune_0ca0b_01869_1869,CNN,0.0557106112844086,0.6947817336868501,0.6653247063636968,0.1517050862312317,0.5444760918617249,-0.009988781064748764,6.464478246925864e-06,-11767.110330308089,-0.0009168782853521407,7099902714.998385,6889071398.400326,3985547838.0
train_tune_0ca0b_01870_1870,CNN,0.0738878232625491,0.5426423293870903,0.5250927126781025,0.3282070457935333,1.1644097566604614,-0.04846521466970444,1.7858712453744374e-05,-6596.720777396248,-0.0012101735919713974,13393392522.455284,13467830399.30487,6218688494.0
train_tune_0ca0b_01871_1871,CNN,0.0541480377545951,0.6196637401041613,0.615645395499527,0.475407212972641,1.8113926649093628,-0.1315172016620636,1.99311034521088e-05,-12760.27712773878,0.019775668159127235,148207156811.83322,149666858319.89996,18695516534.0
train_tune_0ca0b_01872_1872,CNN,0.0859237562069679,0.4534614167657096,0.6068253415296174,0.5724790096282959,2.1721582412719727,-0.1688360869884491,2.2554715542355552e-05,-1801.6025275996426,-0.0005964095471426845,637.4717680832084,637.4717680832084,12001062.0
train_tune_0ca0b_01873_1873,CNN,0.0470625196355639,0.4127589868780462,0.5862055055549573,0.5173670053482056,2.1887974739074707,-0.1414054036140442,1.247088766831439e-05,-1742.542051822252,0.01843593269586563,412.31116370242347,412.31116370242347,12448430.0
train_tune_0ca0b_01874_1874,CNN,0.0776666490534592,0.4137561462216723,0.601200545155942,0.56441330909729,2.4552671909332275,-0.16270196437835693,1.3773459613730665e-05,-1799.6899474387762,0.007322751916944981,477.52116052653594,477.52116052653594,12000078.0
train_tune_0ca0b_01875_1875,CNN,0.0411021576450867,0.5266534608002259,0.5462371132717242,0.2425965666770935,0.9961529970169067,-0.02757754549384117,6.402682174666552e-06,-3807.0290885587574,-0.0003172190045006573,25350908.754718006,25225467.407065168,12085700198.0
train_tune_0ca0b_01876_1876,CNN,0.0492249166292093,0.3393388378727577,0.4312160096998741,0.6887719631195068,2.9578919410705566,-0.1898670494556427,4.0680464735487476e-05,-3923.0150225718935,-0.019958559423685074,9478.531549083338,9158.021821296858,73065734.0
train_tune_0ca0b_01877_1877,CNN,0.0780414357821703,0.5405424647220447,0.6703450053292427,0.6219801902770996,2.333709716796875,-0.20338277518749237,2.3642733140150085e-05,-1668.1943610841975,0.02375078573822975,866.2472911292352,866.2472911292352,18682886.0
train_tune_0ca0b_01878_1878,CNN,0.0463827139544091,0.6699987360528618,0.7034422128231966,0.3314661383628845,0.8955749273300171,-0.05893731862306595,9.97953611658886e-06,-9497.131363701163,0.00947965495288372,18087645090.649956,17809954052.21057,6523155574.0
train_tune_0ca0b_01879_1879,CNN,0.0750978467355931,0.4554285218277216,0.5199993706748579,0.18561139702796936,0.728380560874939,-0.014954154379665852,4.859530235989951e-06,-10747.44698794318,-0.005516728386282921,60541997113.61063,62170043368.62604,20242810678.0
train_tune_0ca0b_01880_1880,CNN,0.0717543143605819,0.6275082166455372,0.6829868913492461,0.26100561022758484,1.0734628438949585,-0.033892348408699036,5.896663424209692e-06,-8182.194246638712,0.003642263589426875,1149803569.227003,1149433969.1129918,9686756718.0
train_tune_0ca0b_01881_1881,CNN,0.0512734957179401,0.4830125929079101,0.6372888243063738,0.14420343935489655,0.4755222499370575,-0.008606555871665478,4.210737643006723e-06,-4209.607222073565,0.0013670462649315596,13640481513.775469,13904953739.035782,13500753502.0
train_tune_0ca0b_01882_1882,CNN,0.0421150063635311,0.5367610990436074,0.6746375381210307,0.7250555753707886,3.1011674404144287,-0.2640012502670288,2.0869227228104137e-05,-1715.2967013323166,0.006134609691798687,1125.7148484416189,1125.7148484416189,23012774.0
train_tune_0ca0b_01883_1883,CNN,0.0565905674628869,0.623871701126448,0.6711502053731305,0.17097756266593933,0.6214093565940857,-0.012168247252702713,4.201848696538946e-06,-9090.623882174004,-0.0028334965463727713,823673557957.8627,837822894703.1458,14507416870.0
train_tune_0ca0b_01884_1884,CNN,0.0464615558955181,0.432983031988068,0.583995994963418,0.8038356304168701,3.4181339740753174,-0.3773229718208313,3.588650724850595e-05,-2390.9290404881967,0.03335323557257652,12723.440686488233,12209.017933622683,453657238.0
train_tune_0ca0b_01885_1885,CNN,0.0512649430080622,0.4457516621680292,0.365926274726561,0.16040736436843872,0.6489824652671814,-0.01197818759828806,5.861303634446813e-06,-8309.36861330094,-0.0008783224038779736,18884367206.134186,18731235779.2349,1854269782.0
train_tune_0ca0b_01886_1886,CNN,0.0422834193918531,0.6597508602185301,0.6713572634085675,0.43114060163497925,1.5015990734100342,-0.08528919517993927,2.4237262550741434e-05,-34313.6691324371,-0.0021760298404842615,7547400666632.202,7403694150391.537,40120390262.0
train_tune_0ca0b_01887_1887,CNN,0.0467231638418079,0.5171575071189114,0.4883813353998139,0.3196200132369995,0.3876912593841553,-0.029894253239035606,1.7296250007348135e-05,-4373.166889225165,0.006955000571906567,43596211.465047665,41179438.64582661,2400540134.0
train_tune_0ca0b_01888_1888,CNN,0.0557106112844086,0.5418727960723886,0.6483148479714157,0.5160664319992065,1.9701895713806152,-0.12459924817085266,1.1822197848232463e-05,-1895.0418792086075,-0.016361737623810768,724.2700265731002,724.2700265731002,17494374.0
train_tune_0ca0b_01889_1889,CNN,0.0622826695940468,0.4115752106715469,0.5931917063191078,0.6642727851867676,2.2829816341400146,-0.2332976758480072,1.640985647100024e-05,-1740.8830352202417,0.0004373521078377962,488.8968900655273,488.8968900655273,4483526.0
train_tune_0ca0b_01890_1890,CNN,0.044235037215973,0.560899363290699,0.7248904215072786,0.6469193696975708,2.3408265113830566,-0.1906491219997406,2.126637627952732e-05,-2142.733324022507,0.00012654357124119997,51356.68873138994,51780.54264626367,5401968870.0
train_tune_0ca0b_01891_1891,CNN,0.0557106112844086,0.5837665059531553,0.6838117144143302,0.4859851002693176,2.0580925941467285,-0.11422902345657349,1.971023084479384e-05,-2110.9645319196497,-0.004649478010833263,935029.7412542634,939689.0217474287,7280535654.0
train_tune_0ca0b_01892_1892,CNN,0.0467231638418079,0.459653062931482,0.5406063359545697,0.28540322184562683,1.152901530265808,-0.040579840540885925,6.924972240085481e-06,-2583.475881992139,0.0007992037571966648,13641787.364579475,13847570.528194748,4054554022.0
train_tune_0ca0b_01893_1893,CNN,0.0420600579581939,0.5843330523034377,0.6480962546018998,0.2688054144382477,1.0174087285995483,-0.03660077974200249,6.93526226314134e-06,-2774.738184530776,0.00892635714262724,9870476.960506935,10090156.626506165,4607470878.0
train_tune_0ca0b_01894_1894,CNN,0.1218032682041603,0.6604034903565023,0.6282163825235353,0.39323702454566956,1.4957462549209595,-0.08324530720710754,1.4038094377610832e-05,-12619.132237303507,0.009550094604492188,111765222130.41028,111513216898.0653,15247031598.0
train_tune_0ca0b_01895_1895,CNN,0.0660554258879218,0.5246316972287665,0.6590479946979305,0.49721240997314453,2.2411508560180664,-0.12416621297597885,1.3305455468071159e-05,-1719.7178327181998,-0.005684042349457741,722.7249876634426,722.7249876634426,32417062.0
train_tune_0ca0b_01896_1896,CNN,0.0438539422151562,0.5292617342216767,0.6638443958955242,0.642559289932251,2.812191963195801,-0.20533005893230438,1.4940933397156186e-05,-1685.6913550847535,0.011359428986907005,870.1263688768672,870.1263688768672,20677862.0
train_tune_0ca0b_01897_1897,CNN,0.0562149065136735,0.5877574740599713,0.6493569771930876,0.35088610649108887,1.1831653118133545,-0.0666203498840332,1.5429617633344606e-05,-2894.5635891106676,0.019141558557748795,1497456.3514091666,1497490.9724030937,10471702518.0
train_tune_0ca0b_01898_1898,CNN,0.0580758889809834,0.6801757773447696,0.682028309656701,0.23020631074905396,0.7627335786819458,-0.021964959800243378,5.165871698409319e-06,-12121.447803051866,-0.008457973599433899,7312387545.809157,7151476193.166835,22244256174.0
train_tune_0ca0b_01899_1899,CNN,0.0557106112844086,0.5525744031781998,0.6900663865222975,0.6616570353507996,2.982720375061035,-0.17737574875354767,4.2080479033757e-05,-2607.9647650027277,-0.010279214009642601,65092.08448017968,65640.35351523929,8952821422.0
train_tune_0ca0b_01900_1900,CNN,0.0557106112844086,0.6791091813167522,0.6192030699169018,0.39399996399879456,1.5189108848571777,-0.08766530454158783,1.5322104445658624e-05,-12568.810249390986,0.012637952342629433,246114035875.85425,251265141447.35486,35475122822.0
train_tune_0ca0b_01901_1901,CNN,0.0927818141848331,0.4027707973157663,0.5150172404284258,0.5139013528823853,2.1245222091674805,-0.14215223491191864,2.2220556274987757e-05,-3296.5153954267926,0.00977964699268341,71628013.18980892,72412550.53782947,1279894998.0
train_tune_0ca0b_01902_1902,CNN,0.033364700205091,0.6060795109646332,0.7087489588963303,0.3888453543186188,1.461784839630127,-0.08306531608104706,1.353260813630186e-05,-2784.2522963691035,0.014455798082053661,1987313.1556637862,2005022.0831720824,16287682718.0
train_tune_0ca0b_01903_1903,CNN,0.0467231638418079,0.6894499040667151,0.6537618130438901,0.22034406661987305,0.7648284435272217,-0.02181810699403286,5.769012204837054e-06,-25023.710986663416,-0.002671394497156143,2861360371960.4565,2882658629619.5513,20374569086.0
train_tune_0ca0b_01904_1904,CNN,0.0557106112844086,0.4946282958118488,0.519441166647744,0.17310699820518494,0.6522608399391174,-0.013520399108529091,6.348503120534588e-06,-5382.964235143525,-0.0011178620625287294,13116564.41635935,12766754.936859708,4211025446.0
train_tune_0ca0b_01905_1905,CNN,0.0557106112844086,0.5672733250791401,0.7356887207289966,0.3780559301376343,1.5321307182312012,-0.07325790077447891,9.286126442020759e-06,-2158.677122003169,0.0025373208336532116,42724.15709020858,42677.01181943722,3809337422.0
train_tune_0ca0b_01906_1906,CNN,0.1455227282906805,0.4537381515232097,0.6345149578828817,0.5879209041595459,2.699354410171509,-0.17567896842956543,1.8918135538115166e-05,-1609.2257099967392,0.0007309111533686519,661.5694184502345,661.5694184502345,19193222.0
train_tune_0ca0b_01907_1907,CNN,0.0428833161571052,0.584858971041002,0.6241018456554059,0.3186904788017273,0.5948244333267212,-0.05349021404981613,8.501281627104618e-06,-3752.1837989608207,0.004243573639541864,9856539.01386419,9991104.470783666,3069397926.0
train_tune_0ca0b_01908_1908,CNN,0.0638407877701978,0.5119854984572217,0.6426190235713267,1.131216287612915,3.2378132343292236,-0.7692785263061523,0.00010034610750153661,-1913.9244535785147,0.029610274359583855,1352.8554700563186,1352.8554700563186,6232070.0
train_tune_0ca0b_01909_1909,CNN,0.0428833161571052,0.5645716075351169,0.6827940471179894,0.650418221950531,2.0840659141540527,-0.27325838804244995,4.980378434993327e-05,-3192.934649956508,0.05579698830842972,1787086.140062401,1780719.6955276304,4883146462.0
train_tune_0ca0b_01910_1910,CNN,0.0428833161571052,0.3227310803173971,0.2920238271281182,0.33136284351348877,1.4022533893585205,-0.055929332971572876,6.3135494201560505e-06,-4829.92272145146,0.0038191599305719137,367105662122.62256,374384578839.0639,13703829310.0
train_tune_0ca0b_01911_1911,CNN,0.0428833161571052,0.654536040722966,0.5727366001883575,0.21719279885292053,0.8009189367294312,-0.021968334913253784,3.851941528409952e-06,-11532.719398201909,-0.00046962726628407836,8157852520316.309,8072521934734.604,45001537686.0
train_tune_0ca0b_01912_1912,CNN,0.0467231638418079,0.6135369365777894,0.6262743805936787,0.2798556089401245,0.6375104784965515,-0.04141125828027725,2.1077257770230062e-05,-2746.594412122551,0.0085744084790349,30802740.332168855,30615663.0583534,13204828990.0
train_tune_0ca0b_01913_1913,CNN,0.0422834193918531,0.6353984476441278,0.6246320095843612,0.10058148205280304,0.30665260553359985,-0.003642335534095764,5.253078143141465e-06,-20586.701055019297,0.00043672951869666576,28101924296.089046,28302755046.698742,4914799510.0
train_tune_0ca0b_01914_1914,CNN,0.0428833161571052,0.700128977791595,0.672531567043032,0.16876164078712463,0.4746312201023102,-0.01248505711555481,2.4170137749024434e-06,-16987.22306951831,0.003419057000428438,1659669801624.6904,1676938886123.0493,11613457462.0
train_tune_0ca0b_01915_1915,CNN,0.0882734055227336,0.4328965120759319,0.62060058577963,0.633734405040741,2.811863899230957,-0.2072695791721344,2.0008206774946302e-05,-1698.1847718920214,0.005833062343299389,665.3330516827119,665.3330516827119,18233894.0
train_tune_0ca0b_01916_1916,CNN,0.0628806217977489,0.5975396465648363,0.7010639370447073,0.7928930521011353,3.142207145690918,-0.3721543550491333,5.125660391058773e-05,-4077.17094578422,0.022263087332248688,3507393.4246935784,3485017.1413409486,12195591574.0
train_tune_0ca0b_01917_1917,CNN,0.0428833161571052,0.6163740300836941,0.5181724581428032,0.1439594030380249,0.4306442141532898,-0.008689329959452152,5.541854079638142e-06,-11789.063636083012,0.0019920705817639828,105790803903.02835,100871839421.97485,7603890798.0
train_tune_0ca0b_01918_1918,CNN,0.0512649430080622,0.6063390728350625,0.7155780885749089,0.1745421588420868,0.6799374222755432,-0.013940013945102692,2.7711289476428647e-06,-8708.192595753533,-0.003842437407001853,282039796.28040826,274769231.5046277,12440000438.0
train_tune_0ca0b_01919_1919,CNN,0.0463827139544091,0.6049552663288259,0.6587843742037274,0.21698985993862152,0.7371509671211243,-0.019881190732121468,5.257956217974424e-06,-9330.066826316719,-0.009086009114980698,65684486919.20006,68446232109.12695,19749971622.0
train_tune_0ca0b_01920_1920,CNN,0.0512991709786902,0.4930264464482183,0.634525720623667,0.5943171977996826,2.2195892333984375,-0.17853620648384094,1.644780786591582e-05,-1829.7822550443993,0.005259668454527855,636.6734965112721,636.6734965112721,11745862.0
train_tune_0ca0b_01921_1921,CNN,0.1273522404413357,0.4929777251904204,0.6555710315844451,0.4068179428577423,0.4663413166999817,-0.06502425670623779,4.2381365346955135e-05,-3559.100714720114,-0.008745210245251656,8846.807219930948,8839.124506615084,176327374.0
train_tune_0ca0b_01922_1922,CNN,0.0538669433539482,0.6985348673927927,0.6383336818626669,0.15800964832305908,0.4902079999446869,-0.010436447337269783,4.503636318986537e-06,-23693.840428644107,0.0006360644474625587,5415210469250.482,5387285890465.504,26666968990.0
train_tune_0ca0b_01923_1923,CNN,0.0512820512820512,0.5571712436007058,0.6933258019862767,0.6688752770423889,3.0981285572052,-0.22337934374809265,2.1970852685626596e-05,-1703.6485745702166,-0.003631048370152712,1111.825116159359,1111.825116159359,38148374.0
train_tune_0ca0b_01924_1924,CNN,0.0454622434284669,0.4074816930541798,0.4293394621710621,0.8170241713523865,3.243817090988159,-0.43237000703811646,5.5369033361785114e-05,-5293.212329037072,0.039117272943258286,93982.69421903019,93926.63176057398,183509966.0
train_tune_0ca0b_01925_1925,CNN,0.0852557491449538,0.4710380612700206,0.6415164806718311,0.8667532205581665,3.315615653991699,-0.3708440661430359,5.130920180818066e-05,-1683.15584296789,0.0167574193328619,810.4897112176614,810.4897112176614,8960390.0
train_tune_0ca0b_01926_1926,CNN,0.0422834193918531,0.4502041827124182,0.5783582291170072,0.2084377408027649,0.6147931218147278,-0.02087486907839775,4.951395567331929e-06,-14721.387843711887,-0.0007378997979685664,49592840456.35701,41484628790.65509,3370685838.0
train_tune_0ca0b_01927_1927,CNN,0.0557106112844086,0.5964708232491094,0.5984675674803782,0.2872794270515442,1.0858064889907837,-0.044639863073825836,7.050904969219118e-06,-4675.845686339532,0.016299301758408546,245166288.32001895,236361120.67060196,5272494558.0
train_tune_0ca0b_01928_1928,CNN,0.0530194429472307,0.4105360610630248,0.6044469670968156,0.6445630192756653,2.5353713035583496,-0.2185993492603302,2.062370731437113e-05,-1738.5218734757536,0.011955909430980682,573.2677497007678,573.2677497007678,10079606.0
train_tune_0ca0b_01929_1929,CNN,0.0422834193918531,0.6617902338966382,0.6302646058059213,0.223753422498703,0.8581988215446472,-0.024230273440480232,7.598211595905013e-06,-110408.13855985363,0.0016717715188860893,13005521483496.45,13693648906120.117,30996865366.0
train_tune_0ca0b_01930_1930,CNN,0.0960684318468733,0.6278220198046051,0.6741865983769001,0.35825520753860474,1.3934873342514038,-0.06759476661682129,1.4501814803224988e-05,-4767.0947744206105,0.00671630771830678,1890389588.5338807,1885632845.3582072,12917443590.0
train_tune_0ca0b_01933_1933,CNN,0.0897474480726242,0.5059203934894919,0.6437283417284111,0.4553576707839966,2.109297037124634,-0.10267570614814758,1.1197997991985176e-05,-1756.084018093602,-0.0014131898060441017,569.5550589802606,569.5550589802606,25125294.0
train_tune_0ca0b_01934_1934,CNN,0.0467231638418079,0.3752949902786018,0.3487591188676477,0.3107566833496094,1.3069627285003662,-0.04920241981744766,7.423151146213058e-06,-2421.8161806088583,0.00351567380130291,295657.667050968,293430.3632084446,1638522054.0
train_tune_0ca0b_01935_1935,CNN,0.0557106112844086,0.602617820306293,0.5654022692956042,0.18041262030601501,0.19139578938484192,-0.004040642641484737,5.198480266699335e-06,-14852.495043754789,0.0027925146277993917,429408762373.8816,430033615770.16864,27208574470.0
train_tune_0ca0b_01936_1936,CNN,0.0543810609682837,0.5719145971998103,0.7232108914400645,0.7611837387084961,3.054908514022827,-0.297512948513031,4.255522435414605e-05,-2389.0847843205493,0.014390306547284126,75777.0324502062,74850.87334222645,5700938622.0
train_tune_0ca0b_01939_1939,CNN,0.0599978104758177,0.5640019574584922,0.7128972146964724,0.4937727451324463,1.8460099697113037,-0.13419237732887268,1.731958764139563e-05,-2285.138756726218,0.026645958423614502,28278.29226739778,28156.90499656272,1395881894.0
train_tune_0ca0b_01940_1940,CNN,0.0512649430080622,0.5959128629183269,0.5922718812222373,0.059943631291389465,0.18810302019119263,-0.0009333741618320346,3.135094630124513e-06,-22234.1907949923,-0.001962795853614807,159388325594.25085,175456227875.16986,12762259174.0
train_tune_0ca0b_01941_1941,CNN,0.0422834193918531,0.6358242728103671,0.6807554973842276,0.20790031552314758,0.579649806022644,-0.020025737583637238,5.154645350557985e-06,-25549.060586070667,-0.00145086704287678,9438265929.625736,9775238716.41041,6649873734.0
train_tune_0ca0b_01942_1942,CNN,0.0728539255834025,0.3644808759057461,0.3445652280837738,0.6990907192230225,2.625443935394287,-0.2577406167984009,2.4241075152531266e-05,-2120.9763154304637,0.0027814877685159445,11187.724190311508,11516.202336844866,196871590.0
train_tune_0ca0b_01943_1943,CNN,0.0463827139544091,0.5627136018386931,0.6862299758997908,0.1864778846502304,0.20756307244300842,-0.0035765834618359804,1.782708932296373e-05,-11024.467752595168,-0.00762891536578536,3218283950.29249,2910077101.3285284,7762536990.0
train_tune_0ca0b_01944_1944,CNN,0.0726678818871605,0.3610586904814926,0.3321926827689226,0.7057070732116699,2.769822359085083,-0.2121407687664032,3.539642784744501e-05,-1802.4789134409054,-0.008460817858576775,12119.965255470634,12123.803105548686,946275798.0
train_tune_0ca0b_01945_1945,CNN,0.1400654535602108,0.5778686985427343,0.7009723170179644,0.6349917650222778,1.6805001497268677,-0.1909870058298111,5.60348889848683e-05,-2888.804917103648,0.0002441834658384323,1078466.0968690424,1083676.7862126117,3114081926.0
train_tune_0ca0b_01946_1946,CNN,0.1003175498811216,0.4943080785037059,0.6689719159265154,0.7026808261871338,3.1806912422180176,-0.23709803819656372,2.2558138880413026e-05,-1602.0113594693287,-0.009761443361639977,794.6644277369866,794.6644277369866,17754230.0
train_tune_0ca0b_01947_1947,CNN,0.0467469334689955,0.3348621011175324,0.2720282221088222,0.2886883318424225,1.0807387828826904,-0.031206831336021423,9.004452294902876e-06,-2237.24784812376,-0.01759319379925728,9333717.757116023,9425932.294785205,3644083566.0
train_tune_0ca0b_01948_1948,CNN,0.1461710117570006,0.4892409282360109,0.619657155742316,1.1130653619766235,3.4737532138824463,-0.8006486892700195,8.818598871584982e-05,-1744.565957351862,0.04186003655195236,912.9300901969485,912.9300901969485,5196462.0
train_tune_0ca0b_01949_1949,CNN,0.0557106112844086,0.634946100376168,0.6590141905282364,0.35020682215690613,1.3902907371520996,-0.05605881288647652,1.62424476002343e-05,-5518.953582024179,-0.0033960724249482155,6180140221.443143,6295376147.573083,35687222622.0
train_tune_0ca0b_01952_1952,CNN,0.0551848612946872,0.4670007622462475,0.5599363601331426,0.27275383472442627,0.8501005172729492,-0.03578338772058487,1.227335087605752e-05,-2744.677630130331,0.0025815072003751993,576292.4525356158,578236.4015889617,998258838.0
train_tune_0ca0b_01953_1953,CNN,0.0512649430080622,0.6221318737851452,0.615119065328421,0.12926122546195984,0.5073524713516235,-0.0076608420349657536,4.557988177111838e-06,-9556.555032306716,0.001538251293823123,45475860982.30263,44769082023.61067,12957364574.0
train_tune_0ca0b_01954_1954,CNN,0.0624488700694481,0.5471367504670709,0.6171333048611882,0.3410097062587738,1.266099214553833,-0.07118687033653259,1.9897284801118076e-05,-6714.204895932247,0.019909225404262543,52551088.70448853,52541197.38257955,5781607838.0
train_tune_0ca0b_01955_1955,CNN,0.0499435711585666,0.6280521883131396,0.6708078335208408,0.4288509786128998,1.6638193130493164,-0.10482209920883179,1.9092962247668765e-05,-3522.325271210578,0.02122214436531067,5972901.009479752,5995470.341752158,1706086366.0
train_tune_0ca0b_01956_1956,CNN,0.1476445896112647,0.5702868941268195,0.6851973448489949,0.8523449301719666,3.094031572341919,-0.29535651206970215,4.6509627281920984e-05,-2563.8315786548314,-0.0150366872549057,874336.6932393538,854382.7379910434,7266652486.0
train_tune_0ca0b_01957_1957,CNN,0.0467231638418079,0.5004849512735348,0.6157506531009269,0.8477141857147217,2.038421630859375,-0.6527510285377502,6.817615212639794e-05,-2660.3336407319775,0.056568436324596405,23797.82885228665,23714.26664381518,348864838.0
train_tune_0ca0b_01958_1958,CNN,0.0428833161571052,0.585927976613277,0.5968007139378435,0.32771939039230347,0.9990349411964417,-0.04564815014600754,1.4736287084815558e-05,-4623.341541384503,-0.00945815909653902,6853910.85491189,6673466.461392308,567371894.0
train_tune_0ca0b_01959_1959,CNN,0.0704800526651031,0.6226845915571046,0.6832318624100928,0.18987947702407837,0.7067765593528748,-0.01657484844326973,5.087742920295568e-06,-11470.452671105368,-1.4686607755720615e-05,45714672853.53542,45871425780.31699,15475191830.0
train_tune_0ca0b_01960_1960,CNN,0.0512734957179401,0.4633210440005499,0.5885038649219695,0.7876701951026917,2.110036611557007,-0.3950877785682678,4.990099114365876e-05,-1805.3808207105048,0.0006538424640893936,584.7456444054853,584.7456444054853,3639206.0
train_tune_0ca0b_01961_1961,CNN,0.0422834193918531,0.5701072663961382,0.6612074269910223,0.6869064569473267,1.7313685417175293,-0.30136576294898987,3.099608511547558e-05,-3022.676481551188,0.022525999695062637,1015248.0982440764,1015543.2661611619,3854635694.0
train_tune_0ca0b_01962_1962,CNN,0.0428833161571052,0.6256275543937072,0.6569964130753655,0.13853362202644348,0.5160037875175476,-0.008024848997592926,3.0889950721757486e-06,-5574.762848379729,-0.0026845140382647514,14901599107.274834,15198543018.521286,16296313550.0
train_tune_0ca0b_01963_1963,CNN,0.0752067851373182,0.6133837690692587,0.6732319265146874,0.32732927799224854,1.3349419832229614,-0.05541487783193588,9.941604730556719e-06,-3743.7201414663546,0.006372526753693819,3974247.555991823,3986312.989376782,23694558030.0
train_tune_0ca0b_01964_1964,CNN,0.0487484356820646,0.4598309605554669,0.653661285144509,1.0539143085479736,4.497463226318359,-0.6250886917114258,5.360804789233953e-05,-2350.1494634767423,0.013458484783768654,54084.93894414308,53946.38584180853,2757059030.0
train_tune_0ca0b_01965_1965,CNN,0.0669967969683289,0.6520167246496248,0.6988549355695511,0.3257041573524475,0.790065586566925,-0.04205163195729256,1.4304546311905142e-05,-9614.68835865427,-0.015981044620275497,2655354463.2086596,2717837939.3898168,13269503614.0
train_tune_0ca0b_01966_1966,CNN,0.0428833161571052,0.6222168580105399,0.606057144695262,0.1617332100868225,0.5306286811828613,-0.011128266341984272,3.934714186470956e-06,-10653.560790189595,-0.00023955656797625124,4294269474.075446,3979877055.2331753,4935895766.0
train_tune_0ca0b_01967_1967,CNN,0.0512649430080622,0.5313274740147828,0.5169137391152349,0.1335916519165039,0.47145166993141174,-0.0077165039256215096,5.056306235928787e-06,-13954.223740166628,0.00322798453271389,118498873269.18646,117301094643.4924,12003467998.0
train_tune_0ca0b_01968_1968,CNN,0.1450632165030304,0.5492674276732892,0.6867876265821148,0.6561850309371948,2.4296762943267822,-0.20936177670955658,1.6677233361406252e-05,-1925.4075249117548,0.0010815314017236233,975.3468480069716,975.3468480069716,18238214.0
train_tune_0ca0b_01969_1969,CNN,0.05175640359606,0.619504398942503,0.6738717973309484,0.28608590364456177,0.8961399793624878,-0.03726612776517868,4.907557013211772e-06,-4900.741411323737,-0.0016201407415792346,90286855574.04468,90382111815.15111,22952533510.0
train_tune_0ca0b_01970_1970,CNN,0.0936160385515352,0.4073818315822308,0.5999454788158005,0.6526328325271606,2.2425003051757812,-0.2296367585659027,4.055640602018684e-05,-1888.3247933177515,0.0068949805572628975,11449.289763823357,11391.171328693335,284717270.0
train_tune_0ca0b_01971_1971,CNN,0.0431617264690587,0.5214646507324666,0.682958597711509,0.6647868156433105,1.4766342639923096,-0.3063355088233948,2.6228270144201815e-05,-2122.8664075549996,0.029891949146986008,12128.365650412816,12175.197807421524,188754286.0
train_tune_0ca0b_01972_1972,CNN,0.0808330339495209,0.510251970797226,0.6378538882255808,1.0115702152252197,3.156545639038086,-0.6688207387924194,8.852633618516847e-05,-1860.114580154706,0.078761026263237,1012.5949406044369,1012.5949406044369,7359350.0
train_tune_0ca0b_01973_1973,CNN,0.1021299691802187,0.5521396343947805,0.6811038585986781,0.49724775552749634,2.2350058555603027,-0.12522637844085693,1.1517441635078285e-05,-1851.7737016284536,0.0033433514181524515,923.9855952073244,923.9855952073244,46110630.0
train_tune_0ca0b_01974_1974,CNN,0.0684659179728405,0.5451648449553687,0.6909302621831843,0.9088510274887085,3.352698802947998,-0.4520050287246704,2.9274497137521394e-05,-1893.367413685502,0.030325952917337418,1308.326144069325,1308.326144069325,17096926.0
train_tune_0ca0b_01975_1975,CNN,0.0746990737937045,0.5545947114712229,0.6249687541336338,0.33163371682167053,0.9707265496253967,-0.051919370889663696,6.393059265974443e-06,-4378.74780423577,-0.004188253544270992,543228636.7723765,536565182.363748,12233334086.0
train_tune_0ca0b_01976_1976,CNN,0.0544925833551048,0.6836334427958795,0.6415552688210528,0.2648325264453888,0.7770544290542603,-0.028637375682592392,5.697495907952543e-06,-9876.371830643444,-0.00836270023137331,22754925690.60972,23104048735.110123,13580753630.0
train_tune_0ca0b_01977_1977,CNN,0.0511064712346681,0.6598237785290906,0.6634658930378734,0.33963003754615784,0.47723451256752014,-0.04916222766041756,1.8923712559626438e-05,-8471.406757769093,0.0068012503907084465,649204409.3119537,641371838.500696,19581026054.0
train_tune_0ca0b_01978_1978,CNN,0.078420046282035,0.5391287980268488,0.6579630901329869,0.6563209295272827,2.742683172225952,-0.22954460978507996,2.202461109845899e-05,-1735.151784856253,0.018508918583393097,959.5476027119536,959.5476027119536,22710062.0
train_tune_0ca0b_01979_1979,CNN,0.0463827139544091,0.597987214891635,0.6226129654002858,0.1546706259250641,0.5709391832351685,-0.011121692135930061,5.633268301608041e-06,-3430.292230652278,0.004065668676048517,1787093943.300641,1689871602.423707,5251345070.0
train_tune_0ca0b_01980_1980,CNN,0.0660309673974705,0.4368243602822068,0.606468488156234,0.42345112562179565,1.9716585874557495,-0.08843435347080231,1.217358931171475e-05,-1639.404357163927,-0.011753665283322334,523.5570016366584,523.5570016366584,22011414.0
train_tune_0ca0b_01981_1981,CNN,0.0967803808736681,0.4117092457926487,0.5840331720199502,0.4920421838760376,2.241544723510742,-0.1214989721775055,1.565622369525954e-05,-1742.412849845961,0.0003867201739922166,507.1765703783479,507.1765703783479,15675686.0
train_tune_0ca0b_01982_1982,CNN,0.0557106112844086,0.5966572321345709,0.6332572780642166,0.38658973574638367,1.100428581237793,-0.074222631752491,1.7124179066740908e-05,-6057.931844711314,0.004428432788699865,910176087.444793,941895715.1156528,6918453974.0
train_tune_0ca0b_01983_1983,CNN,0.0527418405546913,0.5515895942818442,0.6757691155026313,0.5564439296722412,2.346595048904419,-0.16953811049461365,1.5770350728416815e-05,-1741.9419980301216,0.010600414127111435,22090.751405098155,21983.146489366416,3004229606.0
train_tune_0ca0b_01984_1984,CNN,0.0468573984176907,0.5056349338435692,0.6357308616742059,0.5779907703399658,1.3866546154022217,-0.19100074470043182,2.4207980459323153e-05,-2068.0369328381744,0.003165440633893013,325110.4024292508,321145.2354457669,1174250566.0
train_tune_0ca0b_01985_1985,CNN,0.0557106112844086,0.4494671546842604,0.5059322891870357,0.07109073549509048,0.23291176557540894,-0.0016940359491854906,1.7615876686249976e-06,-15286.98369777421,0.00225873407907784,49400073185.43826,49189811701.020035,10148837334.0
train_tune_0ca0b_01986_1986,CNN,0.0428833161571052,0.4030892286712895,0.3099220542524855,0.12302996218204498,0.300148069858551,-0.00427643209695816,5.033811248722486e-06,-12618.781670361925,0.002630400937050581,38207123978.38824,34547593143.30018,6177219838.0
train_tune_0ca0b_01987_1987,CNN,0.0639328122942707,0.5911760141212125,0.6145394434019312,0.5220575928688049,1.9589402675628662,-0.1192268505692482,2.3867283744039014e-05,-2728.2904954945748,-0.011130793951451778,1278610.2706110503,1252472.408952207,9459483238.0
train_tune_0ca0b_01988_1988,CNN,0.0467231638418079,0.4311405179791139,0.4840875527867534,0.2970063388347626,0.783361554145813,-0.04683639109134674,4.967283075529849e-06,-2750.4930334838873,0.0022071683779358864,7346177.6468038075,7391605.489709936,5788200294.0
train_tune_0ca0b_01989_1989,CNN,0.0428833161571052,0.6061042232103041,0.6352159337138314,0.2500576376914978,0.6260016560554504,-0.03140811249613762,2.2695321604260243e-05,-3255.6943219109457,0.011917293071746826,539696760.8459656,530965719.4090451,9375770630.0
train_tune_0ca0b_01990_1990,CNN,0.0488911645104208,0.3940894541766701,0.3158422965928371,1.4973697662353516,2.3466217517852783,-1.9420546293258667,0.00012676120968535542,-2273.306119511694,0.033935725688934326,6390.215997792481,6332.226917074715,3164902.0
train_tune_0ca0b_01991_1991,CNN,0.0467231638418079,0.5984833450723448,0.683419013387678,0.2679770588874817,0.9050132632255554,-0.03154522180557251,7.370874300249852e-06,-13611.43844048253,-0.0055510178208351135,676858717.8022056,692914025.9098805,4837440086.0
train_tune_0ca0b_01992_1992,CNN,0.0422834193918531,0.6160537387555022,0.673025902545113,0.18062061071395874,0.39418697357177734,-0.012612102553248405,5.419603439804632e-06,-13123.532922813467,0.0002147260820493102,1241165112762.9136,1212385783720.8442,21035878046.0
train_tune_0ca0b_01993_1993,CNN,0.0649733401201033,0.3156939298562264,0.5520039787121344,1.181976556777954,4.15135383605957,-0.6672835350036621,8.964845619630069e-05,-1901.8078084645808,0.0014553256332874298,14006.448534722895,14952.348285456175,110504790.0
train_tune_0ca0b_01994_1994,CNN,0.0499274532264223,0.6097999661884189,0.6409718580316985,0.3730592131614685,1.4158086776733398,-0.0697140321135521,1.6550504369661212e-05,-4589.250056411744,0.0026696971617639065,110546329.99391848,109350440.66698015,29733483774.0
train_tune_0ca0b_01995_1995,CNN,0.0467231638418079,0.6081220260960001,0.6489182926572542,0.3506982624530792,1.4605498313903809,-0.06354089081287384,1.3014963769819587e-05,-19174.232313492805,0.006162768229842186,3977900868618.9717,3878454462747.2725,22482968206.0
train_tune_0ca0b_01996_1996,CNN,0.0884822325159412,0.4873903095722769,0.6160098202712897,0.6250357627868652,2.1660497188568115,-0.18829762935638428,1.999007145059295e-05,-1841.879919946234,-0.014040490612387657,722.9311862271519,722.9311862271519,9693446.0
train_tune_0ca0b_01997_1997,CNN,0.0648604610513056,0.5664715219043731,0.709831955123803,0.4683513045310974,2.0479347705841064,-0.12487519532442093,1.1964614714088384e-05,-2253.5149254928783,0.01874726265668869,39086.73986196715,38719.029903663635,13321213630.0
train_tune_0ca0b_01998_1998,CNN,0.0967388195111538,0.5897602849155804,0.6647816460235471,0.6349265575408936,2.487868070602417,-0.19719891250133514,5.13801169290673e-05,-2386.5769509260253,0.00399423111230135,1875298.4512953153,1868142.2159533137,12549208254.0
train_tune_0ca0b_01999_1999,CNN,0.0463396802994875,0.5773727438751448,0.6605088556379983,0.35143598914146423,1.1542909145355225,-0.06492658704519272,1.729091673041694e-05,-2918.36749354252,0.00678433571010828,712257.1011117294,713296.5978386623,2360533334.0
