model_id,model_type,initial_val_f1_macro,best_val_f1_macro,best_test_f1_macro,grad_norm,snip,grasp,fisher,jacob_cov,plain,synflow,synflow_bn,train_flops
train_tune_e87cf_00000_0,TRANSFORMER,0.0083175942841964,0.816926357605228,0.759284343992846,41.59576416015625,123.66734313964844,-620.8856201171875,0.002267929259687662,-662027.5739728195,2.0379159450531006,19136.52737836118,19127.30765633373,4145152000.0
train_tune_e87cf_00001_1,TRANSFORMER,0.0893876660697687,0.7381306773456853,0.7144718329128921,23.78438377380371,51.01584243774414,-25.7628231048584,0.002606182126328349,-11625.603542101706,0.6642553806304932,8070.202128971413,8027.409888018563,1417216000.0
train_tune_e87cf_00002_2,TRANSFORMER,0.144062973706419,0.7559131458483666,0.7361588347923426,17.991212844848633,48.83689498901367,-52.51608657836914,0.002015394391492009,-13061.577459843982,0.3060609698295593,11348.659977414476,11368.146897088007,1810432000.0
train_tune_e87cf_00003_3,TRANSFORMER,0.0642015565131006,0.7906956493704701,0.7357930838881789,58.79739761352539,131.9176483154297,-529.502685546875,0.009171977639198303,-6008.319073638119,4.483380317687988,14466.867380484688,15015.580290010968,3096576000.0
train_tune_e87cf_00004_4,TRANSFORMER,0.0786863431111069,0.7306599600286671,0.6902675683045832,51.04944610595703,120.47248840332031,-497.88983154296875,0.01161440834403038,-672915.4828536075,5.612799167633057,10625.241920299974,10227.120358685748,1679360000.0
train_tune_e87cf_00005_5,TRANSFORMER,0.003504273417917,0.7325840199040229,0.7081342990233198,42.95537567138672,70.49214172363281,-556.3770751953125,0.0028304802253842354,-5188845.88391719,3.5263161659240723,4423.961797174535,4423.961797174535,964608000.0
train_tune_e87cf_00006_6,TRANSFORMER,0.0790591939946021,0.7580276599449953,0.676836922501508,72.31121826171875,152.00323486328125,-1273.885009765625,0.0034715591464191675,-4884.396233424917,5.6757307052612305,5662.152329966707,5694.600801044689,1679360000.0
train_tune_e87cf_00007_7,TRANSFORMER,0.0104261280678892,0.800585595760548,0.7451662339533286,54.2878532409668,109.81290435791016,-531.1954345703125,0.00917062908411026,-10247.791245830887,4.820333003997803,13819.430996153396,13851.237899694775,3096576000.0
train_tune_e87cf_00008_8,TRANSFORMER,0.0148902033137345,0.820889692673171,0.7542998237365727,120.74131774902344,291.21405029296875,-2845.668212890625,0.02071724645793438,-4745541.796517554,6.974248886108398,25657.558814634056,25657.558814634056,3620864000.0
train_tune_e87cf_00009_9,TRANSFORMER,0.1336331537512275,0.8024573053042754,0.7376042089267076,24.137630462646484,67.8993148803711,-110.77054595947266,0.004391353111714125,-2879.2218464953994,1.4593474864959717,16448.362494843455,16931.747692698373,2715648000.0
train_tune_e87cf_00010_10,TRANSFORMER,0.0759951819434467,0.7783005975811306,0.7361031538194069,53.27478790283203,131.57701110839844,-701.5460205078125,0.005904319230467081,-21028.408464299122,5.149682998657227,13146.446192583006,13162.71132632253,1679360000.0
train_tune_e87cf_00011_11,TRANSFORMER,0.0284629009446919,0.7103505181084707,0.7219826366186117,53.67904281616211,124.12884521484375,-445.29412841796875,0.014179428108036518,-94283.93913901811,6.366248607635498,13934.320606800611,16209.1546398076,3096576000.0
train_tune_e87cf_00012_12,TRANSFORMER,0.0166810773720161,0.8390060930342699,0.7796512464229192,128.11575317382812,366.96539306640625,-3145.64599609375,0.0370798222720623,-10577.029254152327,11.623003005981445,49714.69055815178,51505.93098801158,8290304000.0
train_tune_e87cf_00013_13,TRANSFORMER,0.1184849309552373,0.7352994506136391,0.7078447062908121,16.154495239257812,32.0982551574707,-15.981202125549316,0.0009728273143991828,-12141.102560839112,-0.5496827363967896,4724.88441880813,4219.5305901019765,708608000.0
train_tune_e87cf_00014_14,TRANSFORMER,0.0389086087418338,0.7968428178699185,0.749582815049552,43.81279754638672,137.8833465576172,-294.8584899902344,0.014906452968716621,-220574.76610903925,4.891533851623535,28999.984904572124,28121.652147974775,6217728000.0
train_tune_e87cf_00015_15,TRANSFORMER,0.143200903604272,0.662520888615482,0.6410060633035214,15.533782958984375,34.12388229370117,-30.818758010864258,0.0011862149694934487,-7829.250917475619,-0.19175826013088226,4690.530797489311,4325.407042799537,708608000.0
train_tune_e87cf_00016_16,TRANSFORMER,0.0143829747542246,0.794377582069033,0.7533631347816314,67.68701171875,165.21173095703125,-1479.147705078125,0.0041436441242694855,-4497.210927454852,4.6892571449279785,11150.416390085567,11055.94342776021,2715648000.0
train_tune_e87cf_00017_17,TRANSFORMER,0.0536918894622449,0.7640298962605414,0.7141332568984375,26.905479431152344,46.936153411865234,-214.5797882080078,0.0010538811329752207,-31700.764818665823,3.203268527984619,4066.4620635147603,4156.3718144180575,1062912000.0
train_tune_e87cf_00018_18,TRANSFORMER,0.0847499904092392,0.7581712636847605,0.7230801633505695,30.175642013549805,73.2982177734375,-251.46060180664062,0.004228447563946247,-3394.3804906564083,3.5181007385253906,8236.719457349473,8237.885533766013,1259520000.0
train_tune_e87cf_00019_19,TRANSFORMER,0.029364331467067,0.6954261426661309,0.6497943620702145,21.36395835876465,50.36801528930664,-95.781982421875,0.0032445844262838364,-3929.972649698391,2.2456133365631104,7876.730569353733,8027.253427942324,1548288000.0
train_tune_e87cf_00020_20,TRANSFORMER,0.0711592039156021,0.7960794598712696,0.7483900360592347,53.14815902709961,109.55854797363281,-929.1304321289062,0.0026665928307920694,-19781.527801548997,4.451905250549316,5412.523301214562,5469.836591472926,1259520000.0
train_tune_e87cf_00021_21,TRANSFORMER,0.0376952946091463,0.799407339778663,0.7344347738115691,34.33510971069336,110.15348052978516,-201.7900390625,0.009910384193062782,-467729.3729777089,3.449397563934326,19014.571630016057,18896.41606907825,4145152000.0
train_tune_e87cf_00022_22,TRANSFORMER,0.048664164280618,0.7634826464158008,0.7277353142349013,23.36090087890625,36.630088806152344,-140.78948974609375,0.0011851206654682755,-953561.8601006021,3.2197265625,3452.575710779542,3452.575710779542,964608000.0
train_tune_e87cf_00023_23,TRANSFORMER,0.0827087443509113,0.7843524879251352,0.6916048944464837,32.04855728149414,79.48432159423828,-295.1085205078125,0.00336357275955379,-18273.240948937353,3.142547130584717,9470.059323122772,9498.775437715598,1259520000.0
train_tune_e87cf_00024_24,TRANSFORMER,0.0151276109508156,0.8253702114703722,0.7497223016112435,116.56397247314453,283.7485656738281,-3114.680908203125,0.01298584509640932,-2583.3051630462883,7.915801048278809,13147.473935252592,13020.285503332008,3620864000.0
train_tune_e87cf_00025_25,TRANSFORMER,0.0086821921872299,0.8076079818785176,0.7558285595922684,96.28829193115234,261.121826171875,-2676.93798828125,0.007569622714072466,-7668318.18577473,6.072452545166016,37135.766438000304,37135.766438000304,8290304000.0
train_tune_e87cf_00026_26,TRANSFORMER,0.0167085047727704,0.8174097969121394,0.75040902722275,76.84922790527344,247.20651245117188,-899.4752197265625,0.029742738232016563,-4329.013528703205,9.600204467773438,48163.73422202475,45271.974991239214,8290304000.0
train_tune_e87cf_00027_27,TRANSFORMER,0.015050472459274,0.7373666219968462,0.6905220141876373,53.578731536865234,132.47763061523438,-692.096435546875,0.009505647234618664,-142763.9810338824,3.7816126346588135,15022.657678722617,15084.856133860656,2715648000.0
train_tune_e87cf_00028_28,TRANSFORMER,0.0435271618478545,0.7992811280588658,0.7405275057185626,25.040752410888672,54.003814697265625,-173.84239196777344,0.001404542475938797,-178654.91669754978,1.8531743288040161,7240.788384743393,6875.354640286147,1548288000.0
train_tune_e87cf_00029_29,TRANSFORMER,0.1038152124962991,0.7187858654664209,0.690450327080295,19.328460693359375,42.1484260559082,-18.77810287475586,0.001546442974358797,-60580.90066217783,0.12378853559494019,7178.433319802095,7148.795113721852,1062912000.0
train_tune_e87cf_00030_30,TRANSFORMER,0.0107123482391895,0.8179557219215574,0.759763152238391,43.83797073364258,127.18867492675781,-664.8421630859375,0.002848394215106964,-526792.260650771,2.3694968223571777,21241.918070403994,20289.706941391778,4145152000.0
train_tune_e87cf_00031_31,TRANSFORMER,0.0067460075723301,0.8092789662719895,0.7415321807068949,63.74077606201172,140.21865844726562,-1480.8486328125,0.007527710869908333,-2437975.8957815473,6.185027122497559,7654.857702906061,7658.571612656266,1259520000.0
train_tune_e87cf_00032_32,TRANSFORMER,0.0168345567452004,0.7933270767786808,0.7485563991564071,83.26582336425781,265.7436218261719,-1049.498779296875,0.02934311516582966,-14435.691400207174,9.748556137084961,49753.55008303035,49931.56794690283,8290304000.0
train_tune_e87cf_00033_33,TRANSFORMER,0.0149601959456227,0.7713259841672933,0.7484236033967481,84.572265625,213.6903076171875,-1342.032470703125,0.01455855742096901,-104246.24864668313,5.997331619262695,20581.31963557753,20407.785371014772,3620864000.0
train_tune_e87cf_00034_34,TRANSFORMER,0.0119188572254939,0.8179408719160173,0.7572715673980618,60.08802032470703,116.09716796875,-783.0104370117188,0.0031180528458207846,-16509.23975140911,2.6662049293518066,11983.75259538027,12012.104172185285,3096576000.0
train_tune_e87cf_00035_35,TRANSFORMER,0.0882079509373681,0.7306732961258295,0.6948305400449472,36.905914306640625,83.80622100830078,-343.87384033203125,0.00408491026610136,-8488.05750477724,3.6457409858703613,6216.994022527258,6241.7842965702375,1259520000.0
train_tune_e87cf_00036_36,TRANSFORMER,0.0148587526222066,0.8215789652737762,0.7626040083950514,106.78611755371094,270.406982421875,-2379.826171875,0.015980610623955727,-1392759.126514893,6.655575275421143,21941.311312825535,21962.76809873081,3620864000.0
train_tune_e87cf_00037_37,TRANSFORMER,0.015184375226811,0.7690809931865276,0.7360971954247938,102.36054229736328,258.1903991699219,-2511.759765625,0.009572582319378853,-2081.3503491998667,6.856300354003906,10565.049385368502,10550.63076674922,3620864000.0
train_tune_e87cf_00038_38,TRANSFORMER,0.0953478463353685,0.7291775929083115,0.6826941102382681,31.700544357299805,68.96839141845703,-221.28823852539062,0.004073347430676222,-8585.814535717032,3.3914406299591064,6088.0648521839,6032.513032599309,1259520000.0
train_tune_e87cf_00039_39,TRANSFORMER,0.091064267378417,0.730505127191294,0.722860482514677,40.45166015625,90.18118286132812,-409.88629150390625,0.004418289288878441,-466473.11404234736,3.932150363922119,7564.481703043721,7564.481703043721,1259520000.0
train_tune_e87cf_00040_40,TRANSFORMER,0.0336541704566461,0.7776717488241409,0.7374423014042406,52.14032745361328,144.7267303466797,-557.1407470703125,0.009287702850997448,-2637.7840643358604,5.137757301330566,18006.80786670455,18092.362654561308,3620864000.0
train_tune_e87cf_00041_41,TRANSFORMER,0.1078495482398493,0.8048010555700369,0.74570389802317,38.58771896362305,107.47886657714844,-320.5050048828125,0.007746084593236446,-3395.5836763239554,2.7647557258605957,24098.41015085484,23527.020646757108,3620864000.0
train_tune_e87cf_00042_42,TRANSFORMER,0.0330058900027704,0.7623521195048181,0.7131640285735151,18.518362045288086,28.3084716796875,-60.22212219238281,0.0006402299040928483,-15028.59694920379,2.0474038124084473,2489.5730812970855,2481.1449780692174,964608000.0
train_tune_e87cf_00043_43,TRANSFORMER,0.0823997074752213,0.7690376233297904,0.7221356339639395,57.595001220703125,135.39198303222656,-678.0570068359375,0.010324398055672646,-1428388.2958070817,6.06303596496582,10475.065204179435,10805.259826089892,1679360000.0
train_tune_e87cf_00044_44,TRANSFORMER,0.05921531130284,0.7304452758728981,0.7125973193662808,22.599138259887695,37.25620651245117,-93.99644470214844,0.0026685111224651337,-1983395.7634518875,3.479729175567627,3650.893124333528,3628.206135613861,964608000.0
train_tune_e87cf_00045_45,TRANSFORMER,0.0531682417222487,0.7195854870992997,0.6952137045029428,24.295124053955078,43.645225524902344,-177.5947265625,0.0009104757918976247,-13233.88712324012,2.8779497146606445,3507.568561541283,3523.356808057718,1062912000.0
train_tune_e87cf_00046_46,TRANSFORMER,0.0588473218979586,0.7603077429019969,0.7042676529708027,22.797468185424805,37.52609634399414,-95.31798553466797,0.002607386326417327,-1750298.343005242,3.465146064758301,3649.511661288862,3625.135353145747,964608000.0
train_tune_e87cf_00047_47,TRANSFORMER,0.070606527980086,0.6960947019408309,0.6823913807038378,31.114194869995117,64.80303955078125,-158.773193359375,0.0032232890371233225,-8429.212509751058,4.354033946990967,6663.921751983539,6610.9133389704375,1417216000.0
train_tune_e87cf_00048_48,TRANSFORMER,0.0174414334755909,0.8000582001817684,0.7362512526373602,93.06507110595703,301.8038024902344,-1330.00927734375,0.0329151451587677,-14619.209274686124,10.096541404724121,56150.951738459225,56652.96196289949,8290304000.0
train_tune_e87cf_00049_49,TRANSFORMER,0.0094988591498743,0.8124118308018101,0.7682533914311906,46.390010833740234,134.61241149902344,-578.199951171875,0.010637391358613968,-46088.1604555323,5.008663177490234,21751.216463116285,21783.23370903535,4145152000.0
train_tune_e87cf_00050_50,TRANSFORMER,0.0229804419311066,0.7923619790899441,0.7566499386541772,26.995586395263672,78.68340301513672,-244.35330200195312,0.0008877466898411512,-3554.1738481574457,1.4016696214675903,12354.265917982048,12269.527484106688,4145152000.0
train_tune_e87cf_00051_51,TRANSFORMER,0.0541729407049608,0.683850492544372,0.6570585522662099,22.804399490356445,41.626380920410156,-156.51756286621094,0.0008249620441347361,-10160.12062071048,2.5850374698638916,3238.9031537316305,3312.358703243707,1062912000.0
train_tune_e87cf_00052_52,TRANSFORMER,0.0200920597180498,0.8329285627494325,0.8036015926826144,74.95458221435547,220.09954833984375,-1227.574462890625,0.020015740767121315,-9693.287346165918,7.875950813293457,34620.88460680857,33650.28931740217,6217728000.0
train_tune_e87cf_00053_53,TRANSFORMER,0.0136260486199342,0.760651291270467,0.7247070876529766,31.445560455322266,77.17503356933594,-395.8551025390625,0.000920642982237041,-113542.67651446006,1.8787964582443237,8130.932709569148,8130.131369157536,1810432000.0
train_tune_e87cf_00054_54,TRANSFORMER,0.0358946828985776,0.7713178869774446,0.7025717176937474,48.3850212097168,135.18368530273438,-459.2125244140625,0.008017301559448242,-2142.1956388845824,4.618227481842041,15327.108779696688,15384.001441254786,3620864000.0
train_tune_e87cf_00055_55,TRANSFORMER,0.1078495482398493,0.793569008000988,0.7401756471382609,34.880252838134766,98.0345458984375,-244.33309936523438,0.008205745369195938,-2145.5327070166727,2.9161815643310547,22734.936943142948,22028.768458957682,3620864000.0
train_tune_e87cf_00056_56,TRANSFORMER,0.0483590937665274,0.7205417252173489,0.6808375061978283,24.17957305908203,43.095916748046875,-98.18092346191406,0.003348663216456771,-8259.763288882177,4.070141792297363,4547.107584953655,4571.145941202423,1286144000.0
train_tune_e87cf_00057_57,TRANSFORMER,0.0347309176872914,0.7635758399253284,0.7345555663886988,20.688743591308594,47.860443115234375,-183.4227294921875,0.0016187391011044383,-17740.159306512087,1.9605656862258911,5380.032173174351,5382.137351551859,839680000.0
train_tune_e87cf_00058_58,TRANSFORMER,0.0076577837579128,0.822111244088079,0.7802590275118082,84.00369262695312,239.2122344970703,-1952.22021484375,0.008202271535992622,-250542.49364492815,4.885868072509766,31857.96779002962,31435.90966891501,6217728000.0
train_tune_e87cf_00059_59,TRANSFORMER,0.0377042289323593,0.795122393078226,0.7440338584876056,54.33216857910156,175.572021484375,-511.2421875,0.012233328074216843,-436314.64555393654,4.809882164001465,30562.03595972176,29410.17036206551,6217728000.0
train_tune_e87cf_00060_60,TRANSFORMER,0.003504273417917,0.7465029686963653,0.7004032146637205,37.55542755126953,61.76277542114258,-389.6829833984375,0.002884145360440016,-5204.111205086209,3.352944850921631,4122.245752870203,4390.48315176152,964608000.0
train_tune_e87cf_00061_61,TRANSFORMER,0.0364136453470416,0.7969563026726803,0.7053493896055029,37.322601318359375,83.87858581542969,-264.90118408203125,0.005331380292773247,-3633.356391909751,3.150022029876709,9270.60775700524,9192.32728291765,2322432000.0
train_tune_e87cf_00062_62,TRANSFORMER,0.0076299992767773,0.8296922589973288,0.7650599282800122,77.45526885986328,227.17352294921875,-1651.734130859375,0.008309559896588326,-184032.23829202086,4.798876762390137,30108.617771731482,31302.82883675211,6217728000.0
train_tune_e87cf_00063_63,TRANSFORMER,0.0424482333877347,0.742716003358887,0.7221346634458311,12.67779541015625,20.268146514892578,-38.03311538696289,0.0003613207663875073,-40711.90459519598,1.2579495906829834,2015.773386412705,1993.8307128556714,643072000.0
train_tune_e87cf_00064_64,TRANSFORMER,0.0200920597180498,0.8225621669976975,0.7827515994176006,67.66006469726562,200.34483337402344,-959.4244995117188,0.02005274035036564,-4325.495142285706,7.608577728271484,31165.398068720155,30509.42646234672,6217728000.0
train_tune_e87cf_00065_65,TRANSFORMER,0.0760828589949748,0.7571802268085107,0.6800356268410845,49.19009780883789,106.19377136230469,-461.7320556640625,0.006283112335950136,-11235.404610677922,4.769006729125977,8563.669485969749,8600.44661570739,1679360000.0
train_tune_e87cf_00066_66,TRANSFORMER,0.015039252895301,0.7607037097974954,0.6968294203356481,34.42401123046875,102.28225708007812,-265.9585876464844,0.002832661382853985,-110989.56022669058,2.3696980476379395,19210.59633542452,19210.59633542452,4145152000.0
train_tune_e87cf_00067_67,TRANSFORMER,0.0408584794681695,0.7878419697945052,0.7610825011765775,37.78123474121094,109.82295227050781,-487.5413818359375,0.006370068993419409,-2785.245327690065,2.2587175369262695,15780.556005102926,15014.648535190261,2715648000.0
train_tune_e87cf_00068_68,TRANSFORMER,0.0111101865073526,0.8005967387076237,0.7295297042712142,61.732276916503906,198.8247528076172,-694.115234375,0.02189742401242256,-4284.710854728865,7.724246025085449,35547.59225068483,35420.45525060375,6217728000.0
train_tune_e87cf_00069_69,TRANSFORMER,0.0961010770247049,0.7518112283361039,0.7325283065290759,19.362337112426758,47.35868835449219,-125.38410186767578,0.00194556824862957,-5070.477532009324,1.9565306901931763,6175.575427411179,5718.8178943084795,839680000.0
train_tune_e87cf_00070_70,TRANSFORMER,0.0464407139486035,0.7147882481808943,0.6856196537507214,25.960697174072266,55.38871765136719,-83.94416809082031,0.005500586237758398,-974711.2465285806,3.84780216217041,5683.972489448098,6088.515326776412,1062912000.0
train_tune_e87cf_00071_71,TRANSFORMER,0.0361988818046721,0.8212345269833929,0.7493732175631056,77.2021713256836,252.4775390625,-929.3304443359375,0.019347108900547028,-340079.29332769284,6.975689888000488,42519.75667771718,45206.505586744344,8290304000.0
train_tune_e87cf_00072_72,TRANSFORMER,0.0157243806511736,0.780244984220915,0.7338478598922702,54.46073913574219,167.0299530029297,-604.713623046875,0.005257478449493647,-125258.60908641567,4.1881914138793945,30713.333033915078,30713.333033915078,6217728000.0
train_tune_e87cf_00073_73,TRANSFORMER,0.0111972930221327,0.7620043748994184,0.7043052280571008,27.296152114868164,59.860321044921875,-198.35104370117188,0.0032105552963912487,-7047.222491175328,2.1963884830474854,7214.556645953592,7677.835630062831,1548288000.0
train_tune_e87cf_00074_74,TRANSFORMER,0.0335040362571417,0.7171673729749664,0.6770609746693754,21.032119750976562,49.499515533447266,-99.99440002441406,0.004891638178378344,-2611045.779384252,3.209327459335327,4612.296172302771,4741.663666551891,839680000.0
train_tune_e87cf_00075_75,TRANSFORMER,0.0194679879006591,0.8191717679683563,0.7701138888587015,71.40772247314453,210.55674743652344,-1097.97021484375,0.02091028168797493,-6689.74471199527,7.904546737670898,34454.49884097507,34066.296853721826,6217728000.0
train_tune_e87cf_00076_76,TRANSFORMER,0.021173042549857,0.8274098544654848,0.7480158187709937,63.77063751220703,138.1743927001953,-761.92236328125,0.010879901237785816,-8981.701910508456,5.598647117614746,14474.815296202072,14377.28795146944,3096576000.0
train_tune_e87cf_00077_77,TRANSFORMER,0.0149577535270562,0.7882154973498497,0.728765349629443,51.34133529663086,124.45310974121094,-860.2886962890625,0.002714992268010974,-2750.1680636416017,3.7932467460632324,9293.510251420994,9263.825889580932,2715648000.0
train_tune_e87cf_00078_78,TRANSFORMER,0.0490266235780799,0.7748168600165255,0.7381592776098994,51.231990814208984,92.72120666503906,-676.2193603515625,0.007105584722012281,-2074904.8794700243,6.279867172241211,8441.852930350089,8467.785166801517,1417216000.0
train_tune_e87cf_00079_79,TRANSFORMER,0.0537960388994283,0.7258897846497256,0.696431845018186,16.2810001373291,32.921348571777344,-45.67975616455078,0.0015942382160574198,-1071314.208300549,1.5444471836090088,3378.149002162728,3513.7398519495946,708608000.0
train_tune_e87cf_00080_80,TRANSFORMER,0.0150100555992442,0.8166584855545594,0.7631931606132258,52.71949768066406,167.95738220214844,-488.68841552734375,0.018023939803242683,-3294.3811382233644,6.962833404541016,33296.84653128512,32395.75804501317,6217728000.0
train_tune_e87cf_00081_81,TRANSFORMER,0.1158044027860635,0.7095444750317189,0.6738403044897961,11.303375244140625,20.564849853515625,-36.501914978027344,0.000316356512485072,-17046.162949337304,0.8383137583732605,2092.9615820218123,2079.935655426536,708608000.0
train_tune_e87cf_00082_82,TRANSFORMER,0.0522150790808205,0.7537176254950961,0.7234868417308026,24.779319763183594,65.95513916015625,-114.22029876708984,0.006442289333790541,-1581767.1255432514,2.042536735534668,10125.273875504708,10780.526816205425,1810432000.0
train_tune_e87cf_00083_83,TRANSFORMER,0.0428280523942393,0.8031619851681203,0.7203676678959483,36.228206634521484,99.55682373046875,-258.265380859375,0.005119572393596172,-68093.6978177996,3.1746153831481934,15480.115483604099,15476.515541276603,2715648000.0
train_tune_e87cf_00084_84,TRANSFORMER,0.0097916796137032,0.8038133129166302,0.7696820454549176,44.673492431640625,123.39875793457031,-632.6307983398438,0.002570133889093995,-4244.547561996575,2.9605984687805176,19761.554094553892,19850.98958799927,6217728000.0
train_tune_e87cf_00085_85,TRANSFORMER,0.049082818236944,0.7313585265482424,0.7089805353309402,21.14314079284668,52.77583312988281,-73.7655029296875,0.00210161623544991,-2631.944967994428,1.4677845239639282,7936.000082695075,8014.629017133234,1810432000.0
train_tune_e87cf_00086_86,TRANSFORMER,0.0666612035220627,0.7400756372711094,0.7053086867238573,14.894805908203125,23.628297805786133,-45.21348571777344,0.0016598552465438843,-2121199.2188169165,2.053325653076172,2652.725074042385,2504.6495992319446,643072000.0
train_tune_e87cf_00087_87,TRANSFORMER,0.0166160188558156,0.8033113891429924,0.7297211674814054,29.812955856323242,82.19050598144531,-180.76882934570312,0.0022489363327622414,-3616.502989513548,1.9193137884140015,17451.72262040048,17525.219471169417,4145152000.0
train_tune_e87cf_00088_88,TRANSFORMER,0.0863428777872781,0.746530819682373,0.7177253106499569,22.81298828125,49.777549743652344,-35.424339294433594,0.0028235260397195816,-11793.500179648665,1.2615371942520142,9242.448515938519,9808.245997473246,1417216000.0
train_tune_e87cf_00089_89,TRANSFORMER,0.0490266235780799,0.76169871050418,0.731863066149931,44.198246002197266,82.9696044921875,-509.9151916503906,0.007070218212902546,-675643.697290976,5.920475006103516,8292.684170670816,7948.359529701117,1417216000.0
train_tune_e87cf_00090_90,TRANSFORMER,0.0375341201155295,0.8021945807142313,0.7597005707524698,72.33183288574219,239.48992919921875,-785.255615234375,0.02490535005927086,-181107.11474507145,6.751005172729492,42857.454046531784,39451.17389808474,8290304000.0
train_tune_e87cf_00091_91,TRANSFORMER,0.0098577125777418,0.8068316981669532,0.7644766615100947,34.33388137817383,73.3184585571289,-328.8055419921875,0.002818334847688675,-70420.68030707637,2.0079381465911865,9144.378619015695,9148.234108649149,1548288000.0
train_tune_e87cf_00092_92,TRANSFORMER,0.0509341294711206,0.8085708830477,0.7320637270484135,23.129039764404297,60.23206329345703,-87.03734588623047,0.005995186511427164,-1053847.6159935754,2.096862554550171,9126.199325598052,9473.139512592546,1810432000.0
train_tune_e87cf_00093_93,TRANSFORMER,0.0385848843082418,0.7648610152122951,0.7114759080782974,31.3455867767334,95.36482238769531,-157.22549438476562,0.00842564832419157,-365727.49321821646,2.953817844390869,18730.128474508252,18391.01337526368,4145152000.0
train_tune_e87cf_00094_94,TRANSFORMER,0.0600028365692245,0.7295311169570009,0.683106834000339,22.51303482055664,53.38248062133789,-124.37291717529297,0.005332109984010458,-1953436.3797744832,3.5690441131591797,5072.373085938929,4968.266152634678,839680000.0
train_tune_e87cf_00095_95,TRANSFORMER,0.1118126172120507,0.751733301953054,0.7094457302713622,19.214059829711914,43.00651550292969,-12.613079071044922,0.0016557066701352596,-22446.165277857286,0.07128378748893738,7421.773469469359,6527.868827571898,1062912000.0
train_tune_e87cf_00096_96,TRANSFORMER,0.0362420066692095,0.791607834458577,0.7478859052530644,50.945831298828125,164.8353271484375,-414.9028625488281,0.01493418775498867,-223679.65933303654,4.896520137786865,30489.35848597355,29802.954056327744,6217728000.0
train_tune_e87cf_00097_97,TRANSFORMER,0.0408584794681695,0.7922393506416384,0.7659140720049845,44.053558349609375,113.01082611083984,-657.716552734375,0.006284748204052448,-3165.9256426856164,2.086585521697998,14744.469946331887,15493.6974446886,2715648000.0
train_tune_e87cf_00098_98,TRANSFORMER,0.0195091351054224,0.7748943102667311,0.69633066737462,40.835304260253906,116.64222717285156,-307.8731994628906,0.0033594490960240364,-2163.2040870787837,2.9234580993652344,24720.412162529454,24425.726986278918,6217728000.0
train_tune_e87cf_00099_99,TRANSFORMER,0.0667246261451659,0.7159881094961947,0.6804729010792159,18.982030868530273,35.044647216796875,-54.06095886230469,0.004790597129613161,-1162073.5976519333,3.508726119995117,3977.565199967782,3752.986312706476,964608000.0
train_tune_e87cf_00100_100,TRANSFORMER,0.0149842593582216,0.7932914096288193,0.7467093688227204,53.865989685058594,136.64608764648438,-752.8192138671875,0.009734664112329483,-147333.6642995693,3.668409824371338,15119.364251939021,14319.56935880465,2715648000.0
train_tune_e87cf_00101_101,TRANSFORMER,0.0149345581738514,0.8217102846700969,0.7655791834254242,59.07303237915039,152.35516357421875,-948.8084716796875,0.006936260964721441,-377953.10880043707,3.843918800354004,14828.967755441898,15095.153876446719,2715648000.0
train_tune_e87cf_00102_102,TRANSFORMER,0.0172009411976909,0.7995909451087276,0.7257093429409016,30.383119583129883,84.03855895996094,-188.89480590820312,0.00227758614346385,-218929.52384372317,2.0060577392578125,18068.728428746846,18070.952247409106,4145152000.0
train_tune_e87cf_00103_103,TRANSFORMER,0.0812813699474839,0.8022534780186454,0.7197863075442678,18.215375900268555,38.62531280517578,-2.9095115661621094,0.0013614848721772432,-32492.275957808986,-0.23310346901416779,6093.117363975997,5977.310281775841,1062912000.0
train_tune_e87cf_00104_104,TRANSFORMER,0.0342609053682841,0.7666701525994626,0.7299414447996591,22.0382022857666,48.73683166503906,-211.41436767578125,0.0019531389698386192,-7051.656938844013,2.135744094848633,6283.236881110158,5677.863743297756,839680000.0
train_tune_e87cf_00105_105,TRANSFORMER,0.0120781769721627,0.7975262693955741,0.7460953184460667,89.66160583496094,291.7543029785156,-1222.1552734375,0.034875016659498215,-5906.591057414185,10.221025466918945,52446.93054216396,54483.12597599757,8290304000.0
train_tune_e87cf_00106_106,TRANSFORMER,0.0546998854988408,0.7421840058506642,0.7221277701244053,36.26408386230469,77.03854370117188,-159.45217895507812,0.006554324645549059,-1510661.2619221509,5.186882495880127,8319.39014416983,8323.260310541746,1417216000.0
train_tune_e87cf_00107_107,TRANSFORMER,0.0804036285151854,0.7643606791922744,0.7199141346328018,55.75938415527344,132.19363403320312,-639.271484375,0.01035119965672493,-999724.2860709329,6.235076904296875,10424.943405264255,10933.456459584067,1679360000.0
train_tune_e87cf_00108_108,TRANSFORMER,0.0535004988358208,0.7748778308510985,0.7511304265974533,52.57283401489258,118.78082275390625,-572.0811767578125,0.00960252434015274,-10642.577967600399,4.935609817504883,18033.05505601728,17902.788082978273,3096576000.0
train_tune_e87cf_00109_109,TRANSFORMER,0.027148905069366,0.7983886040216404,0.7598274107810354,59.716514587402344,135.66311645507812,-604.4927368164062,0.014534357003867626,-113230.48772123121,6.427639484405518,15787.301406483806,15022.76763279778,3096576000.0
train_tune_e87cf_00110_110,TRANSFORMER,0.1078495482398493,0.7978719067354004,0.7402228736108561,33.36820983886719,91.53229522705078,-212.46319580078125,0.008641095831990242,-2211.5754326069846,2.8979268074035645,22157.99208340463,21267.65734691893,3620864000.0
train_tune_e87cf_00111_111,TRANSFORMER,0.0816024215883727,0.7195047407330811,0.6943192700222842,35.887332916259766,84.22050476074219,-271.90032958984375,0.00782005861401558,-1310851.6418360542,4.649012088775635,7289.686475661775,8143.7889101309875,1259520000.0
train_tune_e87cf_00112_112,TRANSFORMER,0.0410635706300481,0.7627409128426724,0.7436184498153953,57.7982177734375,152.93069458007812,-843.8842163085938,0.010560378432273865,-2506.912353447722,3.1192166805267334,20420.61529796725,20207.3818366484,3620864000.0
train_tune_e87cf_00113_113,TRANSFORMER,0.143200903604272,0.6825312744810351,0.667529872285754,15.508692741394043,34.11090850830078,-25.877033233642578,0.0010281087597832084,-24561.986058389237,-0.4217086434364319,4478.48877956557,4513.699622333461,708608000.0
train_tune_e87cf_00114_114,TRANSFORMER,0.0344227452613957,0.8045545748738655,0.7268706534216,41.7512321472168,110.87715911865234,-303.405029296875,0.00646440451964736,-2125.3922757835844,4.0401387214660645,16158.124854943251,16140.29086040185,3620864000.0
train_tune_e87cf_00115_115,TRANSFORMER,0.0364615940567327,0.7946675312052496,0.7387064735548079,49.39695739746094,164.58908081054688,-395.36505126953125,0.01799876242876053,-240755.54445986735,5.444304466247559,31155.912163355293,29274.986770592914,6217728000.0
train_tune_e87cf_00116_116,TRANSFORMER,0.0271156853834348,0.8106978961904999,0.7479406129897985,59.25510025024414,135.9212188720703,-589.4852905273438,0.014231346547603607,-134284.60928871454,6.428173542022705,15916.935608222026,15662.827234501567,3096576000.0
train_tune_e87cf_00117_117,TRANSFORMER,0.037963925756319,0.7987101363025605,0.7348762456480504,31.394004821777344,94.64576721191406,-156.0298309326172,0.008365625515580177,-471455.8186133813,3.1217546463012695,17134.670990345392,17844.446950928028,4145152000.0
train_tune_e87cf_00118_118,TRANSFORMER,0.1460895423409597,0.6695306398960548,0.662476928078968,15.189282417297363,33.40215301513672,-26.1718807220459,0.0012755012139678001,-6344.23092273598,0.02863132953643799,4263.455760005197,4355.861597993298,708608000.0
train_tune_e87cf_00119_119,TRANSFORMER,0.0812978631534425,0.6712388100656452,0.6477806501874389,15.09140396118164,38.635005950927734,-63.442108154296875,0.0023444490507245064,-3740.280634598559,2.097540855407715,5043.504071371774,5256.967260822002,839680000.0
train_tune_e87cf_00120_120,TRANSFORMER,0.0490628268801507,0.7850761985686124,0.745339071531291,51.0122184753418,92.46377563476562,-669.4785766601562,0.006917636841535568,-7757481.084050263,6.2333455085754395,8430.895772287828,8430.895772287828,1417216000.0
train_tune_e87cf_00121_121,TRANSFORMER,0.1059858800186916,0.7835119159017485,0.7413512254710336,27.61065673828125,76.10277557373047,-161.09524536132812,0.004538524895906448,-3608.8853415719605,1.6045677661895752,17388.87690132644,17011.951044487345,2715648000.0
train_tune_e87cf_00122_122,TRANSFORMER,0.0660379061727802,0.8059156484699226,0.7634027066571591,26.69817352294922,72.15485382080078,-234.2504425048828,0.0012785744620487094,-676055.7299317279,1.4948606491088867,15069.262636161882,15069.593115225323,4145152000.0
train_tune_e87cf_00123_123,TRANSFORMER,0.1376412351752577,0.7611014087691614,0.6912306765892497,15.675477027893066,32.262596130371094,-20.36271095275879,0.0008614051039330661,-21738.351325801756,-0.7929180860519409,3947.1931838258606,3764.0578670863515,708608000.0
train_tune_e87cf_00124_124,TRANSFORMER,0.0142232829415469,0.7999915342241841,0.7479572173474114,64.65898132324219,159.65286254882812,-1347.952392578125,0.004042730666697025,-2956.9618866355218,4.538447380065918,9784.925634247786,9876.941626961043,2715648000.0
train_tune_e87cf_00125_125,TRANSFORMER,0.0450019240154917,0.7129016478507936,0.6752961963463302,25.960052490234375,58.39012145996094,-119.31446838378906,0.006347439717501402,-273123.3179453825,3.1816282272338867,7292.723212405941,6502.960684505103,1548288000.0
train_tune_e87cf_00126_126,TRANSFORMER,0.0142232829415469,0.7997553660984775,0.7472942174528444,64.64295196533203,159.6268768310547,-1347.0911865234375,0.0040422240272164345,-2944.3082458003223,4.53591251373291,9786.45851892228,9878.33044523867,2715648000.0
train_tune_e87cf_00127_127,TRANSFORMER,0.0622309378907079,0.6935544713948415,0.6723796565207733,24.869043350219727,45.92036437988281,-85.10845947265625,0.007268795743584633,-818290.030472981,5.443319320678711,5110.751045746123,5163.977120183014,1286144000.0
train_tune_e87cf_00128_128,TRANSFORMER,0.0180512690856369,0.8122337708061519,0.7374645732931967,52.05091857910156,161.21859741210938,-546.5071411132812,0.004889082163572311,-4134.142113441016,3.968137264251709,28666.93890503856,28820.1575230158,6217728000.0
train_tune_e87cf_00129_129,TRANSFORMER,0.0152669079691156,0.7998393294336853,0.7335769388295305,42.59160614013672,96.38227844238281,-668.8571166992188,0.0044305697083473206,-3361.3801631642827,4.561657428741455,8117.091763163677,8168.690425053646,1259520000.0
train_tune_e87cf_00130_130,TRANSFORMER,0.0746393764321506,0.7114277852004617,0.6609276690300635,19.093088150024414,38.06306838989258,-65.5746841430664,0.002023019129410386,-8513.247025153862,2.6141152381896973,4672.470423221088,4610.418034396443,1062912000.0
train_tune_e87cf_00131_131,TRANSFORMER,0.0574766893017178,0.7562538349540436,0.707951976373295,36.408241271972656,57.272586822509766,-293.6291809082031,0.004693695344030857,-1454646.2949526377,5.886355400085449,4938.575886831482,5479.297586095196,1286144000.0
train_tune_e87cf_00132_132,TRANSFORMER,0.0384117520853239,0.8050570530332155,0.7528131531542936,43.97394943237305,136.87657165527344,-282.32684326171875,0.01323166023939848,-213580.49761282105,4.783186435699463,27925.525164246952,29261.301106073966,6217728000.0
train_tune_e87cf_00133_133,TRANSFORMER,0.1076487038360804,0.7001078442617825,0.6911871787258858,21.771465301513672,37.66520309448242,-125.86965942382812,0.0007876353920437396,-21660.40738838433,2.385267496109009,3500.340100561284,3583.019832339762,1062912000.0
train_tune_e87cf_00134_134,TRANSFORMER,0.0658857730776286,0.6852507264300911,0.6510286440050356,13.386467933654785,22.484451293945312,-28.716474533081055,0.0014389771968126297,-1104860.3513192853,1.8059862852096558,2201.3003529200396,2542.3240956936993,643072000.0
train_tune_e87cf_00135_135,TRANSFORMER,0.0166731784499055,0.7380380261602824,0.7067933570315176,38.16550064086914,62.48383331298828,-384.8565368652344,0.0027836496010422707,-7042.708607421058,3.2429380416870117,4842.927441901753,4895.2774163428785,964608000.0
train_tune_e87cf_00136_136,TRANSFORMER,0.0149891649038324,0.7951693414545192,0.7374005220801163,30.289575576782227,78.43327331542969,-304.64324951171875,0.0025784517638385296,-2643266.007585617,1.208319902420044,9719.362809532342,9703.944504400255,1810432000.0
train_tune_e87cf_00137_137,TRANSFORMER,0.0150100555992442,0.8113135711964012,0.7613308221379159,50.46461486816406,161.68516540527344,-446.8909912109375,0.018940310925245285,-3147.1637160988003,6.809624671936035,33162.94980915217,32172.86847895972,6217728000.0
train_tune_e87cf_00138_138,TRANSFORMER,0.0590610295649018,0.7376037571241127,0.7143375458867616,30.50186538696289,58.53996276855469,-143.78439331054688,0.00870139617472887,-1142164.207161287,6.221924781799316,6247.915372042191,5506.731409443882,1286144000.0
train_tune_e87cf_00139_139,TRANSFORMER,0.0377042289323593,0.8154888682431332,0.7435312877312943,49.386680603027344,163.04469299316406,-387.7231140136719,0.01612578146159649,-254471.0046928954,5.333518028259277,29315.38968208409,30249.48136542309,6217728000.0
train_tune_e87cf_00140_140,TRANSFORMER,0.0408646282235447,0.792752538475673,0.7653153527128201,52.10546875,138.17091369628906,-1043.0943603515625,0.00513269891962409,-17886.2054964921,2.139841079711914,16923.365356340935,16914.81964853408,2715648000.0
train_tune_e87cf_00141_141,TRANSFORMER,0.0189775176732357,0.7901248983850562,0.7802267632767834,68.05036163330078,199.9298858642578,-943.07666015625,0.021414518356323242,-5407.333486489742,7.666169166564941,32016.435015570645,32610.30245474225,6217728000.0
train_tune_e87cf_00142_142,TRANSFORMER,0.0598049785330545,0.7982654193427267,0.7498347731288413,58.53033447265625,135.83021545410156,-830.838134765625,0.010065031237900257,-28277.780125624107,5.392550945281982,18332.673467904664,18384.215511414433,3096576000.0
train_tune_e87cf_00143_143,TRANSFORMER,0.0560677071273097,0.7978795131239956,0.7602077527584229,99.45500183105469,211.06744384765625,-3001.295654296875,0.014314346946775913,-1793485.4521690845,7.154290676116943,21135.844389074384,21135.844389074384,3096576000.0
train_tune_e87cf_00144_144,TRANSFORMER,0.0097916796137032,0.8021527601756838,0.7661914742973562,47.6685905456543,130.4959259033203,-735.1195068359375,0.002840891247615218,-6026.34065853007,3.207343339920044,21339.908723833007,21466.254815010212,6217728000.0
train_tune_e87cf_00145_145,TRANSFORMER,0.0149202911642759,0.8105734031824025,0.7639596777132354,62.39482879638672,154.51226806640625,-1036.65625,0.009295712225139141,-195137.39092086698,3.942615270614624,15110.516201357295,14666.9707911256,2715648000.0
train_tune_e87cf_00146_146,TRANSFORMER,0.014757591492701,0.801775994307751,0.7589440505899809,73.22200775146484,175.6519775390625,-1720.34326171875,0.0050424691289663315,-101991.90220156971,5.20564079284668,13429.081552718066,13431.10110973015,2715648000.0
train_tune_e87cf_00147_147,TRANSFORMER,0.0830863275120343,0.7533168670723911,0.7144836947681198,40.65542984008789,95.43460845947266,-398.22406005859375,0.007050856947898865,-7524807.520283595,4.556177139282227,7942.052264873608,7942.052264873608,1259520000.0
train_tune_e87cf_00148_148,TRANSFORMER,0.0171907049000489,0.783759124021675,0.7485094219096805,47.414024353027344,149.44979858398438,-445.2947998046875,0.004357814323157072,-2109.882291720325,3.4391565322875977,23691.72912318569,23780.429557238058,6217728000.0
train_tune_e87cf_00149_149,TRANSFORMER,0.0484261923192861,0.7696991937664515,0.7388451586965551,24.244922637939453,64.65423583984375,-99.52236938476562,0.007022642996162176,-927339.8992390777,2.0897340774536133,10152.204609637332,10577.927329921813,1810432000.0
train_tune_e87cf_00150_150,TRANSFORMER,0.0408026825192368,0.7004911466760956,0.6906921074261198,38.49923324584961,72.26583862304688,-241.06680297851562,0.003902795724570751,-3504.584235510371,3.9271531105041504,6769.482378309654,6853.535630970675,1286144000.0
train_tune_e87cf_00151_151,TRANSFORMER,0.0411164935850248,0.7903088382203155,0.7540409187597731,65.6441421508789,173.99667358398438,-1143.6610107421875,0.011134207248687744,-3408.519886294193,3.104206085205078,21247.74951834916,20635.826011131187,3620864000.0
train_tune_e87cf_00152_152,TRANSFORMER,0.0156319147504907,0.7526463605905136,0.7093410006493056,12.157193183898926,18.39750862121582,-34.8798942565918,0.00027901038993149996,-51472.96873888598,1.175849199295044,1764.1794181969317,1784.3921290266687,643072000.0
train_tune_e87cf_00153_153,TRANSFORMER,0.0455001502980323,0.7080958791432678,0.6660756824274948,10.98069953918457,18.281105041503906,-27.686359405517578,0.00033356848871335387,-12206.992764985831,1.0142602920532227,1733.283468177435,1676.3853961254454,643072000.0
train_tune_e87cf_00154_154,TRANSFORMER,0.0123211429919582,0.7981512909963726,0.7338713334118802,43.26899719238281,132.06993103027344,-441.96343994140625,0.01121668890118599,-433484.5017879222,5.149672031402588,24952.36603509634,24952.36603509634,4145152000.0
train_tune_e87cf_00155_155,TRANSFORMER,0.0377042289323593,0.8109382659225083,0.7465082207898802,49.3642463684082,161.56451416015625,-389.86773681640625,0.017727632075548172,-254063.9785635129,5.235578536987305,29079.609184190118,29149.234490382234,6217728000.0
train_tune_e87cf_00156_156,TRANSFORMER,0.0135243003819527,0.8104869433113201,0.754755343417401,59.36177062988281,187.5582733154297,-640.7883911132812,0.01759576052427292,-12092.902311079783,7.2641801834106445,35656.367099213974,35662.008812616084,6217728000.0
train_tune_e87cf_00157_157,TRANSFORMER,0.0076577837579128,0.7977565891208198,0.7609637491221016,72.87091064453125,214.09423828125,-1391.15283203125,0.00996972993016243,-127507.94792161445,4.719153881072998,30197.94863451668,30843.503243399093,6217728000.0
train_tune_e87cf_00158_158,TRANSFORMER,0.0542578194900769,0.7761611044001903,0.7086251703351306,39.177547454833984,94.91254425048828,-354.38330078125,0.006995349191129208,-6055.662155259964,3.620990753173828,13431.359386114018,13901.356039723292,2322432000.0
train_tune_e87cf_00159_159,TRANSFORMER,0.0595385564553531,0.7005577004351612,0.6256469971824287,21.428773880004883,43.99795150756836,-205.7806396484375,0.0009106759680435061,-8929.202063723733,2.0680782794952393,2840.03383072985,2892.863734327919,839680000.0
train_tune_e87cf_00160_160,TRANSFORMER,0.0410635706300481,0.7627409128426724,0.7436184498153953,57.7982177734375,152.93069458007812,-843.8842163085938,0.010560378432273865,-2506.912353447722,3.1192166805267334,20420.61529796725,20207.3818366484,3620864000.0
train_tune_e87cf_00161_161,TRANSFORMER,0.0233598975299451,0.7900990817484036,0.7341387956639732,43.5238037109375,124.90680694580078,-356.12982177734375,0.003555568400770426,-2754.961660057611,3.2355189323425293,26588.030387328075,26729.86668255282,6217728000.0
train_tune_e87cf_00162_162,TRANSFORMER,0.0093813103875367,0.8069255998554744,0.7702416967686895,46.977569580078125,133.6387939453125,-589.498779296875,0.012671471573412418,-6842.490686272663,5.420453071594238,21296.792843479114,21968.46505847903,4145152000.0
train_tune_e87cf_00163_163,TRANSFORMER,0.0076299992767773,0.8256646036468933,0.7676191439102826,89.56013488769531,254.05331420898438,-2287.14306640625,0.007183838170021772,-626857.1835354657,4.972658157348633,34450.792147657165,34485.15710761539,6217728000.0
train_tune_e87cf_00164_164,TRANSFORMER,0.0121290168124087,0.7817018665552645,0.7093378023734055,66.71654510498047,211.2378692626953,-814.6849365234375,0.02100292593240738,-20081.583341617494,7.742087364196777,39905.3191685636,39959.901216721184,6217728000.0
train_tune_e87cf_00165_165,TRANSFORMER,0.0159821324145115,0.8247129513409398,0.7814543213117304,119.90978240966797,347.69769287109375,-2876.02783203125,0.03105469048023224,-47672.85756026148,10.95797348022461,49454.02168023672,49595.44005553952,8290304000.0
train_tune_e87cf_00166_166,TRANSFORMER,0.0408861634488375,0.8009259395290304,0.7430063571789589,47.08171081542969,124.28028869628906,-744.126220703125,0.005969050340354443,-3850.9664773177205,2.177111864089966,16697.55267355371,15439.32875279345,2715648000.0
train_tune_e87cf_00167_167,TRANSFORMER,0.0074314024390243,0.8153586514636116,0.7816624934062468,124.94149017333984,361.3800048828125,-3523.71142578125,0.013749081641435623,-160441.94618052838,6.183719635009766,44602.60865455493,45389.37113805038,8290304000.0
train_tune_e87cf_00168_168,TRANSFORMER,0.0463096183604298,0.7366606757140496,0.6860932391237402,25.937110900878906,46.29861831665039,-111.37117004394531,0.003633432323113084,-19339.76391311625,4.392862319946289,4931.824948866392,4930.4354121172,1286144000.0
train_tune_e87cf_00169_169,TRANSFORMER,0.0149842593582216,0.8277877798255993,0.7741247354130686,67.07649993896484,164.01864624023438,-1216.302734375,0.009443238377571106,-360128.20656815334,4.272738933563232,16161.260302788947,16452.21486532026,2715648000.0
train_tune_e87cf_00170_170,TRANSFORMER,0.0504060300123761,0.8027104867288309,0.7450320670877738,34.816165924072266,95.4754638671875,-208.8825225830078,0.012846814468502998,-482298.1697081893,3.5764951705932617,15099.775344368412,15870.802502978137,2715648000.0
train_tune_e87cf_00171_171,TRANSFORMER,0.0121290168124087,0.7790058856131559,0.7076709697022809,57.84144592285156,188.34828186035156,-584.897216796875,0.0247208122164011,-3018.1300581703103,7.465427875518799,33700.912551213376,31430.032871192347,6217728000.0
train_tune_e87cf_00172_172,TRANSFORMER,0.0518310872542671,0.7677818510905644,0.735020220848003,22.03458023071289,55.343841552734375,-83.60749816894531,0.002269711811095476,-4138.3408843127,1.5797204971313477,8631.58837683775,8633.460130945494,1810432000.0
train_tune_e87cf_00173_173,TRANSFORMER,0.0220922283535532,0.8021218609464171,0.7324620716865357,27.486652374267578,56.028560638427734,-224.91250610351562,0.001773686846718192,-250999.737691678,2.0409746170043945,7518.816069619316,7896.6552240523015,1548288000.0
train_tune_e87cf_00174_174,TRANSFORMER,0.0593905461474551,0.7736145178025425,0.7118842019430417,44.1023063659668,99.07980346679688,-352.7642822265625,0.008021978661417961,-307804.0477558348,4.164634704589844,11317.266212752043,11276.387409330282,2322432000.0
train_tune_e87cf_00175_175,TRANSFORMER,0.146030273329891,0.6735230277442829,0.6542812229016209,15.228910446166992,33.166831970214844,-30.032123565673828,0.0010645856382325292,-10635.994992238917,-0.270200252532959,4361.723031324627,4045.8576519105404,708608000.0
train_tune_e87cf_00176_176,TRANSFORMER,0.0224143910515658,0.7987657436225395,0.7261248905834934,58.13029098510742,170.99757385253906,-583.091552734375,0.006007461808621883,-2281.0266488950533,4.56597900390625,33963.12565440531,34051.06064780347,8290304000.0
train_tune_e87cf_00177_177,TRANSFORMER,0.0107264674000945,0.8033499169994909,0.715233857388974,48.071231842041016,98.66770935058594,-406.02728271484375,0.007951395586133003,-3995.5057548198424,4.250166416168213,12413.771172632081,12379.813331263542,3096576000.0
train_tune_e87cf_00178_178,TRANSFORMER,0.0489433135572743,0.72560227588102,0.6746818804062233,40.71708297729492,78.97186279296875,-448.8348388671875,0.00668142456561327,-467766.76444996754,5.765594482421875,7828.2954507546165,7696.77123625588,1417216000.0
train_tune_e87cf_00179_179,TRANSFORMER,0.1515443399282089,0.7687472746565206,0.724966678173175,16.9693660736084,46.49738693237305,-42.93247604370117,0.0021867076866328716,-2915.1527857706924,0.6713363528251648,10684.400624744469,10465.583524555286,1810432000.0
train_tune_e87cf_00180_180,TRANSFORMER,0.0113247225066452,0.7833135370274502,0.7295182914536279,59.563621520996094,124.47547912597656,-787.2393798828125,0.003694437211379409,-4836.429911517383,3.0191240310668945,9034.888218090578,9142.66416857252,3096576000.0
train_tune_e87cf_00181_181,TRANSFORMER,0.0410483708145091,0.8037749187393456,0.7491222562135498,40.3660888671875,104.74307250976562,-504.8070068359375,0.004873583093285561,-3132.3961480377357,1.4976019859313965,16216.872286181719,16317.320486632707,2715648000.0
train_tune_e87cf_00182_182,TRANSFORMER,0.1143035603992615,0.7213074453939012,0.7026500042976596,23.22270965576172,51.98400115966797,-153.78875732421875,0.0025464107748121023,-23297.97389247513,2.466865062713623,4673.216597204417,4640.581922559831,839680000.0
train_tune_e87cf_00183_183,TRANSFORMER,0.0408830855985327,0.7776863941462229,0.7376756307564026,20.417837142944336,55.66987991333008,-126.9207992553711,0.001891974126920104,-3474.5616574756973,0.52021324634552,10621.700443105734,10405.461193332305,1810432000.0
train_tune_e87cf_00184_184,TRANSFORMER,0.0587690078414605,0.7972062834695012,0.7602274758256986,23.974746704101562,65.09266662597656,-176.95330810546875,0.0010749491630122066,-4641.119118378265,1.2129099369049072,13229.031876605086,13228.081260050274,4145152000.0
train_tune_e87cf_00185_185,TRANSFORMER,0.0767374723357662,0.669265485403437,0.6473073815654556,14.214567184448242,29.423864364624023,-44.78600311279297,0.0013851189287379384,-10943.306885670163,1.5436437129974365,3460.8385047364545,3426.2704124044085,708608000.0
train_tune_e87cf_00186_186,TRANSFORMER,0.014964558359203,0.785525989096368,0.7359958725912314,53.37873840332031,168.18382263183594,-482.9951477050781,0.019881578162312508,-3669.380819159913,6.929915428161621,34231.52949637767,34539.868582965406,6217728000.0
train_tune_e87cf_00187_187,TRANSFORMER,0.0157243806511736,0.7874925442478407,0.7166032505778056,47.614723205566406,149.5654296875,-455.01898193359375,0.004470488056540489,-2051.6705542322825,3.514594554901123,24094.347228524846,23686.32906387742,6217728000.0
train_tune_e87cf_00188_188,TRANSFORMER,0.007434297006259,0.8285066091416936,0.784866451997015,112.79135131835938,324.6797790527344,-2815.10693359375,0.01312718354165554,-83388.98729731278,6.227970123291016,44507.16066577808,43628.48344155659,8290304000.0
train_tune_e87cf_00189_189,TRANSFORMER,0.0150824877476358,0.7548840360162123,0.7008278981569883,56.2653923034668,124.12625122070312,-772.1992797851562,0.007917734794318676,-2519.587562478934,6.958301544189453,9132.023172111398,9448.815389396414,1679360000.0
train_tune_e87cf_00190_190,TRANSFORMER,0.0148879219388795,0.8079175565552391,0.7530982348241299,49.65426254272461,131.81712341308594,-650.6715087890625,0.0070928181521594524,-162500.6884578203,3.451408863067627,13990.884812145827,15463.084504096658,2715648000.0
train_tune_e87cf_00191_191,TRANSFORMER,0.0278555691413942,0.7331871729171161,0.6915891650201472,27.537532806396484,51.54647445678711,-114.43846130371094,0.002919607562944293,-11463.014331701124,1.7280631065368652,8746.095621768744,8414.99002573341,1417216000.0
train_tune_e87cf_00192_192,TRANSFORMER,0.0074320595944268,0.806601773185589,0.7368235108717229,40.153812408447266,120.53304290771484,-547.884765625,0.0025993871968239546,-389569.2101154873,2.030733346939087,19591.129808608304,19008.973377923336,4145152000.0
train_tune_e87cf_00193_193,TRANSFORMER,0.025908820471128,0.7948071247576095,0.7133331307858288,28.222530364990234,81.00444030761719,-270.4909362792969,0.0009539798484183848,-4636.466238733526,1.5076556205749512,13404.77146813489,13421.302939236191,4145152000.0
train_tune_e87cf_00194_194,TRANSFORMER,0.0668099585607465,0.8058737004589297,0.7357500136340938,116.54348754882812,249.6015167236328,-3398.05517578125,0.014171678572893143,-6703004.170474067,9.298482894897461,12174.522092489493,12174.522092489493,1679360000.0
train_tune_e87cf_00195_195,TRANSFORMER,0.0489433135572743,0.7635000809721391,0.7201963440841747,47.26557540893555,87.48667907714844,-601.03369140625,0.006986886728554964,-1045035.9375945182,6.12215518951416,8353.444436867418,7973.315479017238,1417216000.0
train_tune_e87cf_00196_196,TRANSFORMER,0.0171907049000489,0.7982438179971587,0.7434763675255817,47.41504669189453,149.05068969726562,-449.945068359375,0.00428947526961565,-2224.219353539692,3.4618582725524902,23595.788408434775,23896.408719138355,6217728000.0
train_tune_e87cf_00197_197,TRANSFORMER,0.0592551662732538,0.7120086270746812,0.6822367865853288,22.459299087524414,45.068359375,-93.96775817871094,0.002776143606752157,-4575.928426204155,2.0100767612457275,6052.604914459136,5984.385125223801,1548288000.0
train_tune_e87cf_00198_198,TRANSFORMER,0.0408861634488375,0.7901022133165558,0.7291238894124366,42.1285514831543,106.4415283203125,-539.4598388671875,0.006486675702035427,-3077.669752124697,1.827399492263794,15305.770648589601,15130.551193233456,2715648000.0
train_tune_e87cf_00199_199,TRANSFORMER,0.0150564386638737,0.8076669754355899,0.7443606803423042,31.79408073425293,78.27851867675781,-324.7537841796875,0.003537003882229328,-682206.3262285449,1.3804237842559814,9780.553586052116,10771.453205783537,1810432000.0
train_tune_e87cf_00200_200,TRANSFORMER,0.0396607847958022,0.7594912688232532,0.7312456402905512,32.04944610595703,89.21595001220703,-184.72232055664062,0.0040136235766112804,-2208.7147633768463,2.6704649925231934,11793.506200799517,11793.540135984478,2715648000.0
train_tune_e87cf_00201_201,TRANSFORMER,0.0490832677371043,0.7618688132623344,0.7236949369841826,25.874675750732422,56.15165710449219,-120.38603210449219,0.004759425297379494,-618446.939059009,2.8048863410949707,6505.528177496951,6487.921308317404,1548288000.0
train_tune_e87cf_00202_202,TRANSFORMER,0.0362420066692095,0.795956286645352,0.7422893539459494,54.14194107055664,176.17124938964844,-508.044921875,0.012032074853777885,-563732.2529261623,4.763670921325684,30660.382034606122,31712.37116496278,6217728000.0
train_tune_e87cf_00203_203,TRANSFORMER,0.0227744438992611,0.8084886754532683,0.7365415481198249,69.045654296875,202.27886962890625,-837.5499267578125,0.008403784595429897,-172305.33797382427,5.68235445022583,40764.70609026897,40757.02123867027,8290304000.0
train_tune_e87cf_00204_204,TRANSFORMER,0.0080884748816437,0.7801120719299017,0.7386072691502886,96.82929992675781,281.118896484375,-2359.144775390625,0.005976283457130194,-4325.4428141847,6.172807216644287,24556.07527753427,24444.13306755319,8290304000.0
train_tune_e87cf_00205_205,TRANSFORMER,0.0411164935850248,0.8157067903292883,0.7684528615300207,90.54336547851562,236.0371551513672,-2254.62353515625,0.011770776472985744,-65968.52982774611,3.567628860473633,23724.341906804064,23726.62447169688,3620864000.0
train_tune_e87cf_00206_206,TRANSFORMER,0.0615775830671742,0.7055526923403821,0.6784656022769849,27.530193328857422,51.464393615722656,-141.30300903320312,0.0045671057887375355,-6510.062139859586,4.8673858642578125,4809.374100732303,4789.024661869031,1286144000.0
train_tune_e87cf_00207_207,TRANSFORMER,0.0188560769508849,0.742137720655951,0.7347405648129438,27.46593475341797,56.15873718261719,-223.55792236328125,0.00176403415389359,-269484.87485559675,2.0083398818969727,7518.178300834958,7942.99080786175,1548288000.0
train_tune_e87cf_00208_208,TRANSFORMER,0.0119610015640342,0.797256530223233,0.7278951841495567,42.907142639160156,131.31210327148438,-433.96160888671875,0.010680991224944592,-403608.7390361064,4.967386722564697,24987.510871328992,24987.510871328992,4145152000.0
train_tune_e87cf_00209_209,TRANSFORMER,0.1205395492471177,0.7713360727779829,0.7283556128160241,32.39645767211914,90.46778869628906,-179.1142578125,0.008825104683637619,-2268.6050825733355,2.711909294128418,21596.489878053624,21402.3980865746,3620864000.0
train_tune_e87cf_00210_210,TRANSFORMER,0.0242979713365048,0.8121850311608928,0.7640260567961942,49.190731048583984,107.64095306396484,-404.1832580566406,0.004548957105726004,-16429.600894975825,2.5869839191436768,12569.652854340478,12286.560372186133,2322432000.0
train_tune_e87cf_00211_211,TRANSFORMER,0.020498718711009,0.8074782616820856,0.750775400784007,76.52112579345703,240.73130798339844,-1025.964599609375,0.009447581134736538,-3996.6285251778554,6.0050048828125,39720.28344759977,39840.42507166921,8290304000.0
train_tune_e87cf_00212_212,TRANSFORMER,0.0096590839194995,0.8225182772624856,0.7346321105052638,53.95173263549805,146.6924285888672,-987.3894653320312,0.003472923766821623,-1106872.932868161,3.6348798274993896,25182.002181955482,25182.418426369513,6217728000.0
train_tune_e87cf_00213_213,TRANSFORMER,0.0135381915910667,0.774979997215143,0.7361801406026992,25.034879684448242,60.65099334716797,-231.14260864257812,0.0007097710622474551,-3321.205267274215,1.50365149974823,6261.017960371545,6301.284114574477,1810432000.0
train_tune_e87cf_00214_214,TRANSFORMER,0.0375341201155295,0.800347992091605,0.729967844631011,81.75029754638672,263.3501281738281,-1066.4945068359375,0.01891123317182064,-3804808.010319307,7.051455020904541,44425.44639466997,44425.44639466997,8290304000.0
train_tune_e87cf_00215_215,TRANSFORMER,0.049869274937747,0.7259483181950853,0.6847614458448974,36.80085754394531,59.20039367675781,-382.92645263671875,0.0024709783028811216,-12658.22025209931,5.26292610168457,3779.060419100576,3750.8141093597337,1286144000.0
train_tune_e87cf_00216_216,TRANSFORMER,0.0227109164780032,0.6702155183877353,0.6545323642982638,19.218303680419922,35.13465881347656,-108.38928985595703,0.000997103052213788,-19643.989248884187,1.6039197444915771,3350.2654439575035,3346.8487233865553,643072000.0
train_tune_e87cf_00217_217,TRANSFORMER,0.0106993170135229,0.8094920747173199,0.745677713061158,72.23380279541016,151.33413696289062,-1189.364990234375,0.006928618531674147,-59312.875696563155,5.033141136169434,15933.833844279481,18158.97727245797,3096576000.0
train_tune_e87cf_00218_218,TRANSFORMER,0.0121290168124087,0.802290113180533,0.7211936320197867,62.04093551635742,200.09588623046875,-689.61572265625,0.02313261479139328,-4083.3225718420513,7.670988082885742,32984.937971507024,32553.231221248858,6217728000.0
train_tune_e87cf_00219_219,TRANSFORMER,0.0149577535270562,0.792267734545513,0.733419750148353,55.05995559692383,132.3041534423828,-997.650634765625,0.0030701200012117624,-3245.3173867162,4.0743184089660645,9966.47896886476,10049.088771087163,2715648000.0
train_tune_e87cf_00220_220,TRANSFORMER,0.0768464815688397,0.7786325786747924,0.7054706363241278,53.56233215332031,116.38081359863281,-980.7935791015625,0.0020773103460669518,-7283.074767441509,4.250795841217041,4722.639968161272,4659.6120433280785,1259520000.0
train_tune_e87cf_00221_221,TRANSFORMER,0.0466212265291722,0.8123560536929632,0.7487236892786197,33.67134094238281,89.46491241455078,-192.01205444335938,0.010227778926491737,-618220.3396546842,3.533388614654541,14392.359437797653,14545.575176392349,2715648000.0
train_tune_e87cf_00222_222,TRANSFORMER,0.0535004988358208,0.7930876650275518,0.7396174705535171,55.23760223388672,128.6378173828125,-704.310546875,0.009671323001384735,-48670.74560708082,5.141599655151367,18368.665955811186,18399.046768205295,3096576000.0
train_tune_e87cf_00223_223,TRANSFORMER,0.0882079509373681,0.7553704499297482,0.6953875803899615,40.677398681640625,90.72474670410156,-417.12298583984375,0.004460019525140524,-404439.9211278399,3.977818489074707,7564.391980925753,7564.345338672222,1259520000.0
train_tune_e87cf_00224_224,TRANSFORMER,0.0221041027896067,0.8182966658646303,0.7301596619446141,65.03668212890625,140.0682830810547,-783.2353515625,0.011363553814589977,-260124.20550035711,5.604194641113281,15135.6740537015,15135.6740537015,3096576000.0
train_tune_e87cf_00225_225,TRANSFORMER,0.0531682417222487,0.7194242715297127,0.6924878809827327,24.29561996459961,43.6485595703125,-177.686767578125,0.0009111071703955531,-13430.677770577839,2.879110097885132,3508.5651866089547,3522.138749536032,1062912000.0
train_tune_e87cf_00226_226,TRANSFORMER,0.0094988591498743,0.8249708631067815,0.7865478425854499,44.42207717895508,128.7522735595703,-523.767578125,0.01127456035465002,-7946.307274203984,5.007809638977051,21406.045950377713,21351.77969494631,4145152000.0
train_tune_e87cf_00227_227,TRANSFORMER,0.0150564386638737,0.7947807744753503,0.7485621092075987,30.46552276611328,76.40921020507812,-287.01580810546875,0.003798613091930747,-350577.3541455454,1.3861353397369385,10052.751254390047,10819.294523699915,1810432000.0
train_tune_e87cf_00228_228,TRANSFORMER,0.020419084017949,0.7712950729814915,0.7482888999451578,27.354568481445312,79.72545623779297,-251.00277709960938,0.0009006179170683026,-3440.4308574531005,1.444061517715454,12357.115191688668,12270.009443301362,4145152000.0
train_tune_e87cf_00229_229,TRANSFORMER,0.0922169837078701,0.7437342436133022,0.6974330805284321,36.51886749267578,82.20720672607422,-331.0252380371094,0.00394195644184947,-8561.104568567254,3.537889242172241,6244.043735916972,6170.286906271962,1259520000.0
train_tune_e87cf_00230_230,TRANSFORMER,0.0543325020625258,0.8064835901035589,0.7499039425159619,22.824304580688477,44.850860595703125,-144.76927185058594,0.000887264555785805,-7172516.831543813,1.0127204656600952,5432.778981032899,5432.778981032899,1548288000.0
train_tune_e87cf_00231_231,TRANSFORMER,0.0362108969604022,0.7373465552197039,0.6934985215513314,17.11362075805664,36.341407775878906,-51.748130798339844,0.004229005426168442,-1104066.9681673897,2.7596285343170166,3466.552961384512,3429.466369489424,708608000.0
train_tune_e87cf_00232_232,TRANSFORMER,0.0234244200836889,0.7558571666772379,0.7067352387551206,62.17924499511719,96.04161834716797,-672.214599609375,0.005598756484687328,-642714.7205230391,5.920501232147217,6960.824350529117,6960.824350529117,1286144000.0
train_tune_e87cf_00233_233,TRANSFORMER,0.0562822101107576,0.7090109516877037,0.6574502380458305,16.71273422241211,29.71430206298828,-52.43145751953125,0.0018951644888147712,-9020.000665624359,2.534498691558838,3316.208900575506,3266.6184929993815,964608000.0
train_tune_e87cf_00234_234,TRANSFORMER,0.0151327873685075,0.8337390817936008,0.7641427433185904,113.53945922851562,267.4435729980469,-3060.29296875,0.012124712578952312,-5717242.542217928,8.341879844665527,17144.087449919076,17144.087449919076,3620864000.0
train_tune_e87cf_00235_235,TRANSFORMER,0.0408026825192368,0.6653738604738907,0.6557159669440213,35.94987869262695,67.84806823730469,-181.68402099609375,0.004343436099588871,-2560.521106014561,4.107779502868652,6481.579187184917,6176.368281238349,1286144000.0
train_tune_e87cf_00236_236,TRANSFORMER,0.0366992434201621,0.6865027737714814,0.6744183274380569,35.03269958496094,65.7624282836914,-197.96234130859375,0.003839479759335518,-3145.2159144628677,3.8099560737609863,5782.462513800439,6104.229118653784,1286144000.0
train_tune_e87cf_00237_237,TRANSFORMER,0.012345032839287,0.7998679057484908,0.7440156570874433,37.565093994140625,116.94212341308594,-308.3707275390625,0.010070880874991417,-5732.271705768644,4.687017440795898,23083.259062513847,22692.028904334722,4145152000.0
train_tune_e87cf_00238_238,TRANSFORMER,0.0588473218979586,0.753205064302601,0.7006892994553631,22.867460250854492,37.30873107910156,-95.50845336914062,0.002592877484858036,-1466479.1022039114,3.5281567573547363,3633.7835096782146,3757.0473390867623,964608000.0
train_tune_e87cf_00239_239,TRANSFORMER,0.0098204926511858,0.8247389563639277,0.770695420301821,49.28204345703125,136.82528686523438,-658.0537109375,0.012301510199904442,-10567.719275761541,5.288210391998291,21500.990167576034,21558.61078498729,4145152000.0
train_tune_e87cf_00240_240,TRANSFORMER,0.039397361479914,0.8139319961241687,0.7382711994459801,32.96440124511719,99.94952392578125,-186.4595947265625,0.006258104462176561,-506903.8312904364,2.8826920986175537,18647.894954226886,18709.785439469848,4145152000.0
train_tune_e87cf_00241_241,TRANSFORMER,0.1038152124962991,0.7158752526341168,0.6856103671091538,18.809993743896484,41.611244201660156,-15.399080276489258,0.0018511128146201372,-13212.91451042248,0.34996235370635986,6853.176903407144,5986.62103398253,1062912000.0
train_tune_e87cf_00242_242,TRANSFORMER,0.015039252895301,0.7938006204290114,0.7267464056886032,31.752307891845703,95.75273895263672,-218.12603759765625,0.0026287154760211706,-2264.9825717981234,2.138143301010132,16733.11271932337,16789.51353571959,4145152000.0
train_tune_e87cf_00243_243,TRANSFORMER,0.0543990255524704,0.7812127578787248,0.7269242546877143,34.661781311035156,75.61589050292969,-174.3226318359375,0.009045525453984737,-150041.06723077514,4.162448883056641,9004.26933748073,10019.410248454704,2322432000.0
train_tune_e87cf_00244_244,TRANSFORMER,0.0148879219388795,0.8244584519745746,0.7544499831494492,58.33436965942383,150.9781951904297,-932.3319091796875,0.0072291274555027485,-271455.07298674405,3.701613426208496,15119.717393868532,15550.79300846736,2715648000.0
train_tune_e87cf_00245_245,TRANSFORMER,0.0644936816735683,0.6844993309320853,0.6684144302468766,12.378031730651855,22.898561477661133,-32.95488739013672,0.0012433348456397653,-9487.869638664,1.5982469320297241,2418.701412730601,2421.331054043222,643072000.0
train_tune_e87cf_00246_246,TRANSFORMER,0.0008582506817744,0.795020592154576,0.7442669327950413,40.681034088134766,84.58985900878906,-389.3311462402344,0.002154342131689191,-7768.925076583198,1.8552815914154053,7847.150780074369,7919.765743023912,2322432000.0
train_tune_e87cf_00247_247,TRANSFORMER,0.0119703358531378,0.8162188644773668,0.7683482227581845,65.58551788330078,182.8917694091797,-1370.82763671875,0.003431944875046611,-230591.09257300806,4.4904069900512695,28072.22191133131,28063.745909369,6217728000.0
train_tune_e87cf_00248_248,TRANSFORMER,0.079124921666982,0.7745879778971432,0.7505096172445902,40.01763153076172,75.83263397216797,-382.62384033203125,0.004870927426964045,-3292605.6261001253,4.765625953674316,7409.316422552635,7422.2364605647035,1417216000.0
train_tune_e87cf_00249_249,TRANSFORMER,0.0554499250513263,0.7435976456155123,0.7201355051832666,33.68013381958008,92.95856475830078,-201.7191162109375,0.013809374533593655,-471009.0323843141,3.6148085594177246,16130.892268390468,15127.700254500583,2715648000.0
train_tune_e87cf_00250_250,TRANSFORMER,0.0706691789867107,0.6832208387873877,0.6607306342862631,18.74321746826172,34.959815979003906,-54.68205261230469,0.004713422618806362,-1477472.2374183277,3.751492500305176,3691.13949498576,4014.4176378308425,964608000.0
train_tune_e87cf_00251_251,TRANSFORMER,0.143200903604272,0.683699814738342,0.6625400037582456,15.63039779663086,34.19088363647461,-26.11330795288086,0.0010440859477967024,-14296.490454021963,-0.3676924705505371,5018.363570079604,4544.401811635629,708608000.0
train_tune_e87cf_00252_252,TRANSFORMER,0.092534064136653,0.7394070187098507,0.6959345741055165,36.76018142700195,61.998626708984375,-302.3023376464844,0.0014863190008327365,-20613.970040160286,4.25655460357666,4956.781277937129,4860.156124147216,1417216000.0
train_tune_e87cf_00253_253,TRANSFORMER,0.0118574615674289,0.722587504193203,0.6956060011277041,24.937299728393555,50.165748596191406,-61.50136184692383,0.0024648429825901985,-15981.627206875157,0.9246904850006104,7162.04594179869,7737.733109321159,1417216000.0
train_tune_e87cf_00254_254,TRANSFORMER,0.0381357958261045,0.7920961438383035,0.715647097278847,36.292118072509766,73.7188949584961,-239.04783630371094,0.005172996316105127,-10337.128197372343,3.138458251953125,9932.53243754439,9862.607452648928,2322432000.0
train_tune_e87cf_00255_255,TRANSFORMER,0.0408646282235447,0.7902625578717214,0.7511739847796182,37.86350631713867,99.25173950195312,-497.33111572265625,0.005055128131061792,-3069.2633014034564,1.780282735824585,14415.899239370347,15102.390453690936,2715648000.0
train_tune_e87cf_00256_256,TRANSFORMER,0.0265278400865093,0.7916176063968581,0.7265640057504584,60.50996780395508,177.7399444580078,-627.1583251953125,0.006535578053444624,-2386.128569513993,4.882913589477539,35774.288876613,35911.04501185223,8290304000.0
train_tune_e87cf_00257_257,TRANSFORMER,0.0163730003750662,0.7354919023846725,0.6916246477719095,32.62042999267578,73.71849060058594,-339.00640869140625,0.004351692274212837,-2580.516854512207,3.908812999725342,6836.881826571901,7678.951094523304,1259520000.0
train_tune_e87cf_00258_258,TRANSFORMER,0.0135614411669949,0.7655422403330011,0.7103362953619372,26.076831817626953,67.5329360961914,-259.787841796875,0.0007241523126140237,-2308.8452209378856,1.4873056411743164,5643.272803947975,5668.270508776603,1810432000.0
train_tune_e87cf_00259_259,TRANSFORMER,0.0375341201155295,0.8165690966902204,0.7479410169411179,72.42176055908203,238.81661987304688,-777.9207763671875,0.02349126525223255,-171193.59552399282,6.911269664764404,41483.222894037135,43161.095602242814,8290304000.0
train_tune_e87cf_00260_260,TRANSFORMER,0.086889597158239,0.7696912434510594,0.7038296194464638,36.51856994628906,87.46969604492188,-312.83990478515625,0.007342114113271236,-1180262.2045936128,4.618572235107422,7912.414932056601,7789.656468104282,1259520000.0
train_tune_e87cf_00261_261,TRANSFORMER,0.0560677071273097,0.7978795131239956,0.7602077527584229,99.45500183105469,211.06744384765625,-3001.295654296875,0.014314346946775913,-1793485.4521690845,7.154290676116943,21135.844389074384,21135.844389074384,3096576000.0
train_tune_e87cf_00262_262,TRANSFORMER,0.0224143910515658,0.8037102171334533,0.7205450981638324,65.79415893554688,192.7256622314453,-753.4703369140625,0.007429182529449463,-4175.509617023066,5.355818271636963,39104.25579341891,39047.22859378423,8290304000.0
train_tune_e87cf_00263_263,TRANSFORMER,0.0329398681365965,0.7005560918674962,0.6780475215600905,18.334270477294922,38.608123779296875,-57.155059814453125,0.004693953786045313,-1103576.1904273184,2.751896381378174,3700.946846391611,3742.5767924040942,708608000.0
train_tune_e87cf_00264_264,TRANSFORMER,0.0489391083156033,0.7013122137504353,0.6921940837731175,24.190078735351562,43.2933464050293,-98.15782165527344,0.0033352288883179426,-8710.05661610431,4.026627063751221,4592.687992106278,4564.7095967470495,1286144000.0
train_tune_e87cf_00265_265,TRANSFORMER,0.0838173987497224,0.7464524016185439,0.7059933711857878,29.889507293701172,73.1832046508789,-244.3229522705078,0.004143055994063616,-3089.076582215111,3.3244032859802246,8267.759949537005,8676.040846315353,1259520000.0
train_tune_e87cf_00266_266,TRANSFORMER,0.0159821324145115,0.8318925787494037,0.7828972452994748,107.65409851074219,316.0893249511719,-2113.41845703125,0.03212226182222366,-6705.600052205224,10.544301986694336,45873.24614408909,44204.33580893855,8290304000.0
train_tune_e87cf_00267_267,TRANSFORMER,0.0163730003750662,0.8090305494337501,0.7492223898742069,39.646026611328125,90.56262969970703,-556.505859375,0.003747584531083703,-6143.739193980024,4.322701454162598,7962.81904136575,8567.432116365297,1259520000.0
train_tune_e87cf_00268_268,TRANSFORMER,0.003504273417917,0.7415065484634952,0.7174021231523059,40.43756866455078,66.2341537475586,-458.52606201171875,0.002834963146597147,-6899.970196182106,3.3569860458374023,4318.762380193585,4386.520977002225,964608000.0
train_tune_e87cf_00269_269,TRANSFORMER,0.0142232829415469,0.8110974480992095,0.7479817187756502,68.80033874511719,167.3264617919922,-1515.6417236328125,0.004541515372693539,-4158.830501343175,4.841314315795898,11178.363793206348,11173.457157283681,2715648000.0
train_tune_e87cf_00270_270,TRANSFORMER,0.092534064136653,0.7550265091215208,0.7073902758565431,38.95856475830078,65.39574432373047,-341.25579833984375,0.0016095396131277084,-35525.21148647938,4.448030948638916,5242.419075967604,5272.429388034302,1417216000.0
train_tune_e87cf_00271_271,TRANSFORMER,0.003504273417917,0.733520697017585,0.7163285845340948,42.94315719604492,70.49372863769531,-556.2160034179688,0.002835150808095932,-39661.69489305314,3.519469976425171,4427.175394263088,4426.465372396381,964608000.0
train_tune_e87cf_00272_272,TRANSFORMER,0.0150564386638737,0.8204602544190333,0.7559478418366073,33.62776184082031,81.50077056884766,-381.82476806640625,0.003334726206958294,-1499276.8160054437,1.3999464511871338,11055.676547493991,11024.837467327943,1810432000.0
train_tune_e87cf_00273_273,TRANSFORMER,0.0150230893966209,0.81433076352997,0.7445098220831017,107.01467895507812,253.2572479248047,-2724.72119140625,0.011151721701025963,-3638.6926234965467,7.800131797790527,15237.590425326947,15438.187441366586,3620864000.0
train_tune_e87cf_00274_274,TRANSFORMER,0.1320288613484169,0.7015870412847428,0.7036795510520141,18.015216827392578,49.79381561279297,-51.96666717529297,0.0026577780954539776,-2521.440515774071,0.6080601215362549,11197.90187367952,10908.65300874949,1810432000.0
train_tune_e87cf_00275_275,TRANSFORMER,0.0086821921872299,0.8077561420262093,0.7622157974789577,90.63545227050781,247.6214141845703,-2362.5263671875,0.006878379266709089,-11877.825523905607,5.727670669555664,34140.19303486754,33803.54494592015,8290304000.0
train_tune_e87cf_00276_276,TRANSFORMER,0.0076705109462703,0.7900770138287764,0.7696387868479921,91.00041198730469,259.28009033203125,-2392.485107421875,0.007348370272666216,-6102116.939115427,4.943414211273193,34503.54256341827,34503.54256341827,6217728000.0
train_tune_e87cf_00277_277,TRANSFORMER,0.0424482333877347,0.7574102879883085,0.716446356272953,13.248825073242188,20.95109748840332,-42.105186462402344,0.0003794408403337002,-955647.4526676768,1.3410694599151611,2148.6443397451985,2148.6443397451985,643072000.0
train_tune_e87cf_00278_278,TRANSFORMER,0.0076705109462703,0.7610975367354158,0.7559400447558996,68.87016296386719,210.8603515625,-1212.0574951171875,0.010695762000977993,-122797.01059191886,4.895895957946777,30851.208193259285,29771.85540507267,6217728000.0
train_tune_e87cf_00279_279,TRANSFORMER,0.012345032839287,0.7968053473969717,0.7348363457320992,34.90753936767578,109.56912994384766,-257.6323547363281,0.011179609224200249,-3671.5127557828014,4.705260276794434,22821.11556445118,21850.803875891856,4145152000.0
train_tune_e87cf_00280_280,TRANSFORMER,0.062893350197958,0.7121302021290367,0.6537035654980459,18.819358825683594,35.166893005371094,-75.05709075927734,0.0025176412891596556,-6391.375037290194,3.083937644958496,3545.9626761165114,3462.9760313265133,964608000.0
train_tune_e87cf_00281_281,TRANSFORMER,0.0522150790808205,0.7180307658780635,0.7104108929813662,23.730518341064453,62.47184753417969,-92.9039306640625,0.007478864397853613,-797883.6834896487,2.105487585067749,9675.80943696676,9889.328552180688,1810432000.0
train_tune_e87cf_00282_282,TRANSFORMER,0.0535679411174936,0.8050431074431728,0.7494022741275533,42.28427505493164,100.59290313720703,-427.220947265625,0.006462317891418934,-25029.406375732804,3.5106687545776367,15203.38127175656,15225.25392680789,2322432000.0
train_tune_e87cf_00283_283,TRANSFORMER,0.0342609053682841,0.7534626491578127,0.715125339448997,20.992290496826172,46.85227584838867,-184.22454833984375,0.002152433153241873,-4230.802837950898,2.1404666900634766,6144.529654171295,5656.221458623509,839680000.0
train_tune_e87cf_00284_284,TRANSFORMER,0.0478470048977059,0.8044225240074172,0.7291103464639096,24.10279083251953,65.6587142944336,-178.7935791015625,0.001087210257537663,-4994.905753350858,1.2287894487380981,13293.676249362134,13339.882445361463,4145152000.0
train_tune_e87cf_00285_285,TRANSFORMER,0.0119880760536308,0.8126940090591463,0.7433857387809678,34.80955505371094,108.31262969970703,-262.04095458984375,0.011637479066848755,-3196.078002914644,4.7031779289245605,23360.338913584852,20853.679561295827,4145152000.0
train_tune_e87cf_00286_286,TRANSFORMER,0.0706691789867107,0.6946067867267836,0.6813673103489357,19.69216537475586,36.55923080444336,-61.975738525390625,0.004376627039164305,-1817981.5181313585,3.7410988807678223,3725.5472906611376,3834.1755216255633,964608000.0
train_tune_e87cf_00287_287,TRANSFORMER,0.069481097333286,0.7131464514380363,0.6898303278998789,22.4008731842041,41.68756866455078,-89.03506469726562,0.005169492214918137,-2495544.654426209,4.079468250274658,4200.8614821738665,4258.339829440477,964608000.0
train_tune_e87cf_00288_288,TRANSFORMER,0.0215273277280499,0.8244570996805701,0.7261878738933059,73.63443756103516,238.89613342285156,-838.31005859375,0.028889687731862068,-3708.05532336689,9.182634353637695,43910.05410040379,49052.8770719066,8290304000.0
train_tune_e87cf_00289_289,TRANSFORMER,0.0893876660697687,0.7390490646566593,0.7103307981934148,23.697744369506836,51.20585632324219,-21.937793731689453,0.002630078699439764,-14544.146578911565,0.6679655909538269,8027.273394221771,8378.259194398692,1417216000.0
train_tune_e87cf_00290_290,TRANSFORMER,0.0114397981350574,0.8241317193755511,0.7714248775946839,73.87996673583984,146.76663208007812,-1423.5408935546875,0.005016779527068138,-14087.331454746649,4.005766868591309,12642.24003463311,12628.322858390286,3096576000.0
train_tune_e87cf_00291_291,TRANSFORMER,0.0176912639398421,0.8128897710815562,0.7624731547397655,75.0118179321289,220.6308135986328,-1172.0892333984375,0.02512192353606224,-4439.937495006222,8.231042861938477,32204.34373130757,30318.273789885996,6217728000.0
train_tune_e87cf_00292_292,TRANSFORMER,0.049869274937747,0.7662608064349662,0.7128758130650106,43.24519729614258,67.07341003417969,-527.8984375,0.0029997515957802534,-655041.1052328332,6.177696228027344,4961.3445270677375,4961.818926734002,1286144000.0
train_tune_e87cf_00293_293,TRANSFORMER,0.0294215976309731,0.7769673290223111,0.7264469460358982,35.9633903503418,70.80992126464844,-255.28329467773438,0.0015607584500685334,-9569.364540285238,1.4048808813095093,7723.93592145996,7822.943258485395,2322432000.0
train_tune_e87cf_00294_294,TRANSFORMER,0.143200903604272,0.7137041387401735,0.6629426329340766,15.71241569519043,34.04170608520508,-24.474761962890625,0.000984840327873826,-1035401.8659582364,-0.48387885093688965,4656.690794119439,4656.690794119439,708608000.0
train_tune_e87cf_00295_295,TRANSFORMER,0.0484261923192861,0.7846283654684144,0.7271809354768203,25.36847496032715,66.44442749023438,-123.8580322265625,0.006064021959900856,-3142041.90755324,1.9231435060501099,11070.534093691294,11066.061911882724,1810432000.0
train_tune_e87cf_00296_296,TRANSFORMER,0.0472722338747858,0.7831009344645717,0.7280888840121242,36.80638122558594,86.8014907836914,-265.8318176269531,0.004715894348919392,-19603.355808797696,2.9373819828033447,13342.494858985794,13359.015574445859,2322432000.0
train_tune_e87cf_00297_297,TRANSFORMER,0.0118760311987502,0.805091499809939,0.7631916077142429,65.76820373535156,126.61318969726562,-961.3777465820312,0.0034592077136039734,-7336548.886548586,3.2158708572387695,13123.587856949041,13123.587856949041,3096576000.0
train_tune_e87cf_00298_298,TRANSFORMER,0.1322390546711028,0.670514639183996,0.651590909491635,15.370893478393555,31.073503494262695,-23.852819442749023,0.0008535949746146798,-12376.075476855951,-0.5597801208496094,3671.349990085447,3899.4285847020533,708608000.0
train_tune_e87cf_00299_299,TRANSFORMER,0.0581717705345603,0.8172365973314478,0.7569914880005005,66.02326965332031,144.0000457763672,-856.56884765625,0.008297632448375225,-10090.087702333612,4.6394362449646,16286.149739610315,17048.361477325798,3096576000.0
train_tune_e87cf_00300_300,TRANSFORMER,0.0256898076489716,0.7816161950363786,0.722996912599407,55.1464958190918,88.89378356933594,-551.7445068359375,0.006010569632053375,-4887.6457475785055,5.647244453430176,5758.901782872501,6507.491284089456,1286144000.0
train_tune_e87cf_00301_301,TRANSFORMER,0.041894439472618,0.8279275377748465,0.7336062325493771,63.9832649230957,198.48532104492188,-606.3518676757812,0.01850711926817894,-168955.26445432764,6.42405366897583,41803.13538378608,41058.50221895104,8290304000.0
train_tune_e87cf_00302_302,TRANSFORMER,0.0233598975299451,0.7763105521435713,0.709069870543901,40.4532356262207,116.23707580566406,-299.0704040527344,0.003263205988332629,-2021.8500658247917,2.939596176147461,24600.135182389906,24608.07721187123,6217728000.0
train_tune_e87cf_00303_303,TRANSFORMER,0.0377435871073527,0.8009191358864403,0.7478156030244466,48.57490539550781,150.68385314941406,-395.81732177734375,0.0098179392516613,-470371.5141926126,4.252236843109131,28951.66369818971,29866.209110473384,6217728000.0
train_tune_e87cf_00304_304,TRANSFORMER,0.0663989985078475,0.7859113527289825,0.7324890026965629,44.33271789550781,104.63566589355469,-331.69970703125,0.010550027713179588,-5093.551429364208,4.766014099121094,15428.676232937785,16089.372831356137,3096576000.0
train_tune_e87cf_00305_305,TRANSFORMER,0.0834066022697662,0.7477848743772862,0.7318235211485469,23.9090576171875,52.699790954589844,-25.839670181274414,0.002474769949913025,-18747.003339535564,0.7190711498260498,8321.83814698054,8426.587970909235,1417216000.0
train_tune_e87cf_00306_306,TRANSFORMER,0.0172009411976909,0.7999343765331814,0.7229202262179736,30.383689880371094,84.04940795898438,-188.94287109375,0.0022780713625252247,-1054399.4331314245,2.0060319900512695,18066.02769181617,18066.02769181617,4145152000.0
train_tune_e87cf_00307_307,TRANSFORMER,0.0666778996426783,0.7288328851606415,0.6981863610674967,13.937298774719238,23.465450286865234,-31.576431274414062,0.0014196846168488264,-1241317.4076079677,1.7806525230407715,2393.8487989307428,2476.6677547941113,643072000.0
train_tune_e87cf_00308_308,TRANSFORMER,0.0550089883529504,0.8217894949976476,0.7719040657197045,87.04631805419922,189.30067443847656,-2245.8662109375,0.01303209736943245,-17135.129839910373,6.73101806640625,17235.457477101972,19118.74008737066,3096576000.0
train_tune_e87cf_00309_309,TRANSFORMER,0.0418076839813148,0.7007198926882426,0.7023781495985107,40.543724060058594,75.3902816772461,-272.2109680175781,0.0037728927563875914,-5331.635536790382,4.074247360229492,6981.771304400659,7186.969460130863,1286144000.0
train_tune_e87cf_00310_310,TRANSFORMER,0.0119880018862336,0.7932055176839286,0.7628979102856889,51.63875961303711,153.974609375,-834.5709838867188,0.00232040137052536,-3317.7324221257586,3.4112820625305176,16472.915034851947,16532.634159417164,6217728000.0
train_tune_e87cf_00311_311,TRANSFORMER,0.0167085047727704,0.8104945541111966,0.7477013809201196,76.85761260986328,247.2820281982422,-899.4493408203125,0.029794760048389435,-4235.653115923789,9.600345611572266,48232.04961154401,45276.18731414157,8290304000.0
train_tune_e87cf_00312_312,TRANSFORMER,0.027148905069366,0.812002819273228,0.7687400970781937,62.805320739746094,141.76889038085938,-678.0474853515625,0.01362791657447815,-144827.39704286685,6.466822624206543,15704.396418982948,15662.030733354086,3096576000.0
train_tune_e87cf_00313_313,TRANSFORMER,0.0869534041155554,0.7658192802095608,0.6951886108974332,22.8389835357666,47.367897033691406,-98.82422637939453,0.002247234107926488,-17259.591195887686,2.956149101257324,5375.346532263095,5367.440510637582,1062912000.0
train_tune_e87cf_00314_314,TRANSFORMER,0.0032167965203254,0.6798746063876975,0.6487833376238353,15.991596221923828,30.224655151367188,-65.84529876708984,0.0015116911381483078,-2668.133119086572,2.0460901260375977,3038.535381628699,3034.37867979479,643072000.0
train_tune_e87cf_00315_315,TRANSFORMER,0.0135614411669949,0.7849859601396291,0.743078003705993,28.876773834228516,72.74446868896484,-327.0473327636719,0.000858394312672317,-3362.7312097620566,1.7169008255004883,6525.977641822189,6569.509607983288,1810432000.0
train_tune_e87cf_00316_316,TRANSFORMER,0.0076284820766825,0.8344062551428085,0.7780572716473343,108.97300720214844,327.5913391113281,-2355.870361328125,0.018038388341665268,-68148.80018946761,7.107914924621582,43518.69139350086,41084.643408672164,8290304000.0
train_tune_e87cf_00317_317,TRANSFORMER,0.091064267378417,0.7351063984545234,0.7197188926109912,39.18064498901367,87.99591827392578,-385.90643310546875,0.004271672572940588,-18856.042303060898,3.809300422668457,7026.673254827981,7092.4788128420705,1259520000.0
train_tune_e87cf_00318_318,TRANSFORMER,0.0486359018967205,0.7559601092047777,0.7194458121718817,22.617563247680664,58.44389724731445,-78.53881072998047,0.0067657772451639175,-750270.4062687329,2.1726534366607666,9515.953651422871,9970.624643518464,1810432000.0
train_tune_e87cf_00319_319,TRANSFORMER,0.0580479269111014,0.7466233503746288,0.7059938808113645,17.92616081237793,33.88078689575195,-64.17081451416016,0.0018961813766509295,-929790.4135979457,1.6039894819259644,3674.6507428470545,3882.8042362557862,708608000.0
train_tune_e87cf_00320_320,TRANSFORMER,0.0519706299411061,0.829207712519101,0.7580229468952928,50.46151351928711,135.50233459472656,-440.6756896972656,0.016138531267642975,-573834.9977106224,5.321114540100098,20439.809231404823,21338.28640136241,3620864000.0
train_tune_e87cf_00321_321,TRANSFORMER,0.0076299992767773,0.8256646036468933,0.7676191439102826,89.56013488769531,254.05331420898438,-2287.14306640625,0.007183838170021772,-626857.1835354657,4.972658157348633,34450.792147657165,34485.15710761539,6217728000.0
train_tune_e87cf_00322_322,TRANSFORMER,0.1060966202422262,0.7450091188708098,0.7425441130005239,28.155597686767578,77.48693084716797,-165.98580932617188,0.0044806054793298244,-3591.382947798318,1.5356731414794922,17589.906334066098,18777.01578775884,2715648000.0
train_tune_e87cf_00323_323,TRANSFORMER,0.0852878583205319,0.751757107967692,0.7073976432539006,17.462181091308594,44.538734436035156,-99.16995239257812,0.0017448251601308584,-853568.6111236224,1.864635944366455,5513.623576676542,5513.623576676542,839680000.0
train_tune_e87cf_00324_324,TRANSFORMER,0.0176494074802639,0.7422573006273082,0.7008261457267856,64.39417266845703,101.43556213378906,-900.5067138671875,0.005192552227526903,-5454304.694469426,5.324427604675293,6154.613482972053,6154.613482972053,1286144000.0
train_tune_e87cf_00325_325,TRANSFORMER,0.0090270735024211,0.7699662725327602,0.742734274674815,38.865081787109375,115.7957763671875,-372.93243408203125,0.012941913679242134,-3822.0627428202883,4.669732570648193,21113.471160507503,20576.371923940893,4145152000.0
train_tune_e87cf_00326_326,TRANSFORMER,0.015184375226811,0.8050016290651727,0.7426525052950034,115.31935119628906,282.6044006347656,-3092.366455078125,0.01183623168617487,-2583.3173853127605,7.688987731933594,13147.419023481369,12993.378463281782,3620864000.0
train_tune_e87cf_00327_327,TRANSFORMER,0.0161775550996979,0.8343016238206943,0.7627043101187144,120.36933898925781,349.9628601074219,-2980.94482421875,0.03152187913656235,-67580.99781372474,11.015539169311523,49333.10993349997,49662.34726980343,8290304000.0
train_tune_e87cf_00328_328,TRANSFORMER,0.0560677071273097,0.8191904104868845,0.7455780934565048,79.48905944824219,172.2872314453125,-1604.358642578125,0.012343131005764008,-9028.309157537626,6.243827819824219,16576.942780081452,17863.143309956216,3096576000.0
train_tune_e87cf_00329_329,TRANSFORMER,0.0377435871073527,0.7926192258438419,0.746648533544795,47.0606575012207,144.138427734375,-350.6277770996094,0.010548035614192486,-255058.7358928446,4.259912490844727,29122.70560656211,28761.407329786533,6217728000.0
train_tune_e87cf_00330_330,TRANSFORMER,0.0265278400865093,0.7785060778353062,0.7224041720744538,68.07762908935547,200.19686889648438,-809.0449829101562,0.008289938792586327,-825506.977813862,5.616340160369873,40774.03717142142,40774.03717142142,8290304000.0
train_tune_e87cf_00331_331,TRANSFORMER,0.0409984070382469,0.8085301216590526,0.7623791088850349,84.05596923828125,220.57791137695312,-1851.2764892578125,0.012117181904613972,-5546.098051562261,3.5573229789733887,23084.68283381107,22809.427766213266,3620864000.0
train_tune_e87cf_00332_332,TRANSFORMER,0.0074458874458874,0.8292232966944977,0.7840338354721205,74.94972229003906,219.60939025878906,-1651.146240234375,0.006813880987465382,-181821.0081239508,4.075803279876709,31162.590350317456,29452.537155307553,6217728000.0
train_tune_e87cf_00333_333,TRANSFORMER,0.015062100156332,0.8236137631589215,0.7507074532455729,59.0696907043457,141.2476348876953,-1160.8128662109375,0.0034298140089958906,-5187.890275271533,4.438678741455078,10799.63962304847,10796.538940659908,2715648000.0
train_tune_e87cf_00334_334,TRANSFORMER,0.0172009411976909,0.7972318318370288,0.739747877266587,29.590717315673828,81.74903106689453,-175.75228881835938,0.002240506000816822,-3909.2122514856865,1.9313411712646484,17477.44083089504,17472.771337108832,4145152000.0
train_tune_e87cf_00335_335,TRANSFORMER,0.0847045868549422,0.7100847168163587,0.6939763399886545,22.460529327392578,48.945274353027344,-21.405773162841797,0.002823036164045334,-10998.910880028303,0.9826507568359375,7710.404867969508,8176.094255426942,1417216000.0
train_tune_e87cf_00336_336,TRANSFORMER,0.0093813103875367,0.8069255998554744,0.7702416967686895,46.977569580078125,133.6387939453125,-589.498779296875,0.012671471573412418,-6842.490686272663,5.420453071594238,21296.792843479114,21968.46505847903,4145152000.0
train_tune_e87cf_00337_337,TRANSFORMER,0.0787758924047187,0.7374218931053711,0.6763148710833019,23.6658992767334,48.84658432006836,-106.91539001464844,0.0023150520864874125,-427065.2856298729,3.1608262062072754,5602.357365267802,5602.357365267802,1062912000.0
train_tune_e87cf_00338_338,TRANSFORMER,0.0776446385739517,0.76931722337705,0.7077970608629688,79.99252319335938,174.9432830810547,-1552.120361328125,0.002914899028837681,-4377.52236731993,6.057088851928711,5524.395245278444,5577.467409198417,1679360000.0
train_tune_e87cf_00339_339,TRANSFORMER,0.1415190435376331,0.7275098323834824,0.6938854667346269,17.418006896972656,49.587284088134766,-52.544158935546875,0.0029827558901160955,-2319.487113867296,0.9616266489028931,10220.447520562697,10750.14444084234,1810432000.0
train_tune_e87cf_00340_340,TRANSFORMER,0.0074320595944268,0.7957624740343383,0.7474527450166797,40.18533706665039,119.9057388305664,-544.7396240234375,0.0026017408818006516,-501977.86283515056,1.9844454526901245,18194.196129838987,19025.174348538356,4145152000.0
train_tune_e87cf_00341_341,TRANSFORMER,0.0682610138718999,0.7118941813188674,0.6704093688750631,14.22297191619873,26.724266052246094,-32.898414611816406,0.0032814685255289078,-1877895.6107931482,2.4155259132385254,2650.672242710562,2942.9415644720634,643072000.0
train_tune_e87cf_00342_342,TRANSFORMER,0.0130462484252205,0.7678865319204647,0.7228000185959866,26.25821876525879,57.853355407714844,-179.09593200683594,0.003849766682833433,-4836.880956043033,2.4520349502563477,8098.884723158366,7055.556112558202,1548288000.0
train_tune_e87cf_00343_343,TRANSFORMER,0.0660379061727802,0.7824959663478037,0.7405819115029686,23.26639747619629,63.682682037353516,-162.58523559570312,0.0010186749277636409,-3651.4974291284598,1.155591368675232,12548.382050974904,12488.656216128455,4145152000.0
train_tune_e87cf_00344_344,TRANSFORMER,0.0490428765446065,0.7439249682481258,0.7269480340497315,46.479774475097656,79.35619354248047,-486.9443359375,0.002198347356170416,-30606.436017658194,5.685539722442627,5719.819863823534,5758.655110984319,1417216000.0
train_tune_e87cf_00345_345,TRANSFORMER,0.015062100156332,0.8139113506786768,0.7492969851403621,55.169044494628906,132.87322998046875,-1008.0733642578125,0.0030242435168474913,-3312.8179621156596,4.123039245605469,10031.831159265139,9867.802546135385,2715648000.0
train_tune_e87cf_00346_346,TRANSFORMER,0.0035560989730248,0.7371395988436422,0.7028841162644995,38.25273132324219,63.90641403198242,-421.41839599609375,0.0025600518565624952,-7831.363477718842,3.1164445877075195,4307.545572086453,4290.341660672414,964608000.0
train_tune_e87cf_00347_347,TRANSFORMER,0.040840044299211,0.7852928964673492,0.7223225345689727,20.28514289855957,56.279327392578125,-131.2607421875,0.0025144696701318026,-3285.362592025909,0.9095318913459778,10191.243690280393,10053.357435202484,1810432000.0
train_tune_e87cf_00348_348,TRANSFORMER,0.0488524808770035,0.759310537012632,0.7317828086952948,23.7884521484375,63.457786560058594,-103.64282989501953,0.00244131893850863,-83899.54978094478,1.6164257526397705,9811.075016119721,9813.034324685666,1810432000.0
train_tune_e87cf_00349_349,TRANSFORMER,0.0375341201155295,0.7879678806452585,0.7539871307683218,69.56883239746094,234.143310546875,-705.2484741210938,0.027480218559503555,-169799.69278841533,6.933616638183594,43909.984936803114,41148.5716721991,8290304000.0
train_tune_e87cf_00350_350,TRANSFORMER,0.0322497156130347,0.7505029084583263,0.7057892427877314,22.061927795410156,47.48316955566406,-146.50146484375,0.0009582297061569989,-5490.626933273853,1.032526969909668,4846.443773496764,4756.390694912758,1548288000.0
train_tune_e87cf_00351_351,TRANSFORMER,0.0796360294215495,0.7646955781869273,0.7248814773154961,52.74022674560547,121.85706329345703,-506.93914794921875,0.010012315586209297,-3825973.7158882786,5.610323905944824,10100.305398781224,10094.312085883734,1679360000.0
train_tune_e87cf_00352_352,TRANSFORMER,0.0490266235780799,0.7137796876920505,0.6933323723602615,38.41740417480469,74.19741821289062,-371.3006591796875,0.006728558335453272,-317891.7534634514,5.601142883300781,7813.286268075361,7853.216386955004,1417216000.0
train_tune_e87cf_00353_353,TRANSFORMER,0.1380706403180462,0.7844638530125373,0.7293472293104281,17.894542694091797,49.25566101074219,-48.934547424316406,0.0020077736116945744,-3321.193155782832,0.42725101113319397,11213.299449935044,11482.963265881015,1810432000.0
train_tune_e87cf_00354_354,TRANSFORMER,0.0543990255524704,0.796572708876355,0.7502748990694628,35.38074493408203,78.85995483398438,-196.50686645507812,0.007778198458254337,-144212.72773180273,4.222352504730225,9811.006599334441,10179.37078438517,2322432000.0
train_tune_e87cf_00355_355,TRANSFORMER,0.0074324382718716,0.8176612073892717,0.7786084524390223,75.918212890625,219.02731323242188,-1681.631591796875,0.007176567334681749,-218621.09684346625,4.125205039978027,30348.773489098625,30898.861405855387,6217728000.0
train_tune_e87cf_00356_356,TRANSFORMER,0.0483590937665274,0.7304156547501548,0.6949750510754225,26.059764862060547,46.46016311645508,-114.18988037109375,0.0036833633203059435,-18282.10706403107,4.443127155303955,4930.877219491802,4930.054636178474,1286144000.0
train_tune_e87cf_00357_357,TRANSFORMER,0.0174414334755909,0.8259937200069488,0.7628564666560145,83.23632049560547,275.2715759277344,-1019.6776733398438,0.035117387771606445,-3631.369897061955,9.828435897827148,44832.60954014539,45562.69545415397,8290304000.0
train_tune_e87cf_00358_358,TRANSFORMER,0.0180512690856369,0.8105250115861588,0.7340982707883821,50.41645812988281,157.05218505859375,-510.04296875,0.0046278261579573154,-2815.545784440268,3.814091444015503,26775.290013470993,26942.614249611477,6217728000.0
train_tune_e87cf_00359_359,TRANSFORMER,0.0097916796137032,0.8040332046550648,0.7717962070990196,44.66347885131836,123.3876724243164,-632.1851196289062,0.0025690202601253986,-4185.234149347653,2.9593513011932373,19761.701839159974,19847.635489348326,6217728000.0
train_tune_e87cf_00360_360,TRANSFORMER,0.0384117520853239,0.8238741035856737,0.7548343875150969,47.22489929199219,146.1446533203125,-358.70684814453125,0.010878030210733414,-315378.26939676644,4.499551296234131,29113.846796276866,29260.692213415783,6217728000.0
train_tune_e87cf_00361_361,TRANSFORMER,0.106460077884429,0.7974042729872637,0.729802792036353,38.38291931152344,107.330322265625,-287.03167724609375,0.008994078263640404,-2575.2112011340178,3.101400852203369,21540.365240175648,20930.29457514537,3620864000.0
train_tune_e87cf_00362_362,TRANSFORMER,0.0149601959456227,0.8184638384336473,0.75842135297213,98.26321411132812,251.53964233398438,-1854.80615234375,0.014821909368038177,-274853.4718585311,6.164514541625977,20571.79672814516,21366.499155646175,3620864000.0
train_tune_e87cf_00363_363,TRANSFORMER,0.0498035022828411,0.741387335458765,0.709586182352478,43.938819885253906,69.89915466308594,-460.6012878417969,0.007134526036679745,-713429.877325087,7.507962226867676,5701.350311144674,5760.804668302367,1286144000.0
train_tune_e87cf_00364_364,TRANSFORMER,0.0144100085671132,0.7998361344579453,0.7409377475666413,34.28190231323242,101.96637725830078,-262.76898193359375,0.0028106605168431997,-84393.04715281403,2.3307039737701416,19210.107837718308,19211.71040028755,4145152000.0
train_tune_e87cf_00365_365,TRANSFORMER,0.0190465155083016,0.7919485997417248,0.7790453567528474,74.80994415283203,222.30897521972656,-1129.8089599609375,0.025115488097071648,-4889.819481619958,8.225654602050781,30414.17198795368,31097.14750507937,6217728000.0
train_tune_e87cf_00366_366,TRANSFORMER,0.0146737775011398,0.7909675797945752,0.711791967353532,34.13557434082031,101.74429321289062,-258.53924560546875,0.0027808896265923977,-104546.70198355407,2.3661253452301025,19211.3985595197,19211.3985595197,4145152000.0
train_tune_e87cf_00367_367,TRANSFORMER,0.0384117520853239,0.8186588022450515,0.7552996285377748,45.47043991088867,141.23745727539062,-320.43328857421875,0.01305299997329712,-249626.362873283,4.513993740081787,27996.171220994183,28631.436117265806,6217728000.0
train_tune_e87cf_00368_368,TRANSFORMER,0.0776437063576447,0.7917020916032246,0.7210862098731703,77.22322845458984,160.89306640625,-1439.505126953125,0.003813499351963401,-5889.218687624823,6.01228141784668,6110.9458409798135,6204.220230809142,1679360000.0
train_tune_e87cf_00369_369,TRANSFORMER,0.0510614989189089,0.7635930083000823,0.732527592012244,23.42486572265625,62.46210861206055,-99.68145751953125,0.002307181479409337,-4056.401442398109,1.535627007484436,9246.270403799188,9303.960253494073,1810432000.0
train_tune_e87cf_00370_370,TRANSFORMER,0.0152814882690481,0.7745230209939845,0.7352065653261082,31.473350524902344,77.19384002685547,-331.9869384765625,0.0034262854605913162,-539456.2536649215,1.420933485031128,10289.532601169329,10408.746203213157,1810432000.0
train_tune_e87cf_00371_371,TRANSFORMER,0.033366846612521,0.794946759581456,0.7399248587091288,31.171573638916016,81.70992279052734,-165.4260711669922,0.004065730143338442,-2802.8222164504473,2.7818374633789062,12904.075334199431,12839.173287280104,2715648000.0
train_tune_e87cf_00372_372,TRANSFORMER,0.0159821324145115,0.8114572074959814,0.7712008497522459,119.9698486328125,348.07470703125,-2872.9833984375,0.030944164842367172,-7719485.781890217,10.95955753326416,49481.35292761159,49481.35292761159,8290304000.0
train_tune_e87cf_00373_373,TRANSFORMER,0.0364615940567327,0.7997571509779252,0.7597963749785657,54.67255401611328,177.85092163085938,-522.302001953125,0.012565536424517632,-562030.6418468974,4.86785888671875,30665.3320827714,31713.658805237137,6217728000.0
train_tune_e87cf_00374_374,TRANSFORMER,0.0988259496158669,0.7432660142153964,0.7160086056242517,23.217058181762695,39.77263641357422,-145.49484252929688,0.000875061668921262,-40052.73323453193,2.6072921752929688,3720.0109483843207,3799.910395795217,1062912000.0
train_tune_e87cf_00375_375,TRANSFORMER,0.015184375226811,0.8179035260816822,0.7582223756607527,121.69026184082031,293.5553283691406,-3393.013427734375,0.013068415224552155,-3609.6703101562534,8.057478904724121,15412.363882481202,15460.42523650634,3620864000.0
train_tune_e87cf_00376_376,TRANSFORMER,0.0893876660697687,0.7390490646566593,0.7103307981934148,23.697744369506836,51.20585632324219,-21.937793731689453,0.002630078699439764,-14544.146578911565,0.6679655909538269,8027.273394221771,8378.259194398692,1417216000.0
train_tune_e87cf_00377_377,TRANSFORMER,0.0189775176732357,0.8207273769317688,0.7794094619725115,71.11453247070312,210.40000915527344,-1070.8212890625,0.020665690302848816,-8014.553951298677,7.878003120422363,32201.90312083077,31677.26546773236,6217728000.0
train_tune_e87cf_00378_378,TRANSFORMER,0.0131595650535374,0.7411443027529224,0.6925701590604905,33.91758728027344,105.57816314697266,-237.1626434326172,0.011537430807948112,-3242.949467955881,4.749396324157715,20367.093497025642,22813.373896864847,4145152000.0
train_tune_e87cf_00379_379,TRANSFORMER,0.0087515966327386,0.8058056803085449,0.7548733085768667,36.60467529296875,112.03926849365234,-413.9698486328125,0.004906863439828157,-221249.51597396936,2.6624443531036377,18615.463103671846,18650.23612466701,4145152000.0
train_tune_e87cf_00380_380,TRANSFORMER,0.0499766037356801,0.7657465422422717,0.7250220059230247,33.35377502441406,92.29476928710938,-195.7829132080078,0.013716727495193481,-456525.4356180567,3.622617721557617,16128.536047258827,15128.518886833848,2715648000.0
train_tune_e87cf_00381_381,TRANSFORMER,0.0358946828985776,0.7719547578052246,0.7094103015343296,50.561378479003906,140.421630859375,-510.560791015625,0.008681644685566425,-2417.6676746774374,4.855302810668945,16439.784518625114,16487.952469285923,3620864000.0
train_tune_e87cf_00382_382,TRANSFORMER,0.0224143910515658,0.7976892004212303,0.7248613574964133,58.1336555480957,171.00927734375,-583.1573486328125,0.006008750293403864,-2295.0166243559897,4.567225933074951,33958.97169493269,34052.254860372355,8290304000.0
train_tune_e87cf_00383_383,TRANSFORMER,0.0766184337180214,0.7924416436316931,0.7273845618296465,19.146743774414062,36.57769012451172,-7.750417709350586,0.001300940290093422,-49941.36677744983,-0.15659980475902557,6880.995625442145,6867.0148538813355,1062912000.0
train_tune_e87cf_00384_384,TRANSFORMER,0.0190465155083016,0.8122900629811347,0.7814380217488082,78.64301300048828,228.9315948486328,-1283.36181640625,0.023792941123247147,-7312.129816986199,8.343645095825195,31040.150686273195,30245.312690947467,6217728000.0
train_tune_e87cf_00385_385,TRANSFORMER,0.0668099585607465,0.821992669900261,0.7402278151649497,108.84776306152344,232.31991577148438,-2987.59423828125,0.013865254819393158,-642344.940097032,8.80552864074707,11122.865228713412,10192.099518177121,1679360000.0
train_tune_e87cf_00386_386,TRANSFORMER,0.0151327873685075,0.8239777174480151,0.7697552758781676,100.9520034790039,240.1663818359375,-2483.398681640625,0.009965602308511734,-2646.1724776899605,7.499486446380615,14090.30563597785,14172.441889973828,3620864000.0
train_tune_e87cf_00387_387,TRANSFORMER,0.0224143910515658,0.8119959462804606,0.7179373133222723,65.7818603515625,193.06529235839844,-756.4674682617188,0.007606785744428635,-3862.5630056739897,5.308528900146484,38907.139090423734,38967.27002916465,8290304000.0
train_tune_e87cf_00388_388,TRANSFORMER,0.0370259035768007,0.7169208448005225,0.7193540797543089,46.900634765625,105.36107635498047,-329.34063720703125,0.01319773681461811,-98173.64629505225,5.693450450897217,15520.687765409526,14487.949261020385,3096576000.0
train_tune_e87cf_00389_389,TRANSFORMER,0.0151859112483691,0.7826221386563688,0.7447028486883355,105.31809997558594,249.73548889160156,-2693.150146484375,0.010119341313838959,-3845.0739342192683,7.530592918395996,15366.914463921,15539.471480695465,3620864000.0
train_tune_e87cf_00390_390,TRANSFORMER,0.0074320595944268,0.806601773185589,0.7368235108717229,40.153812408447266,120.53304290771484,-547.884765625,0.0025993871968239546,-389569.2101154873,2.030733346939087,19591.129808608304,19008.973377923336,4145152000.0
train_tune_e87cf_00391_391,TRANSFORMER,0.0074458874458874,0.8275722003978813,0.7599311169981628,80.19859313964844,234.8187713623047,-1980.8646240234375,0.006490387953817844,-858635.2021079891,4.232296943664551,31239.08061072514,31206.45299676127,6217728000.0
train_tune_e87cf_00392_392,TRANSFORMER,0.0108247558335973,0.8123614619471351,0.769677786103145,61.46025466918945,197.84153747558594,-695.9524536132812,0.02161092683672905,-4376.204032191025,7.303494453430176,37225.988584365776,34138.79910569628,6217728000.0
train_tune_e87cf_00393_393,TRANSFORMER,0.0660379061727802,0.8077427737220543,0.7535354227402263,25.477989196777344,69.29280090332031,-207.41221618652344,0.0011851971503347158,-8005.391791525108,1.385732889175415,14099.132234568662,14143.782460500723,4145152000.0
train_tune_e87cf_00394_394,TRANSFORMER,0.015062100156332,0.8139113506786768,0.7492969851403621,55.169044494628906,132.87322998046875,-1008.0733642578125,0.0030242435168474913,-3312.8179621156596,4.123039245605469,10031.831159265139,9867.802546135385,2715648000.0
train_tune_e87cf_00395_395,TRANSFORMER,0.0074320595944268,0.7796635451444813,0.731474528273898,38.254154205322266,114.10887908935547,-460.82281494140625,0.0030119994189590216,-310450.747280719,2.1907458305358887,17957.123944988336,18516.96726630031,4145152000.0
train_tune_e87cf_00396_396,TRANSFORMER,0.0410483708145091,0.8132907323329747,0.7562256267922455,48.832435607910156,129.3636474609375,-918.5956420898438,0.0045169200748205185,-48059.40968416504,1.8762290477752686,16893.727608437766,16923.857947723962,2715648000.0
train_tune_e87cf_00397_397,TRANSFORMER,0.0151276109508156,0.8187391783367335,0.7515644792899845,116.44451904296875,284.0142517089844,-3101.640625,0.012943941168487072,-2323.378727607403,7.8952460289001465,13086.09412831336,13160.848175171766,3620864000.0
train_tune_e87cf_00398_398,TRANSFORMER,0.1036753205063979,0.7438798495710113,0.7106696321863541,14.324542999267578,26.094276428222656,-70.39881134033203,0.0004148484440520406,-1257218.3195607984,1.2371480464935303,2854.5995884349572,2854.5995884349572,708608000.0
train_tune_e87cf_00399_399,TRANSFORMER,0.0619124229866897,0.7931047323171672,0.7426652633828188,64.73080444335938,141.2267608642578,-1644.483642578125,0.006866683717817068,-1448667.6417038403,5.830923080444336,8589.47696173548,8745.396177116414,1259520000.0
train_tune_e87cf_00400_400,TRANSFORMER,0.0168345567452004,0.8064341661795887,0.7622501647022223,74.447998046875,237.41827392578125,-810.104736328125,0.03068610467016697,-3448.362801256496,9.241025924682617,46658.2148546144,43599.86346141534,8290304000.0
train_tune_e87cf_00401_401,TRANSFORMER,0.0594910413715928,0.7305833493440609,0.6841257657633322,23.24913787841797,47.66352844238281,-248.13507080078125,0.0010668598115444183,-10946.458070738492,2.333559989929199,3020.122126142458,3072.481580094708,839680000.0
train_tune_e87cf_00402_402,TRANSFORMER,0.0086821921872299,0.8051978511620351,0.7612823060284671,90.57276916503906,248.28854370117188,-2374.62744140625,0.006951018702238798,-10891.402679349436,5.77642822265625,33840.94296979286,33656.46099852729,8290304000.0
train_tune_e87cf_00403_403,TRANSFORMER,0.0339641182267716,0.8034868887286275,0.7316641952258652,32.45902633666992,85.16679382324219,-185.58226013183594,0.004288472700864077,-4129.892069012726,2.896103858947754,13460.115067323793,13475.067601111772,2715648000.0
train_tune_e87cf_00404_404,TRANSFORMER,0.0590610295649018,0.746385079953044,0.7133506460378212,32.44938278198242,60.76910400390625,-162.97653198242188,0.008480454795062542,-7476352.138341445,6.404352188110352,6063.200074249912,6063.200074249912,1286144000.0
train_tune_e87cf_00405_405,TRANSFORMER,0.0758277380737509,0.7651084666231949,0.7103981110104227,19.95109748840332,40.089176177978516,-8.472627639770508,0.0011824894463643432,-228976.8615985227,-0.46126365661621094,6053.734615070569,6063.526148977427,1062912000.0
train_tune_e87cf_00406_406,TRANSFORMER,0.0506769335268239,0.7254535369527609,0.671908166036051,15.513357162475586,31.596599578857422,-40.23723602294922,0.001893221982754767,-562520.47484136,1.7435691356658936,3207.515888747693,3302.327376476153,708608000.0
train_tune_e87cf_00407_407,TRANSFORMER,0.0759951819434467,0.7862799830816627,0.726274246118887,50.407588958740234,124.92130279541016,-617.3153686523438,0.006115873344242573,-4704.39239453681,5.032670974731445,11021.95306718906,11583.313057493302,1679360000.0
train_tune_e87cf_00408_408,TRANSFORMER,0.0552214183570769,0.7882857629422811,0.7306496931234672,22.158926010131836,43.621307373046875,-136.12896728515625,0.0008759821066632867,-13741.95971020207,1.078194260597229,5122.2609810488,5101.089967595226,1548288000.0
train_tune_e87cf_00409_409,TRANSFORMER,0.091064267378417,0.7351063984545234,0.7197188926109912,39.18064498901367,87.99591827392578,-385.90643310546875,0.004271672572940588,-18856.042303060898,3.809300422668457,7026.673254827981,7092.4788128420705,1259520000.0
train_tune_e87cf_00410_410,TRANSFORMER,0.0550089883529504,0.8100741784747947,0.7701504965911607,79.64779663085938,172.1633758544922,-1578.8673095703125,0.01260768249630928,-9032.500019866477,6.362321376800537,15644.557384955233,16958.090775661345,3096576000.0
train_tune_e87cf_00411_411,TRANSFORMER,0.0862449284929271,0.7067607787317178,0.6757045872406361,22.580286026000977,50.49567413330078,-16.6904354095459,0.003651408012956381,-6977.367897512207,1.395547866821289,7765.6624072011045,8481.3185285806,1417216000.0
train_tune_e87cf_00412_412,TRANSFORMER,0.0190465155083016,0.8122900629811347,0.7814380217488082,78.64301300048828,228.9315948486328,-1283.36181640625,0.023792941123247147,-7312.129816986199,8.343645095825195,31040.150686273195,30245.312690947467,6217728000.0
train_tune_e87cf_00413_413,TRANSFORMER,0.0359707337341282,0.7267608666038249,0.6775810678305926,21.76858901977539,51.68145751953125,-110.72062683105469,0.004608999006450176,-2594907.938213577,3.1042449474334717,4704.0076363168855,4672.610838324977,839680000.0
train_tune_e87cf_00414_414,TRANSFORMER,0.0157754035209263,0.8045390526379799,0.7388654021749623,28.12980079650879,77.41866302490234,-153.70797729492188,0.002171184867620468,-2268.2024460334405,1.7841453552246094,16342.220845244048,16298.453652882872,4145152000.0
train_tune_e87cf_00415_415,TRANSFORMER,0.1143035603992615,0.7180387650943264,0.6921169394525901,23.821794509887695,53.12955856323242,-162.8496551513672,0.002585642272606492,-546689.7832489045,2.525407314300537,4908.885045563786,4908.885045563786,839680000.0
train_tune_e87cf_00416_416,TRANSFORMER,0.081323920145118,0.7037300695333791,0.6776575513252937,18.167081832885742,45.419395446777344,-103.02124786376953,0.0019271222408860922,-6288.82076583235,1.9319376945495605,6038.392358249917,5821.348581323053,839680000.0
train_tune_e87cf_00417_417,TRANSFORMER,0.0801879592996554,0.7830778477619922,0.720518114894216,77.8138198852539,162.31082153320312,-1451.072265625,0.003421039553359151,-8362.954577401284,5.880373954772949,6767.828413377401,6687.524951287094,1679360000.0
train_tune_e87cf_00418_418,TRANSFORMER,0.0098577125777418,0.7802528338237349,0.7213231045800187,29.383113861083984,64.55337524414062,-244.303955078125,0.003808763576671481,-6315.547159185722,2.3718860149383545,8104.082450794308,8010.26565580922,1548288000.0
train_tune_e87cf_00419_419,TRANSFORMER,0.040840044299211,0.7926068747780437,0.7473503115605621,22.19131851196289,59.52452850341797,-157.94256591796875,0.0023228335194289684,-3722.891629092026,0.638536274433136,10740.089289684975,11148.537457041815,1810432000.0
train_tune_e87cf_00420_420,TRANSFORMER,0.0227744438992611,0.8195119462953077,0.7230334945494161,66.46768951416016,194.6553497314453,-771.4854125976562,0.007765395101159811,-4327.964030187643,5.41064977645874,39129.07145927971,39086.1411984979,8290304000.0
train_tune_e87cf_00421_421,TRANSFORMER,0.0652466825829831,0.687350554251056,0.676393665620083,12.672189712524414,23.440658569335938,-34.940956115722656,0.001282349112443626,-11661.930473301503,1.6719415187835693,2509.338149957019,2477.6360983300683,643072000.0
train_tune_e87cf_00422_422,TRANSFORMER,0.0151348604714139,0.8085076334815932,0.7423133460513666,103.82597351074219,261.7445068359375,-2571.4892578125,0.01017075590789318,-2128.3020004282544,7.116040229797363,10656.605034611588,10526.761935563758,3620864000.0
train_tune_e87cf_00423_423,TRANSFORMER,0.0542250077838535,0.7623624318445099,0.7034881161081855,54.926300048828125,129.900146484375,-600.337890625,0.013884481973946095,-4970.740928892461,5.954965591430664,16848.999895929643,16735.488837209865,3096576000.0
train_tune_e87cf_00424_424,TRANSFORMER,0.0812978631534425,0.7212140451167601,0.6867198651142714,16.900283813476562,43.4483642578125,-89.01654052734375,0.0017528771422803402,-28781.836773807685,1.8522310256958008,5513.206694557589,5520.226022982133,839680000.0
train_tune_e87cf_00425_425,TRANSFORMER,0.020498718711009,0.7981943218501285,0.718965131987856,73.85332489013672,234.1212158203125,-962.7720336914062,0.008873095735907555,-2763.504037205436,5.771084785461426,36595.94944429424,36629.67898389678,8290304000.0
train_tune_e87cf_00426_426,TRANSFORMER,0.0219409840076849,0.8047105312497513,0.7495750900060841,70.87862396240234,226.66798400878906,-882.0938110351562,0.008182038553059101,-2390.67927631006,5.589378356933594,34084.53105807327,33842.82450758444,8290304000.0
train_tune_e87cf_00427_427,TRANSFORMER,0.0588392340265266,0.7341101624624901,0.6951081716113996,24.726043701171875,58.5821418762207,-167.40753173828125,0.0045659528113901615,-5190469.446531791,3.230888843536377,5150.127422002352,5149.118603067193,839680000.0
train_tune_e87cf_00428_428,TRANSFORMER,0.0215273277280499,0.828348018400911,0.7259535098982759,70.53352355957031,228.6080780029297,-726.3471069335938,0.030372170731425285,-3102.2499217954687,9.055929183959961,46976.21617586415,46085.16786179687,8290304000.0
train_tune_e87cf_00429_429,TRANSFORMER,0.0799687030493288,0.7834525387303082,0.7136775842786475,28.462404251098633,70.90312957763672,-213.1100311279297,0.0033457311801612377,-19459.747392853824,3.1488730907440186,8422.53240758388,8433.31628191237,1259520000.0
train_tune_e87cf_00430_430,TRANSFORMER,0.0450019240154917,0.7419634206361905,0.7098926416886406,28.258708953857422,63.27537155151367,-156.45306396484375,0.0052861799485981464,-359019.73856682604,2.9777886867523193,7092.4327035517335,7055.270707953615,1548288000.0
train_tune_e87cf_00431_431,TRANSFORMER,0.0150937052774566,0.7807518161301303,0.7243608473093412,27.9084529876709,75.14713287353516,-256.9704895019531,0.00374697707593441,-260414.99535284218,1.5081963539123535,10172.496655903931,10131.673831567734,1810432000.0
train_tune_e87cf_00432_432,TRANSFORMER,0.033366846612521,0.7874978061207255,0.7266315284187047,31.183366775512695,81.7389907836914,-164.56094360351562,0.004004835616797209,-3292.683693382958,2.7552785873413086,12946.956466068597,12920.445370797523,2715648000.0
train_tune_e87cf_00433_433,TRANSFORMER,0.0259008598445897,0.7510015042598006,0.6954819864364831,25.553482055664062,60.17177200317383,-146.35874938964844,0.003170571755617857,-6767.623848216558,2.2585055828094482,9203.014369121098,8684.807365216015,1548288000.0
train_tune_e87cf_00434_434,TRANSFORMER,0.0151226441241685,0.80393709235246,0.7490924420056476,73.41741943359375,166.00572204589844,-1365.47998046875,0.007401381619274616,-31434.097359387077,7.743622779846191,11563.924042652807,11557.686759910514,1679360000.0
train_tune_e87cf_00435_435,TRANSFORMER,0.1084261032492428,0.7958554849324748,0.7457426346241001,43.7523193359375,123.49640655517578,-422.062255859375,0.008388041518628597,-3723.6501956641027,3.0562405586242676,26164.430658960613,24465.35760394659,3620864000.0
train_tune_e87cf_00436_436,TRANSFORMER,0.0172009411976909,0.7747790533599205,0.7333108446358154,27.233165740966797,75.14463806152344,-141.2122802734375,0.0021359731908887625,-1939.4208455742983,1.7578428983688354,15699.954443864903,15786.30694682686,4145152000.0
train_tune_e87cf_00437_437,TRANSFORMER,0.0159821324145115,0.8229902780942923,0.7912412841135651,96.92765808105469,288.0299072265625,-1623.2896728515625,0.03364460542798042,-3845.9007176340347,10.10632610321045,40470.24387752503,44125.08243792813,8290304000.0
train_tune_e87cf_00438_438,TRANSFORMER,0.0146737775011398,0.7783136824739603,0.7275219838514385,32.42417526245117,97.43392181396484,-228.14059448242188,0.002688150852918625,-2421.2754229952484,2.212599515914917,17503.784630760205,17424.822451796397,4145152000.0
train_tune_e87cf_00439_439,TRANSFORMER,0.0195091351054224,0.7990327055945694,0.701901955800925,43.98797607421875,125.7654800415039,-368.83026123046875,0.0036648132372647524,-2738.5916880920777,3.224898338317871,26657.077690815837,26688.169710520637,6217728000.0
train_tune_e87cf_00440_440,TRANSFORMER,0.0554499250513263,0.7941705786772363,0.7421595248450362,38.04442596435547,102.08244323730469,-283.8538513183594,0.011867879889905453,-1108718.7202759087,3.8138794898986816,16459.04967125334,16457.022093423515,2715648000.0
train_tune_e87cf_00441_441,TRANSFORMER,0.0259008598445897,0.7512554019943939,0.7034336318200698,26.578590393066406,62.32016372680664,-162.1329345703125,0.0030306437984108925,-7681.258440659975,2.0881869792938232,9445.075759168494,9416.189007290348,1548288000.0
train_tune_e87cf_00442_442,TRANSFORMER,0.0163780175122137,0.8106610112327314,0.7555795495440062,113.03343963623047,336.5993957519531,-2212.8251953125,0.03798723220825195,-4854.020297150821,10.93134880065918,41256.08792961555,39041.21123858672,8290304000.0
train_tune_e87cf_00443_443,TRANSFORMER,0.062893350197958,0.7309442982692252,0.6743947274088875,20.030349731445312,37.123939514160156,-84.64545440673828,0.002734321402385831,-11139.088160378056,3.2951676845550537,3842.0756658779774,3782.0945632887097,964608000.0
train_tune_e87cf_00444_444,TRANSFORMER,0.0461743669928903,0.7714472632057393,0.7410189367471628,33.90926742553711,90.46372985839844,-202.99298095703125,0.01072565745562315,-630728.2438657662,3.504227638244629,14532.541296433832,14550.654263385042,2715648000.0
train_tune_e87cf_00445_445,TRANSFORMER,0.0086515327757822,0.680355206254127,0.6438945094158588,25.42340087890625,55.700164794921875,-282.3887939453125,0.0027894817758351564,-825764.8219437017,2.7252116203308105,5241.991522616366,4986.204238341772,839680000.0
train_tune_e87cf_00446_446,TRANSFORMER,0.007434297006259,0.8341673292797196,0.7816972791686004,129.53082275390625,374.3363037109375,-3966.156005859375,0.012593585066497326,-431754.3849438796,6.330308437347412,45234.09390575542,45168.688404058004,8290304000.0
train_tune_e87cf_00447_447,TRANSFORMER,0.0582570421997722,0.7233530372891953,0.679482719604578,24.79212188720703,54.591739654541016,-123.65330505371094,0.0030156788416206837,-4210.186083283434,2.117434024810791,6220.74432296973,6281.344285325765,1548288000.0
train_tune_e87cf_00448_448,TRANSFORMER,0.0086821921872299,0.8024575291721784,0.7808214412020263,85.37728881835938,233.92916870117188,-2068.390625,0.00625716894865036,-6643.352937829979,5.418360710144043,31084.936811561456,31106.494158592748,8290304000.0
train_tune_e87cf_00449_449,TRANSFORMER,0.0635289359473147,0.7053974063648584,0.686913077048848,27.37713050842285,50.21262741088867,-103.19557189941406,0.006693302653729916,-1351312.2314899133,5.663116455078125,5237.69862719675,5347.437559212726,1286144000.0
train_tune_e87cf_00450_450,TRANSFORMER,0.0953478463353685,0.7384083392786805,0.692859048485042,32.83610534667969,71.44239044189453,-239.909912109375,0.0042293802835047245,-12201.33295515308,3.483989715576172,6328.328525585952,6320.0659718521565,1259520000.0
train_tune_e87cf_00451_451,TRANSFORMER,0.0377435871073527,0.7884785015660277,0.7509247311926313,45.4073600769043,141.10137939453125,-318.210205078125,0.012897694483399391,-239571.19178883685,4.44748592376709,27995.336702143366,28628.34314613696,6217728000.0
train_tune_e87cf_00452_452,TRANSFORMER,0.0189248235102673,0.8201934248302226,0.7967864590197483,74.96967315673828,220.14366149902344,-1151.182373046875,0.023128937929868698,-4006.3298351608473,8.135107040405273,31372.181497304184,30628.688028948374,6217728000.0
train_tune_e87cf_00453_453,TRANSFORMER,0.0135243003819527,0.808442537458845,0.7309446821638136,52.83742141723633,168.82937622070312,-489.9047546386719,0.018752148374915123,-3490.140787088076,7.190010070800781,34715.08019673901,34744.35101259485,6217728000.0
train_tune_e87cf_00454_454,TRANSFORMER,0.0166160188558156,0.7927152606548062,0.7119689764782577,27.36334991455078,75.34468078613281,-143.0332794189453,0.0021326036658138037,-2076.4186038550743,1.7243552207946777,15726.081083475849,15723.42079051596,4145152000.0
train_tune_e87cf_00455_455,TRANSFORMER,0.0233598975299451,0.7930065633342374,0.7345737696820261,46.567691802978516,133.70529174804688,-417.2530212402344,0.003971520345658064,-326324.2261484233,3.5387768745422363,28785.33443368274,28787.151435001568,6217728000.0
train_tune_e87cf_00456_456,TRANSFORMER,0.0135381915910667,0.7525561727404312,0.7141746791067858,22.462797164916992,54.87495422363281,-177.47918701171875,0.000608881120570004,-2486.0167315015747,1.2986502647399902,5437.781518881598,5526.919431099626,1810432000.0
train_tune_e87cf_00457_457,TRANSFORMER,0.0161775550996979,0.8070322555078261,0.7755854892065599,102.09932708740234,304.57373046875,-1861.35302734375,0.03270932659506798,-5156.500486668872,10.432564735412598,44848.619982373246,41368.606392732676,8290304000.0
train_tune_e87cf_00458_458,TRANSFORMER,0.0076537962829563,0.8237365988481264,0.7750053339405526,148.0936737060547,420.3401184082031,-4729.30859375,0.015098425559699535,-929958.1916618113,7.240781784057617,50356.97449814103,50596.79811210411,8290304000.0
train_tune_e87cf_00459_459,TRANSFORMER,0.0148587526222066,0.8199055637417956,0.76148012678889,93.09883880615234,237.4724578857422,-1710.760009765625,0.014930671080946922,-138847.80518757066,6.3841142654418945,20601.496421518255,21321.681017571256,3620864000.0
train_tune_e87cf_00460_460,TRANSFORMER,0.025908820471128,0.7948071247576095,0.7133331307858288,28.222530364990234,81.00444030761719,-270.4909362792969,0.0009539798484183848,-4636.466238733526,1.5076556205749512,13404.77146813489,13421.302939236191,4145152000.0
train_tune_e87cf_00461_461,TRANSFORMER,0.0817736568889723,0.6880359282557394,0.6757832989852636,14.140935897827148,29.42066192626953,-44.6196403503418,0.0013914498267695308,-10545.8071755463,1.5168230533599854,3437.1506694148634,3391.193590176532,708608000.0
train_tune_e87cf_00462_462,TRANSFORMER,0.020419084017949,0.8040822961366477,0.7572314447185559,29.83505630493164,84.32968139648438,-311.04376220703125,0.0010538140777498484,-7938.469016904505,1.6693120002746582,14670.18489572022,14700.441615309835,4145152000.0
train_tune_e87cf_00463_463,TRANSFORMER,0.0376952946091463,0.8054522071271926,0.7402553344886814,36.11785888671875,114.19319152832031,-237.51150512695312,0.007303119171410799,-575102.657397615,3.2197208404541016,19205.162617897535,19413.305724121845,4145152000.0
train_tune_e87cf_00464_464,TRANSFORMER,0.0120781769721627,0.8062956383549971,0.7314452869217726,79.96533203125,265.6306457519531,-945.2259521484375,0.036984287202358246,-2949.410837006828,9.974695205688477,43727.3747968185,42983.55173043606,8290304000.0
train_tune_e87cf_00465_465,TRANSFORMER,0.0150240229657833,0.8086236755089523,0.7340115380315392,85.39637756347656,189.14266967773438,-1970.3695068359375,0.009439929388463497,-367338.0514131147,8.613611221313477,13439.30730025994,13439.30730025994,1679360000.0
train_tune_e87cf_00466_466,TRANSFORMER,0.0364615940567327,0.7955896568006271,0.7549966545311448,53.05896759033203,173.421142578125,-474.5012512207031,0.013670970685780048,-382211.9670305285,4.991244316101074,31202.305995212722,30902.599910318746,6217728000.0
train_tune_e87cf_00467_467,TRANSFORMER,0.0123211429919582,0.7624181372395143,0.7147657302457167,39.15862274169922,122.1593246459961,-340.8192138671875,0.013187996111810207,-3956.50620535555,5.187463760375977,20885.48753206996,23121.820294471643,4145152000.0
train_tune_e87cf_00468_468,TRANSFORMER,0.0221041027896067,0.8191987265049149,0.7322239863676029,65.03767395019531,140.06448364257812,-783.053955078125,0.011363355442881584,-205066.2410810896,5.603878021240234,15136.77608428508,15137.017228632605,3096576000.0
train_tune_e87cf_00469_469,TRANSFORMER,0.0863428777872781,0.7313579657536269,0.7100151142384729,23.029075622558594,50.18269729614258,-44.417476654052734,0.0024418204557150602,-41950.58685689879,0.9826335906982422,9819.285268062273,9846.647490554586,1417216000.0
train_tune_e87cf_00470_470,TRANSFORMER,0.0330626364651188,0.7747508177874933,0.7107002708001662,21.338146209716797,47.51679992675781,-189.2052459716797,0.002166865160688758,-4190.586429046441,2.1896469593048096,6145.475699045877,5656.2819275736065,839680000.0
train_tune_e87cf_00471_471,TRANSFORMER,0.0090270735024211,0.8301498867888637,0.7509429679037113,46.486419677734375,134.80645751953125,-578.1378173828125,0.010599001310765743,-7321088.428319633,5.041601657867432,21781.12518667915,21781.12518667915,4145152000.0
train_tune_e87cf_00472_472,TRANSFORMER,0.05921531130284,0.7179949553991918,0.6964101739354986,21.911109924316406,35.636451721191406,-81.93406677246094,0.002570119919255376,-1097756.4881405253,3.4235920906066895,3520.5342076252973,3766.7420443122533,964608000.0
train_tune_e87cf_00473_473,TRANSFORMER,0.0847045868549422,0.7263705003829722,0.7153038330765283,22.95026206970215,50.30628204345703,-22.19623565673828,0.0023964010179042816,-27514.272257088305,0.6181055903434753,8403.90659385943,8628.247150387879,1417216000.0
train_tune_e87cf_00474_474,TRANSFORMER,0.015039252895301,0.7607037097974954,0.6968294203356481,34.42401123046875,102.28225708007812,-265.9585876464844,0.002832661382853985,-110989.56022669058,2.3696980476379395,19210.59633542452,19210.59633542452,4145152000.0
train_tune_e87cf_00475_475,TRANSFORMER,0.0574766893017178,0.6712807434409793,0.656018370312572,31.000328063964844,48.8399658203125,-172.85504150390625,0.004460102878510952,-514398.93430958956,5.65371036529541,5279.230778236959,5113.8225025621605,1286144000.0
train_tune_e87cf_00476_476,TRANSFORMER,0.0150937052774566,0.7760563097718307,0.7287281035828965,26.89655113220215,72.37350463867188,-218.1785888671875,0.004078775644302368,-242307.9131893643,1.5445524454116821,10236.600332876442,9807.824033724777,1810432000.0
train_tune_e87cf_00477_477,TRANSFORMER,0.0830863275120343,0.7552445720383235,0.7115674365844344,40.642398834228516,95.41680145263672,-397.9129638671875,0.007062816992402077,-4289501.594898489,4.556705474853516,7938.904450395006,7935.06985246877,1259520000.0
train_tune_e87cf_00478_478,TRANSFORMER,0.0489391083156033,0.7281775787645883,0.7207374443111365,27.062721252441406,48.187896728515625,-122.75181579589844,0.0038214472588151693,-1078597.0611719945,4.585104942321777,5109.209265941105,5108.961087613188,1286144000.0
train_tune_e87cf_00479_479,TRANSFORMER,0.086889597158239,0.7446564762373652,0.6997479167333966,36.09602355957031,84.48078155517578,-274.5352783203125,0.007974749431014061,-1126713.5419219488,4.7061967849731445,7285.551902186493,8141.542258032588,1259520000.0
train_tune_e87cf_00480_480,TRANSFORMER,0.0604491019347201,0.7802150300224557,0.7306032155826139,25.946409225463867,53.00261688232422,-312.7125549316406,0.0011962073622271419,-26494.824050163046,2.577921152114868,3459.3141366347954,3499.825863158867,839680000.0
train_tune_e87cf_00481_481,TRANSFORMER,0.0102623473031813,0.786431806218567,0.7170542063239949,25.398347854614258,55.72025680541992,-318.0369873046875,0.0026212516240775585,-1168273.2690513358,2.8345940113067627,4692.484834940992,5039.540749156303,839680000.0
train_tune_e87cf_00482_482,TRANSFORMER,0.0094988591498743,0.8249708631067815,0.7865478425854499,44.42207717895508,128.7522735595703,-523.767578125,0.01127456035465002,-7946.307274203984,5.007809638977051,21406.045950377713,21351.77969494631,4145152000.0
train_tune_e87cf_00483_483,TRANSFORMER,0.033366846612521,0.7925601631348382,0.7462650326843757,32.192073822021484,84.47212982177734,-180.02015686035156,0.004280605353415012,-4402.6922231129165,2.8982763290405273,13382.008618714424,13424.96389644276,2715648000.0
train_tune_e87cf_00484_484,TRANSFORMER,0.0149345581738514,0.8288820836323836,0.7557432646286248,63.092323303222656,161.937255859375,-1111.7305908203125,0.006923749577254057,-1815370.7944883488,3.757449150085449,15443.507253249245,15457.010497300276,2715648000.0
train_tune_e87cf_00485_485,TRANSFORMER,0.0151859112483691,0.7567226473608687,0.7320254967727773,92.87694549560547,222.97354125976562,-2145.45361328125,0.008266075514256954,-2280.9847476869813,6.700216293334961,12821.889285014888,12778.895575419436,3620864000.0
train_tune_e87cf_00486_486,TRANSFORMER,0.1380706403180462,0.7840993786012064,0.7248203867209664,17.51565933227539,48.192440032958984,-45.34459686279297,0.0020862871315330267,-2527.356147270337,0.560539722442627,11118.724349558339,10864.536044555098,1810432000.0
train_tune_e87cf_00487_487,TRANSFORMER,0.0087515966327386,0.8240178520394269,0.7600564289104579,43.357093811035156,124.30933380126953,-644.0231323242188,0.0028312630020081997,-546903.5654442344,2.3263509273529053,18798.364524154036,19970.976391439854,4145152000.0
train_tune_e87cf_00488_488,TRANSFORMER,0.0090270735024211,0.7862834074325609,0.7577396967181452,40.760555267333984,120.24566650390625,-415.2983093261719,0.011908547952771187,-4446.82925293325,4.796067237854004,21536.01902502744,20654.109539674602,4145152000.0
train_tune_e87cf_00489_489,TRANSFORMER,0.0383207059029826,0.6940965114483032,0.669452399365731,29.6856689453125,54.84931182861328,-190.67941284179688,0.001830516615882516,-437161.45332842605,2.5131993293762207,5229.676109097876,5229.676109097876,964608000.0
train_tune_e87cf_00490_490,TRANSFORMER,0.0187711198169682,0.80436444029971,0.7482575903464249,45.296199798583984,129.69403076171875,-393.7301025390625,0.0037320724222809076,-3949.464405468444,3.3328099250793457,27612.19926325749,27758.34631751033,6217728000.0
train_tune_e87cf_00491_491,TRANSFORMER,0.0166810773720161,0.816248166466147,0.7830872559547299,113.23274993896484,335.98712158203125,-2214.519287109375,0.038972027599811554,-4258.1097504934705,11.389472007751465,42185.767703031146,40002.749118494314,8290304000.0
train_tune_e87cf_00492_492,TRANSFORMER,0.0147941857209472,0.8234354888557461,0.7517547017736156,122.78671264648438,294.364013671875,-3023.07958984375,0.02145645022392273,-4684881.6217173245,7.161874771118164,25660.354039562433,25660.354039562433,3620864000.0
train_tune_e87cf_00493_493,TRANSFORMER,0.0142232829415469,0.7926248754372985,0.7345096613912194,60.65913391113281,152.557373046875,-1188.316650390625,0.003583570010960102,-2504.899211784119,4.24294900894165,8896.06234345038,8927.10381586621,2715648000.0
train_tune_e87cf_00494_494,TRANSFORMER,0.0074074074074074,0.802776884456497,0.7799714604641831,82.26299285888672,241.57467651367188,-2091.45263671875,0.006724454462528229,-1567506.249328085,4.260143756866455,31306.5856195569,31085.941294897162,6217728000.0
train_tune_e87cf_00495_495,TRANSFORMER,0.0110041311092521,0.7962500717929376,0.7666708922840144,74.63021850585938,207.5603790283203,-1511.4654541015625,0.004989967681467533,-3161.4424734486583,4.875627040863037,25882.521775249086,26280.851762007715,8290304000.0
train_tune_e87cf_00496_496,TRANSFORMER,0.0757179959710208,0.6667334964422337,0.6462548915225614,13.923333168029785,25.341014862060547,-31.379302978515625,0.0024891821667551994,-3519306.9148787726,2.2761459350585938,2333.4052388017903,2461.0139999668213,643072000.0
train_tune_e87cf_00497_497,TRANSFORMER,0.0385848843082418,0.7768320245080002,0.7474898787114679,33.06954574584961,100.37076568603516,-187.73379516601562,0.0064121149480342865,-865012.3117012491,2.767643451690674,17879.57413786306,18656.491991424165,4145152000.0
train_tune_e87cf_00498_498,TRANSFORMER,0.0799687030493288,0.7095217321244803,0.6760774832231738,23.52940559387207,59.07298278808594,-129.27877807617188,0.0041772909462451935,-3038.0504632621814,3.3188047409057617,7283.979491234852,8286.631517659445,1259520000.0
train_tune_e87cf_00499_499,TRANSFORMER,0.0484261923192861,0.77933583667381,0.7379556012270282,24.750484466552734,65.29728698730469,-110.49789428710938,0.0065153068862855434,-1276597.451112251,2.039175271987915,10234.186694968634,10941.518735711461,1810432000.0
train_tune_e87cf_00500_500,RNN,0.0468707255387516,0.6658664363336798,0.627636753680282,0.34202536940574646,0.6842468976974487,-0.00023902553948573768,1.3856410078005865e-05,-21415184.641269404,-0.007377352099865675,3406.808006849029,3406.808016429917,1178048000.0
train_tune_e87cf_00501_501,RNN,0.0761358063747735,0.5893298044921227,0.5682352519485563,0.30136922001838684,0.6787940263748169,-0.0021981962490826845,1.9940605852752924e-05,-20677639.341748245,0.027278663590550423,4544.421153272452,4544.336043980605,388224000.0
train_tune_e87cf_00502_502,RNN,0.0207057446179726,0.6275805277559235,0.6078231926706513,0.4732542037963867,0.917027473449707,-0.0006826532771810889,1.4396173355635256e-05,-21003247.719798505,0.0011359265772625804,1874.6005650529896,1874.600553559316,963200000.0
train_tune_e87cf_00503_503,RNN,0.0032174086022435,0.6630509238063215,0.6572684281679249,0.22027786076068878,0.5433163642883301,-0.0006780590629205108,8.162875928974245e-06,-21312359.915931605,-0.0034688496962189674,7888.85185598486,7888.853437808673,1820928000.0
train_tune_e87cf_00504_504,RNN,0.0141870449878663,0.67064934007831,0.6495823539467469,0.19132433831691742,0.34335777163505554,3.826184547506273e-05,3.7310846892069094e-06,-19174882.859592043,-0.0023590947967022657,8360.778773601614,8360.77925946697,3312320000.0
train_tune_e87cf_00505_505,RNN,0.0470370201186366,0.6013950764809081,0.6127966081816657,0.40173813700675964,0.6874520778656006,0.003729990217834711,2.6773590434459038e-05,-19290000.485735856,-0.03546604886651039,2002.155730451143,2003.4728834294774,2961344000.0
train_tune_e87cf_00506_506,RNN,0.0068776839484004,0.7203203939024184,0.6926746275084233,0.5554593801498413,0.9078795909881592,-0.0058411466889083385,1.8256470866617747e-05,-20256347.911107168,0.02785089612007141,1079.2916979520758,1079.2918390013513,3154368000.0
train_tune_e87cf_00507_507,RNN,0.0415220662421532,0.5787833510046508,0.5925310073226067,0.44724950194358826,0.8212607502937317,0.0020867986604571342,1.5820987755432725e-05,-21146051.20150812,-0.023817136883735657,1851.8779430994723,1851.8767738921713,451584000.0
train_tune_e87cf_00508_508,RNN,0.0159737709530806,0.6036757447664394,0.6129422530291112,0.39348626136779785,0.7248631715774536,-0.0038032853044569492,1.8924733012681827e-05,-19649923.1782915,0.045708831399679184,2492.3628655910484,2492.353349048083,1545728000.0
train_tune_e87cf_00509_509,RNN,0.0141571081833605,0.5143832603925508,0.4692067608424455,0.24123455584049225,0.424775630235672,0.0005550055648200214,1.4090882359596435e-05,-18617871.628861338,-0.014664682559669018,5527.146884479675,5526.968907191396,1037376000.0
train_tune_e87cf_00510_510,RNN,0.0407909650811859,0.7626967108306592,0.7461327854516444,0.24449676275253296,0.46211400628089905,0.00045553920790553093,1.312797667196719e-05,-19714505.21259376,-0.011261187493801117,5406.08388259041,5406.0838833657845,5989376000.0
train_tune_e87cf_00511_511,RNN,0.0084579062376935,0.6927350149975725,0.6776415959744582,0.42167967557907104,0.7331087589263916,0.0009984042262658477,1.23540849017445e-05,-19674625.12672679,-0.009512805379927158,2048.1002899379687,2048.1002893609543,1783680000.0
train_tune_e87cf_00512_512,RNN,0.0007539230297185,0.687624479753375,0.6933062333395932,0.21021413803100586,0.40931436419487,-0.00015941781748551875,6.663164185738424e-06,-19931661.492729712,0.0020566442981362343,7454.554240404013,7454.554254877772,3371584000.0
train_tune_e87cf_00513_513,RNN,0.0470437739444846,0.7848097020958918,0.7098784158131947,0.18391194939613342,0.5156855583190918,-0.0008300972986035049,9.419583875569515e-06,-20771984.54274392,-0.017671268433332443,9689.748839625663,9689.748821460165,3981312000.0
train_tune_e87cf_00514_514,RNN,0.0227600800941618,0.5388308766657242,0.5143090398965063,0.20961982011795044,0.5249596834182739,-0.0007000231416895986,8.283002898679115e-06,-20140064.945790954,0.0029640449211001396,8007.581562897363,8007.616646883524,1204928000.0
train_tune_e87cf_00515_515,RNN,0.007494872595606,0.6472786904791289,0.6188337876654812,0.3431963622570038,0.6240126490592957,0.00020828473498113453,1.3993931133882143e-05,-19929349.645064484,-0.005166728049516678,3004.6602582182577,3004.656019663189,1245504000.0
train_tune_e87cf_00516_516,RNN,0.0141571081833605,0.7392433607568378,0.768011072971128,0.18504598736763,0.3595125079154968,0.000263374880887568,7.081312105583493e-06,-19124889.102825332,-0.014442414045333862,8419.92176575273,8419.921474224482,5758016000.0
train_tune_e87cf_00517_517,RNN,0.0644335838425263,0.5515206395487545,0.5403752633145497,0.28919070959091187,0.6162394881248474,-0.0002704051439650357,1.3602673789137043e-05,-20943247.797913816,-0.013244136236608028,4250.365924733018,4250.045015071763,372224000.0
train_tune_e87cf_00518_518,RNN,0.0098577125777418,0.5690934575607632,0.551187770049654,0.2760418951511383,0.5164130330085754,-0.0012016136897727847,2.0745981601066887e-05,-18886870.37763774,0.028232574462890625,4430.729640983315,4430.7104118814,613952000.0
train_tune_e87cf_00519_519,RNN,0.0141870449878663,0.6669227003859296,0.64760653871784,0.20396503806114197,0.3629804849624634,5.399899964686483e-05,1.2402122592902742e-05,-19104656.215654373,-0.003472172422334552,6519.040538978222,6519.040536835829,5385472000.0
train_tune_e87cf_00520_520,RNN,0.0233312298792973,0.6752214346278078,0.6577353714242872,0.22028140723705292,0.569774329662323,-0.001372579368762672,4.323107987147523e-06,-20696051.73494068,0.002241973765194416,7061.710543203981,7061.709622296346,1805888000.0
train_tune_e87cf_00521_521,RNN,0.017049939342871,0.6651328925841102,0.6412297138158561,0.23746263980865479,0.596250057220459,-0.00137308519333601,3.6912013001710875e-06,-21084652.32012507,0.002459772629663348,6805.9817982091845,6805.983520216071,1281024000.0
train_tune_e87cf_00522_522,RNN,0.0098577125777418,0.6402449021222192,0.6456744140403251,0.3014179468154907,0.5491235256195068,-0.0009088009828701615,1.085192161554005e-05,-20728833.34377738,0.016822924837470055,3916.4278190463656,3916.6459245517854,2020224000.0
train_tune_e87cf_00523_523,RNN,0.0034543209236854,0.6135356295487111,0.5790016649778218,0.42192232608795166,0.7524346113204956,-0.002503862138837576,2.683422644622624e-05,-18644759.333521128,0.025223882868885994,2232.5356209680494,2232.5466852972663,805568000.0
train_tune_e87cf_00524_524,RNN,0.0084795137219038,0.7105358178797473,0.690646457244715,0.2048012614250183,0.399307519197464,0.00012385986337903887,4.837264441448497e-06,-20275892.051571332,-0.005399093963205814,7150.343097296054,7150.352908365311,2902912000.0
train_tune_e87cf_00525_525,RNN,0.0141870449878663,0.7088751841362562,0.7053641530560399,0.2180573046207428,0.3882889747619629,0.00036810897290706635,1.4045102943782695e-05,-19214636.545868,-0.013295316137373447,6222.539995000481,6222.540606167842,6186048000.0
train_tune_e87cf_00526_526,RNN,0.0068776839484004,0.6370264614479189,0.6277975100629336,0.5658113360404968,0.9606324434280396,-0.004011840093880892,1.1474183338577859e-05,-19281911.179507688,0.02010807767510414,1098.1730020492885,1098.1609840784781,3995456000.0
train_tune_e87cf_00527_527,RNN,0.0073935228574403,0.7629236883182595,0.7120610264113251,0.2391078770160675,0.5646044611930847,-0.0006483457400463521,1.3080128155706916e-05,-20975996.146845598,-0.018160564824938774,6228.626706427977,6228.626716450946,2676224000.0
train_tune_e87cf_00528_528,RNN,0.0007539230297185,0.6043090542412517,0.587645855677057,0.2173781841993332,0.37645384669303894,-2.0155563106527552e-05,9.183119800582062e-06,-18804770.407188058,-0.0016931442078202963,5974.962957002379,5974.963192645002,2335168000.0
train_tune_e87cf_00529_529,RNN,0.0098577125777418,0.7299666105643574,0.7294996941345585,0.17641864717006683,0.3295647203922272,0.00016008157399483025,4.846531737712212e-06,-19138106.729315758,-0.008722377941012383,9825.089554205408,9825.089599700608,8239360000.0
train_tune_e87cf_00530_530,RNN,0.0088770628499945,0.7336796069551542,0.7049307329666411,0.21447136998176575,0.5531863570213318,-0.001553401118144393,6.288739314186387e-06,-21467895.16156961,0.02141912840306759,8214.22937511165,8214.229394595004,2505024000.0
train_tune_e87cf_00531_531,RNN,0.0032167965203254,0.6818037974075654,0.6833218522341674,0.4462808072566986,0.8036861419677734,-0.0015911858063191175,2.2155109036248177e-05,-20919553.938613355,0.009550915099680424,2052.9180263589305,2052.9180264030224,2213120000.0
train_tune_e87cf_00532_532,RNN,0.0068776839484004,0.7014052803780697,0.7109050834168453,0.17074301838874817,0.30771705508232117,0.0002272211277158931,4.439250460563926e-06,-19173852.857742194,-0.012483338825404644,9474.62613687151,9474.625682715005,5852736000.0
train_tune_e87cf_00533_533,RNN,0.007494872595606,0.6580786208492321,0.6484302726796005,0.17514605820178986,0.3224969208240509,-3.414693765080301e-06,4.676378921431024e-06,-18697535.684672743,-7.009329419815913e-05,9356.542816678393,9356.54281569288,5438784000.0
train_tune_e87cf_00534_534,RNN,0.0034543209236854,0.6955782985266753,0.6950707678045899,0.287891685962677,0.49661684036254883,8.422219252679497e-05,1.2500255252234638e-05,-19143430.239217058,-0.0038391947746276855,3668.939550639786,3668.939550366198,5683840000.0
train_tune_e87cf_00535_535,RNN,0.0141870449878663,0.6936129739793675,0.6472317290744344,0.17626500129699707,0.3626847267150879,1.9436287402641028e-05,7.909664418548346e-06,-20154914.055047177,-0.008334275335073471,9290.293922644247,9290.29392084606,5576960000.0
train_tune_e87cf_00536_536,RNN,0.0141571081833605,0.734253244936928,0.7299532836154572,0.7291466593742371,1.2428463697433472,0.009340209886431694,2.595420846773777e-05,-19509061.61064861,-0.029303930699825287,680.9259851724464,680.9259859251092,6165824000.0
train_tune_e87cf_00537_537,RNN,0.0141870449878663,0.6598408043233588,0.6722760634163966,0.18906435370445251,0.331739217042923,-0.00032215204555541277,7.610374268551823e-06,-19267022.43245405,0.014857727102935314,7647.353578645094,7647.3405541674565,3575360000.0
train_tune_e87cf_00538_538,RNN,0.0021198153282129,0.548203137146764,0.5144013569761042,0.9596783518791199,1.6987463235855103,-0.03648068755865097,8.598561544204131e-05,-21201450.73168327,0.07984201610088348,474.31475779963307,474.3122186817286,170688000.0
train_tune_e87cf_00539_539,RNN,0.0068776839484004,0.6406144835707033,0.6262572448832919,0.3105872869491577,0.597237229347229,-0.001314499182626605,6.097409368521767e-06,-19312201.434096836,0.021801823750138283,3753.9953234173777,3754.2991920480817,1023616000.0
train_tune_e87cf_00540_540,RNN,0.0034543209236854,0.6602512594850943,0.6611015485187435,0.21014456450939178,0.40248265862464905,0.00011220046872040257,5.977798082312802e-06,-20543676.893079717,-0.00837698020040989,6656.355510858091,6656.359903252645,1347200000.0
train_tune_e87cf_00541_541,RNN,0.0068776839484004,0.5947637841060774,0.6080547550598857,0.43252503871917725,0.7503517866134644,0.0020820724312216043,1.3487720934790559e-05,-19170368.635820575,-0.019066432490944862,1870.2853228868776,1870.2878529444874,2050048000.0
train_tune_e87cf_00542_542,RNN,0.0655376223108036,0.6848527796602113,0.6624087933140889,0.1795826256275177,0.5033494234085083,-0.0010215200018137693,6.596803359570913e-06,-21165266.42050571,-0.001203981228172779,9638.087069306726,9638.086756473434,2759744000.0
train_tune_e87cf_00543_543,RNN,0.0068776839484004,0.6915840431259443,0.6975005683042842,0.4077889919281006,0.7425987124443054,-0.004303314257413149,4.3901534809265286e-05,-19872119.108868994,0.04997757449746132,2459.451514255681,2459.451516863802,2768768000.0
train_tune_e87cf_00544_544,RNN,0.0068776839484004,0.6660754150470173,0.6556187644206087,0.30400094389915466,0.5722769498825073,0.00030673848232254386,6.309724994935095e-06,-19749233.16705339,-0.008893512189388275,3914.467643233315,3914.4650219028135,1140288000.0
train_tune_e87cf_00545_545,RNN,0.0276673998047024,0.6582987374071365,0.6558293275877257,0.22879327833652496,0.5391006469726562,-0.0011898393277078867,1.2833348591811955e-05,-21264077.166152127,0.0030431069899350405,6657.501477274244,6657.5009978813605,1596288000.0
train_tune_e87cf_00546_546,RNN,0.010032495716754,0.6840369343540319,0.6816900520783837,0.22321538627147675,0.46043771505355835,4.905195964965969e-05,8.781389624346048e-06,-19618021.036598217,-0.004223438911139965,6535.858220605243,6535.858273894587,2152384000.0
train_tune_e87cf_00547_547,RNN,0.0068776839484004,0.6488128120112182,0.6616150798621149,0.3661448061466217,0.6421209573745728,-0.000959427619818598,1.497735775046749e-05,-19268604.45786805,0.010193736292421818,2683.129421942972,2683.1327806844047,2073536000.0
train_tune_e87cf_00548_548,RNN,0.0068776839484004,0.7015635540689413,0.6814269062803068,0.18163582682609558,0.5121216773986816,-0.0012539152521640062,6.68111169943586e-06,-20485716.443917833,0.007936866953969002,9715.483761984371,9715.482596142074,2825024000.0
train_tune_e87cf_00549_549,RNN,0.0411886692954714,0.7378253642277539,0.7119575906844883,0.19169962406158447,0.3666755259037018,-5.185436748433858e-05,5.096302174933953e-06,-20052726.836610034,-0.003260869299992919,7820.420384916661,7820.421434336389,4119872000.0
train_tune_e87cf_00550_550,RNN,0.0102915744262239,0.7412388554736252,0.7157731351348054,0.2461588829755783,0.6008427739143372,-0.00148150441236794,5.409453933680197e-06,-20844794.348844685,0.012505052611231804,6370.1152463522485,6370.1152353851685,3162240000.0
train_tune_e87cf_00551_551,RNN,0.0470370201186366,0.6290048046545379,0.5925130443357245,0.24960994720458984,0.46384474635124207,1.0605872375890613e-06,1.0358096005802508e-05,-19804496.182482187,-0.0053567164577543736,5038.692674792819,5038.6930948300305,1366272000.0
train_tune_e87cf_00552_552,RNN,0.0032167965203254,0.7895718172636144,0.7951647148999413,0.17238911986351013,0.3248535990715027,-5.8215107856085524e-05,6.245781150937546e-06,-19282256.911777254,0.003071700921282172,9497.950756611428,9497.950760437037,7911232000.0
train_tune_e87cf_00553_553,RNN,0.0034543209236854,0.6869243199830101,0.6594154797180889,0.30668431520462036,0.6322823762893677,-0.0026897015050053596,1.3947481420473196e-05,-20534628.742303103,0.0296594500541687,3870.5383832661205,3870.5394737961074,937920000.0
train_tune_e87cf_00554_554,RNN,0.0007539230297185,0.6026625954500685,0.5764054803752562,0.42840126156806946,0.8025702238082886,-0.0027547357603907585,7.175557584560011e-06,-21314938.94103285,0.019543133676052094,2089.864475026976,2089.8644748899615,2280384000.0
train_tune_e87cf_00555_555,RNN,0.0035657686212361,0.6516355350647675,0.6389818677595719,0.168752983212471,0.3098164498806,-0.00014395736798178405,7.34569039195776e-06,-18250002.02366227,0.00913479458540678,9528.841725319973,9528.843642981496,4017856000.0
train_tune_e87cf_00556_556,RNN,0.0356300192151617,0.6642191554073096,0.6656841406052388,0.21906936168670654,0.5583459138870239,-0.0008082095300778747,9.879207937046885e-06,-21110163.09126391,-0.010264294221997261,6764.562612990307,6764.560452566784,1557504000.0
train_tune_e87cf_00557_557,RNN,0.0098577125777418,0.6698368602132551,0.6886352196030113,0.2261391133069992,0.3688478469848633,-0.00026160592096857727,5.761496595368953e-06,-19046533.2591156,0.008586402982473373,5394.479377676568,5394.2893299829175,2141632000.0
train_tune_e87cf_00558_558,RNN,0.0407909650811859,0.450130902304921,0.44503731986451,0.9049831032752991,1.558642029762268,0.01845732145011425,8.181974408216774e-05,-20759434.897295162,-0.032517898827791214,467.37428596181053,467.1848246562422,27776000.0
train_tune_e87cf_00559_559,RNN,0.0020712582458705,0.5919950310968805,0.5731412648306571,0.3312368094921112,0.5936796069145203,-0.0023009460419416428,1.1340328455844428e-05,-20024658.132855237,0.035181574523448944,3050.314224390221,3050.28476805273,528960000.0
train_tune_e87cf_00560_560,RNN,0.010316002977379,0.6596139970425029,0.6523968765739755,0.3212079703807831,0.6393081545829773,-0.0008904504356905818,6.493833097920287e-06,-20137077.732322972,0.015610908158123493,3741.7570888809114,3741.8254046177444,583424000.0
train_tune_e87cf_00561_561,RNN,0.0407909650811859,0.7226162879728981,0.7434434228444196,0.28709155321121216,0.496347576379776,-0.00023380025231745094,6.048490376997506e-06,-19743346.90512564,0.005301781464368105,3933.1480062388214,3933.148007840169,6887168000.0
train_tune_e87cf_00562_562,RNN,0.0068776839484004,0.7300417625059733,0.7103243972653004,0.24829208850860596,0.4843670427799225,-0.0003617811016738415,7.251612260006368e-06,-20099137.23506265,0.005732470192015171,5713.6461808852,5713.646181022283,4614592000.0
train_tune_e87cf_00563_563,RNN,0.0068776839484004,0.7622446370279039,0.7232443819196719,0.17913436889648438,0.3828493654727936,-0.0003514749405439943,1.0572031897027045e-05,-19948076.071282864,0.020757973194122314,9562.912326920234,9562.914036768758,3054592000.0
train_tune_e87cf_00564_564,RNN,0.0034543209236854,0.7090760899564365,0.7092725582013789,0.2349458634853363,0.4456358551979065,0.0001405152870574966,9.40789504966233e-06,-19769324.272656057,-0.011761724017560482,5347.193822387409,5347.193675141346,1987648000.0
train_tune_e87cf_00565_565,RNN,0.0075139530219052,0.7321170096188591,0.6773931447854599,0.18142713606357574,0.5250495672225952,-0.0007660972187295556,4.299507963878568e-06,-20825538.371856734,-0.011893980205059052,9621.437860470432,9621.437451222188,2666240000.0
train_tune_e87cf_00566_566,RNN,0.0032167965203254,0.6003051611790758,0.5768640393766027,0.18220117688179016,0.5116922855377197,-0.0008194787660613656,5.80433970753802e-06,-20801419.808512423,0.00034297804813832045,9983.067575800487,9983.057803422811,2324480000.0
train_tune_e87cf_00567_567,RNN,0.0144251822431741,0.6877416301228468,0.6597221087032996,0.23521043360233307,0.4115506410598755,-0.00011681784235406667,8.465514838462695e-06,-18862986.86437812,0.0033875685185194016,5099.801829066138,5099.8018556531,2463360000.0
train_tune_e87cf_00568_568,RNN,0.0007539230297185,0.5609030565526747,0.5409782185358298,0.2853296399116516,0.5264622569084167,-0.0008894038619473577,8.152988812071271e-06,-19171882.18175981,0.019180282950401306,4371.734995111477,4371.5254571214045,1945152000.0
train_tune_e87cf_00569_569,RNN,0.0161922894995587,0.643718178254174,0.627923398024497,0.2605248689651489,0.5738123059272766,-0.0012009188067167997,4.3607760744635016e-06,-20971482.5825848,0.020412124693393707,5261.4711873146825,5261.467368965523,901184000.0
train_tune_e87cf_00570_570,RNN,0.0020712582458705,0.680794383465139,0.6918610085834946,0.31240272521972656,0.5308757424354553,-0.0005509601323865354,1.0730365829658695e-05,-19758335.526325453,0.0073064411990344524,3351.524251372238,3351.5242516631906,3427520000.0
train_tune_e87cf_00571_571,RNN,0.0313563602572245,0.7238351269950624,0.70755030891794,0.2011382281780243,0.5134166479110718,-0.0008201345335692167,5.9778276408906095e-06,-20847394.586230133,-0.012469442561268806,8117.071491435533,8117.071495480006,3774528000.0
train_tune_e87cf_00572_572,RNN,0.0043843721411017,0.5348894708309404,0.5294999518731296,0.3680509328842163,0.6300225853919983,-0.0004769563383888453,7.212701348180417e-06,-19878415.31805412,0.0028838226571679115,2444.8754955964655,2444.875393054473,917504000.0
train_tune_e87cf_00573_573,RNN,0.0141571081833605,0.7322672183105965,0.7120861549528571,0.3673067092895508,0.651896059513092,-0.0020041263196617365,1.1705290489771869e-05,-19050736.151980426,0.024290990084409714,2484.701489362156,2484.7014895585394,3481280000.0
train_tune_e87cf_00574_574,RNN,0.0007558180412008,0.7681789973279955,0.7271089797625387,0.2046227753162384,0.42611372470855713,-6.146870873635635e-05,3.5380203371460084e-06,-19839279.424782425,-0.001170956064015627,8020.044035671701,8020.04421161185,3644032000.0
train_tune_e87cf_00575_575,RNN,0.0032167965203254,0.609977493905087,0.592219772704135,0.6516641974449158,1.1114710569381714,0.0013670013286173344,6.734045655321097e-06,-19779359.139042526,-0.007606633007526398,877.7308982930213,877.7272464883031,787584000.0
train_tune_e87cf_00576_576,RNN,0.046288507730514,0.6889141130354167,0.6714729675448959,0.1786198616027832,0.34851473569869995,0.00010189777094637975,5.968872756056953e-06,-20544866.339040224,-0.011975892819464207,8774.871313611455,8774.87281829771,2405312000.0
train_tune_e87cf_00577_577,RNN,0.0520152540291217,0.6157942839017595,0.599285050687067,0.19624030590057373,0.5831905603408813,-0.0014109178446233273,1.2530192179838195e-05,-20745281.00980651,0.0033991574309766293,9573.871772377086,9573.884282084171,2084672000.0
train_tune_e87cf_00578_578,RNN,0.006880889431225,0.6953691159008218,0.6545069354402417,0.2322731763124466,0.5715919733047485,-0.0007370593375526369,4.22127777710557e-06,-20854405.60361094,-0.004960027989000082,6940.8602357591135,6940.860880165902,1793984000.0
train_tune_e87cf_00579_579,RNN,0.0141979232888323,0.6980674230251362,0.6840990463264686,0.25988665223121643,0.48350968956947327,0.0010485437233000994,8.636159691377543e-06,-19926363.809367515,-0.028224842622876167,4540.346547613526,4540.346549275719,3853184000.0
train_tune_e87cf_00580_580,RNN,0.0470370201186366,0.7390629789632517,0.7096143860443823,0.24016448855400085,0.4385758340358734,0.00044027689727954566,1.2722670362563804e-05,-18886027.72571253,-0.01319605391472578,5668.151036547846,5668.151197647412,4428416000.0
train_tune_e87cf_00581_581,RNN,0.0099993474435749,0.7712317916168033,0.7215207704402652,0.18446898460388184,0.509911298751831,-0.0007938149501569569,5.0244698286405765e-06,-20673541.34008205,0.001778661273419857,9865.693302495096,9865.693291715841,4934528000.0
train_tune_e87cf_00582_582,RNN,0.0141870449878663,0.6372604614263657,0.633680420008815,0.2608409523963928,0.47613394260406494,-0.0002731337444856763,1.046438865159871e-05,-19664686.569356825,0.007045265287160873,4689.65740675248,4689.6275250357285,2143552000.0
train_tune_e87cf_00583_583,RNN,0.0020712582458705,0.7019922399588595,0.7283544466694342,0.18081538379192352,0.33967065811157227,0.00015314112533815205,3.7102963688084856e-06,-19368392.491746593,-0.007996316999197006,8980.37387132789,8980.373930028114,4606016000.0
train_tune_e87cf_00584_584,RNN,0.0032744745269374,0.792213066122321,0.7388466870160688,0.20681223273277283,0.5682644248008728,-0.0013499127235263586,7.152084435801953e-06,-20558465.998127647,0.007901813834905624,8630.909939578232,8630.909922723742,3704768000.0
train_tune_e87cf_00585_585,RNN,0.0007579429780108,0.68098861883845,0.6410085387733558,0.19922438263893127,0.5229452848434448,-0.001174375880509615,7.93948129285127e-06,-20823707.5818085,0.0061460803262889385,8099.433951992736,8099.433921377504,2734848000.0
train_tune_e87cf_00586_586,RNN,0.0153888585809379,0.7736995632856463,0.730498718286237,0.1923353523015976,0.5029693245887756,-0.0010140716331079602,3.417532070670859e-06,-21208513.120214656,-0.0026455996558070183,9291.93796278632,9291.937971171144,4253184000.0
train_tune_e87cf_00587_587,RNN,0.0068776839484004,0.735370877488441,0.6917492577833978,0.204701229929924,0.3876293897628784,-0.00016730705101508647,6.58405906506232e-06,-20518125.002648477,0.004788885824382305,7083.088863870289,7083.090052794632,4324160000.0
train_tune_e87cf_00588_588,RNN,0.0194529503525592,0.7274445392735491,0.7025766231092053,0.22157156467437744,0.5600137114524841,-0.000827961543109268,6.942967047507409e-06,-20769630.352511093,0.004726421553641558,7786.183209678595,7786.183199039201,3550592000.0
train_tune_e87cf_00589_589,RNN,0.024402257833991,0.683335912328182,0.6564664901970981,0.26819464564323425,0.6217280626296997,-0.0020143871661275625,1.7511683836346492e-05,-21020685.62454684,0.027207957580685616,5639.047892968205,5639.047897934706,2314368000.0
train_tune_e87cf_00590_590,RNN,0.0068776839484004,0.7438593565745009,0.6956335198269137,0.18962915241718292,0.5565454959869385,-0.0013328461209312081,5.394317668105941e-06,-21365617.367519543,0.0075429100543260574,9885.419677317223,9885.419691559522,3921024000.0
train_tune_e87cf_00591_591,RNN,0.0258780342615874,0.7636737738922872,0.7098840755578606,0.1883336454629898,0.39152348041534424,-3.0828246963210404e-05,8.454520866507664e-06,-19843924.356807936,-0.005422823131084442,8316.945902326586,8316.945823506614,4160384000.0
train_tune_e87cf_00592_592,RNN,0.0034543209236854,0.7910749941776828,0.7437912411899794,0.18330734968185425,0.3723994195461273,-8.902406989363953e-08,8.905060894903727e-06,-19551714.291979536,-0.003330785548314452,9094.824789848517,9094.824785683624,7379520000.0
train_tune_e87cf_00593_593,RNN,0.0020712582458705,0.735589445303216,0.714471354505321,0.17066653072834015,0.30472084879875183,0.00035799085162580013,1.021816296997713e-05,-19233893.213334747,-0.021280203014612198,8961.076883866866,8961.078749133874,4699392000.0
train_tune_e87cf_00594_594,RNN,0.0020712582458705,0.7433871688160949,0.7587089616428333,0.9215160012245178,1.6266515254974365,-0.01557927206158638,9.74732538452372e-05,-19378186.208727606,0.019995426759123802,474.652975175043,474.6529751726282,6319808000.0
train_tune_e87cf_00595_595,RNN,0.0100647488847295,0.6825264289181388,0.6861784393854997,0.4655565023422241,0.7788125276565552,0.00504053570330143,1.696745130175259e-05,-19911002.841036145,-0.03826265409588814,1502.7948674395439,1502.794867388635,2958272000.0
train_tune_e87cf_00596_596,RNN,0.0034393363290701,0.7188918847548249,0.6760509937800889,0.20124568045139313,0.5520328283309937,-0.0011289753019809723,1.1030228961317334e-05,-21223005.27750288,0.020257998257875443,9374.471063932839,9374.471194438613,3034880000.0
train_tune_e87cf_00597_597,RNN,0.007494872595606,0.6210876496685857,0.6314849650191134,0.6744863390922546,1.206069827079773,-0.008275930769741535,4.697112672147341e-05,-20209858.618303385,0.022870762273669243,888.5941965905928,888.5902093535888,1469888000.0
train_tune_e87cf_00598_598,RNN,0.007494872595606,0.6465430160369262,0.646388525412144,0.34823688864707947,0.6245352625846863,-0.00013193828635849059,7.818801350367721e-06,-20335196.553040817,-0.0005960177513770759,2983.76290725072,2983.7629226619592,2017472000.0
train_tune_e87cf_00599_599,RNN,0.0104266517050841,0.7253884761951536,0.6837242177426318,0.18734364211559296,0.5138359069824219,-0.0011832397431135178,6.446438874263549e-06,-20773061.23467226,0.009856777265667915,9541.265349272135,9541.265388670077,3308672000.0
train_tune_e87cf_00600_600,RNN,0.0470370201186366,0.7976945984060791,0.7579392983274658,0.21767432987689972,0.362738698720932,-0.00017588290211278945,3.7209056245046668e-06,-19527840.906347524,0.006135096773505211,5446.088259262501,5446.088258951368,10041152000.0
train_tune_e87cf_00601_601,RNN,0.0407909650811859,0.6598265148942756,0.6264071112173215,0.2832287549972534,0.5728380084037781,-0.0010557501809671521,1.4985845155024435e-05,-20748040.499262787,0.005463536828756332,4326.330188784481,4326.330164417625,1788672000.0
train_tune_e87cf_00602_602,RNN,0.0141870449878663,0.7766564975110161,0.7474494006470533,0.1931813508272171,0.3580043315887451,-6.69168439344503e-05,7.237598765641451e-06,-19129473.309723146,0.0023804744705557823,8142.121295011919,8142.121300375471,7965824000.0
train_tune_e87cf_00603_603,RNN,0.0166653020769972,0.7278051528704593,0.71176204576401,0.20857545733451843,0.5144681334495544,-0.001081520807929337,7.219451617856976e-06,-20833934.529859357,0.009073244407773018,7866.847306330351,7866.847306497148,4094976000.0
train_tune_e87cf_00604_604,RNN,0.0407909650811859,0.7555267966065418,0.7469543121433202,0.2760632336139679,0.4808916747570038,0.0011934249196201563,9.910480912367348e-06,-18752593.65467143,-0.02741379849612713,3869.2930527639255,3869.293052193906,6534976000.0
train_tune_e87cf_00605_605,RNN,0.0098577125777418,0.726878713583316,0.7316140532556528,0.17839756608009338,0.307309091091156,-5.153684469405562e-05,9.424236850463785e-06,-19112572.194931068,0.0028556548058986664,8701.361972595554,8701.361974157127,7171904000.0
train_tune_e87cf_00606_606,RNN,0.030912569867906,0.7214848472954148,0.6877521197510738,0.201140895485878,0.5545836687088013,-0.000623640138655901,9.565527761878911e-06,-20423908.119326286,-0.012706116773188114,8306.839923773987,8306.839898854303,3130880000.0
train_tune_e87cf_00607_607,RNN,0.0508004871893148,0.6925979526705409,0.6874375973991128,0.1997179538011551,0.5408111214637756,-0.0009836623212322593,1.3319753634277731e-05,-20741462.295123752,-0.0003172348951920867,9305.198675803873,9305.19868014928,4098176000.0
train_tune_e87cf_00608_608,RNN,0.0020712582458705,0.6033278928068243,0.5969996999797804,0.6910857558250427,1.2043899297714233,-0.008199050091207027,1.4776791431359015e-05,-19862781.92790123,0.024460557848215103,877.0273339621824,877.027376827936,838976000.0
train_tune_e87cf_00609_609,RNN,0.0032167965203254,0.6928075361008996,0.6937068769798859,0.2429364025592804,0.48230597376823425,-0.00059655518271029,1.1892621841980144e-05,-19805027.7416389,0.015478694811463356,5697.923912662296,5697.932431575062,2636352000.0
train_tune_e87cf_00610_610,RNN,0.0123584604198713,0.699084540003723,0.6826043327992456,0.24901124835014343,0.566360592842102,-0.001334517844952643,2.5231249310309067e-05,-20647760.95686328,0.027054816484451294,5824.727597222523,5824.72759624314,3284544000.0
train_tune_e87cf_00611_611,RNN,0.0141870449878663,0.7909710600044693,0.7434048145689583,0.18208596110343933,0.3410608768463135,-0.0002824955736286938,7.192763405328151e-06,-19948118.53287677,0.010756407864391804,7620.573587666228,7620.573578569711,5386880000.0
train_tune_e87cf_00612_612,RNN,0.0032167965203254,0.567999848538831,0.5660212505415937,0.8619801998138428,1.507813811302185,-0.014245687983930111,3.8572423363802955e-05,-20919101.85940444,0.03062826208770275,467.99110598367446,467.991105565495,956288000.0
train_tune_e87cf_00613_613,RNN,0.0061897548857892,0.6752912053974853,0.6658663786422416,0.2865666151046753,0.5982675552368164,-0.0006566178053617477,5.4026877478463575e-06,-21131279.111358438,-0.0033668887335807085,4231.153229526218,4231.153234044024,1372608000.0
train_tune_e87cf_00614_614,RNN,0.0407909650811859,0.6628344114643845,0.6701204312251555,0.25865811109542847,0.471264123916626,0.0006295974017120898,7.876380550442263e-06,-20352973.033307437,-0.01816442422568798,4234.806383317498,4234.806415667768,1591232000.0
train_tune_e87cf_00615_615,RNN,0.0141571081833605,0.6285815964262714,0.61455660113033,0.18075495958328247,0.3071022033691406,3.0420142138609663e-05,7.037982413748978e-06,-18747876.184548613,-0.0017977015813812613,8035.014130920901,8035.0156042178805,4084544000.0
train_tune_e87cf_00616_616,RNN,0.0007539230297185,0.6037448177497418,0.5881045761782396,0.353969007730484,0.710551917552948,-0.0008759577758610249,6.935083547432441e-06,-21012241.648809712,-0.003586510196328163,2830.007025638408,2830.0492617171494,262400000.0
train_tune_e87cf_00617_617,RNN,0.0068776839484004,0.7158056258555917,0.7140735191548763,0.3029492497444153,0.5388206243515015,-0.0012776290532201529,2.1773330445284955e-05,-19310574.987765297,0.026546241715550423,3629.6221875304022,3629.6221867622626,3613376000.0
train_tune_e87cf_00618_618,RNN,0.007494872595606,0.6696882070945037,0.6695009040314894,0.18956579267978668,0.39919161796569824,-0.0002548901829868555,4.097219971299637e-06,-19678244.40366014,0.0092298723757267,8189.562162084681,8189.562129143136,3595008000.0
train_tune_e87cf_00619_619,RNN,0.0407909650811859,0.6941070434387882,0.6747888862741669,0.5163949131965637,0.9040094614028931,-0.0006347376620396972,3.0498353225993924e-05,-18982366.452260423,0.004515542648732662,1290.2842446070104,1290.2842479163237,4979200000.0
train_tune_e87cf_00620_620,RNN,0.0306929981713836,0.6672678895466064,0.670903612407182,0.1896039992570877,0.5098156929016113,-0.0010246781166642904,7.220791303552687e-06,-21015204.796779357,0.005636159330606461,9048.352198837714,9048.341716764036,2110080000.0
train_tune_e87cf_00621_621,RNN,0.0142885233007799,0.7313513814995939,0.7492963145410312,0.19839969277381897,0.36868998408317566,-0.0005552283837459981,1.2182859791209921e-05,-19146791.002682194,0.026388393715023994,7865.8696389802835,7865.869638394714,8134784000.0
train_tune_e87cf_00622_622,RNN,0.0086672711512238,0.6865456330050572,0.6537503939133474,0.20016790926456451,0.5183926224708557,-0.0007272143848240376,6.320152806438273e-06,-21370552.549320698,-0.014456856995821,8162.6376176213,8162.638556775101,1910144000.0
train_tune_e87cf_00623_623,RNN,0.0098577125777418,0.6420990626811514,0.6143279883388606,0.23513932526111603,0.42310890555381775,0.0005247012013569474,5.6469161791028455e-06,-20571899.47480844,-0.015126810409128666,4990.031425585681,4990.022212604679,1504512000.0
train_tune_e87cf_00624_624,RNN,0.0037998161651648,0.641074536473398,0.6114928135886938,0.3086332082748413,0.6530686616897583,-0.002081535989418626,7.786828064126894e-06,-21084075.826767094,0.01659190095961094,3912.501574660966,3912.5068915432303,476480000.0
train_tune_e87cf_00625_625,RNN,0.0020712582458705,0.6257064797988534,0.6155043290278257,0.23411598801612854,0.4038883447647095,-0.0001119352164096199,1.3848807611793745e-05,-18863111.755250752,0.005531707312911749,5552.026143438856,5552.01836284425,2064128000.0
train_tune_e87cf_00626_626,RNN,0.0072045472844787,0.6940480942221826,0.6782063795292363,0.22265855967998505,0.5262364745140076,-0.0013754923129454255,1.1276952136540785e-05,-20606867.718632776,0.018941549584269524,6740.951032604671,6740.951030711553,3680832000.0
train_tune_e87cf_00627_627,RNN,0.0216128504910969,0.6513229484866337,0.6458397701558237,0.29830455780029297,0.684288501739502,-0.0018291042651981115,1.1189729775651358e-05,-20650258.129961632,0.011128856800496578,4413.428356429885,4413.429981927337,965504000.0
train_tune_e87cf_00628_628,RNN,0.0141571081833605,0.6878736024622788,0.7044335622242192,0.20312191545963287,0.34196737408638,-0.00026571255875751376,8.14869963505771e-06,-18894612.40793383,0.011354521848261356,7100.3942486592305,7100.394244356781,6544384000.0
train_tune_e87cf_00629_629,RNN,0.0020712582458705,0.7393271471667475,0.7355647266503511,0.9402257204055786,1.5994322299957275,-0.013280886225402355,1.4225715858628973e-05,-18881759.692313552,0.027032339945435524,478.5059942398249,478.50599467281796,4514560000.0
train_tune_e87cf_00630_630,RNN,0.0141870449878663,0.6192315985441709,0.6197693102705624,0.31827253103256226,0.6089838743209839,-0.0005694314022548497,2.295980266353581e-05,-19554245.848165225,0.007638461422175169,3708.055638184712,3708.103666000619,634880000.0
train_tune_e87cf_00631_631,RNN,0.0098577125777418,0.646244347124787,0.6238506092243701,0.17568759620189667,0.3590584993362427,-0.00013801272143609822,8.475434697174933e-06,-19992581.25190665,0.0014094554353505373,9431.494463573135,9431.511866277948,1922944000.0
train_tune_e87cf_00632_632,RNN,0.0007539230297185,0.7422597173102844,0.7066248395557374,0.19023950397968292,0.4022599756717682,-0.00014690146781504154,4.0123659346136265e-06,-20417945.01145761,0.002647306537255645,8737.524070955518,8737.522872092391,2691904000.0
train_tune_e87cf_00633_633,RNN,0.0034334763948497,0.8171156279497367,0.7535251786442578,0.1670946180820465,0.3460756838321686,1.5798796084709466e-06,4.967028417013353e-06,-20148982.37699017,-0.006852718070149422,9492.2634851195,9492.263492465683,5749632000.0
train_tune_e87cf_00634_634,RNN,0.0141870449878663,0.6607707473437769,0.6419867667293286,0.24206769466400146,0.4246737062931061,-7.323269528569654e-05,6.479184321506182e-06,-18788551.241027653,-0.0006636498728767037,5343.830677517177,5343.830566442595,1759232000.0
train_tune_e87cf_00635_635,RNN,0.0068776839484004,0.6471447647595151,0.6401539605708492,0.2428124099969864,0.41372400522232056,8.985603926703334e-05,7.994203770067543e-06,-18414341.195295155,-0.0030795703642070293,5187.77339682152,5187.773629284106,1922304000.0
train_tune_e87cf_00636_636,RNN,0.0007539230297185,0.6419963118034805,0.6160856416915439,0.3283318281173706,0.7556687593460083,-0.002873572986572981,1.6789452274679206e-05,-20688911.109218836,0.03089100308716297,4151.286830287009,4151.334691106177,430848000.0
train_tune_e87cf_00637_637,RNN,0.0209244729519177,0.7032954437567627,0.6470484660251188,0.18167030811309814,0.5052181482315063,-0.0010587534634396434,3.1871165901975473e-06,-20644021.473148137,0.0074941921047866344,9638.139424437115,9638.139342810333,3010752000.0
train_tune_e87cf_00638_638,RNN,0.016544732247024,0.7189472485796476,0.7208974134362376,0.23572412133216858,0.5630053281784058,-0.000975286471657455,4.284962869860465e-06,-20824959.18274848,-0.00018364295829087496,6253.19838534848,6253.198385407846,3718272000.0
train_tune_e87cf_00639_639,RNN,0.0032167965203254,0.3873367074805649,0.367349310023504,0.8981057405471802,1.5674573183059692,-0.00054214708507061,2.9792252462357283e-05,-20304595.863429144,-0.007178205996751785,464.7921242503079,463.79579868742235,6528000.0
train_tune_e87cf_00640_640,RNN,0.0149807251256526,0.7138489069880541,0.7270649828239208,0.19833624362945557,0.3451289236545563,-0.0001626571174710989,3.452407781878719e-06,-19710151.26827825,0.007038815878331661,7589.267410759685,7589.256262190238,4622208000.0
train_tune_e87cf_00641_641,RNN,0.0032167965203254,0.6987918885503611,0.6902581783001827,0.2675573527812958,0.4668846130371094,0.00030465598683804274,7.0029327616794035e-06,-18878802.116482805,-0.007641619071364403,4345.1656115879,4345.163801283528,2147264000.0
train_tune_e87cf_00642_642,RNN,0.0407909650811859,0.5599784313860519,0.5180909079937093,0.9114766120910645,1.47995924949646,0.034919623285532,0.00010150308662559837,-20918519.586787686,-0.0571049228310585,472.17252375280646,472.1725237769424,1617728000.0
train_tune_e87cf_00643_643,RNN,0.0470403967891405,0.5888188502128133,0.5785165394101739,0.19127783179283142,0.39051976799964905,9.258373029297218e-05,1.3807195500703529e-05,-19596904.2047192,-0.009785842150449753,8517.520590045244,8517.52737465566,1577024000.0
train_tune_e87cf_00644_644,RNN,0.0141870449878663,0.4828788391570693,0.4734235844528733,0.9560958743095398,1.7524492740631104,0.008787429891526699,5.418546061264351e-05,-19958215.0852203,-0.01661427691578865,437.18106771460225,442.51307052764884,1827392000.0
train_tune_e87cf_00645_645,RNN,0.0256293173086446,0.5721012043966355,0.5453871179650709,0.28104305267333984,0.6081710457801819,-0.0017285544890910387,1.0327975360269193e-05,-20602088.073781002,0.0015391045017167926,4235.268423225106,4235.381350055413,392384000.0
train_tune_e87cf_00646_646,RNN,0.007494872595606,0.6972188606280132,0.6847696675291466,0.24345599114894867,0.446510910987854,-0.00010502334771445021,9.326108738605399e-06,-19332107.396744303,0.0030865913722664118,5276.469557161187,5276.469884695,6227328000.0
train_tune_e87cf_00647_647,RNN,0.0098577125777418,0.8009294166601855,0.7201726766975981,0.16668888926506042,0.35502395033836365,-4.911145515507087e-05,6.936078534636181e-06,-20320564.39262815,-0.003018195042386651,10010.674496830852,10010.674494155643,7779776000.0
train_tune_e87cf_00648_648,RNN,0.0107240732979085,0.6205877319776458,0.6014302869866345,0.28603166341781616,0.6559544801712036,-0.0013429560931399465,1.0919937267317437e-05,-20340807.39181599,-0.0009212659206241369,4761.146776889092,4761.3858922759955,436032000.0
train_tune_e87cf_00649_649,RNN,0.0141571081833605,0.6507359242379162,0.646455427320048,0.2962615489959717,0.556829035282135,-0.00028566335095092654,1.1123316653538495e-05,-19758060.367740247,0.005597623065114021,3924.212737544575,3924.196955134357,2544000000.0
train_tune_e87cf_00650_650,RNN,0.0039058303944021,0.7319225523506302,0.745914560538552,0.2227921485900879,0.40166351199150085,-0.00013626832515001297,5.584799964708509e-06,-19266121.286615085,0.00399980740621686,6407.100183195799,6407.100184626419,5262912000.0
train_tune_e87cf_00651_651,RNN,0.0141870449878663,0.7826345132355869,0.732285182655232,0.18273574113845825,0.3532208204269409,-3.677317363326438e-05,8.664877896080725e-06,-20264573.62465305,-0.0008969776681624353,8535.443113438214,8535.443165099296,3763392000.0
train_tune_e87cf_00652_652,RNN,0.0132788393291493,0.6829721827413953,0.6611318095778529,0.17147810757160187,0.34213101863861084,-0.00015916136908344924,6.7586452132673e-06,-19886334.3610739,0.002598398132249713,9356.653708255308,9356.652109711835,2432448000.0
train_tune_e87cf_00653_653,RNN,0.0143566000203482,0.7181914892454693,0.7116546865916222,0.24819423258304596,0.5682260990142822,-0.0010990066220983863,7.5054999797430355e-06,-20849184.460267738,0.00942961685359478,5813.63688585346,5813.636890805154,2841024000.0
train_tune_e87cf_00654_654,RNN,0.007494872595606,0.7993101794039493,0.7436832436997917,0.2216995805501938,0.4000761806964874,-0.0005672051338478923,1.282864195673028e-05,-18793431.945935152,0.021123254671692848,6222.168147446587,6222.1681474794,9480896000.0
train_tune_e87cf_00655_655,RNN,0.0007539230297185,0.696412719678447,0.6694180219055195,0.4306910037994385,0.7535736560821533,0.0008288876852020621,1.1268986781942658e-05,-20449069.51472819,-0.011108554899692535,2057.726723698487,2057.726723336891,2656832000.0
train_tune_e87cf_00656_656,RNN,0.007494872595606,0.5919467959143252,0.5951564043606928,0.2560940384864807,0.4378781020641327,9.062243043445051e-05,8.636664460937027e-06,-19318259.211684413,-0.0046831825748085976,4328.225443633638,4328.5223068648,1080320000.0
train_tune_e87cf_00657_657,RNN,0.0068776839484004,0.7747708491044059,0.7952674388992594,0.21069207787513733,0.36135444045066833,-0.00031327252509072423,6.0203719840501435e-06,-19384414.28748096,0.012480713427066803,6470.2204327855525,6470.337014457307,6541760000.0
train_tune_e87cf_00658_658,RNN,0.0007683716774625,0.7207316911681206,0.7265821189689179,0.19163157045841217,0.4100804924964905,-6.552082777488977e-05,7.4934318945452105e-06,-19739519.643940844,-0.00028819197905249894,8801.518006954964,8801.517112937207,2220608000.0
train_tune_e87cf_00659_659,RNN,0.0088401048956663,0.6609326449492059,0.6337823862434333,0.262411892414093,0.556025505065918,-0.001026001526042819,1.7531008779769763e-05,-21006084.056108154,0.002342317719012499,4878.469747570347,4878.468946084013,1349312000.0
train_tune_e87cf_00660_660,RNN,0.020660839641931,0.6880468551406114,0.6629091944732525,0.24258963763713837,0.4108307659626007,-0.0009061610326170921,1.5048881323309615e-05,-18728488.474742897,0.02870621532201767,5510.898618895287,5510.898616331117,3869312000.0
train_tune_e87cf_00661_661,RNN,0.0386043524429026,0.6866056701366343,0.6709711639416501,0.24786072969436646,0.567996621131897,-0.0011087700258940458,1.0222266610071529e-05,-20964874.625681303,0.008054646663367748,5965.89659008502,5965.896582481624,2363328000.0
train_tune_e87cf_00662_662,RNN,0.0042332336795422,0.7251734825102653,0.7142100437181766,0.18186268210411072,0.3317417502403259,-0.00013809793745167553,5.407031949289376e-06,-19033923.688033253,0.007431115489453077,8987.6505847844,8987.663262759326,6203392000.0
train_tune_e87cf_00663_663,RNN,0.0476354119855137,0.7640604260745915,0.7278039261777128,0.18496258556842804,0.5117491483688354,-0.0011721504852175713,7.854323484934866e-06,-21224015.260495864,0.004390705842524767,9601.715114985673,9601.715121792207,4593152000.0
train_tune_e87cf_00664_664,RNN,0.0184386765538891,0.4677344935723709,0.4654044254531308,0.6194249987602234,1.1106181144714355,-0.008872272446751595,3.798008037847467e-05,-20617200.470168307,0.045146163552999496,1081.2241799275912,1082.9655474232018,32000000.0
train_tune_e87cf_00665_665,RNN,0.0021933130879517,0.6614634827758761,0.6538447662157737,0.26156145334243774,0.5845111608505249,-0.00038000871427357197,1.2722670362563804e-05,-20947660.291452188,-0.019411498680710793,4969.7473843049665,4969.747392938327,1808576000.0
train_tune_e87cf_00666_666,RNN,0.0391909326748331,0.6803075636845414,0.6380021788108714,0.2882140874862671,0.5857418775558472,-0.0001785141503205523,8.30862973089097e-06,-21233626.154939152,-0.004051606636494398,4267.567467353383,4267.5674727031765,2293184000.0
train_tune_e87cf_00667_667,RNN,0.0020712582458705,0.606362621589619,0.5933553940572749,0.2315812110900879,0.43593722581863403,-0.0006019049906171858,1.7667871361481957e-05,-18940498.227822717,0.019640838727355003,6243.180935692708,6243.178353880112,1490944000.0
train_tune_e87cf_00668_668,RNN,0.0068776839484004,0.6731447727353215,0.6483473428411681,0.22781634330749512,0.4263576865196228,0.0004998481017537415,1.539464938105084e-05,-19984385.38928392,-0.01861751638352871,5913.490725052321,5913.519438773765,1641344000.0
train_tune_e87cf_00669_669,RNN,0.007494872595606,0.725203230233021,0.7218515686126669,0.5385952591896057,0.949367105960846,0.002009354531764984,1.066014556272421e-05,-19944387.553771704,-0.015070118010044098,1298.689052819142,1298.6923472563822,2736704000.0
train_tune_e87cf_00670_670,RNN,0.0068776839484004,0.6397851810030429,0.5974399926745436,0.16306337714195251,0.277974933385849,-1.9777915440499783e-05,3.5762516290560598e-06,-19224388.395703413,0.00016628336743451655,9544.214545237646,9544.214547356198,5586624000.0
train_tune_e87cf_00671_671,RNN,0.0074786865873216,0.6848156329505207,0.6840476150625787,0.18336018919944763,0.3607507348060608,-0.00033775431802496314,5.1444812925183214e-06,-20158958.109162,0.009200338274240494,7969.080850736917,7969.0788690513455,2098112000.0
train_tune_e87cf_00672_672,RNN,0.0290168860650694,0.8006686919374363,0.72831534815124,0.18287192285060883,0.3820100426673889,-0.0003547694650478661,6.0275415307842195e-06,-19806271.3344072,0.010870492085814476,9168.28289200599,9168.28283503842,4749824000.0
train_tune_e87cf_00673_673,RNN,0.0470370201186366,0.6939885570258645,0.6687766527369283,0.25278371572494507,0.6091810464859009,-0.001157941878773272,1.1430228369135875e-05,-21406903.862278037,-0.010496260598301888,5808.292585891611,5808.293369411213,1435584000.0
train_tune_e87cf_00674_674,RNN,0.0293335759219857,0.7439962430846571,0.6766593922325138,0.19913920760154724,0.3923908472061157,-5.3324096370488405e-05,8.491551852785051e-06,-20287461.26877941,-0.002611726988106966,7568.942652986311,7568.942656755396,3769856000.0
train_tune_e87cf_00675_675,RNN,0.0408814360697973,0.5710898887729754,0.571871004507546,0.21446627378463745,0.5864635705947876,-0.0007441543275490403,9.076110472960863e-06,-21007014.815131895,-0.008345908485352993,8183.05230040535,8183.081053026753,1391360000.0
train_tune_e87cf_00676_676,RNN,0.0130055782952945,0.6932766607641713,0.6828271792677912,0.23811279237270355,0.5998632907867432,-0.0009037826675921679,6.8839826781186275e-06,-21169876.567476593,-0.0015846739988774061,6679.765941624946,6679.7659687725945,1892352000.0
train_tune_e87cf_00677_677,RNN,0.0359950645620572,0.7734794698613812,0.7225255815624777,0.19727066159248352,0.5570095777511597,-0.0012692079180851579,7.588471817143727e-06,-20710146.537213597,5.2973744459450245e-05,9322.330251148309,9322.330251420184,5543552000.0
train_tune_e87cf_00678_678,RNN,0.0407909650811859,0.4446850243794751,0.4700445918724703,0.6453267931938171,1.1058118343353271,0.004289672710001469,4.762557728099637e-05,-21411755.431692217,-0.015059197321534157,879.2205104459683,879.1865906469552,58880000.0
train_tune_e87cf_00679_679,RNN,0.0106877873702748,0.6041611275433095,0.5741553205698052,0.228741854429245,0.5619716048240662,-0.0010904344962909818,7.284345429070527e-06,-20706092.36443534,-0.004909639246761799,6951.16458499186,6951.144346551382,961664000.0
train_tune_e87cf_00680_680,RNN,0.0098622286637679,0.6899741961803887,0.6974660894394911,0.17940662801265717,0.32143285870552063,-0.00012280991359148175,6.69403925712686e-06,-19517171.25739221,0.006244565825909376,8763.37963602265,8763.379637581807,6263744000.0
train_tune_e87cf_00681_681,RNN,0.0034543209236854,0.6291635296043746,0.6305713252569876,0.2531832158565521,0.4402501583099365,-0.0001960350782610476,2.5947642825485673e-06,-20042834.456295807,0.004916858859360218,4327.500802512906,4327.489806017144,1014592000.0
train_tune_e87cf_00682_682,RNN,0.018627256773262,0.612645871581699,0.6039197138813507,0.28799882531166077,0.6306242942810059,0.00014250678941607475,1.900462848425377e-05,-21204222.67890777,-0.029500143602490425,4363.896780235653,4363.804969189218,361088000.0
train_tune_e87cf_00683_683,RNN,0.0470370201186366,0.584340401892264,0.6012605522461096,0.2692941129207611,0.4766547977924347,0.0008018817752599716,2.1229785488685593e-05,-19101043.898636226,-0.024799447506666183,4168.297277309352,4168.297267864592,1815232000.0
train_tune_e87cf_00684_684,RNN,0.0075124424828622,0.6049049151806222,0.6011167397350442,0.33657583594322205,0.6891064643859863,-0.0019681891426444054,6.1274904510355555e-06,-21140732.747004542,0.013531128875911236,3821.0269313342064,3821.036130369105,360320000.0
train_tune_e87cf_00685_685,RNN,0.0333240428177992,0.7101961145830169,0.7191068673070693,0.18254835903644562,0.35786116123199463,2.862689143512398e-05,4.030104264529655e-06,-19865228.903159484,-0.010068005882203579,8224.567931998916,8224.567929412675,6507072000.0
train_tune_e87cf_00686_686,RNN,0.007494872595606,0.6917188890896999,0.6650414772812995,0.39702942967414856,0.6988541483879089,-0.0013585976557806134,1.4906732758390717e-05,-19818580.91922684,0.012569987215101719,2097.699391210939,2097.6993920962614,4561344000.0
train_tune_e87cf_00687_687,RNN,0.007494872595606,0.6378234471699582,0.6421633565782302,0.1895051896572113,0.3555768132209778,0.00012264310498721898,5.729662916564848e-06,-19341755.815094545,-0.007831813767552376,7704.48050975821,7704.484222570829,3797120000.0
train_tune_e87cf_00688_688,RNN,0.0141571081833605,0.6643047329162651,0.6351570696055925,0.22766081988811493,0.42510366439819336,-0.0001523868559161201,5.6979351938935e-06,-20140252.726060726,0.004824450239539146,6351.198837965536,6351.161753126644,2618816000.0
train_tune_e87cf_00689_689,RNN,0.0031904077411212,0.6414151869104843,0.626944776038661,0.19658918678760529,0.5792025327682495,-0.001088407589122653,6.205938007042278e-06,-21018082.81249579,0.002574150450527668,9226.842060353312,9226.842733932945,2113088000.0
train_tune_e87cf_00690_690,RNN,0.0241683449490084,0.7739503760435056,0.7587681487309613,0.17110933363437653,0.28956139087677,0.00014501601981464773,3.320657469885191e-06,-18965586.95158641,-0.008877293206751347,8369.173019711252,8369.173094062475,8037952000.0
train_tune_e87cf_00691_691,RNN,0.0020712582458705,0.7024562131729165,0.7159165037906314,0.2953134775161743,0.5234338641166687,-0.0020363982766866684,3.378863402758725e-05,-20069839.00048198,0.0474645234644413,3903.3882277973935,3903.3128159272874,1953920000.0
train_tune_e87cf_00692_692,RNN,0.0007539230297185,0.716019971957494,0.7158707989028182,0.221012681722641,0.40006762742996216,9.023697930388153e-05,8.412767783738673e-06,-19156764.539049115,-0.003992696292698383,6158.488697346786,6158.488573868451,6509696000.0
train_tune_e87cf_00693_693,RNN,0.0068776839484004,0.650734700958708,0.6625339691713571,0.19899336993694305,0.3732176423072815,-0.00041453592712059617,5.537683591683162e-06,-18831370.81138366,0.01879476010799408,8012.7140819835095,8012.713647881696,2332608000.0
train_tune_e87cf_00694_694,RNN,0.0407909650811859,0.7291633112971655,0.7337943848187134,0.24334731698036194,0.42401713132858276,9.62125850492157e-05,1.848284045991022e-05,-19047427.912035294,-0.0013886521337553859,4873.953616837364,4873.953615477245,5901184000.0
train_tune_e87cf_00695_695,RNN,0.0098577125777418,0.7909706921726627,0.7512314488789656,0.20407749712467194,0.3811204731464386,0.00011294481373624876,5.5525988500448875e-06,-19522801.14373932,-0.00518440268933773,7271.269996125353,7271.269981700652,7390400000.0
train_tune_e87cf_00696_696,RNN,0.0064510841894452,0.580916417334484,0.5301845107570614,0.20578506588935852,0.3692629337310791,0.0004155993228778243,9.34284798859153e-06,-18165140.24049551,-0.01784343644976616,6751.081140581434,6751.081134339452,2973376000.0
train_tune_e87cf_00697_697,RNN,0.007494872595606,0.5896128149873325,0.5866316315554371,0.5064350366592407,0.9111968874931335,-0.006421130150556564,2.162571945518721e-05,-21245297.564790457,0.047253742814064026,1484.994496012444,1484.9944892064418,865728000.0
train_tune_e87cf_00698_698,RNN,0.0141571081833605,0.7228930543828015,0.7343949817171801,0.2045333981513977,0.3937608301639557,-0.00034007002250291407,1.0435259355290327e-05,-19767688.076604143,0.007569172419607639,7309.175927612337,7309.175930934527,6246912000.0
train_tune_e87cf_00699_699,RNN,0.0079517624289894,0.7310588017167643,0.6809786648995462,0.19811300933361053,0.49896299839019775,-0.0006277309730648994,6.6051838985004e-06,-21370586.326907422,-0.008757421746850014,8068.479796315485,8068.479794162936,4338560000.0
train_tune_e87cf_00700_700,RNN,0.0033401314222086,0.6945217599870491,0.6685483136256939,0.2737937569618225,0.5754941701889038,-0.000978275085799396,3.913000455213478e-06,-21224641.335011113,-0.0013336692936718464,4982.556321765234,4982.556313370424,2101376000.0
train_tune_e87cf_00701_701,RNN,0.0141571081833605,0.7177047062234725,0.7034166879115383,0.3450624346733093,0.624152660369873,0.00032811611890792847,2.097965079883579e-05,-20195086.031877827,-0.004913473967462778,2680.3655308986763,2680.3650763003725,2131328000.0
train_tune_e87cf_00702_702,RNN,0.0501244837410127,0.5538129562817434,0.5753660006274418,0.23614917695522308,0.550777792930603,-0.0010147190187126398,1.2839181181334425e-05,-20657228.502472762,0.0019924319349229336,6664.540658486012,6664.5211098432665,843840000.0
train_tune_e87cf_00703_703,RNN,0.0506548859403173,0.8067416645913069,0.7618493667461369,0.3419090807437897,0.5955849289894104,0.0001738954015308991,1.1981299394392408e-05,-20344800.660007752,-0.004958212375640869,2766.1151879985678,2766.1151878571754,5710336000.0
train_tune_e87cf_00704_704,RNN,0.0034543209236854,0.689966935457632,0.6836808471717045,0.2466750144958496,0.46214449405670166,-0.0001551297609694302,9.987561497837305e-06,-20472871.423292886,0.0018471739022061229,5651.956169394858,5651.956447392292,2679104000.0
train_tune_e87cf_00705_705,RNN,0.007494872595606,0.6340855540425966,0.6222271713452773,0.19135251641273499,0.5514219999313354,-0.0011926392326131463,6.23280448053265e-06,-20936374.899424948,0.009494141675531864,9928.953307006985,9928.945558666219,2245248000.0
train_tune_e87cf_00706_706,RNN,0.0034543209236854,0.6394853205936916,0.631989381496559,0.9119347333908081,1.5050194263458252,-0.04133663699030876,0.00012205852544866502,-18734046.97996643,0.09799384325742722,473.2230911143147,473.223091008928,6297152000.0
train_tune_e87cf_00707_707,RNN,0.0470370201186366,0.6754504749629983,0.6597734835409484,0.17520111799240112,0.3221628665924072,0.00011147069017169997,5.760372005170211e-06,-19790271.84028024,-0.006239323411136866,8559.533397494662,8559.525285779662,2167168000.0
train_tune_e87cf_00708_708,RNN,0.0470370201186366,0.6822317397964369,0.6643729870645386,0.1838560700416565,0.31550583243370056,0.0004200480179861188,1.4448924957832787e-05,-19253976.41338432,-0.019945340231060982,7159.176088243066,7159.17605875785,2862656000.0
train_tune_e87cf_00709_709,RNN,0.007494872595606,0.6884860740972271,0.6987146645859094,0.20802736282348633,0.4077262580394745,-0.00014318707690108567,1.2942690773343202e-05,-19433753.89355978,0.002283176640048623,7681.917018469357,7681.917020048484,4293824000.0
train_tune_e87cf_00710_710,RNN,0.0032167965203254,0.7024448981088991,0.6909927810620857,0.2085236757993698,0.38516858220100403,0.0001533001195639372,4.5038464122626465e-06,-19669398.027015362,-0.007227322086691856,7375.985281614155,7375.985280352996,4151616000.0
train_tune_e87cf_00711_711,RNN,0.0105923366141235,0.6977295196895236,0.6989172668020424,0.6413266062736511,1.1298227310180664,-0.010026051662862301,7.912352884886786e-05,-20381598.84679059,0.04931340739130974,896.2276965337879,896.2276967883279,2890560000.0
train_tune_e87cf_00712_712,RNN,0.0020712582458705,0.6309508063258885,0.6382725442079596,0.34235435724258423,0.7323929071426392,-0.003938773181289434,2.7331587261869572e-05,-21144407.51811552,0.050593502819538116,3783.0590695582996,3783.0584820574486,825920000.0
train_tune_e87cf_00713_713,RNN,0.0388734233269646,0.7316203145898817,0.7263755425820301,0.18323837220668793,0.3298092484474182,7.092363375704736e-05,7.249389000207884e-06,-19554407.036290992,-0.0036665911320596933,8286.365316062516,8286.365321583746,6001984000.0
train_tune_e87cf_00714_714,RNN,0.0470370201186366,0.59194509277274,0.5739551125171721,0.45466238260269165,0.7934209108352661,0.0037530427798628807,4.4094398617744446e-05,-21274201.88421566,-0.03214524686336517,1501.919283803415,1501.919289143449,1040576000.0
train_tune_e87cf_00715_715,RNN,0.0065825937527711,0.7236339247527984,0.6797209331465521,0.21087943017482758,0.525557279586792,-0.000676750554703176,6.126534117356641e-06,-20961235.328236658,-0.00431290827691555,7705.938304470953,7705.938295384077,2983808000.0
train_tune_e87cf_00716_716,RNN,0.0020389846901876,0.6445629085779596,0.6727253186519241,0.46923550963401794,0.8265165090560913,-0.0026664298493415117,3.504621781758033e-05,-20385326.917499386,0.024225836619734764,1702.8530473969945,1702.850631296143,523776000.0
train_tune_e87cf_00717_717,RNN,0.0068776839484004,0.6715841207390896,0.6622989360026683,0.27776840329170227,0.5127190351486206,0.00035566266160458326,6.756684797437629e-06,-20032173.736151896,-0.00934562273323536,4396.7954250268795,4396.795389922663,2454272000.0
train_tune_e87cf_00718_718,RNN,0.0141870449878663,0.7455582724033988,0.7085020514343515,0.1792708784341812,0.3296327292919159,-0.00018037139670923352,6.685016614937922e-06,-19082543.09311457,0.00935482606291771,8485.612091403367,8485.61216337825,4711104000.0
train_tune_e87cf_00719_719,RNN,0.0141571081833605,0.7853413310951018,0.7434373756700317,0.18750017881393433,0.33468207716941833,0.00022261397680267692,4.619735591404606e-06,-19246235.173738617,-0.01078637596219778,7937.3465235189615,7937.346669537342,6584512000.0
train_tune_e87cf_00720_720,RNN,0.0109908946601883,0.6692437860890388,0.6546161068384178,0.24492162466049194,0.5683648586273193,-0.0017126222373917699,9.271458111470565e-06,-21462656.691750742,0.020932374522089958,5911.348500930922,5911.348624829892,1389824000.0
train_tune_e87cf_00721_721,RNN,0.0007539230297185,0.6242367153048514,0.623049870624444,0.32231810688972473,0.6904587745666504,-0.0004741289303638041,8.156039257301018e-06,-20878324.48804391,-0.011840490624308586,3892.396988594865,3892.4136636354633,502784000.0
train_tune_e87cf_00722_722,RNN,0.0240227782120893,0.7259485130989068,0.7015694285546058,0.18160046637058258,0.3820289373397827,-2.2924243239685893e-05,4.993926268070936e-06,-19948298.4898327,0.0010546952253207564,9048.31451792388,9048.318605561773,2429760000.0
train_tune_e87cf_00723_723,RNN,0.0807989792649264,0.6894585925205508,0.6898515055897652,0.2569292187690735,0.5991976261138916,-0.0012301437091082335,1.0545688382990193e-05,-21061413.42245842,0.00224733236245811,5432.4731454124385,5432.473146768742,2864960000.0
train_tune_e87cf_00724_724,RNN,0.0407909650811859,0.7061506425239003,0.6895727869235592,0.34724900126457214,0.5592747330665588,0.0011045661522075534,8.978044206742197e-06,-19049692.618934102,-0.015829019248485565,2556.6995030109783,2556.6995018340035,3862912000.0
train_tune_e87cf_00725_725,RNN,0.0141870449878663,0.7252560636084496,0.7098015193939932,0.1634686291217804,0.32430505752563477,-0.00015013299707788974,1.0456198651809245e-05,-19654132.33195543,0.003995299339294434,9282.154819690142,9282.15473038914,3653696000.0
train_tune_e87cf_00726_726,RNN,0.0020712582458705,0.6851980213497062,0.6751562821447376,0.18483388423919678,0.3562551438808441,-7.396108412649482e-05,4.924615495838225e-06,-19897963.71837515,0.0014232852263376117,8813.869887229455,8813.85962168029,3594304000.0
train_tune_e87cf_00727_727,RNN,0.0068776839484004,0.6927609110267544,0.6889701958215482,0.20322628319263458,0.3559666872024536,-2.033425698755309e-05,5.736083039664663e-06,-19082406.713673662,-0.0005155865801498294,6520.287390548215,6520.290219574845,3854912000.0
train_tune_e87cf_00728_728,RNN,0.074860873504504,0.7604254841652527,0.716666482102885,0.1824975311756134,0.3255714476108551,0.00013078587653581053,9.317558578914031e-06,-19104492.28874681,-0.007673328742384911,8628.948828335682,8628.948802321362,5542592000.0
train_tune_e87cf_00729_729,RNN,0.0098577125777418,0.6587005045280931,0.6517829228430544,0.18414048850536346,0.3307337164878845,-4.7030953282956034e-05,4.8710621740610804e-06,-18926803.436302267,0.0017039957456290722,8297.005454434287,8297.007103955886,3188288000.0
train_tune_e87cf_00730_730,RNN,0.0053869980594118,0.7622272657757484,0.6943916942415043,0.201955646276474,0.5513173937797546,-0.0012310511665418744,7.844222636776976e-06,-21175467.770558752,0.013095349073410034,8569.961995934947,8569.96199573053,5100672000.0
train_tune_e87cf_00731_731,RNN,0.0034543209236854,0.5353093976366401,0.5148494692847837,0.586433470249176,0.9947778582572937,-0.004189812578260899,2.5957764592021704e-05,-20205141.551485226,0.02178514190018177,1092.8871107884695,1092.8871108029966,2025472000.0
train_tune_e87cf_00732_732,RNN,0.0407909650811859,0.7185929261377036,0.7192399919777605,0.20854279398918152,0.35662373900413513,0.00034909206442534924,6.128778295533266e-06,-19252867.328562547,-0.014692791737616062,6399.073893397365,6399.073895494042,6803200000.0
train_tune_e87cf_00733_733,RNN,0.0098577125777418,0.7147153718393107,0.7058432077620469,0.17092347145080566,0.3423060178756714,-0.0002322761865798384,3.229574986107764e-06,-20077618.757714096,0.00697783799842,9560.933164157675,9560.933168605845,5711552000.0
train_tune_e87cf_00734_734,RNN,0.0032167965203254,0.7676559781534457,0.7205942530249211,0.30592066049575806,0.5140185356140137,-0.00013089900312479585,4.684712621383369e-06,-20279835.8807119,-0.001214940333738923,3184.8358874661703,3184.835886317079,4163904000.0
train_tune_e87cf_00735_735,RNN,0.0032167965203254,0.6665614701038792,0.6519548317699386,0.20115512609481812,0.34230607748031616,-0.0004902457585558295,1.53657983901212e-05,-19053072.949966885,0.023257536813616753,7666.929146040182,7666.9228925051275,3395584000.0
train_tune_e87cf_00736_736,RNN,0.0141870449878663,0.7572461102842404,0.7727099905351946,0.6654654145240784,1.1263391971588135,-0.009208321571350098,0.00013981954543851316,-19352263.425524525,0.054546430706977844,891.6001310258649,891.6001311791288,6684160000.0
train_tune_e87cf_00737_737,RNN,0.0141870449878663,0.6026889251926986,0.5959562540971056,0.5415471196174622,0.9336035251617432,-0.008557219058275223,7.786798232700676e-05,-19105435.827587757,0.062842458486557,1283.1330484048158,1283.1330483591946,1457792000.0
train_tune_e87cf_00738_738,RNN,0.0437504387074063,0.5981731540177846,0.5751122953596531,0.27783069014549255,0.6342584490776062,0.0004159761010669172,1.4976149032008834e-05,-21031214.669045422,-0.03432764485478401,5069.524931742096,5069.520106839734,641984000.0
train_tune_e87cf_00739_739,RNN,0.0098577125777418,0.654096468098977,0.6303240369144311,0.19206689298152924,0.3477628231048584,3.5932134778704494e-06,1.0064821253763512e-05,-19564950.633387335,0.000461857853224501,8196.112163624595,8196.109126544128,3952896000.0
train_tune_e87cf_00740_740,RNN,0.0034543209236854,0.7372194428700912,0.7519557181062555,0.18691758811473846,0.32357335090637207,0.00011575887765502557,4.1127032091026194e-06,-19287197.140838522,-0.007301503326743841,7334.26962168681,7334.28609885163,2883648000.0
train_tune_e87cf_00741_741,RNN,0.0125693840596648,0.6122938884901572,0.5946175471352834,0.24063362181186676,0.46180835366249084,-0.0002247240045107901,3.4379027056274936e-06,-19411553.87860147,0.006870810408145189,5715.5102104117905,5715.510970824602,1710464000.0
train_tune_e87cf_00742_742,RNN,0.0407909650811859,0.6032214532807751,0.5790544114482538,0.3707372844219208,0.6565853357315063,0.003153204685077071,3.142585774185136e-05,-18745093.799274977,-0.03612582013010979,2254.7144646803326,2254.7145028536215,1328064000.0
train_tune_e87cf_00743_743,RNN,0.007494872595606,0.6843974889740847,0.684560971628872,0.270230233669281,0.467433899641037,-0.0006772629567421973,1.1073541827499866e-05,-18907689.94125359,0.017069663852453232,4324.957465177975,4324.9576364467175,4283456000.0
train_tune_e87cf_00744_744,RNN,0.0034543209236854,0.5295626381190569,0.5263727059575697,0.5739374160766602,1.0464481115341187,-0.002704587299376726,2.4421146008535288e-05,-20678348.304701567,0.0014698291197419167,1100.154123963271,1100.1524580703087,249920000.0
train_tune_e87cf_00745_745,RNN,0.0299792782987509,0.7249379486168043,0.6869713390615003,0.20601217448711395,0.5354018211364746,-0.0010722919832915068,6.374581971613225e-06,-20768534.46854397,0.001913347514346242,7999.479136859182,7999.479074526553,2547584000.0
train_tune_e87cf_00746_746,RNN,0.0199854651037975,0.6976430014763303,0.6777279973695243,0.1743094027042389,0.34345322847366333,-0.0003010556101799011,4.184243607596727e-06,-19971736.896447334,0.012482679449021816,9070.911386913334,9070.910407078896,3047040000.0
train_tune_e87cf_00747_747,RNN,0.0109766575834901,0.754838483050112,0.7301692190021476,0.21082647144794464,0.432823121547699,-0.0003648015554063022,9.584177860233467e-06,-19965127.200008612,0.010238144546747208,7699.689181949128,7699.689182480457,5427008000.0
train_tune_e87cf_00748_748,RNN,0.0063889258618394,0.7636081366644176,0.7327290006767256,0.174258291721344,0.3560429811477661,-0.00017189215577673167,5.864191734872293e-06,-19697649.545250565,0.005177193786948919,9104.96007273716,9104.960994040595,3384448000.0
train_tune_e87cf_00749_749,RNN,0.0470370201186366,0.7223278287844983,0.7004642100613652,0.20728197693824768,0.43839728832244873,0.0008391272858716547,2.2271216948865913e-05,-20129059.244234636,-0.039791468530893326,7828.541910131533,7828.5419881653925,3425152000.0
train_tune_e87cf_00750_750,RNN,0.0007539230297185,0.7384582852523258,0.7333414830985728,0.21626755595207214,0.39874011278152466,-0.00018949956574942917,1.1674531378957909e-05,-19785431.266352776,0.0056161414831876755,6637.800759828245,6637.8007482237335,4774464000.0
train_tune_e87cf_00751_751,RNN,0.0068776839484004,0.6544556623416997,0.649905272587018,0.28152820467948914,0.5291980504989624,-0.0004810579994227737,5.3351222959463485e-06,-18879597.681751586,0.009502142667770386,4243.036976155478,4243.036977802405,3815296000.0
train_tune_e87cf_00752_752,RNN,0.0141571081833605,0.7194531238747062,0.7352732461024968,0.5985612273216248,1.035183072090149,0.0005329303094185889,2.302983557456173e-05,-18672876.23364043,-0.006058571394532919,1076.073467692602,1076.0734676918123,3095104000.0
train_tune_e87cf_00753_753,RNN,0.042266220537178,0.658163054018617,0.6663018842487785,0.33352014422416687,0.5707423686981201,0.00045661110198125243,1.6428328308393247e-05,-20049142.376656387,-0.008718613535165787,2786.51627808852,2786.517287745783,1687232000.0
train_tune_e87cf_00754_754,RNN,0.0032167965203254,0.4844265931086841,0.479069664703146,0.749657154083252,1.3013901710510254,0.0015189566183835268,2.528627919673454e-05,-20761078.195338205,-0.017077744007110596,684.4862742301198,684.4865341405043,266688000.0
train_tune_e87cf_00755_755,RNN,0.0141350812197207,0.7705721889858168,0.7289699347214541,0.18974369764328003,0.3749459683895111,-4.9020436563296244e-05,5.073577540315455e-06,-20182191.171334997,-0.00021550702513195574,8485.20683162396,8485.206013184395,2772736000.0
train_tune_e87cf_00756_756,RNN,0.0141870449878663,0.6515263206698698,0.6626539441809074,0.22375430166721344,0.4242613911628723,-6.462093733716756e-05,7.3785913627943955e-06,-20596078.781917825,-0.004281903617084026,6164.629170677325,6164.628382241328,1742912000.0
train_tune_e87cf_00757_757,RNN,0.0068776839484004,0.7019889771507878,0.6995659812224474,0.43095389008522034,0.7447158098220825,0.0011097145034000278,1.252152014785679e-05,-19233588.534498807,-0.010168483480811119,1860.6456079479894,1860.6456730537323,2669568000.0
train_tune_e87cf_00758_758,RNN,0.0498853784163209,0.6614939920170196,0.6430926165971521,0.5428798198699951,1.0260262489318848,0.0025904523208737373,4.2947598558384925e-05,-19938394.537348464,-0.014774887822568417,1302.268259902483,1302.2682599157324,1572608000.0
train_tune_e87cf_00759_759,RNN,0.0112885677843292,0.5830480916152704,0.5853667414501992,0.24991214275360107,0.6624549627304077,-0.0017292705597355962,5.927758138568606e-06,-20796886.77943649,0.004872875288128853,6544.5587207742155,6544.345884941995,809408000.0
train_tune_e87cf_00760_760,RNN,0.0020712582458705,0.5606395080556026,0.5668021723527807,0.22017890214920044,0.4171631932258606,-0.0003830473870038986,8.324985174112953e-06,-19249837.202791702,0.012647316791117191,6252.847470158507,6252.847470530869,3690368000.0
train_tune_e87cf_00761_761,RNN,0.0032167965203254,0.7125824895788513,0.6877132575263063,0.2981377840042114,0.55592942237854,0.0002164287434425205,5.528203018911881e-06,-20018650.528776165,-0.007047527004033327,4142.850520364971,4142.852294754478,2841280000.0
train_tune_e87cf_00762_762,RNN,0.0141870449878663,0.7017154943991902,0.7148645135275365,0.1950608342885971,0.36428749561309814,7.315128459595144e-05,6.865003797429381e-06,-19057654.10432076,-0.004750350955873728,7816.675705566774,7816.675702767117,7096000000.0
train_tune_e87cf_00763_763,RNN,0.007494872595606,0.6573237128063958,0.6408942011964709,0.28420665860176086,0.4962140619754791,-3.6987345083616674e-05,1.7962131096282974e-05,-19049946.387356937,8.221762254834175e-05,4060.521451520112,4060.521466150447,4605312000.0
train_tune_e87cf_00764_764,RNN,0.0470877211319867,0.6561238129626346,0.669174847084053,0.282922625541687,0.5331599116325378,0.0013753341045230627,1.5026300388853997e-05,-20125647.804156,-0.030585838481783867,4023.046177060732,4023.046291306323,2041152000.0
train_tune_e87cf_00765_765,RNN,0.0076404475672263,0.6746039858226917,0.6772908523037781,0.2706880569458008,0.6450452208518982,-0.00015246510156430304,7.140337856981205e-06,-21128872.862172343,-0.02447216957807541,5456.068910443064,5456.068908834321,1584192000.0
train_tune_e87cf_00766_766,RNN,0.0074971996883716,0.5720466376198344,0.5474201002365903,0.18835942447185516,0.5148684978485107,-0.0008983357693068683,7.3277119554404635e-06,-20457179.976663135,-0.008295614272356033,9682.977534060565,9682.977840821562,2034048000.0
train_tune_e87cf_00767_767,RNN,0.0122531843861934,0.7086925200309275,0.7267828558889934,0.19654490053653717,0.353183388710022,0.00018729310249909759,6.703681719955057e-06,-18883256.94751847,-0.007849419489502907,8019.546193934382,8019.546194561766,4736768000.0
train_tune_e87cf_00768_768,RNN,0.0281848013380818,0.5809432094451714,0.5800092945579735,0.21550066769123077,0.5531414747238159,-0.0006611986318603158,7.747006748104468e-06,-20633111.497413382,-0.012280839495360851,8205.671323272813,8205.647677053945,1281920000.0
train_tune_e87cf_00769_769,RNN,0.027622902631429,0.7220100083157479,0.6778418721185496,0.20531199872493744,0.5453897714614868,-0.0009683670359663665,6.770294021407608e-06,-21581487.72461064,-0.006693130824714899,7969.591067596601,7969.591640248585,1959744000.0
train_tune_e87cf_00770_770,RNN,0.007494872595606,0.6836028066471077,0.6576204120477103,0.2748425006866455,0.5383989810943604,-0.0007208749884739518,1.7076110452762805e-05,-19758443.67923598,0.014042492024600506,4566.067074228607,4566.064880907001,2197376000.0
train_tune_e87cf_00771_771,RNN,0.007494872595606,0.7085240681159763,0.6833372932380267,0.27776312828063965,0.5175204873085022,-0.0003685422707349062,5.14481416757917e-06,-20542331.639741313,0.0026420545764267445,4245.083089662987,4245.083077965655,2393920000.0
train_tune_e87cf_00772_772,RNN,0.0470370201186366,0.6702846897308579,0.6451637544196689,0.32875242829322815,0.6270602345466614,-0.0002569180214777589,1.968503784155473e-05,-20935224.331625488,-0.011093851178884506,3211.759638862545,3211.759606580512,1438272000.0
train_tune_e87cf_00773_773,RNN,0.0060838645503251,0.6622970471794614,0.6112414748628341,0.28751423954963684,0.617921769618988,-0.0009643927332945168,9.927188330038916e-06,-21365551.133104745,0.002946767956018448,4955.916791560459,4955.917140710686,1254528000.0
train_tune_e87cf_00774_774,RNN,0.0406122616474707,0.7263405697245082,0.6788604393221855,0.22099581360816956,0.5204427242279053,-0.00022726459428668022,1.0173827831749804e-05,-21377904.38177161,-0.01806633546948433,6384.177342930707,6384.177366097093,2053568000.0
train_tune_e87cf_00775_775,RNN,0.0084941160418156,0.5497919192604609,0.5440322620328759,0.3034524619579315,0.5440512895584106,-0.0007930627325549722,8.386794434045441e-06,-19955490.93498725,0.013306044042110443,3503.4919413465277,3503.4919415769264,2803136000.0
train_tune_e87cf_00776_776,RNN,0.0034543209236854,0.6655354719931469,0.671917988605164,0.37419721484184265,0.698286771774292,-0.0012726510176435113,9.874637726170477e-06,-21348517.496048503,0.013756930828094482,2781.408641047097,2781.408640955564,2316864000.0
train_tune_e87cf_00777_777,RNN,0.0087387193729295,0.6050883484017779,0.5991246006145307,0.21948499977588654,0.40778952836990356,7.534756150562316e-05,6.9206953412503935e-06,-19592995.907031056,-0.00506152119487524,7133.929435727112,7133.890231571797,1507840000.0
train_tune_e87cf_00778_778,RNN,0.0319829398172166,0.7285836444391562,0.7028562238772904,0.17896348237991333,0.38246941566467285,-0.00036109707434661686,5.944826625636779e-06,-20206799.629310302,0.014514957554638386,9952.617634882177,9952.6176960882,4240704000.0
train_tune_e87cf_00779_779,RNN,0.0380459859887871,0.6851395214094049,0.6930543029685267,0.25372403860092163,0.5063117146492004,-0.00026499462546780705,1.2421706742316019e-05,-20678507.91791691,0.004811766091734171,5227.899212666967,5227.899298416366,2944960000.0
train_tune_e87cf_00780_780,RNN,0.0007582370107828,0.5758276676545667,0.5460164125531577,0.43935972452163696,0.762658417224884,0.00035329704405739903,1.7602485968382098e-05,-21065496.646008577,-0.013947855681180954,1708.8799772718535,1708.8792531818972,323328000.0
train_tune_e87cf_00781_781,RNN,0.0068776839484004,0.7008178299023279,0.6925195171687157,0.3974795341491699,0.671822726726532,-0.0015827739844098687,1.2235140275151934e-05,-18780686.036467295,0.01771688088774681,2080.434220406942,2080.43422044981,5048896000.0
train_tune_e87cf_00782_782,RNN,0.0020712582458705,0.684893787933622,0.7051880345263938,0.17003634572029114,0.3141596019268036,3.0144190532155335e-05,6.189687155710999e-06,-19171592.603178777,-0.0012234080350026488,9790.331627715384,9790.331625139503,8535936000.0
train_tune_e87cf_00783_783,RNN,0.0141571081833605,0.6723670544579715,0.6701535674642154,0.28597384691238403,0.6061195135116577,-0.0010883850045502186,6.757087703590514e-06,-20738131.01192228,0.00028826610650867224,4478.891879908075,4478.891886107427,2394560000.0
train_tune_e87cf_00784_784,RNN,0.007494872595606,0.6574086722726021,0.6534795856348518,0.3152146339416504,0.5444554090499878,-0.0008107641479000449,7.403143172268756e-06,-19105640.172276933,0.01335939671844244,3392.5121676950785,3392.5120941653686,2687552000.0
train_tune_e87cf_00785_785,RNN,0.0036925929120078,0.5353507764694077,0.5267690233829347,0.5505061745643616,0.9933285713195801,-0.0037686300929635763,9.859101737674791e-06,-19382199.12072766,0.020826008170843124,1283.422578892411,1283.4225773817052,1322432000.0
train_tune_e87cf_00786_786,RNN,0.0020712582458705,0.6883694011596011,0.6914966887550164,0.2702108919620514,0.5043253302574158,-0.001065904158167541,9.678582500782795e-06,-18581929.522622786,0.025581151247024536,5090.815840029356,5090.815839313134,3820416000.0
train_tune_e87cf_00787_787,RNN,0.0032167965203254,0.7409823035510307,0.727795045456127,0.23279358446598053,0.42575231194496155,-5.619451985694468e-05,8.003145012480672e-06,-19854493.63348548,0.0005529538611881435,5665.2847460862395,5665.2847374513385,6142912000.0
train_tune_e87cf_00788_788,RNN,0.007494872595606,0.5136617959217712,0.4844906764417558,1.4022589921951294,2.3773460388183594,-0.1362282782793045,0.00015512655954807997,-20132455.70302221,0.1381201446056366,267.60132647488933,267.45550711848523,1576192000.0
train_tune_e87cf_00789_789,RNN,0.0407909650811859,0.7585096308050641,0.7391795026556168,0.4600260555744171,0.8465776443481445,-0.0019347683992236853,4.035890015074983e-05,-19092508.064712416,0.020061107352375984,1909.5627287231255,1909.5627220995257,7425472000.0
train_tune_e87cf_00790_790,RNN,0.0032167965203254,0.6852079209648133,0.6886568888871396,0.23702724277973175,0.4398232698440552,-0.000176740184542723,7.901382559794001e-06,-18836469.332824744,0.005108729470521212,5631.831500498148,5631.831310558178,4748096000.0
train_tune_e87cf_00791_791,RNN,0.0474962883250275,0.6500957647841599,0.6411773610438091,0.40628287196159363,0.7179396152496338,0.0021356423385441303,3.26762929034885e-05,-21078755.87492644,-0.030743520706892014,2069.7612672291125,2069.761268303612,1540800000.0
train_tune_e87cf_00792_792,RNN,0.0007539230297185,0.6374198706677852,0.644424780935709,0.22150945663452148,0.4117029309272766,0.0001985132839763537,5.770913958258461e-06,-20104279.112191454,-0.009228313341736794,6065.903818036657,6065.914918089555,1704256000.0
train_tune_e87cf_00793_793,RNN,0.0068776839484004,0.5675315809031063,0.5732643460124486,0.18606828153133392,0.486611545085907,-0.0008615696569904685,7.172223376983311e-06,-20396425.65959802,-0.009021583944559097,9357.48131226909,9357.478186985485,1940544000.0
train_tune_e87cf_00794_794,RNN,0.0209312594848693,0.714187614073319,0.7028118434393832,0.1907253861427307,0.36601951718330383,3.237390046706423e-05,8.570883437641896e-06,-19762434.634210102,-0.005317589268088341,7496.032734018948,7496.033292696087,3588352000.0
train_tune_e87cf_00795_795,RNN,0.0048049289180893,0.7053662479699394,0.7008161386413737,0.2868385910987854,0.6023576259613037,-0.0008463591220788658,4.743579211208271e-06,-20814012.80503774,-0.0011622511083260179,4547.300220239653,4547.300219388065,2961344000.0
train_tune_e87cf_00796_796,RNN,0.0007620803019964,0.5306340108643925,0.516686443610113,0.506032407283783,0.8991798758506775,-0.0033478005789220333,1.3030916306888685e-05,-19266460.223565847,0.02278711088001728,1489.0064279900066,1489.0064278982516,2135552000.0
train_tune_e87cf_00797_797,RNN,0.010255698615716,0.6463223121052586,0.6367744202637978,0.3849494159221649,0.7285563945770264,-0.0015309019945561886,1.98274792637676e-05,-20715881.5869826,0.013725969940423965,2448.7350597993977,2448.734954213075,965376000.0
train_tune_e87cf_00798_798,RNN,0.0034543209236854,0.6425727390039305,0.6452514940802266,0.16275961697101593,0.28511470556259155,-9.121275070356205e-05,3.6486185308604036e-06,-20140467.73071708,0.004820459056645632,9147.556915474815,9147.56915087408,2518656000.0
train_tune_e87cf_00799_799,RNN,0.0032167965203254,0.7367207317527495,0.7368380858983744,0.22874876856803894,0.38178110122680664,-0.0005943836295045912,6.208417289599311e-06,-18956370.219678335,0.02044430561363697,6033.768705800031,6033.76903063503,5662528000.0
train_tune_e87cf_00800_800,CNN,0.0120713452237252,0.6983886959851312,0.7240621210901289,1.473588466644287,5.797395706176758,-1.039239764213562,2.9560967959696427e-05,-2437.4868757800136,-0.013970168307423592,43733468.67608507,43478524.135923415,4782647851.0
train_tune_e87cf_00801_801,CNN,0.0141870449878663,0.7877214216489778,0.7536419085415084,1.1553974151611328,3.032182216644287,-0.6900391578674316,7.265378371812403e-05,-7945.733196582197,0.09674200415611267,2397620842.5025682,2373533710.4887486,19550579155.0
train_tune_e87cf_00802_802,CNN,0.0393733506385997,0.67153685290171,0.6884950281553703,1.7674038410186768,6.915821075439453,-1.5069019794464111,4.244990850565955e-05,-1758.6504689728918,-0.030530886724591255,1883.290933714688,1883.290933714688,15834187.0
train_tune_e87cf_00803_803,CNN,0.0078736358519172,0.7680981408935839,0.771417690998505,1.4277222156524658,5.266676425933838,-1.020634412765503,3.279901284258813e-05,-2244.3616626462326,0.025193054229021072,101428.05870563758,100955.93565282997,2480457531.0
train_tune_e87cf_00804_804,CNN,0.008688461941343,0.7125474530525099,0.7340956756176511,2.0004734992980957,6.875112533569336,-1.9918887615203857,4.55315675935708e-05,-1908.5697676226393,0.016519730910658836,78295.15552135016,77701.27103508307,2287593315.0
train_tune_e87cf_00805_805,CNN,0.0042793931907847,0.7419102729253905,0.7317819894040727,1.366428256034851,4.696225166320801,-0.8704235553741455,2.549558485043235e-05,-3580.931541463251,-0.03942779451608658,58933428.57677741,60917316.332012184,3626808683.0
train_tune_e87cf_00806_806,CNN,0.0488999910636047,0.8193491560160034,0.8144685031547639,0.6162657737731934,2.4181809425354004,-0.17727994918823242,6.068702077755006e-06,-5045.5896030253425,0.010400986298918724,149093087461.11514,152388405442.65662,19440268227.0
train_tune_e87cf_00807_807,CNN,0.007248396081592,0.7295040327296358,0.7439297291933425,1.6145853996276855,5.983792304992676,-1.3439116477966309,7.740814908174798e-05,-2209.2715629253125,0.08815377205610275,56689.48072738683,56908.773418961086,1344954603.0
train_tune_e87cf_00808_808,CNN,0.0859222669820081,0.6442977356416996,0.6335033934788936,1.1793620586395264,4.388885021209717,-0.69269859790802,2.9279181035235524e-05,-1967.3534804837586,0.037461057305336,733.3229796048068,733.3229796048068,8642563.0
train_tune_e87cf_00809_809,CNN,0.00075428671666,0.8190133556095195,0.8042434160185482,1.4867582321166992,4.7764997482299805,-1.1339858770370483,2.5540764909237623e-05,-4419.392110840274,0.05189337581396103,4179458196.716643,4229342510.118742,12241498419.0
train_tune_e87cf_00810_810,CNN,0.0034543209236854,0.804886599824772,0.8093514497942014,0.718744158744812,2.9088964462280273,-0.25288325548171997,1.1759442713810131e-05,-27729.54720075665,0.014851480722427368,4321409771366.5176,4284499636175.1934,20544877363.0
train_tune_e87cf_00811_811,CNN,0.0470370201186366,0.8194705242706621,0.814847966563844,0.6080648899078369,2.2815656661987305,-0.16461804509162903,6.0709671743097715e-06,-5195.691843935258,-0.010677240788936615,63642899192.436615,65357689758.496826,10241093907.0
train_tune_e87cf_00812_812,CNN,0.0007539230297185,0.8319121343645516,0.8111834684060342,1.0988743305206299,4.1421332359313965,-0.5805898904800415,1.403711303282762e-05,-4922.522313635836,-0.010164378210902214,6116945341.693279,6154483176.77689,17937931723.0
train_tune_e87cf_00813_813,CNN,0.0529043125128555,0.7528744936096016,0.7340332421205367,0.8734179735183716,3.3428618907928467,-0.35754790902137756,1.0282748007739428e-05,-1791.214791707011,-0.015632877126336098,45546.54436804722,45583.15464863942,5601275019.0
train_tune_e87cf_00814_814,CNN,0.0216667788758318,0.7075481251533895,0.730965054124702,0.8949812650680542,1.6744012832641602,-0.30994945764541626,2.006034083024133e-05,-3402.5969215739888,0.00609929021447897,9677505.94471634,9551986.711520426,1024253467.0
train_tune_e87cf_00815_815,CNN,0.0492327060552326,0.6347842018033177,0.632583327767578,3.0365419387817383,6.116629600524902,-6.706357955932617,0.00016787523054517806,-2172.463102558141,0.05887994170188904,1368.8714396381874,1368.8714396381874,1412299.0
train_tune_e87cf_00816_816,CNN,0.0074828553089422,0.8305214991511765,0.8084975067867227,1.1074018478393555,4.5738139152526855,-0.6358386278152466,2.0414347090991214e-05,-7555.170311315597,0.04800077900290489,95686971.77609313,93808991.46678378,13369434523.0
train_tune_e87cf_00817_817,CNN,0.0152474136117734,0.8045382754764432,0.7964873022226471,0.45665544271469116,1.8133851289749146,-0.09197714924812317,5.098282599647064e-06,-9765.383139890111,0.010675021447241306,10565294330.07094,10815525344.919899,8183616051.0
train_tune_e87cf_00818_818,CNN,0.0222453500137018,0.7231651127091182,0.7307419975679162,1.2648212909698486,4.947522163391113,-0.7686793804168701,1.7347578250337392e-05,-2176.6940697782966,-0.002371283248066902,27060.017306776703,27511.95369732754,311047195.0
train_tune_e87cf_00819_819,CNN,0.0055155941434717,0.8399184390274139,0.8237273273959073,1.3099638223648071,5.351010799407959,-0.8460606336593628,2.701800622162409e-05,-5809.872780789392,0.004233908373862505,260542836.9830745,256675475.07564807,21374325323.0
train_tune_e87cf_00820_820,CNN,0.0111712799261418,0.8040718907760723,0.7812290475058,1.842240571975708,7.9044671058654785,-1.7403385639190674,3.948473749915138e-05,-2972.4306170618675,0.014694548211991787,6149108.6498999335,6212526.759881613,23686211779.0
train_tune_e87cf_00821_821,CNN,0.0141571081833605,0.8091417712464853,0.8037638806795869,0.548298180103302,1.0160819292068481,-0.07116882503032684,5.981642971164547e-06,-12433.163653741642,0.0002307659015059471,3386477208331.1846,3350848607664.8447,21772465371.0
train_tune_e87cf_00822_822,CNN,0.007494872595606,0.8165443495915198,0.8154105064432372,0.34777218103408813,1.2616868019104004,-0.0437011681497097,2.1974442461214494e-06,-7950.4783254395725,0.007538123056292534,46650291082.8464,47417860769.09258,18359421867.0
train_tune_e87cf_00823_823,CNN,0.0116026879834312,0.840598307348219,0.7958991654943052,1.0636166334152222,3.6125965118408203,-0.5254154205322266,2.335849785595201e-05,-5720.451573184997,-0.008901841938495636,7325428583.642148,7342891256.307665,14334620379.0
train_tune_e87cf_00824_824,CNN,0.0492239377312629,0.6400673415930775,0.6809715229333508,0.9189510345458984,3.1496713161468506,-0.38098376989364624,1.282777520827949e-05,-2725.925002113355,-0.018917392939329147,724504663.8409522,719667065.7483456,4079386323.0
train_tune_e87cf_00825_825,CNN,0.0073681817475195,0.6948380369843625,0.7037697225437545,1.2922999858856201,5.873724460601807,-0.8290364742279053,2.4357626898563467e-05,-1821.8689364152165,-0.013183959759771824,1723.8124406713598,1723.8124406713598,36942651.0
train_tune_e87cf_00826_826,CNN,0.0020712582458705,0.8027816929251347,0.811285874457036,0.8368133306503296,2.820817470550537,-0.3204074501991272,7.810296665411443e-06,-11694.200854965828,-0.006298829801380634,1578724600782.084,1629476164131.065,7345649195.0
train_tune_e87cf_00827_827,CNN,0.0074960450474719,0.8293092091872133,0.801112772411269,0.40736788511276245,1.2208702564239502,-0.05185124650597572,3.5955476960225496e-06,-18707.918806271045,-0.013607081025838852,269604539623.49225,263565395714.15875,28122857739.0
train_tune_e87cf_00828_828,CNN,0.0029429877802409,0.8218784376440401,0.8115273624786593,0.31880325078964233,0.8228046894073486,-0.026988402009010315,2.4908565592340892e-06,-10064.350779443912,0.0072463760152459145,5230655389794.6875,5169687528133.3955,25897139995.0
train_tune_e87cf_00829_829,CNN,0.0098595185157427,0.75087476311157,0.7503224034646144,1.1783626079559326,3.173109292984009,-0.6848893165588379,1.7415663023712113e-05,-3185.4264780513586,-0.004214442800730467,198686895.850805,195563088.68493277,4997823027.0
train_tune_e87cf_00830_830,CNN,0.0141571081833605,0.7907801435825956,0.7842269006841651,0.6779727935791016,1.4123049974441528,-0.14452609419822693,2.0243183826096356e-05,-11179.032495453876,-0.04554685205221176,4122394885328.8945,4053030993037.6074,37950643827.0
train_tune_e87cf_00831_831,CNN,0.019107503073859,0.7718969809797749,0.7614673338312122,1.192259430885315,4.148523807525635,-0.7137214541435242,1.7412956367479637e-05,-2207.3740392780824,0.017315635457634926,104214.8654599239,104275.89918816849,4007846907.0
train_tune_e87cf_00832_832,CNN,0.0098577125777418,0.828249967191637,0.8176859528392879,1.0135945081710815,2.39214825630188,-0.5123350620269775,1.8660270143300295e-05,-9112.92083659585,0.042931973934173584,2396065804.04969,2324598638.297348,7075776971.0
train_tune_e87cf_00833_833,CNN,0.0067404971815744,0.7793408319502049,0.7664514175010896,0.9984945058822632,3.788066864013672,-0.48422783613204956,1.6846141079440713e-05,-2418.6280527652243,0.009879179298877716,78307.63779599336,77717.88782230305,7752908851.0
train_tune_e87cf_00834_834,CNN,0.0150057733181791,0.6417552001341764,0.620090317732771,3.1209142208099365,6.089450836181641,-7.674586296081543,0.0003040675655938685,-3791.6210978559657,0.16219043731689453,11347.254182608573,11407.643144939626,3060627.0
train_tune_e87cf_00835_835,CNN,0.0396539303723588,0.6612273203809169,0.6836693399426977,1.365769386291504,4.976481914520264,-0.9531583786010742,3.675140396808274e-05,-1728.1110775297116,0.054418887943029404,1073.3155603635873,1073.3155603635873,10391387.0
train_tune_e87cf_00836_836,CNN,0.0959468304714713,0.7581236521937903,0.7571836568381425,1.1567829847335815,4.744100570678711,-0.6454170942306519,2.053767275356222e-05,-2093.9771071518962,-0.016595982015132904,73848.88414756983,74188.48269032282,9086984275.0
train_tune_e87cf_00837_837,CNN,0.017623177704091,0.6904032326254855,0.7028879631643407,1.305748462677002,5.586994171142578,-0.8510924577713013,3.4112548746634275e-05,-1789.900906150252,0.018306488171219826,1709.30501765579,1709.30501765579,32099259.0
train_tune_e87cf_00838_838,CNN,0.0205850642485997,0.7169994010875854,0.7378346003647681,1.7504596710205078,4.944273948669434,-1.6068428754806519,3.166696842527017e-05,-2486.162935549157,-0.004273104481399059,44644.40288221672,44951.68933496998,568648059.0
train_tune_e87cf_00839_839,CNN,0.049613610431192,0.7084774251912251,0.734809058602196,0.8203357458114624,2.9913856983184814,-0.3116818070411682,1.525977313576732e-05,-3034.3731986889447,-0.007348614279180765,28706718.941154692,29085306.88930158,5670283667.0
train_tune_e87cf_00840_840,CNN,0.007620711595442,0.8148131809659218,0.7955228713747163,0.8687268495559692,2.4422686100006104,-0.360483855009079,1.4591066246794071e-05,-3426.8623850871286,0.04354820027947426,2570503258.380506,2601691288.697212,10549474667.0
train_tune_e87cf_00841_841,CNN,0.0074015521736701,0.6580170324097773,0.6735867137985753,1.1569299697875977,4.459691047668457,-0.6290931701660156,2.077139652101323e-05,-1777.1252486084236,-0.03632284700870514,825.0532803507804,825.0532803507804,8645739.0
train_tune_e87cf_00842_842,CNN,0.0252002049618489,0.7456430293336122,0.7354156347670519,1.1881932020187378,3.6536436080932617,-0.7164026498794556,3.666119300760329e-05,-2042.159007878478,0.031164130195975304,36508.04614207476,36517.944754203796,2753661259.0
train_tune_e87cf_00843_843,CNN,0.1188647078931153,0.7216001858061509,0.7314367234871756,1.2055258750915527,4.304323196411133,-0.728182315826416,2.6066807549796067e-05,-3590.8079788366067,0.05940607935190201,93321221.75144282,96430924.9908306,13431859195.0
train_tune_e87cf_00844_844,CNN,0.0141870449878663,0.8066695131204255,0.82491599668213,0.5573502779006958,1.688658356666565,-0.1276504099369049,5.806927219964564e-06,-9449.780957975207,-0.0009119578171521425,3983804918076.6074,4067641675740.248,18785872323.0
train_tune_e87cf_00845_845,CNN,0.0225788460058175,0.8116866114598639,0.8028191976332373,1.1612446308135986,3.614877939224243,-0.6171605587005615,2.3998436518013477e-05,-5813.970200088789,-0.030420510098338127,1951137973.8895686,1919100083.3414004,9303271835.0
train_tune_e87cf_00846_846,CNN,0.0107779170956859,0.7540558575669176,0.7453242192058531,0.6441320180892944,2.474358558654785,-0.19271376729011536,5.101493570691673e-06,-2402.2193690768518,0.0005262834019958973,1830254.4333676044,1838104.5272427849,8426428691.0
train_tune_e87cf_00847_847,CNN,0.0407909650811859,0.825157279319966,0.8293556208486077,0.4300117492675781,1.3800877332687378,-0.06824687123298645,8.379905011679512e-06,-57424.27876372038,-0.008118513971567154,3896371569958.1533,3866058041877.3955,20601351939.0
train_tune_e87cf_00848_848,CNN,0.0436842087529047,0.8120278966936432,0.7768976546686871,0.6831178665161133,2.1684720516204834,-0.20271000266075134,7.142431059037335e-06,-6430.2650358302435,-0.013668222352862358,36069499.057696566,36679946.39705223,6269186539.0
train_tune_e87cf_00849_849,CNN,0.0034608961990707,0.8225575989927574,0.7983240874362817,1.0581796169281006,4.262155532836914,-0.5718279480934143,1.716699443932157e-05,-3220.1309506107486,0.036770567297935486,3197908.8718269635,3228553.6039258996,10926105299.0
train_tune_e87cf_00850_850,CNN,0.0098577125777418,0.8250163725916373,0.8036031691858002,0.6939122676849365,2.417628765106201,-0.23013827204704285,1.0427018423797563e-05,-24060.73837179753,0.03427249938249588,27384048300252.125,27549554712009.273,37503439059.0
train_tune_e87cf_00851_851,CNN,0.0417455973259703,0.7710557372457344,0.7636209795089296,0.8742791414260864,3.209268569946289,-0.36187463998794556,1.2447961125872098e-05,-2358.205607565734,0.013696566224098206,1120798.2971464065,1127515.3082769334,3610495819.0
train_tune_e87cf_00852_852,CNN,0.0109234072443443,0.6822511673809456,0.6867605575893174,2.470095157623291,7.6725077629089355,-3.343365430831909,8.220806194003671e-05,-1876.5533899055808,0.003325570374727249,2370.660370214979,2370.660370214979,9153091.0
train_tune_e87cf_00853_853,CNN,0.0235278878689233,0.5892633845976628,0.6194198582193206,1.597385048866272,1.8830729722976685,-0.5898156762123108,3.923838085029274e-05,-2470.6712092662638,-0.017417021095752716,5279.302970000455,5272.807721242967,27270107.0
train_tune_e87cf_00854_854,CNN,0.0482642617169512,0.7380512234470994,0.7418590413997329,1.1852474212646484,3.8775253295898438,-0.6851214170455933,1.930302823893726e-05,-2223.3504893501167,0.010801426135003567,34499.46694587321,34225.99276685111,431272259.0
train_tune_e87cf_00855_855,CNN,0.0102038609301873,0.8218535988716865,0.8197523730504066,1.2148942947387695,3.9328486919403076,-0.7109997868537903,1.43892193591455e-05,-27949.258526860776,-0.008112202398478985,437847718534.7771,433350779185.1875,26955693435.0
train_tune_e87cf_00856_856,CNN,0.088309327313334,0.7374783796117391,0.7230318222178548,1.357540249824524,5.295683860778809,-0.9327600002288818,2.9687595088034868e-05,-1856.263840856129,0.03660164773464203,52411.45565509468,52408.38450163118,3439142043.0
train_tune_e87cf_00857_857,CNN,0.0710559190268213,0.8276041666148156,0.8174754046391404,0.647940456867218,1.7833565473556519,-0.18101021647453308,1.2361394510662649e-05,-4814.467190648724,0.022563789039850235,1045125204669.0664,1087363816451.3867,10169873387.0
train_tune_e87cf_00858_858,CNN,0.0374820186526915,0.722892686335657,0.7185348565897851,1.3598079681396484,5.93962287902832,-0.9234180450439453,3.212263254681602e-05,-1896.1506699499353,0.01789817214012146,2099.2826462647026,2099.2826462647026,46257675.0
train_tune_e87cf_00859_859,CNN,0.0137570224034754,0.7370631279134162,0.7359228344270143,1.1070325374603271,3.6104846000671387,-0.5705282688140869,2.105108433170244e-05,-2018.7525290130059,-0.01298588514328003,39301.0201492591,39508.84689522124,1546403419.0
train_tune_e87cf_00860_860,CNN,0.0098577125777418,0.8241786491651474,0.8103144936780101,0.8485376238822937,2.2338449954986572,-0.3317895829677582,1.0502404620638117e-05,-13527.847871232721,-0.01907377317547798,811376368.8569442,825839348.8522588,5166182019.0
train_tune_e87cf_00861_861,CNN,0.007494872595606,0.8091264383652773,0.8127758991947279,0.49092650413513184,1.3085840940475464,-0.08909982442855835,6.326788025035057e-06,-22907.992464332117,-0.002935290802270174,6122449288037.885,6248719297630.668,20740433155.0
train_tune_e87cf_00862_862,CNN,0.0020712582458705,0.8052880464872705,0.8175794385096095,0.6556773781776428,1.0664706230163574,-0.08393672853708267,1.0738127457443625e-05,-6412.944038741475,0.012718169018626213,604489415602.9087,596207581217.9241,16629657691.0
train_tune_e87cf_00863_863,CNN,0.0407909650811859,0.7948628566983263,0.7929883071308711,0.47339922189712524,0.8739317655563354,-0.04037104547023773,1.2034694009344094e-05,-16093.686239078148,-0.0011090714251622558,59599563839.7901,60090328777.13871,3733864987.0
train_tune_e87cf_00864_864,CNN,0.0007539230297185,0.7872342267305315,0.7646220439119218,0.6475443840026855,1.2099121809005737,-0.13001708686351776,1.2004177733615506e-05,-4149.661622935351,-0.005002468824386597,3444438354.940596,3501791293.953088,5005545547.0
train_tune_e87cf_00865_865,CNN,0.00725599743104,0.6520142800620006,0.6864963976743138,1.5077886581420898,6.599380970001221,-1.1357008218765259,5.7064178690779954e-05,-1545.2000103136986,0.017617125064134598,1453.0597422365304,1453.0597422365304,19997787.0
train_tune_e87cf_00866_866,CNN,0.022140306764957,0.6445924295904679,0.6604126104652838,1.0635069608688354,4.651201248168945,-0.5656437873840332,1.9868577510351315e-05,-1688.087067855717,0.0074211484752595425,746.3028039834944,746.3028039834944,14022787.0
train_tune_e87cf_00867_867,CNN,0.0204558677572812,0.8259398651220496,0.8028406544792047,0.9085506200790405,3.2619035243988037,-0.37070703506469727,2.3637589038116857e-05,-3745.9076074961577,-0.032839998602867126,124429685.11330774,125410614.68291602,27060508651.0
train_tune_e87cf_00868_868,CNN,0.0032167965203254,0.6967615212926435,0.7178110309635549,0.19848330318927765,0.3770602345466614,-0.003974738530814648,6.105971351644257e-06,-5509.825887240397,0.003474951721727848,16829908588.73914,17800244756.267067,6306577563.0
train_tune_e87cf_00869_869,CNN,0.0110585829612398,0.682698940218186,0.7041900029066194,1.2727094888687134,5.066923141479492,-0.7751171588897705,2.413174297544174e-05,-1836.337367521305,-0.019034119322896004,1476.219616610129,1476.219616610129,22412475.0
train_tune_e87cf_00870_870,CNN,0.0182445986633474,0.7821295195527906,0.7687149574262694,1.0425809621810913,3.5843517780303955,-0.5235379934310913,1.2424642591213342e-05,-2541.469350545589,0.02229955606162548,2211736.7655895283,2186836.051645467,6820338139.0
train_tune_e87cf_00871_871,CNN,0.0044075366209025,0.6721922770991573,0.6889126788903658,1.621675729751587,6.8607940673828125,-1.3098995685577393,3.707291398313828e-05,-1583.102475077727,0.014432070776820183,1895.0316253938913,1895.0316253938913,24255787.0
train_tune_e87cf_00872_872,CNN,0.003906186090895,0.6492074352710306,0.6643557614321366,1.4861149787902832,4.640620708465576,-1.196178913116455,4.5845685235690325e-05,-1746.2815155711592,0.056622788310050964,877.6292690355148,877.6292690355148,4808427.0
train_tune_e87cf_00873_873,CNN,0.0141870449878663,0.7698585311053981,0.7741333828050067,1.9776370525360107,7.805935859680176,-1.830334186553955,6.429631321225315e-05,-2986.7339055479433,-0.0472772940993309,3352604.2597356085,3402273.0388989868,7146070907.0
train_tune_e87cf_00874_874,CNN,0.0101630810962648,0.754244837932135,0.7341438282527807,0.9816064238548279,3.527041435241699,-0.44543877243995667,1.2156180673628114e-05,-1985.6986165733374,-0.017729423940181732,48590.72222210905,48585.704383932745,3274122859.0
train_tune_e87cf_00875_875,CNN,0.0032167965203254,0.7255832657348956,0.740438824088283,0.29282400012016296,0.6275467872619629,-0.011941606178879738,6.250386832107324e-06,-9616.60964975424,0.010352402925491333,2162114238.3761225,2156314618.080861,4120064739.0
train_tune_e87cf_00876_876,CNN,0.0038234041953751,0.7508237416050313,0.7484872224380019,1.2885539531707764,5.466342926025391,-0.853367269039154,2.9345490474952385e-05,-1925.862755212965,0.0297542717307806,53059.656727063295,52702.292058730665,1960426731.0
train_tune_e87cf_00877_877,CNN,0.0152946774017356,0.7045315310290834,0.706847257283691,1.1266664266586304,4.60867977142334,-0.6051428318023682,1.9624600099632517e-05,-1768.064214279649,-0.019937679171562195,1516.972657020735,1516.972657020735,29820387.0
train_tune_e87cf_00878_878,CNN,0.0869894807318444,0.6934709625643726,0.700164216661901,1.732933759689331,6.560804843902588,-1.4988162517547607,4.574721242533997e-05,-1860.559261572379,0.013497799634933472,1876.7905232738863,1876.7905232738863,17868315.0
train_tune_e87cf_00879_879,CNN,0.0140008342055111,0.7703087497591077,0.7647681707314807,1.4500912427902222,5.035032749176025,-0.9918928146362305,4.1693481762195006e-05,-2262.781022770301,-0.04733394458889961,108852.78283068862,107918.2654512515,3387760819.0
train_tune_e87cf_00880_880,CNN,0.00225455445947,0.775345145057224,0.764783390014609,0.8233956098556519,1.23679780960083,-0.18439538776874542,1.975731720449403e-05,-2293.4092952095343,0.02742140367627144,17148960.616822146,17301541.993657056,10395564043.0
train_tune_e87cf_00881_881,CNN,0.0215807626485967,0.6737598227011069,0.6795210663766397,1.2113691568374634,4.787849426269531,-0.7382141351699829,3.9019832911435515e-05,-1617.665637912544,0.05181040242314339,1060.6844987441164,1060.6844987441164,14128043.0
train_tune_e87cf_00882_882,CNN,0.0076016557908439,0.8093786026790457,0.7915041591444489,0.8482741117477417,3.1717076301574707,-0.3274078369140625,1.4338845176098403e-05,-4917.0360020399185,-0.024477848783135414,1107468987.0005288,1048169349.324785,5601203715.0
train_tune_e87cf_00883_883,CNN,0.0077807235413027,0.8245020917747804,0.8202385348564896,0.5800243616104126,2.3068623542785645,-0.1583355963230133,6.4218488660117146e-06,-20670.819925446664,-0.0011750294361263514,419630924785.864,419676974187.7454,24580286779.0
train_tune_e87cf_00884_884,CNN,0.0317205979861578,0.7150806521376946,0.7169551641271557,0.8990765810012817,4.147212505340576,-0.3947449326515198,1.326857727690367e-05,-1907.1774478610137,-0.0176473967730999,1312.3178754762894,1312.3178754762894,50885131.0
train_tune_e87cf_00885_885,CNN,0.0387866538771621,0.7796256793663232,0.7757346749751658,0.6993713974952698,1.183374285697937,-0.11892017722129822,8.768613042775542e-06,-3398.7946309923723,-0.00663374736905098,312468889.62213606,315223869.44024616,3866294795.0
train_tune_e87cf_00886_886,CNN,0.0721001875515792,0.7974259775310503,0.7833034131524973,0.7481046319007874,2.56880259513855,-0.25075775384902954,1.1420986083976459e-05,-3772.6234395963706,-0.024095861241221428,36048893.26606727,36175941.74704616,5119899883.0
train_tune_e87cf_00887_887,CNN,0.0470370201186366,0.8358847115436301,0.832704022482254,0.2681102156639099,0.7593001127243042,-0.017850469797849655,4.0734348658588715e-06,-16509.196451523,0.0009667143458500504,2141927491601.8416,2120676835705.0486,14304828147.0
train_tune_e87cf_00888_888,CNN,0.007494872595606,0.8404155384490989,0.8299127024804801,0.8509202599525452,2.5394043922424316,-0.34118106961250305,1.0875680345634464e-05,-10803.864176252482,0.002783592790365219,309056955342.92896,310652828135.90204,23621786715.0
train_tune_e87cf_00889_889,CNN,0.0470370201186366,0.8240193591280046,0.8054118605297844,0.6505516767501831,2.0889673233032227,-0.17713774740695953,6.220905561349355e-06,-14022.759987010784,-0.01786188781261444,1136744763.7694325,1154463175.8857565,3361886579.0
train_tune_e87cf_00890_890,CNN,0.0069396060179858,0.5729117093265067,0.6144476035784249,0.660264253616333,2.5647401809692383,-0.2041250765323639,7.228076356113888e-06,-2460.5682916526066,-0.0012487252242863178,13224874.429230645,12949458.515251156,2821631875.0
train_tune_e87cf_00891_891,CNN,0.0015375395663935,0.8144333318105215,0.7980385447776548,0.7557194232940674,2.8149867057800293,-0.281455397605896,8.824422366160434e-06,-4749.144741539591,0.02775205299258232,1265274377.191143,1254846469.2250524,8192178627.0
train_tune_e87cf_00892_892,CNN,0.0238076307538023,0.7339388533900358,0.7404926724286607,0.9339928030967712,3.328955888748169,-0.43885695934295654,2.264563590870239e-05,-2189.5554220791237,0.06539053469896317,1543213.50726288,1536916.831038328,7714270163.0
train_tune_e87cf_00893_893,CNN,0.0159894179723339,0.7480472546453165,0.7498339280473865,1.2041021585464478,3.449390411376953,-0.6793584823608398,2.861561006284319e-05,-2351.7848143280844,-0.03772761672735214,47475.01061254722,47574.63089566646,1155335051.0
train_tune_e87cf_00894_894,CNN,0.0148279713238264,0.7739338664645291,0.7567797516492959,1.45685875415802,4.609559535980225,-1.1070973873138428,1.8687213014345616e-05,-2653.76028990371,0.067741759121418,1262848.1947703613,1258940.3160731886,3317047675.0
train_tune_e87cf_00895_895,CNN,0.0580406788194095,0.6820784588900373,0.7029333398060525,1.334331750869751,5.34889030456543,-0.8785886168479919,2.911733099608682e-05,-1745.2562496733312,0.00550560187548399,1462.1757276407814,1462.1757276407814,21807051.0
train_tune_e87cf_00896_896,CNN,0.0504216348152307,0.6747016615437681,0.6838253872866555,1.4460387229919434,4.399530410766602,-1.0870921611785889,3.214826210751198e-05,-1831.4653864082225,0.03362719342112541,1341.0685808109756,1341.0685808109756,9550539.0
train_tune_e87cf_00897_897,CNN,0.0135485188968335,0.8370269668505282,0.7968431820501802,0.6943796873092651,2.741919755935669,-0.23066867887973785,7.887908395787235e-06,-4047.2224958103266,0.031140312552452087,227702022.15938377,226986833.91507274,32006497971.0
train_tune_e87cf_00898_898,CNN,0.0216409692528589,0.6512613624138507,0.6384852941453997,1.2604548931121826,4.234989166259766,-0.8112994432449341,2.7375992431188934e-05,-1860.4639926298887,0.06056530773639679,657.0832587834964,657.0832587834964,4607395.0
train_tune_e87cf_00899_899,CNN,0.0339274243964804,0.8022386356778505,0.7782860328212752,1.2688020467758179,4.945667266845703,-0.7576391696929932,2.6600673663779162e-05,-2576.3898304526188,-0.02560943365097046,2868614.3095738455,2870749.6189993466,14704603475.0
train_tune_e87cf_00900_900,CNN,0.0063046050138438,0.8344824446700051,0.8201476545921677,1.3752734661102295,3.645808219909668,-1.0013134479522705,2.4361688701901585e-05,-7755.613674556305,0.05577445775270462,212735143.09252343,210192143.34343088,13092510811.0
train_tune_e87cf_00901_901,CNN,0.0101269536009256,0.8119542503853697,0.8055936827968029,1.1053634881973267,4.440741062164307,-0.6216952204704285,1.837709169194568e-05,-7268.871263267994,0.021785633638501167,19220394773084.72,19628282224404.15,41947390387.0
train_tune_e87cf_00902_902,CNN,0.0183929827097285,0.7294754193319559,0.7233122629059738,1.36247980594635,5.630714416503906,-0.9459282159805298,3.7319256080081686e-05,-1695.269082700953,0.039450503885746,41594.10829264477,41332.75539551377,5530862763.0
train_tune_e87cf_00903_903,CNN,0.0302724634346676,0.6321432688872115,0.6510823136385903,1.6405377388000488,6.807010173797607,-1.3716545104980469,6.0857073549414054e-05,-1772.5602404527554,0.0650264322757721,1203.7060286548524,1203.7060286548524,11668939.0
train_tune_e87cf_00904_904,CNN,0.0050015402432049,0.7051241621109485,0.71083855154401,1.9279732704162598,7.357911109924316,-1.8224823474884033,3.9006034057820216e-05,-1819.097242143248,-0.026225535199046135,2564.7575813170624,2564.7575813170624,21356043.0
train_tune_e87cf_00905_905,CNN,0.0425878391707694,0.806359111336711,0.7892026140292594,0.6254476308822632,1.9448100328445435,-0.17290812730789185,8.336540304298978e-06,-3136.610861841839,0.028200633823871613,46453719.05659195,46326734.44297456,6613247283.0
train_tune_e87cf_00906_906,CNN,0.0675029272905265,0.7885342077371164,0.8025750188258954,0.8767495155334473,3.159407615661621,-0.3478887677192688,8.408430403505918e-06,-11845.51253292591,-0.006131675560027361,95207359516.99652,93808384585.7646,14804955259.0
train_tune_e87cf_00907_907,CNN,0.0034543209236854,0.752909867909884,0.7631624156909609,0.3402395248413086,1.3180128335952759,-0.044776804745197296,2.543920118114329e-06,-12004.43431191046,0.0018966604257002473,659140857182.8713,675413229618.6901,8653883323.0
train_tune_e87cf_00908_908,CNN,0.0141571081833605,0.716298509831703,0.7070085073796775,0.3927154541015625,1.312440037727356,-0.05792010575532913,8.15162911749212e-06,-5868.097977116252,0.009911981411278248,688146190303.541,666422843429.1858,19185628147.0
train_tune_e87cf_00909_909,CNN,0.0463661284610642,0.7693125285053781,0.7558163445189172,0.8598259687423706,3.2278449535369873,-0.3504334092140198,1.0762418241938576e-05,-1925.896554751284,-0.008969055488705635,45697.848661219454,45697.49439125421,7042017827.0
train_tune_e87cf_00910_910,CNN,0.063803706695649,0.6432205964368612,0.6521688546877745,2.4348106384277344,9.030098915100098,-2.5715994834899902,8.216518472181633e-05,-2155.708792681016,-0.09316638857126236,38679.90625266038,37470.118703605905,229422251.0
train_tune_e87cf_00911_911,CNN,0.0025846662926997,0.6301718523477757,0.6992769233685345,2.0586771965026855,8.681551933288574,-2.312100410461426,7.025347440503538e-05,-2116.719359062716,0.0919627696275711,1201096.3795264582,1203137.882274669,3147253027.0
train_tune_e87cf_00912_912,CNN,0.0528779757337964,0.7943335421164129,0.7779693792340261,0.5621312856674194,1.9913793802261353,-0.1418081521987915,5.6113408390956465e-06,-15903.627318790954,0.0009560291655361652,11261389852080.234,11438715171204.754,30102790187.0
train_tune_e87cf_00913_913,CNN,0.0912598973468109,0.6961501184725077,0.7115881115212495,0.652223527431488,2.0307366847991943,-0.18819670379161835,7.660372830287088e-06,-2731.4474429905868,-0.008197072893381119,20185433.362524442,20743689.057945274,3109485619.0
train_tune_e87cf_00914_914,CNN,0.0068776839484004,0.8133310386736955,0.7961855752340866,0.2886064946651459,0.8838944435119629,-0.025528088212013245,3.7224808693281375e-06,-15014.220750208713,0.0015727822901681066,816428270824.4478,824630833083.949,15574174787.0
train_tune_e87cf_00915_915,CNN,0.0087933936078176,0.7279772620112557,0.7419388436558715,1.952443242073059,8.16210651397705,-1.9003889560699463,6.575924635399133e-05,-3957.6559671969467,-0.005678449757397175,595562.1133924368,607587.2222283685,1444364987.0
train_tune_e87cf_00916_916,CNN,0.0098577125777418,0.7954756134840412,0.7795895734156172,0.4446125030517578,0.9474544525146484,-0.04280451685190201,1.0214969734079204e-05,-6884.299980987331,-0.01080152578651905,43685986.74858848,45173198.168640256,1823060011.0
train_tune_e87cf_00917_917,CNN,0.0132131941134307,0.7924857169357935,0.7743848936298163,0.823218584060669,2.7437961101531982,-0.311343789100647,7.72978182794759e-06,-2582.876478291236,-0.006400462239980698,2245213.561427803,2242034.9420311702,7139157787.0
train_tune_e87cf_00918_918,CNN,0.0164376242475343,0.8179806803647309,0.7935462717565627,0.6869393587112427,2.7081611156463623,-0.22212380170822144,9.962735930457711e-06,-3804.927889272111,0.019284719601273537,1669904197.8428352,1671039912.907133,15970120563.0
train_tune_e87cf_00919_919,CNN,0.0508420686909685,0.6820935446600868,0.694548034248085,1.0017008781433105,4.201323509216309,-0.4755426347255707,1.6371417586924508e-05,-1678.0084852530333,-0.009842036291956902,1155.585581986546,1155.585581986546,28466715.0
train_tune_e87cf_00920_920,CNN,0.0470370201186366,0.824137808007661,0.8258132306044423,0.4373990595340729,1.5698628425598145,-0.07715907692909241,7.834166353859473e-06,-21314.66019763012,-0.012498756870627403,91936247323.84166,91940178220.04103,15399176875.0
train_tune_e87cf_00921_921,CNN,0.0068280362815526,0.8210356346003809,0.7890643270894621,0.5816937685012817,2.3109264373779297,-0.1593388020992279,7.669543265365064e-06,-2877.0117845707646,0.0041730329394340515,41654970.55197781,42201721.369623914,15299132947.0
train_tune_e87cf_00922_922,CNN,0.0067074407058061,0.8052351830671782,0.780302573583586,2.1314289569854736,6.082936763763428,-2.293811798095703,7.653209468116984e-05,-3908.700171613531,-0.009372906759381294,4125622.8544798484,4151004.6292291153,3983717179.0
train_tune_e87cf_00923_923,CNN,0.0074983534021245,0.8087406246863562,0.7799622405838339,0.5823416709899902,2.325873851776123,-0.1579367071390152,4.515225100476528e-06,-4650.279312906731,-0.002188467886298895,1704985802.2209487,1708729146.189909,7264592555.0
train_tune_e87cf_00924_924,CNN,0.0104860052391731,0.4573145217191197,0.5233137243575996,0.8658926486968994,3.684131383895874,-0.3654091954231262,1.0892505088122562e-05,-2986.9254781301374,0.0030596042051911354,14508237.80314313,14729697.07822634,2016225107.0
train_tune_e87cf_00925_925,CNN,0.0098719134964069,0.7703969451349494,0.7615939712101757,1.4055759906768799,4.604260444641113,-1.0343739986419678,4.2198797018500045e-05,-2203.8988015507325,0.08361466228961945,85914.90548291785,86284.14130290652,2120220715.0
train_tune_e87cf_00926_926,CNN,0.0363597456587268,0.7682898659530412,0.7550542854452703,1.2590203285217285,4.92195463180542,-0.7730619311332703,1.9398714357521385e-05,-1991.4020050559295,0.0026710822712630033,85623.21583627503,85616.10064489284,3662795515.0
train_tune_e87cf_00927_927,CNN,0.0034831786814483,0.7627677791661074,0.7554763183496992,2.516524314880371,10.639001846313477,-3.6115002632141113,0.00010347904753871262,-2705.143428210454,0.09751620888710022,2688626.6525227483,2634337.0534809143,3673232619.0
train_tune_e87cf_00928_928,CNN,0.007494872595606,0.8266250860148844,0.8106311731238133,0.40147846937179565,1.4202286005020142,-0.05982659012079239,5.620526735583553e-06,-6010.060528125503,-0.008680722676217556,605516939.6016479,624092324.4440665,9493874307.0
train_tune_e87cf_00929_929,CNN,0.0858911288163595,0.7675153760818575,0.7539243326368271,1.0003395080566406,2.6912569999694824,-0.5011765360832214,2.235155443486292e-05,-2236.651777168022,0.03074532002210617,1252088.0389305707,1244653.9037344395,5159591883.0
train_tune_e87cf_00930_930,CNN,0.0198438066958885,0.7218331870200647,0.7383947501483257,2.1470470428466797,8.031270980834961,-2.398380994796753,0.00014345064118970186,-2542.4192205206414,0.0751723051071167,633403.540901148,642925.4353574933,2510099531.0
train_tune_e87cf_00931_931,CNN,0.0407909650811859,0.7879804425217659,0.7806136958747281,0.21146750450134277,0.6414695978164673,-0.010405657812952995,2.3119309844332747e-06,-4691.687907432834,0.003115999046713114,143924388.52635682,142259714.95906705,8249657899.0
train_tune_e87cf_00932_932,CNN,0.0139658000941602,0.7575431560949218,0.7450406353449774,1.6671996116638184,6.701192855834961,-1.4166468381881714,4.964606705470942e-05,-1925.843487940199,0.04964639991521835,87198.30410868707,88403.68840670944,8806309595.0
train_tune_e87cf_00933_933,CNN,0.1127603220364707,0.738352340663975,0.7513906640918582,2.0605921745300293,8.330219268798828,-2.200546979904175,5.756768587161787e-05,-2417.1671866247825,0.05507124587893486,1352603.9149645409,1343087.918152921,7830818179.0
train_tune_e87cf_00934_934,CNN,0.0407909650811859,0.8099686977799238,0.791740868723429,0.6692851781845093,2.092888116836548,-0.1877412348985672,1.586777943884954e-05,-51669.835944008664,-0.02775886096060276,9810479949354.725,9609595476053.555,18246023299.0
train_tune_e87cf_00935_935,CNN,0.0470731340452943,0.7921433806355033,0.7808378733485921,1.530085802078247,3.5975234508514404,-1.3308464288711548,8.126973261823878e-05,-2559.9035545565293,0.0623825266957283,36136317.00645292,35986316.04788697,8249218803.0
train_tune_e87cf_00936_936,CNN,0.0020712582458705,0.8044506654612991,0.809728041638711,0.4791467487812042,1.2803571224212646,-0.07964048534631729,1.0306213880539872e-05,-5600.394778183775,0.05344223231077194,525426862.24408007,517705524.09065616,11289538691.0
train_tune_e87cf_00937_937,CNN,0.0301310860257114,0.6720216232689812,0.6801398346083369,1.6180564165115356,2.4067330360412598,-1.0719953775405884,5.115195017424412e-05,-2291.590117633078,-0.07909335196018219,15304.022171588507,15480.605340362074,28871259.0
train_tune_e87cf_00938_938,CNN,0.0494635675101536,0.8163245662281731,0.774051968421108,0.8379335403442383,3.3230950832366943,-0.3306213617324829,9.609953849576414e-06,-3444.0515529235795,-0.004800436086952686,128364857.01677135,127153440.08745915,15965026971.0
train_tune_e87cf_00939_939,CNN,0.0170995670995671,0.6715173525099145,0.6712900222521774,1.6241726875305176,4.863675117492676,-1.4866085052490234,7.786183414282277e-05,-1800.0889447836055,0.07589542120695114,1279.9552220274545,1279.9552220274545,6671451.0
train_tune_e87cf_00940_940,CNN,0.0151707362319206,0.7733237081654486,0.7565379929324137,1.1501517295837402,4.952188968658447,-0.6679191589355469,2.1976036805426702e-05,-1932.1764202012087,0.026172460988163948,82134.75779863592,82222.9038701672,9125076323.0
train_tune_e87cf_00941_941,CNN,0.0104579362529892,0.816629842778852,0.7903861549569925,1.0836535692214966,3.867661952972412,-0.5942726135253906,2.470724211889319e-05,-3593.507897440162,0.02474546805024147,5557507.920025378,5591277.517771795,20821942723.0
train_tune_e87cf_00942_942,CNN,0.0064192250699999,0.81566282281673,0.8236625892878429,0.21876941621303558,0.6217952370643616,-0.010602708905935287,1.5780567537149182e-06,-14484.766682430918,-0.00033629706013016403,888134683104.6938,922626295948.0168,29075117131.0
train_tune_e87cf_00943_943,CNN,0.0068472591014166,0.7730986161441483,0.7738734848087852,1.7362630367279053,6.656100273132324,-1.3330941200256348,6.069482333259657e-05,-2431.8863855205836,-0.08342228829860687,2902150.962169331,2939482.5912579885,10472165611.0
train_tune_e87cf_00944_944,CNN,0.0034543209236854,0.82307435040091,0.8026673015875351,0.9023422598838806,2.1821494102478027,-0.3663090169429779,1.3373542060435284e-05,-12270.088922318158,-0.014181630685925484,9272791561.682598,9427554546.948187,28469562115.0
train_tune_e87cf_00945_945,CNN,0.0073034634994182,0.7717803040608673,0.7635272566331324,0.37176281213760376,1.0496286153793335,-0.04198206961154938,4.283017915440723e-06,-13920.380610408349,0.00019243871793150902,1034766929158.6233,1017933311335.7273,15374346907.0
train_tune_e87cf_00946_946,CNN,0.0068783248060176,0.693454509718166,0.7052818249155153,1.1155509948730469,3.718015193939209,-0.5332714319229126,2.559736640250776e-05,-4956.186939322198,-0.07412871718406677,24859382.81942702,24223269.646296978,3085927395.0
train_tune_e87cf_00947_947,CNN,0.0068776839484004,0.6856490733246269,0.7010322472415317,0.3433937728404999,0.926407516002655,-0.030893556773662567,2.6119726044271374e-06,-2799.872333416908,-0.004050332587212324,80228.21899095023,78537.69283296514,111590315.0
train_tune_e87cf_00948_948,CNN,0.0747685458682429,0.7732796139749094,0.7676529479773972,1.150818109512329,4.059869766235352,-0.6341532468795776,1.3746821423410438e-05,-2413.617767878111,0.009619193151593208,69492.51012641154,69171.84723819446,3394618219.0
train_tune_e87cf_00949_949,CNN,0.0470157681595821,0.6747915433302911,0.6812924202295592,0.9407867193222046,4.1084065437316895,-0.42456603050231934,2.1792679035570472e-05,-1698.9641187375375,-0.01805380918085575,943.0353706085863,943.0353706085863,26375971.0
train_tune_e87cf_00950_950,CNN,0.0214907933734483,0.6882955260526775,0.6822980629290083,1.370110273361206,4.62929105758667,-0.9660769701004028,3.391434802324511e-05,-1783.3615382974135,0.06158048287034035,1412.4088247771174,1412.4088247771174,14685963.0
train_tune_e87cf_00951_951,CNN,0.0198450915038119,0.6898214346738546,0.6647805610415607,1.092008113861084,4.447945594787598,-0.6055507063865662,1.6462867279187776e-05,-1988.804295338554,0.036409057676792145,1634894.158265045,1658465.6576389458,5498933387.0
train_tune_e87cf_00952_952,CNN,0.0386999294640941,0.7546709696237263,0.7497170619827357,1.1706470251083374,4.288909912109375,-0.6619019508361816,2.0780800696229562e-05,-2388.9006477700673,-0.0188649520277977,74953.91662922481,75469.02173381284,6364039659.0
train_tune_e87cf_00953_953,CNN,0.019318255167339,0.7521532237367005,0.7509024491865094,1.1871135234832764,4.554137229919434,-0.6993902325630188,1.9277016690466553e-05,-2401.0805763430776,0.013519532978534698,1967890.2211882342,1947613.1456198515,5207035579.0
train_tune_e87cf_00954_954,CNN,0.0020712582458705,0.8183431081663849,0.8057224899365547,0.5547713041305542,2.0855937004089355,-0.13853570818901062,6.265338925004471e-06,-38558.298935814164,-0.011328078806400299,4304487933908.7695,4306233666472.9473,19851341083.0
train_tune_e87cf_00955_955,CNN,0.0720905645774559,0.8085189700207401,0.8019086064704609,0.6535753011703491,2.535630702972412,-0.2036449909210205,1.3491105164575856e-05,-6637.074559851167,0.029529690742492676,15398534780.143642,16030081333.148964,6443055091.0
train_tune_e87cf_00956_956,CNN,0.011307452174772,0.809268937386589,0.825933808846257,0.7874091863632202,2.830706834793091,-0.2833804488182068,1.0100735380547121e-05,-4378.7234583998525,-0.019108055159449577,3515442891238.615,3506808286661.9917,17327796899.0
train_tune_e87cf_00957_957,CNN,0.0506209020820982,0.6597919528247083,0.6826874514869893,1.177947759628296,4.949300765991211,-0.6553745269775391,2.5881052351905964e-05,-1824.0442826512513,-0.0283905528485775,1042.400519203558,1042.400519203558,18079131.0
train_tune_e87cf_00958_958,CNN,0.0021431483314891,0.8201423198958313,0.8262255969596445,0.8248599767684937,2.6614646911621094,-0.31319183111190796,1.0706978173402604e-05,-10432.948645750062,0.0008535603992640972,134918677957.68088,130422426730.61246,11815884411.0
train_tune_e87cf_00959_959,CNN,0.0093743007795567,0.7596450267745556,0.7657691713731267,1.302188515663147,5.307610511779785,-0.8682219982147217,3.7045287172077224e-05,-2111.2376331045143,0.04310183227062225,1507617.835311585,1498223.626483914,13885251099.0
train_tune_e87cf_00960_960,CNN,0.0068776839484004,0.8338884523552808,0.8112830401853242,0.5564854145050049,1.9773544073104858,-0.1326828896999359,5.313251676852815e-06,-5950.928402884682,-0.015095129609107971,245970913475.82703,248119707864.21576,33758004683.0
train_tune_e87cf_00961_961,CNN,0.007494872595606,0.8135285852309336,0.7869827014822309,0.6993467807769775,2.6878368854522705,-0.2236882597208023,5.588814474322135e-06,-4498.749856039952,-0.007986178621649742,937498459.2555518,944356998.8574526,4793227611.0
train_tune_e87cf_00962_962,CNN,0.0141870449878663,0.7049008121499676,0.7222919923021223,1.3009002208709717,3.4699153900146484,-0.8795713186264038,2.519121153454762e-05,-1767.6399039217604,-0.0010386379435658455,24465.22254720528,24339.45959224801,1128218059.0
train_tune_e87cf_00963_963,CNN,0.0222457691731163,0.7974485593531113,0.7706717907260959,1.2492148876190186,4.792401313781738,-0.7938656210899353,2.63675392488949e-05,-3507.183325892584,0.043920572847127914,2177183.492263842,2180093.6169419535,5495282251.0
train_tune_e87cf_00964_964,CNN,0.0054637449885488,0.7156518829166005,0.7159134587621615,1.0608254671096802,3.953524589538574,-0.5574451684951782,1.718798012007028e-05,-1885.693007701522,0.02623351290822029,23101.891737059384,23093.548610112986,1721855875.0
train_tune_e87cf_00965_965,CNN,0.0485419726891899,0.65807928307852,0.680226469435561,1.5541863441467285,5.3409342765808105,-1.2498738765716553,3.8252917875070125e-05,-1809.6677974311701,0.05320286750793457,1320.322423964465,1320.322423964465,9698571.0
train_tune_e87cf_00966_966,CNN,0.0147084093057,0.7831743117022932,0.7688821295627206,0.7340844869613647,2.989131450653076,-0.25360748171806335,7.14879479346564e-06,-2267.2392488792375,0.01292283646762371,2340910.75631191,2328143.0003647897,9540346763.0
train_tune_e87cf_00967_967,CNN,0.0141824362237637,0.756293615502122,0.7211082968828338,1.2919421195983887,5.077052593231201,-0.7890210151672363,2.8707838282571174e-05,-1650.0357009740464,-0.039183683693408966,46050.6937910084,46012.25353993007,4909356283.0
train_tune_e87cf_00968_968,CNN,0.0041231386297127,0.7235837384168923,0.7374676098946366,0.6361172199249268,2.216883659362793,-0.17034602165222168,8.024102498893626e-06,-2469.889447736862,0.00414375402033329,582236.8487881424,587416.2766707647,995812571.0
train_tune_e87cf_00969_969,CNN,0.0113956360617806,0.6642421563222576,0.6882805885271968,1.647374153137207,6.8697710037231445,-1.2981691360473633,5.327534017851576e-05,-1662.906544721382,-0.03879847005009651,1706.6254533290448,1706.6254533290448,18487475.0
train_tune_e87cf_00970_970,CNN,0.0407909650811859,0.8138557643824078,0.8176815171016112,0.8794379830360413,1.7752752304077148,-0.3427984416484833,1.9971612346125767e-05,-12263.14751832851,-0.01741579920053482,108413844569.03688,112447248253.83403,24285230019.0
train_tune_e87cf_00971_971,CNN,0.011311830067226,0.7879785513136565,0.768711739602682,1.1606018543243408,3.4267988204956055,-0.7083331346511841,2.240476169390604e-05,-2582.213306989301,0.023418636992573738,63462.74893544454,62867.074002283225,1514516915.0
train_tune_e87cf_00972_972,CNN,0.032773155963975,0.6606013166347734,0.6729817530488607,0.8727626800537109,3.5143980979919434,-0.3851270079612732,1.4076012121222448e-05,-1945.0691362343582,0.03052436001598835,736336.0573280391,733133.1071466503,2821977283.0
train_tune_e87cf_00973_973,CNN,0.0240814114578522,0.6682148035598462,0.6703983603936213,2.1671996116638184,5.796073913574219,-2.9066002368927,8.327015530085191e-05,-1872.6664526680001,0.10431966185569763,1647.293695281025,1647.293695281025,5178611.0
train_tune_e87cf_00974_974,CNN,0.1038130265987907,0.6095025215484919,0.6088202532165605,3.5697362422943115,5.3259077072143555,-7.376680374145508,0.0009514974080957472,-6117.783796103042,-0.05113672465085983,1230.3544652765268,1230.3544652765268,456459.0
train_tune_e87cf_00975_975,CNN,0.0141870449878663,0.6723287826019816,0.6824809925623584,0.4758157730102539,1.4964946508407593,-0.08606413006782532,9.617551768315025e-06,-3125.0636320240574,-0.0038304391782730818,11847747.548712296,11672719.363871608,5160652307.0
train_tune_e87cf_00976_976,CNN,0.0113500506175495,0.8123632203215355,0.7958180441584808,0.5067943930625916,1.254838228225708,-0.09176015108823776,9.561808838043362e-06,-3474.79386435771,0.013447706587612629,3016739748.8614063,2990696655.946043,24499475771.0
train_tune_e87cf_00977_977,CNN,0.0035139095394998,0.768270789034768,0.7599527764260798,2.0328102111816406,8.155138969421387,-2.0029022693634033,7.791790994815528e-05,-2387.924300722313,-0.03295079618692398,3601145.3238357315,3589880.5119473943,10323076371.0
train_tune_e87cf_00978_978,CNN,0.0034543209236854,0.73860932760978,0.778182656970428,0.6884613037109375,0.6900568008422852,-0.017886193469166756,6.074626071495004e-06,-7469.990508279251,0.0093965083360672,17511549103.963272,18520609295.510918,2722961315.0
train_tune_e87cf_00979_979,CNN,0.0107074062352553,0.8096130474104268,0.8138809925786158,0.9227083921432495,1.8294726610183716,-0.38899609446525574,1.1570340575417504e-05,-5013.126259128832,0.04956989735364914,39074197.34094742,39509242.56530083,2302076067.0
train_tune_e87cf_00980_980,CNN,0.0141571081833605,0.8260356028307437,0.8226617242345174,0.4682110846042633,1.4616081714630127,-0.07556808739900589,2.9582090519397752e-06,-27645.098494696304,-0.015278120525181293,301629289091.4033,296710899649.1909,23201071115.0
train_tune_e87cf_00981_981,CNN,0.0249160843862652,0.7134892639498075,0.7150452070305202,0.664088249206543,2.726557731628418,-0.20114651322364807,1.0510826541576535e-05,-5398.871789693413,0.007456318475306034,496131629.6769373,486828474.0745524,3889586091.0
train_tune_e87cf_00982_982,CNN,0.0145325871614881,0.7836862199503204,0.7717622806206715,0.6139711141586304,1.6991901397705078,-0.14933045208454132,7.538993941125227e-06,-4635.673354379326,-0.0020268578082323074,757967212.4044981,770476193.3677878,2806272971.0
train_tune_e87cf_00983_983,CNN,0.0141571081833605,0.8281326091900417,0.8022150171594388,0.6565519571304321,2.009913921356201,-0.1819002479314804,6.3408056121261325e-06,-8572.893115629742,0.0009490838274359703,3595982568.822072,3578597563.543915,12017232939.0
train_tune_e87cf_00984_984,CNN,0.0229333043685582,0.769306022516621,0.7479562245593719,1.9595003128051758,7.728323936462402,-1.9056510925292969,4.348044240032323e-05,-2027.426848108772,0.003469012677669525,81777.37220962762,82982.85139481653,3514637259.0
train_tune_e87cf_00985_985,CNN,0.0114399176258542,0.7878231486729274,0.7647578560069083,1.4533920288085938,5.173567295074463,-1.0912050008773804,4.290603828849271e-05,-2546.625863753308,0.05726314336061478,104430.68892446364,104820.60067060254,2928170955.0
train_tune_e87cf_00986_986,CNN,0.0470370201186366,0.8121511163177613,0.7686245577727029,0.8027476072311401,2.1630196571350098,-0.2813279330730438,5.7783745432971045e-06,-23479.214858185755,-0.000634283758699894,11377843002551.543,11587862426966.652,25426429875.0
train_tune_e87cf_00987_987,CNN,0.0541783328785913,0.7120351673926555,0.7138977439390083,1.684537410736084,7.1344218254089355,-1.4174590110778809,4.193084896542132e-05,-1774.3252256613473,0.025440020486712456,2417.429894959549,2417.429894959549,32205075.0
train_tune_e87cf_00988_988,CNN,0.0187381203182132,0.7285677578641185,0.7287997307523973,1.1462643146514893,2.8606009483337402,-0.6782057881355286,1.2758755474351346e-05,-2000.716508157824,0.013010906055569649,44264.54220923709,44154.56691336087,1398320763.0
train_tune_e87cf_00989_989,CNN,0.014417033916606,0.8111163960498541,0.8149038722786431,0.715523362159729,1.9849021434783936,-0.22291824221611023,6.783567641832633e-06,-18253.1842325254,-0.003963354509323835,250074637113.64282,246023464994.4102,24828790499.0
train_tune_e87cf_00990_990,CNN,0.006885946288313,0.8400813454556043,0.8125821971102092,0.6288777589797974,2.4723339080810547,-0.18309786915779114,9.919484000420198e-06,-6548.277341484581,0.009457545354962349,348994922.2608787,346556364.62053883,29921253419.0
train_tune_e87cf_00991_991,CNN,0.0032167965203254,0.7991594787024806,0.8073601986232877,0.44977015256881714,1.36830735206604,-0.08423720300197601,4.146711034991313e-06,-19266.364325791295,0.006730102933943272,542952218568.4052,529246603565.71265,6331399907.0
train_tune_e87cf_00992_992,CNN,0.0127373121678977,0.8190301812206318,0.7770280585985396,1.2384153604507446,4.401695728302002,-0.7752219438552856,4.058842023368925e-05,-3432.258393732029,0.04689468815922737,3764876.3282458447,3747793.751231398,11479306411.0
train_tune_e87cf_00993_993,CNN,0.0098577125777418,0.7933930647543727,0.7884797745097866,1.1890937089920044,4.733132362365723,-0.6663070917129517,2.5505396479275078e-05,-11362.594735369279,-0.014054221101105213,244128903977.59808,235723046452.09268,23954416755.0
train_tune_e87cf_00994_994,CNN,0.0470370201186366,0.8150054932979767,0.8096889780230515,0.5796420574188232,2.045729637145996,-0.14792662858963013,7.859202014515176e-06,-9120.086984846683,0.0007190433098003268,25542441223.601723,26931421856.52597,10803006787.0
train_tune_e87cf_00995_995,CNN,0.003725228296635,0.8163025108071235,0.8173755306643209,0.6900646686553955,2.6753976345062256,-0.21182942390441895,5.871944267710205e-06,-7242.742192500423,-0.030739909037947655,218577235447.03607,223903392356.1566,14173920787.0
train_tune_e87cf_00996_996,CNN,0.0191225941990088,0.800186895586839,0.7821626008779826,0.8824954032897949,3.2679295539855957,-0.3659401535987854,1.6361042071366683e-05,-2928.6449868740915,0.009463155642151833,1743985.2211766916,1708867.9090859918,5118047179.0
train_tune_e87cf_00997_997,CNN,0.0094554099132647,0.7137566575948865,0.7333801058626314,1.7212605476379395,6.75743293762207,-1.493312954902649,5.3920950449537486e-05,-2636.143345522339,0.002015108708292246,113232705.51501796,113397558.66511205,10286221163.0
train_tune_e87cf_00998_998,CNN,0.0033528769990863,0.703497857934204,0.7110834386996259,1.9424397945404053,6.962471961975098,-1.9221925735473633,6.174140435177833e-05,-1884.1064391853265,-0.0036852145567536354,2544.0903326743696,2544.0903326743696,20466699.0
train_tune_e87cf_00999_999,CNN,0.0414258888297359,0.8116815343556102,0.8224814582314962,0.7214498519897461,2.0921692848205566,-0.22985780239105225,7.499517778342124e-06,-18685.604961472083,0.00014275778084993362,2136308653333.1003,2099643424364.6006,7970222059.0
train_tune_e87cf_01000_1000,CNN,0.0036629173435236,0.8483219028920612,0.8376282455116603,0.5396223664283752,2.0715150833129883,-0.13204720616340637,4.410887413541786e-06,-16700.17400114962,0.000390675850212574,624922089223.1868,627230023877.4274,30255590451.0
train_tune_e87cf_01001_1001,CNN,0.039784886467858,0.748585277131356,0.7680277577161483,0.6911823749542236,1.6562288999557495,-0.19209204614162445,3.6208828078088118e-06,-3091.7984526809496,0.011838559992611408,411939982.48498875,411123856.62581104,4668236035.0
train_tune_e87cf_01002_1002,CNN,0.0115254796030557,0.7135676712572141,0.7210989519570197,1.4653551578521729,5.960352897644043,-1.0550588369369507,2.629650043672882e-05,-2051.92498403467,0.0014572199434041977,43374.542964995046,43224.113034272494,1597699931.0
train_tune_e87cf_01003_1003,CNN,0.0145758358293486,0.7852348289469494,0.774382091573586,1.0577824115753174,3.63303279876709,-0.5312553644180298,1.7822758309193887e-05,-2497.6915065762496,0.0007677744142711163,62375530.47843071,62626221.28153795,7852440155.0
train_tune_e87cf_01004_1004,CNN,0.0039759798999409,0.7576380478462962,0.7623456027570441,1.0827479362487793,4.465482711791992,-0.6013861894607544,2.172465974581428e-05,-2152.9799855877454,0.03942577540874481,60518.17839920272,60425.6186983548,6093315179.0
train_tune_e87cf_01005_1005,CNN,0.007494872595606,0.7566552338792184,0.7668843650175834,0.8847425580024719,1.8058011531829834,-0.34847328066825867,3.989905962953344e-05,-6867.359668594628,0.04769419878721237,483318648998.55347,497932956626.4719,16538792939.0
train_tune_e87cf_01006_1006,CNN,0.0470370201186366,0.837357618276372,0.7992162333439708,0.8955362439155579,2.578080415725708,-0.3682451546192169,2.1906871552346274e-05,-4616.998108117665,-0.023018887266516685,73217016.37555619,74165180.92889018,5413558139.0
train_tune_e87cf_01007_1007,CNN,0.0296757024805406,0.8341539178645992,0.7994991458531785,0.6193562150001526,1.9632568359375,-0.1593630611896515,6.379850674420595e-06,-10051.853420976107,0.0047360993921756744,11451747533.798904,11568265548.896145,24486339195.0
train_tune_e87cf_01008_1008,CNN,0.0098577125777418,0.8159007844345614,0.7736570778589563,0.728691816329956,1.2762694358825684,-0.15672479569911957,2.10434718610486e-05,-5039.775667727582,0.012139217928051949,41269316943.23275,40537258536.4727,11726072699.0
train_tune_e87cf_01009_1009,CNN,0.0096877008413938,0.7892503663786014,0.8006161532266024,0.6674960851669312,2.443552255630493,-0.19589421153068542,1.2601258276845329e-05,-12152.852694800084,0.0035977135412395,86901062346.11124,83772909544.85028,12131722795.0
train_tune_e87cf_01010_1010,CNN,0.0277312066720243,0.66361421027301,0.6773167623813187,1.0654102563858032,4.612452507019043,-0.5572202205657959,2.079970363411121e-05,-1894.442611976848,-0.00765102868899703,915.3997746678237,915.3997746678237,18718683.0
train_tune_e87cf_01011_1011,CNN,0.0502944539646877,0.669996217002964,0.6905446223811507,1.401497721672058,6.150801658630371,-0.958366870880127,2.4708022465347312e-05,-1664.4021419264714,-0.0282752625644207,1442.0264606450198,1442.0264606450198,23469683.0
train_tune_e87cf_01012_1012,CNN,0.0211418179337513,0.6693222178559813,0.6814802881916221,1.6812641620635986,6.164385795593262,-1.4206631183624268,7.752754027023911e-05,-1813.9493553998802,0.0039214082062244415,1422.1887336844102,1422.1887336844102,11014163.0
train_tune_e87cf_01013_1013,CNN,0.0020724486241727,0.8020288795143937,0.7757084296395607,1.7180874347686768,6.510158538818359,-1.5119526386260986,4.447565879672766e-05,-2938.935993952883,0.0485166572034359,3760602.429978503,3762828.5248765675,10497544763.0
train_tune_e87cf_01014_1014,CNN,0.0081784184666097,0.7231189208940315,0.7339847068235191,1.2465946674346924,1.9780441522598267,-0.6569183468818665,1.3615005627798382e-05,-2820.034868799081,0.02857082709670067,34406.35106119043,34356.03601640191,263157083.0
train_tune_e87cf_01015_1015,CNN,0.007494872595606,0.7972176881476899,0.8094897457862994,0.5930735468864441,1.0832269191741943,-0.08483722805976868,4.389668447402073e-06,-19803.927684575658,0.019645802676677704,420773543794.73596,410891213906.86926,7413223187.0
train_tune_e87cf_01016_1016,CNN,0.0101050895041444,0.805635582708735,0.7970512122351299,0.26842623949050903,0.844122052192688,-0.021863065659999847,3.487554749881383e-06,-23207.45051929928,0.004515903070569038,1498264319070.724,1436713779532.8313,12666692571.0
train_tune_e87cf_01017_1017,CNN,0.0011473526602211,0.8296940391566395,0.8317979501409596,0.7906035780906677,2.5189285278320312,-0.27592650055885315,9.314795534010045e-06,-20608.764110873988,-0.011852730996906757,10860033280208.26,11030842226440.605,22260766475.0
train_tune_e87cf_01018_1018,CNN,0.0027477490527179,0.8215831865636619,0.8027363871554113,0.45201075077056885,1.674582839012146,-0.0866355150938034,7.062931672408013e-06,-7451.315236234483,-0.003194467630237341,961195454.308277,939341548.6797572,5786079787.0
train_tune_e87cf_01019_1019,CNN,0.0194117388830108,0.6638099562851335,0.6787349492957293,1.7099432945251465,4.801695346832275,-1.5446040630340576,4.018682011519559e-05,-1809.3098785739587,-0.007313139270991087,1483.6342785037996,1483.6342785037996,6370955.0
train_tune_e87cf_01020_1020,CNN,0.0090924464288161,0.4858611100021122,0.4381237131813079,7.548771381378174,10.789812088012695,-62.819007873535156,0.0005569413769990206,-2791.0738641009693,0.49937328696250916,1510.1366202394888,1510.1366202394888,314499.0
train_tune_e87cf_01021_1021,CNN,0.0438899489136455,0.70482211687139,0.7001744091682736,1.2013146877288818,4.49167013168335,-0.7143278121948242,3.40996339218691e-05,-1707.2507342576719,0.019673995673656464,1484.449845206121,1484.449845206121,23858667.0
train_tune_e87cf_01022_1022,CNN,0.0141571081833605,0.7736964624988943,0.7749398258759929,0.9081594944000244,3.4530234336853027,-0.3781139552593231,1.7647525965003297e-05,-4899.126628452282,-0.03312293067574501,92987625882.20917,91270987849.17831,20290287091.0
train_tune_e87cf_01023_1023,CNN,0.0094492368944923,0.6686635991572456,0.6851630662989224,2.1595425605773926,6.185779571533203,-2.8224472999572754,6.702053360641003e-05,-2485.5419006014226,0.15960198640823364,18343.988186994833,17790.920626344643,49133859.0
train_tune_e87cf_01024_1024,CNN,0.0020712582458705,0.7381003093286449,0.7467416259883776,1.0239393711090088,3.8408734798431396,-0.5061848163604736,1.3738579582422972e-05,-16456.43703812494,0.015923161059617996,694127175911.8958,626421720081.348,4073398235.0
train_tune_e87cf_01025_1025,CNN,0.0239631225475703,0.7619828835637502,0.7619021211642998,1.835593819618225,7.197614669799805,-1.615251064300537,5.187205533729866e-05,-2040.076002624406,-0.026598365977406502,94147.67045348277,93715.06958848207,5532497075.0
train_tune_e87cf_01026_1026,CNN,0.1066232098677351,0.8132143501272637,0.7963452020537793,0.6008515357971191,2.2874085903167725,-0.1565004289150238,1.1983596778009087e-05,-2725.298685062752,-0.018842849880456924,69860307.26378302,69096472.67271364,12012803723.0
train_tune_e87cf_01027_1027,CNN,0.0032167965203254,0.8043314968773868,0.7916720885340379,0.401062548160553,1.3408513069152832,-0.05794660374522209,4.423553036758676e-06,-14850.174359002638,-0.0024914019741117954,2158182458392.5325,2104820237435.043,17238096163.0
train_tune_e87cf_01028_1028,CNN,0.0135594743731948,0.8240540932042062,0.796283623161425,0.7542802095413208,2.8477368354797363,-0.26199132204055786,1.657767097640317e-05,-8448.762962129842,-0.014495152980089188,180007911851.96854,181413246930.17026,17664681507.0
train_tune_e87cf_01029_1029,CNN,0.0036403881861171,0.7875684894081112,0.7636770187606516,0.9215455651283264,2.3282980918884277,-0.39761343598365784,1.6305024473695084e-05,-3029.513185293522,0.01591997966170311,1647712.4819575972,1641724.4222574015,4016889171.0
train_tune_e87cf_01030_1030,CNN,0.0032167965203254,0.7479326856626212,0.7731876576978665,0.5663002729415894,2.1875462532043457,-0.141793891787529,5.084165422886144e-06,-5448.7770493146,-0.010934158228337765,10219904975.643124,10278829737.944359,3932630219.0
train_tune_e87cf_01031_1031,CNN,0.0093818872067459,0.6425751071602742,0.6718988908389437,1.9657407999038696,3.156059741973877,-2.5934696197509766,6.688205758109689e-05,-1883.9157360627948,0.0923590213060379,11740.520540713223,11607.144698829434,49425611.0
train_tune_e87cf_01032_1032,CNN,0.0099264577730714,0.8162521654089511,0.7929712447301983,1.3352807760238647,4.125758647918701,-0.9027133584022522,1.6047379176598042e-05,-7981.088697482144,0.025434138253331184,53241751.41910833,53225625.6009976,2504831779.0
train_tune_e87cf_01033_1033,CNN,0.0146154802357425,0.7904655790509874,0.7554767293786615,0.9343371391296387,2.883056879043579,-0.41738277673721313,1.1062513294746168e-05,-4048.933403689423,0.015780242159962654,49012642.773184106,50949004.12385954,5735816139.0
train_tune_e87cf_01034_1034,CNN,0.0485688113493481,0.7566464586277373,0.7558595442830677,0.8784401416778564,2.7703676223754883,-0.36434823274612427,1.3511484212358482e-05,-2130.3033459694166,0.014353339560329914,53674.662478650454,53742.58579417574,2230076523.0
train_tune_e87cf_01035_1035,CNN,0.0565060161911004,0.810416597124766,0.7902915416897272,0.6463667154312134,2.611906051635742,-0.19491373002529144,8.82138374436181e-06,-21523.086495534888,-0.0021129497326910496,386614558262.76074,389348319914.37134,33229509211.0
train_tune_e87cf_01036_1036,CNN,0.00811107858329,0.8218798195482351,0.816377666563401,0.5997743010520935,2.0866892337799072,-0.15564921498298645,8.716233423911035e-06,-11352.388259964895,0.0044431257992982864,196430024015.8483,199645581563.96588,30085810211.0
train_tune_e87cf_01037_1037,CNN,0.0057669138037854,0.6424192131226526,0.6934506850593255,1.5752941370010376,4.631252288818359,-1.2797784805297852,2.0864079488092102e-05,-2161.273267837292,0.00761829549446702,1164029.050899205,1155170.5232970559,3070698251.0
train_tune_e87cf_01038_1038,CNN,0.0113511999483464,0.6895321312572741,0.7078058280383762,1.5035674571990967,5.4994378089904785,-0.9913907647132874,6.78000578773208e-05,-1766.2958213482646,-0.0866410881280899,1157646.3492848962,1145421.7156341064,3015899051.0
train_tune_e87cf_01039_1039,CNN,0.014142135770998,0.6143877464837906,0.600682702542927,0.41715627908706665,1.4145339727401733,-0.0634741261601448,3.417016614548629e-06,-3606.5373573642564,-0.010321643203496933,244948875.186104,247286070.29251897,14676792691.0
train_tune_e87cf_01040_1040,CNN,0.0056956975631309,0.6933386642165629,0.7055742511206028,1.7322200536727905,5.275498867034912,-1.610113501548767,1.9922430510632694e-05,-3124.269935310087,0.03099157102406025,402263.1438079185,405259.89430703525,353469275.0
train_tune_e87cf_01041_1041,CNN,0.0098577125777418,0.7932341809741191,0.7701345540532292,1.2437604665756226,2.06618070602417,-0.729912519454956,4.6683562686666846e-05,-4419.870574458213,0.01478656753897667,31249925.529199585,31448535.344600737,3494902147.0
train_tune_e87cf_01042_1042,CNN,0.0470370201186366,0.7071827209136853,0.7194755497767406,0.7964699268341064,2.9655396938323975,-0.29129892587661743,2.0459992811083794e-05,-18847.11486666454,-0.018579397350549698,1738508885773.5452,1751624575093.6038,10139545107.0
train_tune_e87cf_01043_1043,CNN,0.0470370201186366,0.8103151305136645,0.8101117115550249,0.7435216903686523,2.8609018325805664,-0.26218143105506897,8.693793461134192e-06,-5028.071011152446,-0.004300997126847506,137105118163.34927,139728746774.70215,19639931955.0
train_tune_e87cf_01044_1044,CNN,0.0215473576057037,0.748863833857972,0.7547345312996124,1.6137640476226807,6.28364896774292,-1.2748548984527588,3.882895543938503e-05,-1982.944222337001,-0.003626250196248293,56450.245795076626,55988.803051759096,1322566395.0
train_tune_e87cf_01045_1045,CNN,0.0435639027427304,0.6941340558590263,0.7051428580946035,1.020340919494629,3.9777534008026123,-0.499347984790802,1.491346483817324e-05,-1739.5163208687318,0.011337143369019032,1321.8510163540054,1321.8510163540054,28230595.0
train_tune_e87cf_01046_1046,CNN,0.01572576752483,0.6621430122929518,0.6724080503666694,2.13742995262146,6.042922019958496,-2.6923635005950928,6.851844227639958e-05,-1835.6165460684,0.05786002799868584,1688.6206429120025,1688.6206429120025,6066027.0
train_tune_e87cf_01047_1047,CNN,0.0397529394878969,0.6017514449319429,0.6219848438394602,2.7969441413879395,6.975265026092529,-4.78782320022583,0.0001125425987993367,-1725.662493576768,0.009290710091590881,1303.9605352468652,1303.9605352468652,1880115.0
train_tune_e87cf_01048_1048,CNN,0.0098577125777418,0.8148899456027014,0.8077951651924178,0.5859735608100891,2.0171918869018555,-0.1488877236843109,7.451729288732167e-06,-7791.4222379667135,0.003973187878727913,26080679977.97386,25814660268.2359,6280962723.0
train_tune_e87cf_01049_1049,CNN,0.0068776839484004,0.8012612611069015,0.8120898706637859,0.8413189649581909,1.4359924793243408,-0.24361108243465424,9.495577614870854e-06,-7467.638550196859,0.027504436671733856,323200209559.96436,324324719316.01587,5615362811.0
train_tune_e87cf_01050_1050,CNN,0.0141571081833605,0.7452991406074824,0.7436038343325669,0.5620765686035156,2.1592965126037598,-0.1481945514678955,4.4319626795186196e-06,-3258.169114343873,0.01902587339282036,525719498.8507065,552122100.3295461,11373699195.0
train_tune_e87cf_01051_1051,CNN,0.0596898633601916,0.6806525252552628,0.6772303537921386,1.6226575374603271,4.82243537902832,-1.3237524032592773,5.948422403889708e-05,-1882.453087368738,-0.04167938604950905,1497.3117009785105,1497.3117009785105,7960747.0
train_tune_e87cf_01052_1052,CNN,0.0281340464881368,0.768876144402378,0.7861452859394035,1.8411951065063477,4.182504653930664,-1.8509713411331177,7.731892401352525e-05,-7060.786109432083,-0.023921899497509003,19675773.831829444,18283891.205569353,1503105987.0
train_tune_e87cf_01053_1053,CNN,0.0220090996519167,0.7992041513472063,0.7665600039929693,0.4070584177970886,1.5616090297698975,-0.0687858834862709,7.383183856290998e-06,-3964.9870258188294,-0.01074615865945816,1331800965.7028747,1349550360.2971778,11957337715.0
train_tune_e87cf_01054_1054,CNN,0.0075508272529597,0.6775273947718448,0.6952179583806457,1.9758082628250122,6.375176906585693,-2.031978130340576,4.9326816224493086e-05,-1872.6385549043773,0.025137271732091904,43225.94347023616,42949.84414031236,1026370083.0
train_tune_e87cf_01055_1055,CNN,0.0034543209236854,0.8105994305585931,0.8016854813525808,0.6030548214912415,1.7967071533203125,-0.14145737886428833,7.842175364203285e-06,-5982.999635555748,0.026285668835043907,25606091128.97631,25245371715.93074,6597935875.0
train_tune_e87cf_01056_1056,CNN,0.0254334382056847,0.6610368088230655,0.6815870632035277,2.3822219371795654,7.502344131469727,-3.0831587314605713,0.00015189631085377187,-1585.9867400450098,0.07686880230903625,2044.4033537025662,2044.4033537025662,8185011.0
train_tune_e87cf_01057_1057,CNN,0.0079023656281899,0.6863262188434853,0.7318242742333907,0.4657896161079407,1.5751668214797974,-0.09063144028186798,2.548021939219325e-06,-2506.1069309173417,-0.002565960632637143,11901117.797777262,11544478.606640734,3919600219.0
train_tune_e87cf_01058_1058,CNN,0.0227970895860375,0.7003004365096768,0.7155310286485915,1.558290958404541,6.68535852432251,-1.2080399990081787,5.3047886467538774e-05,-1721.3178172660882,0.015097331255674362,2230.519308883024,2230.519308883024,39226123.0
train_tune_e87cf_01059_1059,CNN,0.0007539230297185,0.7831704076386262,0.7822358828970617,0.5141823887825012,1.6251164674758911,-0.11105012148618698,4.167488441453315e-06,-22588.494100906802,0.007056379225105047,3748110659848.378,3654412215886.6387,15273227003.0
train_tune_e87cf_01060_1060,CNN,0.0141744246359797,0.7580970049977,0.7641616924859007,0.9518550038337708,1.7205839157104492,-0.3787299692630768,3.440767977735959e-05,-4719.233906471784,0.05439327657222748,208959125.54435337,210061054.7890778,5595723827.0
train_tune_e87cf_01061_1061,CNN,0.0466177422335929,0.7905610663245571,0.7913672703572644,0.7259171605110168,2.0382072925567627,-0.225441113114357,7.352591637754813e-06,-6405.136280786814,0.0025465223006904125,81019553247.26407,83310062592.01575,23349281019.0
train_tune_e87cf_01062_1062,CNN,0.0501899973804026,0.8150038059211738,0.7909959253832489,0.6363316774368286,2.6149041652679443,-0.19295218586921692,1.1581056241993792e-05,-4699.10214506116,-0.004607503768056631,2640667362.7370243,2683371706.289081,16849755179.0
train_tune_e87cf_01063_1063,CNN,0.0123428336693912,0.7983017265042044,0.7794080977178258,1.1977412700653076,4.003089904785156,-0.6594712734222412,1.6189374946407042e-05,-2691.1958483942094,-0.030965477228164673,3008878.8717889003,3006104.3839440243,6963710619.0
train_tune_e87cf_01064_1064,CNN,0.0010396518375241,0.8266567336922065,0.8263034250552937,0.5585992336273193,1.8936574459075928,-0.12620441615581512,6.89074522597366e-06,-10766.562068859706,-0.009679323062300682,268262261198.86322,272636280099.1775,27619544467.0
train_tune_e87cf_01065_1065,CNN,0.0034543209236854,0.8025564300540456,0.7716666443712336,0.49818310141563416,1.889113187789917,-0.11062569916248322,5.79416700929869e-06,-17477.96166942975,0.0039021214470267296,9448914312498.156,9688895701517.668,22948741603.0
train_tune_e87cf_01066_1066,CNN,0.0119614176888987,0.7791521303818869,0.7720753642650009,1.3964743614196777,5.352965354919434,-0.9625493288040161,2.7685522582032718e-05,-2926.013594940333,0.024635136127471924,86864.73989591253,86834.40597216127,6822513867.0
train_tune_e87cf_01067_1067,CNN,0.0118733983045952,0.668119856438889,0.6742569835423704,2.705995798110962,6.619724273681641,-4.446906089782715,7.614808419020846e-05,-1979.9214738084738,0.024792268872261047,1971.0001904111919,1971.0001904111919,4013835.0
train_tune_e87cf_01068_1068,CNN,0.0141870449878663,0.8369525368798821,0.8073917178926302,0.8375321626663208,3.2986671924591064,-0.3435930609703064,1.0669513358152471e-05,-4523.651680186311,0.01867033541202545,1125997867.0519881,1127983379.3252974,7103889683.0
train_tune_e87cf_01069_1069,CNN,0.0163988751694254,0.6461335795118046,0.634631107168034,1.192319631576538,4.222028732299805,-0.7007321119308472,2.274200232932344e-05,-1743.749464843835,0.015216181986033916,653.3405404988125,653.3405404988125,5840363.0
train_tune_e87cf_01070_1070,CNN,0.0656711831442763,0.6877513461560605,0.7128573363016277,1.3391683101654053,4.0983381271362305,-0.9063384532928467,2.6487497962079942e-05,-1707.365781908676,0.006382016930729151,32192.9890747998,32154.17002490756,575026915.0
train_tune_e87cf_01071_1071,CNN,0.0068796068796068,0.7646256579173776,0.7678417873175871,1.3293261528015137,4.931981563568115,-0.8742928504943848,2.7607529773376882e-05,-2409.604239234254,0.011705290526151657,81599.67193788968,81209.54646320525,7801552739.0
train_tune_e87cf_01072_1072,CNN,0.0141870449878663,0.8118182938769093,0.8167231531708944,0.7059917449951172,2.707324743270874,-0.2207150012254715,7.462642315658741e-06,-8609.797961261924,-0.01786169782280922,272290674082.26706,265773648777.82727,28569641867.0
train_tune_e87cf_01073_1073,CNN,0.0413575580129494,0.8093534330387567,0.7823493498827442,1.2681858539581299,4.487701416015625,-0.8388035297393799,2.0653740648413077e-05,-2851.0451861869683,0.05702069401741028,3690790.226203561,3715448.6783486283,8884645171.0
train_tune_e87cf_01074_1074,CNN,0.019861271778555,0.8223863626841482,0.7918588055661726,1.1693974733352661,4.297845363616943,-0.6796773076057434,4.3579791963566095e-05,-3919.174368303321,0.03672400861978531,3207765.4740682095,3324957.597953735,12388236963.0
train_tune_e87cf_01075_1075,CNN,0.0141571081833605,0.7856844404666014,0.7625710556910016,0.26584190130233765,0.7779813408851624,-0.018198464065790176,2.653619503689697e-06,-47536.53813486067,-0.00519708264619112,1029216187832.6328,1131957603047.057,21122453699.0
train_tune_e87cf_01076_1076,CNN,0.0430819378939321,0.792381348984624,0.7821462148509888,0.8735134601593018,1.821170687675476,-0.332414835691452,2.2055462977732532e-05,-2905.4422531920018,-0.04399695247411728,55572154.46473749,54820311.17480524,10882578603.0
train_tune_e87cf_01077_1077,CNN,0.0142442713256625,0.8172687996114696,0.7975393225212805,0.7790330648422241,2.3222267627716064,-0.2683458626270294,6.905630016262876e-06,-4722.508309807444,-0.0019889571703970432,1969533305466.7566,1961363830677.0803,16714649531.0
train_tune_e87cf_01078_1078,CNN,0.0052101720321137,0.7758819527580894,0.7494505112038475,0.5492744445800781,2.127708673477173,-0.13559387624263763,6.850751105957897e-06,-3319.5287905098785,0.010760516859591007,860051.7414218511,864495.9114084925,1243265179.0
train_tune_e87cf_01079_1079,CNN,0.0025012164395127,0.8245961640869514,0.8101252140674364,0.8538662791252136,3.421149492263794,-0.35629802942276,9.885678082355298e-06,-6472.100940704083,0.012743470259010792,8974535293.695637,9031256149.063675,23458971259.0
train_tune_e87cf_01080_1080,CNN,0.0098577125777418,0.7669975296298843,0.746801641709022,0.7553833723068237,1.7246389389038086,-0.21438737213611603,1.431605141988257e-05,-4714.285669946674,-0.01728019304573536,4809263204.890406,4902511277.680716,6372993611.0
train_tune_e87cf_01081_1081,CNN,0.0225467186799971,0.6745157673666079,0.7046107824828716,1.2791874408721924,5.39962911605835,-0.7887510061264038,2.2959928173804656e-05,-1896.5575351405307,-0.017736099660396576,27642.437263081272,27798.34087357879,757881723.0
train_tune_e87cf_01082_1082,CNN,0.0012685600655721,0.8122546125985323,0.8015532525072996,1.0510568618774414,4.075776100158691,-0.5464538931846619,1.6630736354272813e-05,-5323.649730402644,0.007242272607982159,2923092165.975812,2787226121.222829,9739706707.0
train_tune_e87cf_01083_1083,CNN,0.0032167965203254,0.8312730513458025,0.8042333829304621,0.8674197196960449,1.9710878133773804,-0.32091158628463745,1.2844948287238367e-05,-8329.15339094743,-0.013933755457401276,3723759751.537054,3758882317.8764877,15709613987.0
train_tune_e87cf_01084_1084,CNN,0.0252418586495004,0.6558015135916688,0.6690182706001356,2.4666292667388916,7.3022894859313965,-3.316462278366089,9.19440935831517e-05,-1828.9390847436762,0.06886353343725204,1845.4002544676873,1845.4002544676873,5881387.0
train_tune_e87cf_01085_1085,CNN,0.0020712582458705,0.7622248384055011,0.7538243049594154,0.9589985609054565,3.3283917903900146,-0.4362799823284149,1.1618759344855789e-05,-4982.244531739169,0.0024769380688667297,152345579103.7259,153505303045.05865,20396623523.0
train_tune_e87cf_01086_1086,CNN,0.0408001584472172,0.8222692555294207,0.8094946159195231,0.736747145652771,2.7943460941314697,-0.260206401348114,1.1931178960367106e-05,-6555.364358378524,0.011007956229150295,229745793548.03348,233231823311.18335,34165387307.0
train_tune_e87cf_01087_1087,CNN,0.0098577125777418,0.8265674420996872,0.8006885227784939,0.31065958738327026,1.0045890808105469,-0.034917764365673065,7.356190963037079e-06,-10371.330737527322,0.018857767805457115,38897000031.53671,38513533157.00883,6868943155.0
train_tune_e87cf_01088_1088,CNN,0.0227789034379006,0.6768232480800601,0.6843154796343428,1.5058367252349854,6.393309593200684,-1.1354793310165405,5.546982356463559e-05,-1793.7025143362996,0.04894421622157097,1568.570734726116,1568.570734726116,22214187.0
train_tune_e87cf_01089_1089,CNN,0.0130114609473359,0.6708544637886757,0.6786140630420399,2.4932634830474854,6.937923908233643,-3.76473069190979,9.240824147127569e-05,-1850.7275393667023,0.10223446041345596,2039.25363475451,2039.25363475451,5792523.0
train_tune_e87cf_01090_1090,CNN,0.0111413763099156,0.6693676305037494,0.6859201738082794,0.9101694822311401,2.2557363510131836,-0.37667661905288696,7.6199321483727545e-06,-2473.132174912979,-0.023125670850276947,219620248.7100756,215696519.34078676,1886222395.0
train_tune_e87cf_01091_1091,CNN,0.0024352954502183,0.6702258005788038,0.685858989834694,1.0880995988845825,4.965864181518555,-0.5825825929641724,1.543826874694787e-05,-1613.0665228458479,-0.004785893950611353,1051.9486686198975,1051.9486686198975,24922827.0
train_tune_e87cf_01092_1092,CNN,0.0083857580489974,0.8184095474281867,0.7932253938832452,0.7894708514213562,2.537882089614868,-0.2915688753128052,1.754392360453494e-05,-3396.4317071856512,0.023800764232873917,3857206.3456497774,3815919.493279623,13412978483.0
train_tune_e87cf_01093_1093,CNN,0.0082489273972836,0.7495085377625516,0.7399073971182268,0.7417092323303223,1.651627540588379,-0.22392526268959045,1.1477070984255988e-05,-2216.478910607825,0.002266187220811844,33298.68837412489,33289.67050875727,1682724459.0
train_tune_e87cf_01094_1094,CNN,0.0113417626878408,0.8278345126163171,0.8085406467574727,0.8083364963531494,3.102064847946167,-0.32158011198043823,1.1811665899585932e-05,-3833.4778727834446,0.01863091252744198,6815576.184217571,6795368.542115642,24356791555.0
train_tune_e87cf_01095_1095,CNN,0.0047924521418552,0.5615186867633498,0.6114224123430697,0.6754143238067627,2.7603936195373535,-0.21623972058296204,8.767256076680496e-06,-2389.4587262870277,0.004017098806798458,7670124.108842969,7730746.760809841,1784102555.0
train_tune_e87cf_01096_1096,CNN,0.0379843962239392,0.6721516909752134,0.6776431800609496,1.2506613731384277,4.329569339752197,-0.7310312986373901,5.0969476433238015e-05,-1675.2955273638818,-0.044774264097213745,1144.1058490141345,1144.1058490141345,12120267.0
train_tune_e87cf_01097_1097,CNN,0.0034543209236854,0.8265254708095585,0.8343477952657992,0.39812523126602173,1.3704595565795898,-0.06262128055095673,3.704296204887214e-06,-50166.82574535447,0.0005984089802950621,12586089917786.883,12649701448106.34,28522840859.0
train_tune_e87cf_01098_1098,CNN,0.0470676165767532,0.7894499281711368,0.7809719283240658,0.89512699842453,3.541914939880371,-0.38260406255722046,1.8497561541153118e-05,-4408.062318566464,-0.017688076943159103,31922781641.731987,32535116677.240124,9889661691.0
train_tune_e87cf_01099_1099,CNN,0.0143679105704422,0.7217374932589121,0.7378594575189237,1.6965882778167725,6.62534236907959,-1.4647444486618042,6.562557973666117e-05,-2833.355987555574,0.05269609019160271,2389061.596271773,2437446.592154936,3212755107.0
train_tune_e87cf_01100_1100,CNN,0.032237807569241,0.6387096657972036,0.6449698548739814,1.889662742614746,7.980208396911621,-1.8107221126556396,4.8370893637184054e-05,-1912.9087467890818,0.028317997232079506,17159.01914070831,17070.19322118149,330295211.0
train_tune_e87cf_01101_1101,CNN,0.0060204797326023,0.7034650399478825,0.7050916643464972,0.8344067931175232,3.1965198516845703,-0.32868945598602295,1.1696504770952743e-05,-5369.023474606259,-0.0016998692881315947,50322972.72102706,51225713.236862294,7952870675.0
train_tune_e87cf_01102_1102,CNN,0.0309104574303416,0.70997952354904,0.731071832214345,1.2318252325057983,2.9053635597229004,-0.8192690014839172,1.6132758901221678e-05,-2017.9069984257494,-0.002682328224182129,27449.80462577066,27847.611695199856,452020283.0
train_tune_e87cf_01103_1103,CNN,0.0208995772600888,0.6998140667015803,0.6987363492539422,1.9628126621246338,7.4211835861206055,-1.8961265087127686,5.282036727294326e-05,-1753.1085534520716,-0.020870186388492584,2414.9033068477884,2414.9033068477884,20679083.0
train_tune_e87cf_01104_1104,CNN,0.006481577239449,0.788510162501742,0.7770589339357291,1.188797950744629,4.549756050109863,-0.7194273471832275,2.283522189827636e-05,-2185.2104123520357,0.05326385796070099,128994.45213668013,129071.29242402872,6636639595.0
train_tune_e87cf_01105_1105,CNN,0.0034543209236854,0.8166566411817228,0.8129055068106603,1.1840158700942993,3.2362165451049805,-0.6813169717788696,2.9850763894501142e-05,-13458.000351332774,-0.02901933342218399,132303406588.38855,133187534899.86435,10173217051.0
train_tune_e87cf_01106_1106,CNN,0.0020712582458705,0.8024602697436165,0.7969306148605039,0.5058526992797852,1.3630318641662598,-0.08560347557067871,3.5277946608403e-06,-5302.817829503295,-0.005393111612647772,10674852487.682934,10807644588.087896,8304275659.0
train_tune_e87cf_01107_1107,CNN,0.0171480801430085,0.7124482885133746,0.7240969957151825,1.4253566265106201,6.062926292419434,-1.0037860870361328,3.5319106245879084e-05,-2255.5404477622515,0.012514317408204079,55303.89139411763,55325.69481066329,2520530771.0
train_tune_e87cf_01108_1108,CNN,0.0032167965203254,0.8168282815328898,0.8231950829247932,0.2948112189769745,0.8471069931983948,-0.02126762829720974,1.4339132121676812e-06,-11178.110302621468,0.0030187093652784824,33693073868.230957,33186462345.304207,8638415203.0
train_tune_e87cf_01109_1109,CNN,0.0007719373833117,0.757439483200967,0.7372720982004914,0.8288122415542603,3.0113115310668945,-0.33030223846435547,1.304743182117818e-05,-3710.103140695879,0.0342148020863533,44657905.95517667,45208770.91586909,6761680699.0
train_tune_e87cf_01110_1110,CNN,0.0034543209236854,0.8190253684544718,0.7933216718732904,0.49510717391967773,1.8519824743270874,-0.10714681446552277,5.137979314895347e-06,-5639.562487322702,0.005229493603110313,1178089516.6480224,1214272690.1546614,9458180643.0
train_tune_e87cf_01111_1111,CNN,0.0407909650811859,0.8176195943237299,0.823507767291347,0.40352752804756165,0.8909521102905273,-0.03442540764808655,9.013743692776188e-06,-41678.73490127696,-0.0018439693376421928,4852876064954.011,4860253378495.213,16587421611.0
train_tune_e87cf_01112_1112,CNN,0.0083108458073835,0.7695688481923733,0.7657470379587821,1.4605501890182495,5.704694747924805,-1.1029601097106934,5.047936429036781e-05,-2261.098402129347,0.04837983101606369,1317217.8641495358,1320752.8285561865,14536853843.0
train_tune_e87cf_01113_1113,CNN,0.0255575756408598,0.6997585871367106,0.7254635790536162,1.5181598663330078,4.830425262451172,-1.1332509517669678,3.654759348137304e-05,-2077.064494927079,0.008793073706328869,1149603.5582825071,1129864.7819192815,1464017627.0
train_tune_e87cf_01114_1114,CNN,0.0612721091822018,0.7658284041054197,0.7489157025356885,0.9139825701713562,3.4179327487945557,-0.386896014213562,1.1449957128206734e-05,-1881.7074066946361,-0.027392107993364334,45522.61827579586,45446.089891809526,6395955867.0
train_tune_e87cf_01115_1115,CNN,0.0041874295835955,0.6726381466407365,0.6922127195616475,1.5243432521820068,6.552262783050537,-1.219064712524414,3.9583075704285875e-05,-1643.1823870557598,0.059329286217689514,1693.377057602158,1693.377057602158,23884867.0
train_tune_e87cf_01116_1116,CNN,0.0254301271487726,0.8271339889467828,0.8149176475942196,0.38610944151878357,0.956856906414032,-0.04013826698064804,4.256256943335757e-06,-14528.019433743115,0.0020690946839749813,92429206260.39828,92495204319.12103,12113700747.0
train_tune_e87cf_01117_1117,CNN,0.0511582001637086,0.7839333271934009,0.7675579819920493,0.9148881435394287,2.7732768058776855,-0.3700622320175171,1.26137092593126e-05,-3237.2172355095986,-0.033639609813690186,46615872.71467925,45183962.508190185,3963526875.0
train_tune_e87cf_01118_1118,CNN,0.0536152675155644,0.7198791617805856,0.7231244563489191,1.0637481212615967,1.8792659044265747,-0.5738301277160645,1.7175991160911508e-05,-6615.575853070935,0.05711904168128967,50371285.61156421,52024554.96795943,918574507.0
train_tune_e87cf_01119_1119,CNN,0.046687652854706,0.7727771180745485,0.7616773992385959,1.1332157850265503,4.058124542236328,-0.6351922154426575,2.9172424547141418e-05,-2376.7455035433245,-0.0036355257034301758,75142.97307940623,75478.37480152411,4464419307.0
train_tune_e87cf_01120_1120,CNN,0.0046491939633451,0.8081018347631886,0.7789682980750047,1.268911600112915,5.030594825744629,-0.8033508062362671,2.4537239369237795e-05,-3175.497733201459,0.03246310353279114,3126447.503805621,3124822.544966362,10861539531.0
train_tune_e87cf_01121_1121,CNN,0.0216588137267498,0.756673210312029,0.7614694869292972,0.9076434373855591,2.916846752166748,-0.3867160677909851,8.302558853756636e-06,-2278.4657247654363,-0.007215236313641071,853469.7849761391,842255.1935626876,2680782747.0
train_tune_e87cf_01122_1122,CNN,0.0463768406293317,0.6604525291528048,0.6920987630102335,1.3150465488433838,5.526361465454102,-0.7833147644996643,4.192550841253251e-05,-1759.1888246797166,-0.06986865401268005,1427.378116253642,1427.378116253642,20148211.0
train_tune_e87cf_01123_1123,CNN,0.0174526232266672,0.7127451374750338,0.7252324753841211,2.301328182220459,8.717452049255371,-2.7673823833465576,6.398114055627957e-05,-2361.1848195141915,0.06922248005867004,47982.6748113472,47292.74943165586,570197371.0
train_tune_e87cf_01124_1124,CNN,0.0207100558617658,0.7872928502613855,0.7754374787367113,1.445432186126709,3.8923773765563965,-1.0897122621536255,3.948492303607054e-05,-2980.946611586959,0.022420331835746765,58302957.51584388,58590631.05883722,7643685339.0
train_tune_e87cf_01125_1125,CNN,0.0048550166936113,0.8116911300053122,0.7900314263628171,1.0911890268325806,4.558875560760498,-0.6035410165786743,1.663348484726157e-05,-2689.0509043001325,0.010509012266993523,3617894.594042055,3567025.0412580254,9510933035.0
train_tune_e87cf_01126_1126,CNN,0.0394250762182206,0.7811866993814051,0.7629819303496865,1.1034871339797974,3.7918527126312256,-0.579965353012085,1.6632875485811383e-05,-2353.4597974327235,-0.002156270667910576,1521305.058141298,1517863.7114314837,4621215483.0
train_tune_e87cf_01127_1127,CNN,0.0052045028825772,0.818535861822576,0.7985245673483412,1.3839839696884155,4.0379180908203125,-1.0480083227157593,5.27109150425531e-05,-3515.3271149541156,0.0870533436536789,63194736.20759158,62173195.65637693,6808198835.0
train_tune_e87cf_01128_1128,CNN,0.0104355701630769,0.7248914474819528,0.7225729771116804,1.5854792594909668,6.558823108673096,-1.2191219329833984,3.25319888361264e-05,-1770.0217280344382,-0.00971310492604971,2510.589559802946,2510.589559802946,36030219.0
train_tune_e87cf_01129_1129,CNN,0.0151256917701701,0.7885621657702202,0.7628318479779118,0.9621933698654175,3.4176719188690186,-0.43399345874786377,2.2982760128797963e-05,-2852.537070654234,-0.005871106870472431,64988481.07267021,64979140.22301127,13392898403.0
train_tune_e87cf_01130_1130,CNN,0.0020712582458705,0.8176656922058534,0.8135839509250612,0.43362101912498474,1.6086254119873047,-0.07709817588329315,3.751431222553947e-06,-11432.342748368692,-0.0037861880846321583,2184069615418.63,2111643843464.2363,19731432419.0
train_tune_e87cf_01131_1131,CNN,0.0020712582458705,0.751299634464559,0.7514870698998195,0.9476070404052734,3.7642884254455566,-0.43610572814941406,1.6838697774801403e-05,-2220.1068516213163,-0.0009348660241812468,860969.6196354888,860907.5437422775,3475300347.0
train_tune_e87cf_01132_1132,CNN,0.1109768108844104,0.6478787563125997,0.6448752477875564,0.9729609489440918,4.013464450836182,-0.43916216492652893,2.08151395781897e-05,-1812.9430245454473,-0.04780806601047516,672.8514664801478,672.8514664801478,10660147.0
train_tune_e87cf_01133_1133,CNN,0.023813699572944,0.6771565389259652,0.7009467836169471,2.1544551849365234,8.239508628845215,-2.1318252086639404,6.677678902633488e-05,-1736.1606444795584,-0.041501112282276154,35933.11801070691,35283.3455104492,1663689027.0
train_tune_e87cf_01134_1134,CNN,0.0547517895416226,0.6912720602592469,0.7055442095737536,1.1595885753631592,4.173486232757568,-0.6528164744377136,2.1018808183725923e-05,-2661.2154456561093,0.028690731152892113,1158190.696600637,1149662.1049400046,1329619459.0
train_tune_e87cf_01135_1135,CNN,0.0269475917408428,0.6440715613824358,0.6492751742367132,2.642780065536499,10.190959930419922,-3.4684925079345703,9.186373063130304e-05,-2946.8525348247585,0.011853399686515331,21787.68473358832,21822.537921944073,116890067.0
train_tune_e87cf_01136_1136,CNN,0.0241436884813061,0.8145595403818668,0.7803238528666211,0.9640647172927856,3.862100601196289,-0.46130549907684326,1.2564403732540086e-05,-3615.662090287792,0.01678980141878128,116641776.39414892,114198687.59477215,13182497275.0
train_tune_e87cf_01137_1137,CNN,0.0007539230297185,0.8171896246696762,0.824562696419633,0.8681662082672119,3.178819179534912,-0.3440277576446533,1.25642054626951e-05,-12382.124159368514,-0.009768362157046795,70318574925.25113,73051197682.31949,10455080963.0
train_tune_e87cf_01138_1138,CNN,0.0407909650811859,0.8135151331836625,0.8127277113078346,0.7067782878875732,2.8355257511138916,-0.23075006902217865,6.800088158342987e-06,-6242.311307600694,-0.018123062327504158,189060890410.99286,190200998313.67194,15711280291.0
train_tune_e87cf_01139_1139,CNN,0.0426541807400989,0.6693565743714346,0.6869990389797078,1.1399264335632324,4.884159564971924,-0.6193307042121887,1.892348336696159e-05,-1715.7125292518813,-0.0274052657186985,1218.5267502715003,1218.5267502715003,24300051.0
train_tune_e87cf_01140_1140,CNN,0.0098409037372036,0.7853452759211726,0.784411251964377,1.9610413312911987,8.302949905395508,-2.141918182373047,8.138916018651798e-05,-2829.0155955981286,0.0834549143910408,46168952.74159405,44508069.31917833,20159635179.0
train_tune_e87cf_01141_1141,CNN,0.005411741008154,0.7995353069652205,0.7916915805273745,0.7075756192207336,1.873624563217163,-0.2196049839258194,9.338904419564642e-06,-9621.09738554718,0.024793922901153564,93159567502.88606,95956030128.40417,14135227603.0
train_tune_e87cf_01142_1142,CNN,0.0031836210611483,0.7671805805393216,0.7338477787445289,0.40548086166381836,1.5489113330841064,-0.06921619176864624,5.261517344479216e-06,-6336.263821106126,0.009579099714756012,2201245515.0673647,2202581637.9226284,11308560371.0
train_tune_e87cf_01143_1143,CNN,0.01430088362405,0.8351356435177547,0.8057975491674957,0.8722149133682251,2.252509355545044,-0.3657695949077606,1.2257436537765898e-05,-5408.142884529726,-0.0021956278942525387,170930328.91595304,171749611.39541566,18930013643.0
train_tune_e87cf_01144_1144,CNN,0.0186565962858098,0.7429868341310091,0.7428770505569772,1.6581757068634033,3.63427734375,-1.4970414638519287,3.865674807457253e-05,-2660.242852297518,-0.015802890062332153,40579.00010123487,40695.62727960071,333416131.0
train_tune_e87cf_01145_1145,CNN,0.0079194585557877,0.7566023665637239,0.7609648829216614,0.4936107397079468,1.9231969118118286,-0.11001773178577423,6.276373824221082e-06,-8221.681512985351,-0.008428337052464485,2269268927.361101,2285611946.056702,15618648515.0
train_tune_e87cf_01146_1146,CNN,0.0014394145992902,0.8043619497761174,0.7803243018741032,0.295132577419281,0.9161255955696106,-0.025463290512561798,4.0386726141150575e-06,-5952.467589255149,-0.005308500491082668,10421519276.685354,10511502603.714527,10294189539.0
train_tune_e87cf_01147_1147,CNN,0.0007539230297185,0.8343359659735416,0.8363733889851607,0.6739538908004761,2.515831708908081,-0.20325347781181335,6.038886567694135e-06,-11109.75521873579,-0.02474445477128029,247122907171.36954,242872481108.77844,20477682491.0
train_tune_e87cf_01148_1148,CNN,0.0091402790387891,0.793534682649823,0.7586097084959517,1.4115815162658691,5.73099946975708,-1.0848827362060547,4.210058250464499e-05,-3102.609927114673,0.11711421608924866,2029067.4930554042,2039184.6919404091,2769076819.0
train_tune_e87cf_01149_1149,CNN,0.014557502133427,0.8235333334929674,0.7903250405658635,1.0021880865097046,2.994617462158203,-0.502803385257721,1.4345310773933306e-05,-3113.925324096771,0.034616999328136444,3051916.2646777835,3030622.937720688,9948479051.0
train_tune_e87cf_01150_1150,CNN,0.0380119469459137,0.644673915933408,0.6277653192570867,1.3763140439987183,4.844093322753906,-0.9405010938644409,5.022772529628128e-05,-1780.7004626499854,0.012017937377095222,727.6531144143114,727.6531144143114,3822779.0
train_tune_e87cf_01151_1151,CNN,0.0797555851164694,0.7483820451950476,0.7423988492069499,1.037514090538025,3.6575915813446045,-0.4897773265838623,1.8707312847254798e-05,-1879.5430143744886,-0.038003988564014435,54101.907344098676,54032.126434652426,1852268571.0
train_tune_e87cf_01152_1152,CNN,0.007494872595606,0.6462381119110024,0.6585147576040317,1.028566598892212,4.336479187011719,-0.5098661184310913,1.2720023732981645e-05,-5166.100969081248,-0.02406305819749832,128699503429.12085,129920627146.78903,25755526339.0
train_tune_e87cf_01153_1153,CNN,0.0579387518213428,0.8213220074774142,0.8062649200090829,0.8928664922714233,3.591041088104248,-0.3949316143989563,1.2102720575057901e-05,-11736.22316445375,0.036757420748472214,502784870172.4487,493921229836.91656,34808244355.0
train_tune_e87cf_01154_1154,CNN,0.0141870449878663,0.8116616312176497,0.7901164151885,0.2794574499130249,0.9219970703125,-0.024827182292938232,4.62456500827102e-06,-17586.190271704338,-0.004768704064190388,1061306065286.6361,1071419497501.938,28061849531.0
train_tune_e87cf_01155_1155,CNN,0.0216243087056484,0.6682370872153014,0.6895448222197975,0.5316479802131653,2.0475285053253174,-0.12210862338542938,5.287564817990642e-06,-2728.039186678602,-0.002271546982228756,13574165405.21175,13223166031.376558,10168656283.0
train_tune_e87cf_01156_1156,CNN,0.0098577125777418,0.8260287280894366,0.7981999700854928,0.5995468497276306,1.3618948459625244,-0.11058337986469269,9.291832611779682e-06,-5246.726184109515,-0.021600179374217987,1268822175.1692603,1248651810.8850422,16875161731.0
train_tune_e87cf_01157_1157,CNN,0.0052703756931805,0.7749198301924818,0.7536682157489808,0.897219181060791,3.5621178150177,-0.397445946931839,1.639680158405099e-05,-2232.824918731059,0.019622277468442917,58105.13739106341,58111.0602389561,8671285403.0
train_tune_e87cf_01158_1158,CNN,0.0035143552416074,0.8139281063417443,0.811941577292,0.7611647844314575,3.161778211593628,-0.27780482172966003,8.68921142682666e-06,-15679.228971733264,0.010426219552755356,393542873627.4591,397307361756.8627,25633821219.0
train_tune_e87cf_01159_1159,CNN,0.0207226495028011,0.688794747378028,0.7055140705684891,1.0869576930999756,4.750973701477051,-0.6005725264549255,2.3766804588376544e-05,-1808.8767057443645,0.053974322974681854,1298.9454258162052,1298.9454258162052,29677563.0
train_tune_e87cf_01160_1160,CNN,0.0066435537034823,0.7608232666150877,0.7471859662406984,1.8125617504119873,6.101839065551758,-1.6664881706237793,3.9431753975804895e-05,-2518.240724386018,0.021176990121603012,87365.0150516252,87604.85003256466,4488700491.0
train_tune_e87cf_01161_1161,CNN,0.0034645232815964,0.8072160621499557,0.8217111841240754,1.096185326576233,4.4990434646606445,-0.588029146194458,1.5812544006621465e-05,-11413.829547919293,-0.006132697686553001,44872061641.48378,44951273628.20337,13391528091.0
train_tune_e87cf_01162_1162,CNN,0.0034543209236854,0.7993508517582995,0.7936482106101782,0.9197182059288025,2.550086498260498,-0.40058544278144836,1.3764603863819502e-05,-7962.802312279088,-0.01120973564684391,43812627045.338425,45055012613.56358,12609956835.0
train_tune_e87cf_01163_1163,CNN,0.0036682984135394,0.7926698790215192,0.7572650846465091,0.44859930872917175,1.5254135131835938,-0.08062243461608887,2.9682262265851023e-06,-26938.534455392157,-0.015067358501255512,7321456938789.441,7209509086578.536,20680174627.0
train_tune_e87cf_01164_1164,CNN,0.0020712582458705,0.8267482194528039,0.831507769962139,0.8571263551712036,3.6650969982147217,-0.3684869110584259,9.808853064896539e-06,-9977.66920206449,0.010703341104090214,10446409278.155388,10415376909.776367,16013255771.0
train_tune_e87cf_01165_1165,CNN,0.0141571081833605,0.7062153468479792,0.7038442391215793,0.5897080302238464,2.051560878753662,-0.14394909143447876,8.736131348996423e-06,-3884.3608217854808,-0.012743311002850533,11821006.507474378,11631950.807526885,1124243987.0
train_tune_e87cf_01166_1166,CNN,0.0265090875891884,0.7106232117232635,0.7162588920996964,1.168939232826233,5.144735336303711,-0.6576634049415588,1.8594464563648216e-05,-1722.2527131197512,-0.014449326321482658,1715.5787064969072,1715.5787064969072,44525963.0
train_tune_e87cf_01167_1167,CNN,0.0698690875226572,0.7375857273121713,0.7677209092998425,0.7686383724212646,3.0963494777679443,-0.2868810296058655,8.368988346774131e-06,-2797.997215329079,0.004268310032784939,9661007.26937392,9909965.760121344,2321815643.0
train_tune_e87cf_01168_1168,CNN,0.0032167965203254,0.7992921390728207,0.7817764441754619,1.3361804485321045,4.971909999847412,-0.8648316860198975,2.5934608856914565e-05,-2729.0764552833916,-0.0007078885100781918,4731342.767431543,4663823.7089291485,11474356795.0
train_tune_e87cf_01169_1169,CNN,0.0007539230297185,0.7300326945154633,0.7419389640108208,0.7313199043273926,2.9778268337249756,-0.25241562724113464,8.992861694423482e-06,-3260.989888761378,-0.017134975641965866,2313670107.958344,2359234332.895252,14534571947.0
train_tune_e87cf_01170_1170,CNN,0.0034543209236854,0.8173889641248738,0.8248864089356165,0.7851979732513428,3.00418758392334,-0.299468994140625,7.881639248807915e-06,-11766.152561837156,0.022641697898507118,4935942258322.054,5151256662981.271,22195916547.0
train_tune_e87cf_01171_1171,CNN,0.0128233210293675,0.652035648618879,0.6799854507825001,2.35500168800354,7.578270435333252,-3.083920478820801,7.262593135237694e-05,-1918.2582026879747,0.08333183825016022,1847.502987833648,1847.502987833648,7157387.0
train_tune_e87cf_01172_1172,CNN,0.0032167965203254,0.8242359524056293,0.8244403638985244,0.5916906595230103,1.6177878379821777,-0.14287342131137848,8.51801632961724e-06,-5888.702669108124,0.0008252880070358515,851816938.8551486,858192352.9204876,2996668315.0
train_tune_e87cf_01173_1173,CNN,0.0038190041443861,0.8227286395283141,0.7860772178721163,0.954771876335144,3.9533889293670654,-0.45524004101753235,1.7412858142051846e-05,-3632.720656797465,0.017340168356895447,90932772.33719224,90973099.17029423,14168450123.0
train_tune_e87cf_01174_1174,CNN,0.0679434024168087,0.7785738014223196,0.7751965308616263,1.1410096883773804,4.302592754364014,-0.6252816319465637,2.7485275495564565e-05,-2390.6597451522043,0.006424242164939642,83405.80316703874,83982.85012461217,8014141579.0
train_tune_e87cf_01175_1175,CNN,0.0136334529278286,0.7201875324876154,0.7161234566899378,1.3203078508377075,5.960577487945557,-0.908542275428772,2.7474714443087578e-05,-1679.7966727600415,0.05955377593636513,1992.10940035384,1992.10940035384,48102995.0
train_tune_e87cf_01176_1176,CNN,0.0518549837674663,0.8006542604911712,0.8035141008415987,1.5675034523010254,6.333414077758789,-1.1554046869277954,3.988513344665989e-05,-7839.817858664357,-0.03745609521865845,195488913671.72955,186702977042.0514,22750796539.0
train_tune_e87cf_01177_1177,CNN,0.0500130352040021,0.6491586503638551,0.6561387786057723,1.0311229228973389,4.289648056030273,-0.5088775157928467,1.4579678463633172e-05,-1656.1381993445762,-0.020167943090200424,674.5829227154948,674.5829227154948,9203003.0
train_tune_e87cf_01178_1178,CNN,0.0068613831193033,0.8149252092498499,0.8191759652411853,0.5995879769325256,1.1592170000076294,-0.08352993428707123,4.709899258159567e-06,-13183.774455534258,-0.011788197793066502,28240241037.676376,28836645572.243855,7360947275.0
train_tune_e87cf_01179_1179,CNN,0.0271927728509621,0.8081592383495344,0.8058437620922401,1.0818318128585815,3.8275229930877686,-0.5960286259651184,1.9647935914690606e-05,-5849.965270672207,0.04052074998617172,15873176241.251156,15769410401.309345,31755043987.0
train_tune_e87cf_01180_1180,CNN,0.0738187968755211,0.6830250598547235,0.7108013807696042,1.0012140274047852,3.2106003761291504,-0.46779149770736694,1.6879886970855296e-05,-3268.3738419167375,-0.013865389861166477,23010278.94372193,22953058.22559658,2365640859.0
train_tune_e87cf_01181_1181,CNN,0.0075116100053291,0.8243069799481147,0.817322697986742,1.4518563747406006,2.215109348297119,-1.0190346240997314,4.877921310253441e-05,-6162.051580584918,0.08659949898719788,870875151.6379833,881907365.7650939,13461488667.0
train_tune_e87cf_01182_1182,CNN,0.0085684653335788,0.6839731396434693,0.7098607995597601,1.4070848226547241,5.801983833312988,-0.9807246923446655,3.839490454993211e-05,-2609.065942151525,0.013971962966024876,14814687.365483496,14771575.793355094,2414598587.0
train_tune_e87cf_01183_1183,CNN,0.0007539230297185,0.8091240679786398,0.7901047309423105,0.7151181101799011,2.7903172969818115,-0.24680736660957336,6.648297130595893e-06,-3399.7735842326615,0.017047004774212837,117370672.1352102,116357166.6653252,15439446547.0
train_tune_e87cf_01184_1184,CNN,0.0892206218687653,0.5623587268303487,0.5730279756435973,1.3665728569030762,5.486032009124756,-0.9026927351951599,2.9090640964568593e-05,-2272.6916637986037,-0.01775074377655983,332599.70543790894,324671.3397882772,213708907.0
train_tune_e87cf_01185_1185,CNN,0.0178651930476748,0.8229677666390927,0.8070013259228559,0.6020439863204956,2.2813305854797363,-0.1617991030216217,8.499490832036827e-06,-4292.578652440363,-0.0043770079500973225,2742151608.859603,2760136265.369834,15545090547.0
train_tune_e87cf_01186_1186,CNN,0.0553020843434869,0.8001664134887624,0.7981017820177221,0.8649473190307617,2.641026258468628,-0.351632684469223,1.1665373676805757e-05,-2833.0132532929774,-0.010199058800935745,56344394.43489632,55590572.84105845,5803562587.0
train_tune_e87cf_01187_1187,CNN,0.0128949103949642,0.7686187719270052,0.7551026043870266,0.3805411159992218,1.0913866758346558,-0.04446319118142128,4.632128366210964e-06,-18378.259475443192,-0.006615328602492809,1761566301944.9048,1774892054595.4692,18454610443.0
train_tune_e87cf_01188_1188,CNN,0.0042534514137613,0.796962747749472,0.7935387027638132,1.3560194969177246,4.884920597076416,-0.9183495044708252,2.0760646293638274e-05,-4064.543655366867,0.02423861250281334,5068587243.936014,5122193657.9962635,18719311875.0
train_tune_e87cf_01189_1189,CNN,0.0007540684624017,0.6476309720592258,0.678632106499374,1.2095050811767578,5.178416728973389,-0.7656010985374451,3.583978468668647e-05,-2581.6890253005113,0.06302142143249512,2246089.7189330854,2216222.7187777413,4875684099.0
train_tune_e87cf_01190_1190,CNN,0.0051367571480871,0.8037418024947235,0.7889114750778693,0.8599876165390015,2.150698184967041,-0.344138503074646,9.889379725791514e-06,-7341.256372497692,0.01205454021692276,100351986739.00745,102220870338.16827,17267349387.0
train_tune_e87cf_01191_1191,CNN,0.0141883116883116,0.8058987216087977,0.8059792681342888,0.733464241027832,2.4937379360198975,-0.24413734674453735,1.1538990293047391e-05,-55999.68841912763,-0.006027600262314081,2048972257868.6099,2075316371161.707,14818051275.0
train_tune_e87cf_01192_1192,CNN,0.0141571081833605,0.6992238016459327,0.7230961628942102,0.5534857511520386,2.0828001499176025,-0.1406768560409546,8.068622264545411e-06,-4667.651202427882,0.013235030695796013,8869952.221287353,8577868.945985682,616509675.0
train_tune_e87cf_01193_1193,CNN,0.007494872595606,0.8200159729630553,0.8167122858403755,0.48752275109291077,1.234151840209961,-0.07684209942817688,7.290208031918155e-06,-17381.966197462993,0.012253519147634506,72153690119.66197,73645377177.27654,14560124739.0
train_tune_e87cf_01194_1194,CNN,0.0049058455036039,0.8090551560211909,0.784920878527334,1.0594786405563354,4.031519889831543,-0.5416221618652344,2.155808761017397e-05,-2746.380525174167,0.010400531813502312,3851794.8269046657,3855955.656007476,9728110691.0
train_tune_e87cf_01195_1195,CNN,0.0160627606875059,0.7928437783282208,0.7788853293283355,1.2526320219039917,4.6866912841796875,-0.7487401962280273,2.5031387849594466e-05,-2689.758657919591,-0.013798439875245094,119443.49793573347,121413.64490979452,5283079179.0
train_tune_e87cf_01196_1196,CNN,0.0449771027377124,0.7265669810579666,0.7310946359386938,1.292724370956421,5.339910984039307,-0.8144068717956543,3.2796699088066816e-05,-2161.094695306715,0.005722853355109692,34319.60594818912,34239.498658986435,1340676291.0
train_tune_e87cf_01197_1197,CNN,0.0068776839484004,0.8099612929700272,0.8081202394406418,0.5151369571685791,1.271937370300293,-0.09487022459506989,5.570628673012834e-06,-25238.321405953575,0.01465749554336071,919710703160.3726,861356735819.9858,6091057211.0
train_tune_e87cf_01198_1198,CNN,0.0020615105410143,0.7470966906556452,0.7530157179542264,0.5711067914962769,1.7925200462341309,-0.13389746844768524,7.49564242141787e-06,-2157.637533349497,0.013554150238633156,232077.23868672273,232093.98496657104,507977291.0
train_tune_e87cf_01199_1199,CNN,0.0471799991360732,0.6531532874393909,0.696120899110784,2.2828760147094727,9.276021003723145,-2.4370293617248535,8.421813254244626e-05,-2108.461119681728,-0.041533950716257095,68964.73640268971,69424.90711704927,1076012147.0
train_tune_e87cf_01200_1200,CNN,0.0407909650811859,0.8241901039195213,0.8367797998668578,0.6114526391029358,2.208991289138794,-0.15618693828582764,8.903352863853797e-06,-13517.746216052734,-0.012156407348811626,69954655021.04807,70403641171.66069,10240414731.0
train_tune_e87cf_01201_1201,CNN,0.0231472839275714,0.828623064537542,0.8215249706727501,0.3931378722190857,1.361263632774353,-0.05868518352508545,5.430795226857299e-06,-27925.582973794368,-0.0016964350361377,5224298298423.883,5169115100727.323,17524713283.0
train_tune_e87cf_01202_1202,CNN,0.0476054750936267,0.6714063166685004,0.6880473859035079,1.1147464513778687,4.532543659210205,-0.6134995222091675,1.9466866433504038e-05,-1712.931517573338,0.000886579742655158,1052.9841965367605,1052.9841965367605,17034331.0
train_tune_e87cf_01203_1203,CNN,0.0076607387290613,0.8264118096007624,0.8331243583218555,0.7398796081542969,1.2565113306045532,-0.17290672659873962,7.308977274078643e-06,-34268.64552309011,0.02582317590713501,2614611539825.082,2641886347824.1187,15992329787.0
train_tune_e87cf_01204_1204,CNN,0.0141870449878663,0.8117877190776744,0.8305554281176715,0.3500785827636719,0.6549111604690552,-0.018615158274769783,4.456645456230035e-06,-29814.560442454902,-0.0021402225829660892,1887542513320.6763,1898623857652.5376,27576899107.0
train_tune_e87cf_01205_1205,CNN,0.0098577125777418,0.7963173485696289,0.8022916868233237,0.986467719078064,1.6285500526428223,-0.34930849075317383,1.1744320545403752e-05,-5517.290925365704,-0.033432044088840485,583800408.0571928,577414862.7090127,7946275595.0
train_tune_e87cf_01206_1206,CNN,0.0635156521371386,0.7185426938555364,0.705466337594001,1.6390573978424072,7.143421173095703,-1.3574330806732178,3.298027513665147e-05,-1901.2862603201868,0.03542857989668846,2510.1131544575096,2510.1131544575096,38253579.0
train_tune_e87cf_01207_1207,CNN,0.0082105267367859,0.6934769162892516,0.6991287438854308,1.2386964559555054,5.085914134979248,-0.7630285024642944,1.7960654076887295e-05,-1689.306985628922,0.020371023565530777,1486.3050980043763,1486.3050980043763,27255867.0
train_tune_e87cf_01208_1208,CNN,0.0007539230297185,0.7740607843115614,0.7692470040526799,0.7506098747253418,1.9312841892242432,-0.2346557378768921,1.0413978088763542e-05,-3222.637785474416,0.016443077474832535,303031340.109038,301599466.8588877,3304794699.0
train_tune_e87cf_01209_1209,CNN,0.0074507263179431,0.7823678133097797,0.7638719288134272,0.879436194896698,2.5329229831695557,-0.3721972703933716,1.2732115465041716e-05,-3733.014603161396,0.02493773028254509,34967192.74077835,34267509.30669279,5421221163.0
train_tune_e87cf_01210_1210,CNN,0.0127305976527032,0.8338860381272795,0.8187472826973399,0.3796527683734894,1.4016295671463013,-0.05858740955591202,4.706546405941481e-06,-8224.167025732762,0.005269779823720455,3790636822.369376,3770009558.0012074,15444449019.0
train_tune_e87cf_01211_1211,CNN,0.0097226704867196,0.7577421403262224,0.7425904738495693,1.1062912940979004,3.9453961849212646,-0.5971726179122925,2.5174096663249657e-05,-2380.238709718024,0.020153138786554337,1756422.2602469127,1749524.0127148659,3968636803.0
train_tune_e87cf_01212_1212,CNN,0.0098334152784606,0.7214158595793899,0.741663086110892,0.6965165734291077,2.1820030212402344,-0.2232755869626999,6.716006282658782e-06,-2990.028280607118,0.010128870606422424,15345716.095183011,15546267.582713787,1493252379.0
train_tune_e87cf_01213_1213,CNN,0.0141870449878663,0.803976111634335,0.8165916767551397,0.4812231659889221,0.7741029262542725,-0.03782578185200691,4.321874257584568e-06,-10249.705118684542,0.01650102436542511,706300286780.1517,714090181023.1108,7493689771.0
train_tune_e87cf_01214_1214,CNN,0.0112433338836548,0.7636529971990998,0.7756419330345924,1.4736196994781494,5.565152645111084,-1.0770175457000732,2.7005147785530426e-05,-4214.464902374031,0.016026368364691734,1365302734.729381,1372105523.6826944,10717419819.0
train_tune_e87cf_01215_1215,CNN,0.0471302890657729,0.7628120387681062,0.7471608131733016,1.162850260734558,4.727197647094727,-0.6592748165130615,2.209698868682608e-05,-1865.9019909735566,-0.015352334827184677,95500.60983675465,95582.62291858638,7718935803.0
train_tune_e87cf_01216_1216,CNN,0.0149492062099966,0.6691245768586757,0.7031014112352603,1.1768665313720703,3.0541276931762695,-0.6910625696182251,2.0246323401806876e-05,-1826.8772406971657,-0.021517060697078705,17317.749571233333,17600.236323053203,183376291.0
train_tune_e87cf_01217_1217,CNN,0.026353739909699,0.83367986250915,0.8005333301898522,0.9964931607246399,3.8927342891693115,-0.488465279340744,1.6883899661479518e-05,-4088.535670020945,0.014906300231814384,5368566.362256823,5338018.461935731,17182274947.0
train_tune_e87cf_01218_1218,CNN,0.0900717041604841,0.7832511126860635,0.7747964461548932,1.8697082996368408,7.423279762268066,-1.7590898275375366,4.150212407694198e-05,-2948.207201005888,0.02442372776567936,2786706.959684341,2768939.973436611,12474300851.0
train_tune_e87cf_01219_1219,CNN,0.0484429266635532,0.7829670107236719,0.7792784578310858,0.6980317831039429,2.7421350479125977,-0.2313310205936432,8.084281944320537e-06,-8222.40044562869,0.008771105669438839,205267299794.14084,206583651135.53503,33978761555.0
train_tune_e87cf_01220_1220,CNN,0.0130664904346696,0.7801664513236812,0.7743496443508785,1.4220097064971924,5.9422454833984375,-1.0187780857086182,4.1640596464276314e-05,-2032.7029693444476,0.03892841190099716,88094.65516077826,88578.21911292756,13065914363.0
train_tune_e87cf_01221_1221,CNN,0.0032167965203254,0.8130262522007079,0.797190515646932,0.9000976085662842,1.8377292156219482,-0.3418387472629547,1.849207365012262e-05,-5939.20442860972,-0.02402137964963913,2337444718.6758785,2334490471.288647,13467501531.0
train_tune_e87cf_01222_1222,CNN,0.003217102532171,0.7510062488637537,0.7540161902202716,0.6362774968147278,2.3969037532806396,-0.18379709124565125,9.593077265890315e-06,-7590.5433352448845,0.0033532055094838142,687258071.3971622,697646806.4644525,3833246827.0
train_tune_e87cf_01223_1223,CNN,0.0138663785341256,0.7942648992619464,0.7881533459980232,0.8392912149429321,2.9764468669891357,-0.3246595859527588,9.880963261821307e-06,-11128.489957008436,-0.022626642137765884,279890719484.3893,281331382297.59546,22755494075.0
train_tune_e87cf_01224_1224,CNN,0.0042750253241627,0.634725740337569,0.653956861613525,1.563716173171997,6.72302770614624,-1.255866289138794,3.534866846166551e-05,-1692.8317153974917,0.0214768648147583,1206.7332193629766,1206.7332193629766,14359051.0
train_tune_e87cf_01225_1225,CNN,0.0041645207260872,0.7396166976337754,0.7486206427616492,1.3931182622909546,3.53977632522583,-1.0402617454528809,1.6933954611886293e-05,-2289.0066501604215,0.044020429253578186,990180.5798914719,1005436.3395369332,1482268411.0
train_tune_e87cf_01226_1226,CNN,0.0089018003797485,0.7930375662295455,0.7851406496226623,0.7068934440612793,1.1377108097076416,-0.12976792454719543,5.236976903688628e-06,-4928.39675820215,-0.010625184513628483,499816411.0443064,488895857.56752586,3918702755.0
train_tune_e87cf_01227_1227,CNN,0.0506209020820982,0.6597919528247083,0.6826874514869893,1.177947759628296,4.949300765991211,-0.6553745269775391,2.5881052351905964e-05,-1824.0442839774762,-0.0283905528485775,1042.400519203558,1042.400519203558,18079131.0
train_tune_e87cf_01228_1228,CNN,0.0470370201186366,0.8211471479183964,0.8072590392358194,0.29604506492614746,1.009386658668518,-0.029074519872665405,4.32463002653094e-06,-10162.022190630105,-0.006230754777789116,22334872290.86391,21472049436.556717,14804686955.0
train_tune_e87cf_01229_1229,CNN,0.0212593566460576,0.7481754783047723,0.7445079425008746,1.1009255647659302,4.612339019775391,-0.6044436693191528,2.1057263438706286e-05,-2389.5276732555067,0.021051645278930664,1317597.6525756628,1308917.7949869274,2309618987.0
train_tune_e87cf_01230_1230,CNN,0.0173645896878635,0.7377191970058145,0.7130474757728891,0.9453959465026855,3.548001766204834,-0.4225694239139557,9.871942893369123e-06,-3785.9038651222645,0.01387110911309719,59800741345.83734,58948727705.098694,16268864475.0
train_tune_e87cf_01231_1231,CNN,0.0007539230297185,0.7518576492952267,0.7702355345432434,0.26085543632507324,0.7668232321739197,-0.01640864834189415,1.974388851522235e-06,-23826.01746432415,0.00813981145620346,4057478709.890629,4013089830.6236124,2239313891.0
train_tune_e87cf_01232_1232,CNN,0.0529671690709533,0.7471754403460459,0.7419732384895856,0.8350639343261719,2.97965669631958,-0.3065791726112366,1.9182498363079503e-05,-4035.830233667153,-0.03939694166183472,59967841.39831278,58919219.78279978,6492054683.0
train_tune_e87cf_01233_1233,CNN,0.0257095385032721,0.8222871876934501,0.8122456517285186,0.6146096587181091,2.2577953338623047,-0.16414350271224976,7.597339845233364e-06,-5981.552806921321,-0.008524423465132713,39343649151.321625,38823025259.08376,11539068835.0
train_tune_e87cf_01234_1234,CNN,0.0047257803755751,0.6052573882155982,0.6372518685726435,1.5660758018493652,5.363185405731201,-1.234717845916748,4.196681402390823e-05,-1978.5371493528214,0.016742359846830368,9925283.821271788,9896128.995317634,1368494091.0
train_tune_e87cf_01235_1235,CNN,0.0086651715953591,0.5998763644633258,0.6593128649606641,2.1024951934814453,7.761329650878906,-2.2166812419891357,5.7105859013972804e-05,-2366.0018448881415,0.028945032507181168,906194.9979081915,909132.8630769996,1465493755.0
train_tune_e87cf_01236_1236,CNN,0.0117747630539196,0.6423000436594175,0.6423660967863658,1.2782578468322754,4.6866960525512695,-0.7868133783340454,2.176442285417579e-05,-1705.8257989071128,0.0004740264266729355,732.8556992303306,732.8556992303306,5504099.0
train_tune_e87cf_01237_1237,CNN,0.0032167965203254,0.8150742723896147,0.8171149621459773,0.3963407278060913,1.1214689016342163,-0.05075129121541977,2.0402148948051035e-06,-17705.058891384746,-0.002908100839704275,702363741280.0967,732596699337.4897,12842523563.0
train_tune_e87cf_01238_1238,CNN,0.0585812919097869,0.7424918231180997,0.7409277074265286,1.1609820127487183,2.692492961883545,-0.7082846164703369,1.2182547834527213e-05,-2131.0254250584594,0.01303432323038578,36268.68335857119,36199.094436751555,385838187.0
train_tune_e87cf_01239_1239,CNN,0.0040694702038653,0.7368569890672475,0.7465536231785502,0.9970411062240601,1.8457653522491455,-0.4284624457359314,8.758857802604325e-06,-3586.687769412695,0.018132295459508896,200391008.63431284,199494332.17250052,2609603659.0
train_tune_e87cf_01240_1240,CNN,0.0344392561679347,0.6798066108551853,0.6872845489991005,2.352525234222412,7.043424129486084,-3.09009051322937,7.654418732272461e-05,-2311.566380325376,0.056512732058763504,23417.7273352849,22992.323740468993,50634387.0
train_tune_e87cf_01241_1241,CNN,0.0231029108495739,0.785610404362843,0.7718540917226329,0.7805461287498474,2.119231939315796,-0.2748444378376007,9.972612133424263e-06,-2796.959915503644,-0.0070405681617558,23701722.140041947,23484207.070443414,2890076403.0
train_tune_e87cf_01242_1242,CNN,0.0007539230297185,0.8287803888380857,0.836791521257177,0.4676150977611542,1.2736564874649048,-0.08262670040130615,9.8471018645796e-06,-10307.457771281175,0.009521057829260826,298157827832.3109,297714564659.1797,29796563611.0
train_tune_e87cf_01243_1243,CNN,0.0806794055493744,0.7766088676359485,0.7540589411002162,1.0001722574234009,3.4823596477508545,-0.4643751084804535,1.5626301319571212e-05,-2506.855614659847,0.007337804883718491,2154970.0022992548,2151646.7530831075,8966070379.0
train_tune_e87cf_01244_1244,CNN,0.0129604821499411,0.7769305085416517,0.7585763416012679,1.8646314144134521,7.867371082305908,-1.7328463792800903,4.063462256453931e-05,-2123.461398105219,-0.006489750929176807,109672.36503795275,110222.54244741853,9740329691.0
train_tune_e87cf_01245_1245,CNN,0.0007539230297185,0.7493303872944991,0.7504456994392172,1.9242451190948486,7.776003837585449,-1.8862342834472656,5.8098947192775086e-05,-2950.427508041897,-0.0037817172706127167,105608688.5701297,106698466.70307565,6587925803.0
train_tune_e87cf_01246_1246,CNN,0.073113066706939,0.8295295249747473,0.7885941408375475,1.0688822269439697,4.007325172424316,-0.5245186686515808,2.5681105398689397e-05,-3346.7289520605073,-0.022740062326192856,4121439.7906625466,4124160.9606135706,11774465235.0
train_tune_e87cf_01247_1247,CNN,0.0261062492322455,0.6860319575080595,0.6907920593413736,1.6366496086120605,5.759016036987305,-1.3324365615844727,4.55773770227097e-05,-1736.0575959228345,0.004575327970087528,1864.3942412818515,1864.3942412818515,16467803.0
train_tune_e87cf_01248_1248,CNN,0.0141870449878663,0.8340840227729278,0.8430721454944335,0.356822669506073,0.6908845901489258,-0.016401663422584534,6.710629804729251e-06,-18417.09535591353,0.012621006928384304,1397590971995.4648,1403160889520.6208,16962357475.0
train_tune_e87cf_01249_1249,CNN,0.0095279705342698,0.7293482809371205,0.7321234133223021,1.1082687377929688,4.18929386138916,-0.562982439994812,2.4849825422279537e-05,-2152.5783714349354,-0.05122348293662071,1262840.236699684,1274091.5940964133,3161842395.0
train_tune_e87cf_01250_1250,CNN,0.0141870449878663,0.8134016179501969,0.7974018554834252,0.3735768795013428,1.1926865577697754,-0.051644258201122284,3.923621079593431e-06,-11253.658668880526,0.00892734806984663,444491158383.75,453706293239.4135,6198479579.0
train_tune_e87cf_01251_1251,CNN,0.0809738937657826,0.8153440485905731,0.7783482747167252,0.7433726191520691,2.6387646198272705,-0.25113445520401,1.1658379662549123e-05,-5236.57289883242,-0.01730535551905632,685538490.6190124,705817942.8825638,4964330595.0
train_tune_e87cf_01252_1252,CNN,0.0141870449878663,0.7931625554522511,0.8030466214555186,0.6892426609992981,0.7477977275848389,-0.031916260719299316,1.233901366504142e-05,-8560.11761630548,-0.0053543755784630775,208512105113.74695,213749898375.3921,7252882235.0
train_tune_e87cf_01253_1253,CNN,0.0066111093181066,0.703261320419945,0.722204809322579,0.7585124373435974,2.273712158203125,-0.256821870803833,1.0662640306691173e-05,-1841.5565716552883,0.008323054760694504,24558.765869532093,24449.500216814995,1070433803.0
train_tune_e87cf_01254_1254,CNN,0.0470370201186366,0.7659305071240244,0.7331280310544873,0.20577241480350494,0.5594348907470703,-0.007565243169665337,7.67785695643397e-06,-33728.46758327369,-0.002723982557654381,519518475882.995,516347142657.28595,22761247811.0
train_tune_e87cf_01255_1255,CNN,0.0299422390955701,0.8064086548325893,0.7840051453519852,1.46099054813385,3.8015594482421875,-1.109179139137268,3.4315758966840804e-05,-3735.5038537059036,0.005592603702098131,95087042.15319538,95626404.07994467,4905358195.0
train_tune_e87cf_01256_1256,CNN,0.0017503170429155,0.8197638563893509,0.7940329758182021,1.4430651664733887,4.988710880279541,-0.9705984592437744,5.0796086725313216e-05,-5519.822493978577,-0.04824814572930336,233861525.37702206,230812554.48637885,11679128211.0
train_tune_e87cf_01257_1257,CNN,0.0123129339471101,0.7410357446421725,0.7528400403049609,1.716198205947876,6.203226089477539,-1.442613124847412,3.587004175642505e-05,-2378.0815080236916,-0.01380316074937582,1103100.38295656,1115973.9614371215,5054536779.0
train_tune_e87cf_01258_1258,CNN,0.0783009366531318,0.6628310519421992,0.6833709847447591,2.103337526321411,6.468664169311523,-2.3015060424804688,5.750514173996635e-05,-1934.336918947903,-0.04134977608919144,1864.3462352736126,1864.3462352736126,7014347.0
train_tune_e87cf_01259_1259,CNN,0.033170840759701,0.681200321354279,0.6636676760691392,2.2940967082977295,2.975797653198242,-2.770900249481201,9.437687549507245e-05,-2589.483874205585,-0.02757157012820244,20490.426925728898,20577.89593190302,36548723.0
train_tune_e87cf_01260_1260,CNN,0.0319805466312183,0.7472808910489012,0.7376450055079534,0.8728187084197998,3.5150504112243652,-0.35646528005599976,1.8784070562105626e-05,-2114.9343911327674,-0.01277465932071209,49214.70763399117,48882.95285872325,3091062427.0
train_tune_e87cf_01261_1261,CNN,0.0020768250754812,0.7270141353240945,0.7241005136400529,0.4314648509025574,1.4670155048370361,-0.06942028552293777,6.296409083006438e-06,-3791.5655468121913,-0.001160530373454094,6511012363.211447,6607838182.630051,5512072083.0
train_tune_e87cf_01262_1262,CNN,0.0164091291406472,0.8431887643568221,0.8130531105089767,1.3042895793914795,5.239762306213379,-0.8616650104522705,2.0506358850980178e-05,-8752.022989172343,0.003912235610187054,2349904314.485919,2357891683.100417,12662656323.0
train_tune_e87cf_01263_1263,CNN,0.0407909650811859,0.8097082985241667,0.7892151790642855,0.586251437664032,1.476858377456665,-0.13225218653678894,1.4576790817955043e-05,-5351.5054247815815,-0.01899724453687668,32287211826.770493,32682436490.90891,10454894947.0
train_tune_e87cf_01264_1264,CNN,0.0414051509959052,0.683160650411786,0.6989075862078253,1.1526994705200195,5.072479724884033,-0.6678988337516785,2.5499721232336015e-05,-1852.9292207645344,0.013461685739457607,1346.3686164782396,1346.3686164782396,31401387.0
train_tune_e87cf_01265_1265,CNN,0.062007071216861,0.8176150064943285,0.7711052483323111,1.3312464952468872,5.269429683685303,-0.8914433717727661,4.277897460269742e-05,-3231.5915909196037,0.02034904807806015,3316839.1896809237,3295649.00764889,5712426139.0
train_tune_e87cf_01266_1266,CNN,0.0032782377028852,0.8041274613074413,0.8148228561841472,0.736301064491272,2.7479305267333984,-0.24803000688552856,9.068573490367271e-06,-11053.793764856611,-0.009599452838301659,7026590278119.42,7122733367730.584,28536800083.0
train_tune_e87cf_01267_1267,CNN,0.0372988653236616,0.7117030747583152,0.7111606292854452,1.1436611413955688,4.49364709854126,-0.6282315850257874,2.0182840671623126e-05,-1866.0269350796539,0.015261247754096985,1569.8462544277559,1569.8462544277559,30249483.0
train_tune_e87cf_01268_1268,CNN,0.0405290823231434,0.6500388001504984,0.6691979218200678,1.2249727249145508,4.290144443511963,-0.7510364055633545,1.7110156477428973e-05,-1714.874254470293,0.02462206780910492,798.8851667635772,798.8851667635772,6886971.0
train_tune_e87cf_01269_1269,CNN,0.0222411000877555,0.7992806108032859,0.7601816008492652,1.1194953918457031,4.187244892120361,-0.6093228459358215,2.464350836817175e-05,-3579.576694625585,0.025160569697618484,86407852.30491549,88077420.12353,12592161243.0
train_tune_e87cf_01270_1270,CNN,0.0141870449878663,0.6703512135909889,0.6802927317331524,1.7744951248168945,2.085080623626709,-0.8981830477714539,4.790972525370307e-05,-3900.4974997655,-0.0011577955447137356,4106049.5761079686,4203096.952831165,1281026595.0
train_tune_e87cf_01271_1271,CNN,0.0065337126855781,0.6398020514764687,0.6304882133270523,1.1496859788894653,4.587655067443848,-0.672275185585022,2.0251769456081092e-05,-1662.7907461642694,0.040478866547346115,739.1855954968999,739.1855954968999,9539267.0
train_tune_e87cf_01272_1272,CNN,0.0068776839484004,0.7818417819132251,0.768524564713442,1.95457124710083,8.314589500427246,-1.937731146812439,7.640256080776453e-05,-2554.4365044478973,0.03004422038793564,177621.71341324216,178027.8426333535,18655964683.0
train_tune_e87cf_01273_1273,CNN,0.0197063658279367,0.5787118776831975,0.6392064323256249,3.335435152053833,13.861166000366211,-6.329549312591553,0.00018043491581920534,-2212.3558341220937,0.13722902536392212,711276.6790115952,746621.1479409847,1997010139.0
train_tune_e87cf_01274_1274,CNN,0.0068776839484004,0.7259468181103139,0.7412629681244373,1.2292656898498535,5.000331878662109,-0.7403016090393066,2.9008609999436885e-05,-3167.7566828178865,0.00920297484844923,6659447.312616633,6623917.440494351,2702704891.0
train_tune_e87cf_01275_1275,CNN,0.009527161895344,0.7137610829169696,0.7148598646547487,0.9734267592430115,3.36395263671875,-0.4511212706565857,1.4434392141993158e-05,-2369.464146231264,-0.011060606688261032,62245215.18293232,62537224.970578864,16484196363.0
train_tune_e87cf_01276_1276,CNN,0.0032090318589996,0.7693390267008163,0.7629129358174924,1.670317530632019,5.971621990203857,-1.343942403793335,3.77772084902972e-05,-2476.6678314475257,-0.015399116091430187,120318.57857040977,121423.23263682808,7163153387.0
train_tune_e87cf_01277_1277,CNN,0.0269014876048417,0.6612302812122869,0.6867134739940409,1.1278514862060547,4.611898899078369,-0.6188772916793823,2.139015487045981e-05,-1687.045719211998,0.004486671648919582,1057.3661697614418,1057.3661697614418,18695067.0
train_tune_e87cf_01278_1278,CNN,0.0390873509102054,0.814039159365905,0.7979321876257933,1.1574620008468628,3.5242624282836914,-0.6381528377532959,3.9479215047322214e-05,-8586.606333921245,-0.021039457991719246,4038789317.578763,4070282344.269878,11064671523.0
train_tune_e87cf_01279_1279,CNN,0.0328916698944243,0.7873676583582921,0.7696742053490578,1.437943935394287,6.138602256774902,-0.9577268362045288,3.427698902669363e-05,-1998.233710974345,-0.05864652618765831,106545.10740522566,106292.68740485163,8937330339.0
train_tune_e87cf_01280_1280,CNN,0.0140372539621936,0.7481126720293552,0.746312243331576,1.0715488195419312,4.490238666534424,-0.567145824432373,2.1592317352769896e-05,-2022.846566256789,0.003372169565409422,49724.51157679023,49923.36334780457,3046920235.0
train_tune_e87cf_01281_1281,CNN,0.008178283249898,0.8111632471005771,0.8007134621783636,0.8561884164810181,3.1186249256134033,-0.34252500534057617,1.3045221749052871e-05,-11078.131373190761,-0.02528614178299904,133268699455.6158,131827543896.7422,13512386043.0
train_tune_e87cf_01282_1282,CNN,0.0032167965203254,0.8112830689289499,0.8030711506569592,0.860447347164154,3.0912795066833496,-0.32635483145713806,9.276418495574035e-06,-8279.837278046427,-0.03232308477163315,2371963107.4924135,2368010398.553479,7041452915.0
train_tune_e87cf_01283_1283,CNN,0.0653525055357307,0.8032574124131361,0.7882396672413701,1.4874980449676514,3.161000967025757,-1.1764496564865112,4.002663627034053e-05,-4853.544093180997,-0.056354403495788574,54760584.34514573,55018318.99296914,8249925619.0
train_tune_e87cf_01284_1284,CNN,0.0139450061579601,0.8133733103476394,0.7927063935553043,1.050044298171997,4.133474349975586,-0.5411091446876526,1.5463063391507603e-05,-4800.694133853836,0.014391140080988407,2646885059.0580254,2573946467.877651,8209794579.0
train_tune_e87cf_01285_1285,CNN,0.0020712582458705,0.7870267747206893,0.7969011868007723,0.30207598209381104,0.8122597336769104,-0.02179865911602974,4.772192824020749e-06,-17166.56010039435,0.0012735400814563036,275720351288.62854,278107909047.9352,6663352403.0
train_tune_e87cf_01286_1286,CNN,0.0141870449878663,0.8126186569392136,0.7700910218738134,0.634982705116272,2.1716010570526123,-0.1739564836025238,1.0013469363912009e-05,-3573.2979628320004,-0.027523761615157127,1937650.818283129,1898262.6690478604,3761682795.0
train_tune_e87cf_01287_1287,CNN,0.0053447267495181,0.7912271270108371,0.8062308611315725,1.2211778163909912,2.9602696895599365,-0.8119513392448425,1.8342900148127228e-05,-4463.779140979938,0.07635268568992615,1285455902.511385,1264373229.5706742,5911968339.0
train_tune_e87cf_01288_1288,CNN,0.040961655074357,0.8181526909987198,0.8044269454806706,1.633558988571167,6.10623836517334,-1.2687863111495972,3.237032797187567e-05,-5911.91601373557,-0.027910951524972916,116713340.15589762,114975220.78551868,11743417387.0
train_tune_e87cf_01289_1289,CNN,0.0068776839484004,0.8246543998241013,0.8265312241582279,0.7851002216339111,3.129495143890381,-0.2908945679664612,1.2313787010498345e-05,-10696.580892279319,-0.013369708321988583,129558967656.77246,126968683837.10773,10673749579.0
train_tune_e87cf_01290_1290,CNN,0.0074900719695352,0.803826334734672,0.7911030224789304,0.565997838973999,1.2763690948486328,-0.099703848361969,5.587371560977772e-06,-6374.439934935272,-0.0016289970371872187,39609439308.56279,40317177802.1391,9859279427.0
train_tune_e87cf_01291_1291,CNN,0.0032167965203254,0.8228791277861937,0.8097796983657652,0.7355208396911621,2.423496961593628,-0.23571565747261047,1.237822652910836e-05,-5121.376890519573,-0.0023739831522107124,3735718425.6735525,3739561903.34883,16771093915.0
train_tune_e87cf_01292_1292,CNN,0.0098577125777418,0.8239566070456661,0.8242557933780726,0.578027069568634,2.2296903133392334,-0.15155208110809326,5.809029971715063e-06,-34380.20384360224,0.004879961721599102,16414528979939.625,16219732236037.676,36475575875.0
train_tune_e87cf_01293_1293,CNN,0.0032342344397122,0.7722858379236051,0.7644502723252787,1.5670561790466309,5.261456489562988,-1.2374565601348877,3.216102049918845e-05,-2194.196893054317,0.035650093108415604,2401200.565719201,2393643.666577791,7728667883.0
train_tune_e87cf_01294_1294,CNN,0.0032167965203254,0.83506637121923,0.7908962017517402,0.7235311269760132,2.4143307209014893,-0.2353118360042572,7.561317033832893e-06,-3836.557115457925,0.03343811631202698,84131626.42247309,84043031.2341041,8891447331.0
train_tune_e87cf_01295_1295,CNN,0.0220178111036989,0.8088580099624209,0.7947025174174438,0.508301317691803,1.2376468181610107,-0.08352990448474884,9.018580385600217e-06,-16021.948443529001,-0.017349299043416977,2661249790.276112,2650324138.9633107,16748788067.0
train_tune_e87cf_01296_1296,CNN,0.0823622218027847,0.7297836623917191,0.7713766956560548,0.7328526377677917,1.7340036630630493,-0.22583702206611633,1.2150301699875854e-05,-2819.718604730615,0.003964344970881939,800736226.9749639,792148975.8383963,9996092539.0
train_tune_e87cf_01297_1297,CNN,0.0111492517596901,0.834794193866123,0.80825143806979,1.0161244869232178,3.6860504150390625,-0.48482683300971985,2.0667312128352933e-05,-4624.565431433783,-0.00719035416841507,193202118.21465766,194010252.91901383,16561418715.0
train_tune_e87cf_01298_1298,CNN,0.0042941201622431,0.8339063806831727,0.818818262490884,0.28236615657806396,0.8599313497543335,-0.02282063290476799,2.904099346778821e-06,-13375.95877155535,-0.009698635898530483,390610488155.1977,371182315622.09796,12988874787.0
train_tune_e87cf_01299_1299,CNN,0.0667144754541806,0.8304288226416362,0.829192208336856,0.796117901802063,2.3399109840393066,-0.3121200203895569,1.0595546882541385e-05,-4182.50226972988,0.02581254579126835,98153142545.30797,100186791739.41263,16609042851.0
train_tune_e87cf_01300_1300,CNN,0.0032167965203254,0.6908920894839633,0.6971533547186592,1.6512688398361206,6.149812698364258,-1.43463134765625,3.889310028171167e-05,-1774.8084931011529,0.052216071635484695,1878.5819856101432,1878.5819856101432,18568571.0
train_tune_e87cf_01301_1301,CNN,0.0107229210323691,0.7932104520228213,0.7797182396034645,1.5184879302978516,4.287695407867432,-1.1806360483169556,2.9333021302591078e-05,-14100.354924930663,-0.023195378482341766,1798013851.08526,1788538713.7188811,3212241563.0
train_tune_e87cf_01302_1302,CNN,0.0050015402432049,0.6952107194414382,0.6958078938365603,1.1727557182312012,4.414911270141602,-0.6575219631195068,1.505488035036251e-05,-1770.5577090267034,-0.023391306400299072,1426.3320978624101,1426.3320978624101,21356043.0
train_tune_e87cf_01303_1303,CNN,0.0407909650811859,0.7895367930397904,0.7696031817807726,0.44033312797546387,1.3785022497177124,-0.06954752653837204,8.582806003687438e-06,-3623.725623203845,-0.01874835416674614,13644711.147255413,14040869.127516206,2002047555.0
train_tune_e87cf_01304_1304,CNN,0.007495568498354,0.8396374244046029,0.8164148328218399,1.260687232017517,5.271207332611084,-0.7930479049682617,2.844333357643336e-05,-4253.885416113106,-0.0008891411125659943,353820476.449864,356388278.0423062,37403640075.0
train_tune_e87cf_01305_1305,CNN,0.0090214108606751,0.7981086170004964,0.7946301823878484,1.6716734170913696,6.086866855621338,-1.3334811925888062,4.4669788621831685e-05,-5379.369707567076,-0.03247371315956116,79777167.93787378,80332263.66736385,16541931875.0
train_tune_e87cf_01306_1306,CNN,0.0068815308863784,0.6991137978240729,0.7299558466280491,1.401524305343628,5.662029266357422,-1.0052769184112549,2.4596141884103417e-05,-2173.589973213464,0.02058771811425686,1186542.5669967611,1175482.6746352785,2368121467.0
train_tune_e87cf_01307_1307,CNN,0.0348189456216785,0.7588319847914113,0.7463105325683315,1.2717478275299072,4.786091327667236,-0.7971566915512085,3.159216430503875e-05,-2709.72875864674,0.026619166135787964,2957112.878463096,2951528.205043678,8246096099.0
train_tune_e87cf_01308_1308,CNN,0.0816277227633372,0.6704842905376434,0.6807247610899381,1.4001145362854004,6.033272743225098,-0.9904037714004517,2.0831386791542172e-05,-1711.0854141297964,0.029561877250671387,1430.0696758580536,1430.0696758580536,20355803.0
train_tune_e87cf_01309_1309,CNN,0.0142413342053629,0.8214670276971919,0.8049378159728305,0.49861377477645874,1.9570825099945068,-0.10592667758464813,3.0898536351742223e-06,-5533.434921423396,-0.016098160296678543,129708199051.36081,130074370678.784,21568811355.0
train_tune_e87cf_01310_1310,CNN,0.0168109771280943,0.6898708866542534,0.6982417624072732,1.3362091779708862,4.721370220184326,-0.902491569519043,5.194987170398235e-05,-1670.830724250536,0.025129957124590874,1499.4921819409205,1499.4921819409205,18294395.0
train_tune_e87cf_01311_1311,CNN,0.0480481511685391,0.692911360240786,0.7070453915301173,1.1773521900177002,5.004873275756836,-0.6667258143424988,2.518043947929982e-05,-1625.43574106149,-0.01367037184536457,1478.119847510799,1478.119847510799,30888411.0
train_tune_e87cf_01312_1312,CNN,0.0519785576458729,0.6597987392331264,0.6605206146187005,1.5718185901641846,5.236840724945068,-1.283742904663086,2.9804021323798224e-05,-2192.5967488068777,0.03733007237315178,15849.690331311685,15700.739674622335,68560443.0
train_tune_e87cf_01313_1313,CNN,0.0489464959714773,0.826877797927449,0.7877763665748923,0.8378328084945679,2.959054946899414,-0.3166276812553406,1.78390782821225e-05,-5191.815438933877,-0.007893971167504787,6047317910.568733,6030052399.772516,19079227723.0
train_tune_e87cf_01314_1314,CNN,0.0430761092871984,0.63531620146148,0.6482879784629219,1.3255540132522583,4.884273052215576,-0.8778603672981262,2.506032251403667e-05,-1734.6706593180713,0.027976803481578827,859.5793216311672,859.5793216311672,8306299.0
train_tune_e87cf_01315_1315,CNN,0.0391945100754061,0.7244968159633502,0.7388721696353275,1.368295669555664,3.2929553985595703,-1.0229651927947998,2.365548425586894e-05,-2364.7908875901467,0.0038348836824297905,35387.10166659993,35160.38433525768,287317579.0
train_tune_e87cf_01316_1316,CNN,0.0470437739444846,0.7629776955295189,0.7563920771082199,1.1409361362457275,4.3647074699401855,-0.6267116069793701,2.4151449906639755e-05,-2057.99177397377,-0.006486533209681511,70710.6375885663,71291.23320356797,4825101875.0
train_tune_e87cf_01317_1317,CNN,0.0393147602752211,0.8247566666711669,0.7870573398425879,1.1761502027511597,4.009199142456055,-0.6528024673461914,2.4750679585849866e-05,-2842.0603670385963,-0.027886103838682175,73915753.33869901,71403690.7947551,6849775667.0
train_tune_e87cf_01318_1318,CNN,0.0068776839484004,0.7419178776215496,0.7415621540155377,1.418691635131836,5.317928314208984,-1.003419041633606,2.584940375527367e-05,-2391.0043330876856,0.016824737191200256,1696228.298883074,1674786.9396130908,2718768707.0
train_tune_e87cf_01319_1319,CNN,0.066748455203942,0.7677073772158444,0.7702440942996233,0.8535490036010742,2.8931312561035156,-0.3436279892921448,9.151171980192885e-06,-2361.6344136416983,0.014299863949418068,66740.6333463844,66812.37936630839,3908268795.0
train_tune_e87cf_01320_1320,CNN,0.0172537449868705,0.8060410485356719,0.7859723031633874,0.8357782363891602,2.96686053276062,-0.3315907120704651,9.16594854061259e-06,-3774.148377949748,0.012277979403734207,2572145165.0057955,2699716624.9162045,9329707947.0
train_tune_e87cf_01321_1321,CNN,0.0122443316816209,0.7041017813393957,0.7067611781602863,1.3511556386947632,5.8056535720825195,-0.9058302640914917,3.084600029978901e-05,-1743.3561112436282,0.01870667189359665,1847.7956941582947,1847.7956941582947,36074971.0
train_tune_e87cf_01322_1322,CNN,0.0231335140822137,0.7677018675129894,0.7612002151324222,1.5572999715805054,5.134814739227295,-1.2487585544586182,4.882843859377317e-05,-2216.7281886612664,0.04909956082701683,2401710.2495150496,2396607.785096933,6919850043.0
train_tune_e87cf_01323_1323,CNN,0.0075784273382108,0.8096358731558748,0.8150558598504183,0.6968907117843628,2.6836371421813965,-0.22613729536533356,8.403267202083953e-06,-5942.072298509846,0.002322949469089508,27545502872.648968,27132918432.929977,14957501427.0
train_tune_e87cf_01324_1324,CNN,0.0119352094958593,0.6866053956740926,0.7257094728747698,1.732823133468628,6.756410121917725,-1.563347339630127,4.0915674617281184e-05,-2050.136815747463,0.04494164139032364,1308926.2924013203,1313817.3719190238,4845745123.0
train_tune_e87cf_01325_1325,CNN,0.0393819414547618,0.8202729953691029,0.8161335500864948,0.7894431948661804,2.492995500564575,-0.2763531506061554,1.932720078912098e-05,-7305.2576776617125,-0.0052094776183366776,3334562519.9882574,3324954198.86623,6710288395.0
train_tune_e87cf_01326_1326,CNN,0.0318791070366863,0.8317935688776036,0.806535593273434,1.8825956583023071,7.636417388916016,-1.7847214937210083,4.1676434193504974e-05,-4325.349495690238,0.01931600272655487,11252132.33805343,11373629.566371305,23175549627.0
train_tune_e87cf_01327_1327,CNN,0.003394888556275,0.7002506709619621,0.7143660580816259,2.015615940093994,6.597628116607666,-2.035637855529785,7.849920075386763e-05,-2010.6577650471177,-0.0033493302762508392,44680.703736502895,44672.62101472565,1154695531.0
train_tune_e87cf_01328_1328,CNN,0.0057577369271426,0.7419666628271124,0.7326359921164906,1.9034143686294556,3.901559591293335,-2.364926815032959,6.063494220143184e-05,-2555.626561772355,0.11197103559970856,44841.095855834166,44504.148018341,325537347.0
train_tune_e87cf_01329_1329,CNN,0.0356727777561271,0.6858582500418821,0.6934356376663295,1.581915020942688,6.088796615600586,-1.2185778617858887,3.08430717268493e-05,-1739.4810772665355,-0.006571323145180941,1718.6633399113662,1718.6633399113662,18174507.0
train_tune_e87cf_01330_1330,CNN,0.0132074071417245,0.7629342368253891,0.759698474911579,0.8684539794921875,2.859729528427124,-0.34348803758621216,1.4862564057693817e-05,-2294.3889296100865,0.012076715007424355,57951.58601191221,57933.63489840893,2288637331.0
train_tune_e87cf_01331_1331,CNN,0.0141571081833605,0.8059211079603813,0.8022108690795796,0.973683774471283,3.5744667053222656,-0.4508281350135803,1.0814903362188488e-05,-5427.704507011765,0.005138026550412178,145494227748.95663,145530212434.27948,16244735907.0
train_tune_e87cf_01332_1332,CNN,0.0595264994705525,0.8419849429172609,0.8100537662544233,0.49856311082839966,1.5570073127746582,-0.09009455144405365,4.933739546686411e-06,-8013.630524752243,-0.019414588809013367,12614975548.675312,12584863344.522062,36760260155.0
train_tune_e87cf_01333_1333,CNN,0.0074686721114953,0.7997424742102062,0.7789347878626075,1.25282621383667,5.006841659545898,-0.7577590942382812,2.579232932475861e-05,-2734.4627994746193,-0.02134152501821518,2420469.753093266,2408215.3755026087,4851578115.0
train_tune_e87cf_01334_1334,CNN,0.0137484723942795,0.7949620033144982,0.8044537171028295,1.130517601966858,3.3131906986236572,-0.643514096736908,9.718814908410423e-06,-4647.145256015905,0.042554497718811035,2008176757.485958,1944339851.461988,9510366635.0
train_tune_e87cf_01335_1335,CNN,0.0398377287535557,0.7695240448030508,0.761239778663153,0.6187074184417725,2.0405311584472656,-0.16005244851112366,5.126796168042347e-06,-4051.1867771506772,-0.011620752513408661,7704306.824494553,7630816.265915128,537515787.0
train_tune_e87cf_01336_1336,CNN,0.0407909650811859,0.8205876547253045,0.8074430981567896,1.5058988332748413,4.965048313140869,-1.1375527381896973,3.4520966437412426e-05,-5160.216321888227,0.015369191765785217,1900275620.6486986,1970838802.714195,4567600235.0
train_tune_e87cf_01337_1337,CNN,0.0068776839484004,0.8475826048876989,0.8198788740516794,0.7929524779319763,2.659883975982666,-0.2853372097015381,9.122306437348016e-06,-5218.486484560871,0.011258591897785664,10952005944.002075,11019741790.57758,29387574691.0
train_tune_e87cf_01338_1338,CNN,0.0078685163425337,0.8246608041789328,0.7904585190509154,0.777584433555603,3.130481243133545,-0.29290205240249634,1.2478842108976096e-05,-3780.2934000172486,-0.02083338238298893,3959237851.413164,3974537701.8048706,16976478331.0
train_tune_e87cf_01339_1339,CNN,0.0565586619074904,0.7731967228567825,0.7621665299812928,1.6683683395385742,6.477136611938477,-1.3023169040679932,5.111678910907358e-05,-2343.7028782777024,-0.03642597422003746,129046.0887555174,130354.99107773922,6022714827.0
train_tune_e87cf_01340_1340,CNN,0.0098577125777418,0.8105526044875098,0.7980866415771114,0.9433136582374573,2.608346939086914,-0.39641696214675903,8.56442693475401e-06,-5043.952412592576,-0.023148182779550552,2526184366.5013275,2513435975.2137876,17435457059.0
train_tune_e87cf_01341_1341,CNN,0.0015676453689949,0.6722115619446118,0.6893071257677159,1.1481901407241821,5.155545234680176,-0.6624920964241028,2.1556383217102848e-05,-1738.3206826221622,0.011903541162610054,1222.0959786772105,1222.0959786772105,25960787.0
train_tune_e87cf_01342_1342,CNN,0.0121902677007855,0.8145195684279307,0.8043395390659424,0.4699581265449524,1.6975198984146118,-0.09338259696960449,8.132386938086711e-06,-16888.332146840992,-0.0017024052795022726,115163895722.32536,113355994157.8017,23094620099.0
train_tune_e87cf_01343_1343,CNN,0.0099890797348661,0.6962318441890148,0.6791198153822622,0.46550220251083374,0.824418306350708,-0.03956754505634308,1.683025516285852e-06,-5894.519999944186,0.0015607834793627262,2463988696.45127,2040851293.0262613,10141958195.0
train_tune_e87cf_01344_1344,CNN,0.0134861511725383,0.6483378477435823,0.671087413492521,1.7446084022521973,7.188670635223389,-1.4813538789749146,4.0302154957316816e-05,-1765.7481227516641,-0.008653810247778893,1466.9378718651749,1466.9378718651749,12483051.0
train_tune_e87cf_01345_1345,CNN,0.0350594268732566,0.6909562730479932,0.6926999563389751,1.5812246799468994,5.2730712890625,-1.4124150276184082,5.098187466501258e-05,-1710.1183288234633,0.11771732568740845,1620.8090406468812,1620.8090406468812,13796619.0
train_tune_e87cf_01346_1346,CNN,0.0141870449878663,0.799271580564628,0.7837695615278958,0.7946682572364807,2.74115252494812,-0.2922378480434418,2.0877239876426756e-05,-3341.65254915567,0.04222353920340538,57553377.333421975,57132276.31829329,7210432251.0
train_tune_e87cf_01347_1347,CNN,0.0020712582458705,0.8189408466711998,0.8223314304765801,0.2611176371574402,0.8559699058532715,-0.019566595554351807,4.979707227903418e-06,-7053.225117855642,0.0013580038212239742,2020121340827.4604,1999779432790.9832,20265072147.0
train_tune_e87cf_01348_1348,CNN,0.026570404070213,0.6624768951252856,0.6597333833678586,1.64497971534729,4.473631381988525,-1.4807958602905273,4.023426299681887e-05,-1742.2934024435963,-0.011879080906510353,1096.2680298818318,1096.2680298818318,4249755.0
train_tune_e87cf_01349_1349,CNN,0.0007539230297185,0.8216001499855369,0.8405450869254996,0.3860325813293457,1.288792371749878,-0.055797431617975235,6.1141563492128626e-06,-13308.528696341196,0.019394831731915474,6112487640877.346,6002391593439.634,19224000459.0
train_tune_e87cf_01350_1350,CNN,0.0098577125777418,0.8319474952752596,0.7818081800950041,0.3796122670173645,1.462573766708374,-0.05853328853845596,3.8110783862066455e-06,-6719.319107681755,-0.0008686868823133409,2752804629.698505,2735910871.7083745,14216271259.0
train_tune_e87cf_01351_1351,CNN,0.010301651391058,0.8140056578791461,0.8369179302494512,0.4586021900177002,1.1382958889007568,-0.06818327307701111,1.5293551314243814e-06,-37803.535186034685,0.0187442097812891,2933227908737.639,2983139340102.6475,12159429947.0
train_tune_e87cf_01352_1352,CNN,0.0032167965203254,0.6499550170974664,0.6718726185425568,0.9866452813148499,3.7579736709594727,-0.4740672707557678,1.815075120248366e-05,-3425.4224155152447,-0.007061254233121872,40583114.36763272,40895805.322726555,3204886875.0
train_tune_e87cf_01353_1353,CNN,0.0141870449878663,0.8131275127412269,0.7986243175311452,0.30611154437065125,0.7611334323883057,-0.023060884326696396,2.8589290650415933e-06,-15937.898387996813,-0.007466544397175312,1307943642142.5547,1327820059959.9595,13234158603.0
train_tune_e87cf_01354_1354,CNN,0.0754876248198752,0.7758893105008206,0.7709164334735888,0.9005894064903259,3.30849552154541,-0.3698190748691559,1.8530339730205014e-05,-2161.991362661929,-0.0479227639734745,61029.593021342065,60941.81132470153,5515389955.0
train_tune_e87cf_01355_1355,CNN,0.0224525157207571,0.7565964530168682,0.7498191528845866,1.5399160385131836,6.395750999450684,-1.1619586944580078,3.773630305659026e-05,-1914.5586807359418,-0.013385790400207043,57895.96099341682,58729.71346569479,7431594747.0
train_tune_e87cf_01356_1356,CNN,0.012123942994193,0.8232355726121646,0.7863029942401049,0.8230921030044556,3.0589802265167236,-0.3079903721809387,8.260603863163851e-06,-3855.722736796277,-0.015963412821292877,110971135.71733066,108224725.51306042,14024126731.0
train_tune_e87cf_01357_1357,CNN,0.0470437739444846,0.8050789159244242,0.7789721423584961,0.7546370625495911,2.6802148818969727,-0.268255352973938,1.409207470715046e-05,-11206.196330370125,-0.0006999173201620579,4083238179.9979973,4091426750.135611,11410944451.0
train_tune_e87cf_01358_1358,CNN,0.0098577125777418,0.7938070934452152,0.797767683097971,0.8692817687988281,3.1669557094573975,-0.3508818745613098,9.433675586478785e-06,-6941.734569271687,0.017869289964437485,1649378863.1281643,1661899197.0304203,9423227155.0
train_tune_e87cf_01359_1359,CNN,0.0112984201781423,0.7038885423813179,0.7129922163927214,1.7988080978393555,7.313819885253906,-1.7213160991668701,4.296999395592138e-05,-1933.9042292909178,0.0862920731306076,38267.04113262692,37285.20953035848,2435746963.0
train_tune_e87cf_01360_1360,CNN,0.0034543209236854,0.8153015126391406,0.8221551496747833,0.31463754177093506,0.9445053339004517,-0.029484741389751434,2.5040717446245253e-06,-29085.48989329273,-0.00012379209510982037,991540301770.1669,1000068660706.492,5540122995.0
train_tune_e87cf_01361_1361,CNN,0.0141870449878663,0.7805030298691996,0.7768280286713185,0.9010132551193237,3.1981418132781982,-0.3915887773036957,1.6806869098218158e-05,-3855.3679291973963,0.033194005489349365,1691049995.9954271,1714148572.992351,12638791627.0
train_tune_e87cf_01362_1362,CNN,0.0098577125777418,0.8221439006648744,0.7985455521201907,0.650908887386322,0.7524632215499878,-0.0299198180437088,2.4775414203759283e-05,-9883.542657372665,0.0094244834035635,244137727.23450404,244222109.29356614,3242771307.0
train_tune_e87cf_01363_1363,CNN,0.0453690477270904,0.770589616058727,0.7400263612224974,0.9309491515159607,3.4958620071411133,-0.40790629386901855,1.328037069470156e-05,-2097.160795179272,-0.014410723000764847,1264890.4413065002,1279118.383912684,4495461483.0
train_tune_e87cf_01364_1364,CNN,0.0034167090023138,0.8274071901553491,0.8069239643758823,1.0383274555206299,3.900745391845703,-0.5354596376419067,1.3941898941993713e-05,-9984.536105581981,0.012566577643156052,34084059.03722435,33979239.11171686,6599843787.0
train_tune_e87cf_01365_1365,CNN,0.0131130097916748,0.6401297721113107,0.6446886037146811,1.4767963886260986,5.342905044555664,-1.0758867263793945,2.757947368081659e-05,-1714.9015729377147,-0.0029490357264876366,855.8488205860529,855.8488205860529,5728275.0
train_tune_e87cf_01366_1366,CNN,0.0141883116883116,0.8168018978174353,0.8239444658214853,0.39621031284332275,1.3758864402770996,-0.05932248383760452,3.350818133185385e-06,-118995.26482323452,-0.0011412703897804022,3514618560448.783,3558342880228.1875,10404439315.0
train_tune_e87cf_01367_1367,CNN,0.0153273890217263,0.8456855083333449,0.8005849352373261,0.8758185505867004,3.3205504417419434,-0.352024108171463,1.5491576050408185e-05,-4162.825058775594,-0.03438713401556015,125886654.89685948,125779537.91179238,7175934691.0
train_tune_e87cf_01368_1368,CNN,0.0048300452381121,0.7974630837836162,0.7847762367839827,0.3451799154281616,1.234793782234192,-0.04425037279725075,5.031762157159392e-06,-3492.5230948180783,0.0011788022238761187,12349350.331329066,12335258.570633914,11979869243.0
train_tune_e87cf_01369_1369,CNN,0.0306708543659416,0.7822507006771237,0.7674159531014887,0.9771571159362793,3.6123745441436768,-0.4634498357772827,1.921943658089731e-05,-2539.6864671262965,0.013455985113978386,92645.17962620384,92295.76278596248,7671220987.0
train_tune_e87cf_01370_1370,CNN,0.0141895786149737,0.8215244366646052,0.8009772360585695,1.5770440101623535,6.040266036987305,-1.1533461809158325,5.509212496690452e-05,-3647.096243510106,-0.06313935667276382,4946383.849885836,4987363.680654915,7666014211.0
train_tune_e87cf_01371_1371,CNN,0.0407909650811859,0.7943918940995235,0.7576573242039882,0.7213171720504761,2.363222599029541,-0.24066062271595,8.913864803616889e-06,-4987.8813234736135,0.004035595804452896,6897388823.969898,6835183774.2359295,28774627667.0
train_tune_e87cf_01372_1372,CNN,0.0438451294852058,0.7884658596118992,0.7735351669111821,0.9576717615127563,3.710481882095337,-0.4360147714614868,2.2783295207773335e-05,-2267.685673547397,-0.004039771854877472,92725.03543687865,92557.65938988744,7280859979.0
train_tune_e87cf_01373_1373,CNN,0.0032167965203254,0.7766318125625328,0.7787329294405194,0.8178869485855103,1.2214281558990479,-0.18237240612506866,7.3624819378892425e-06,-3202.6803777894233,0.027034396305680275,273613766.3272833,277164338.1617879,4454580099.0
train_tune_e87cf_01374_1374,CNN,0.0034625439310261,0.7930997780829409,0.7806744360340404,0.7752954959869385,1.868013858795166,-0.29597827792167664,8.432112736045383e-06,-13083.50560417533,0.04528943449258804,2299977995.3836584,2392756012.015854,12971547171.0
train_tune_e87cf_01375_1375,CNN,0.0034543209236854,0.771958811433069,0.7846091390534209,1.1561510562896729,4.991890907287598,-0.674503743648529,1.6119556676130742e-05,-7523.647630359889,0.008652161806821823,10188727773.049122,11231309601.167278,18186619187.0
train_tune_e87cf_01376_1376,CNN,0.0098577125777418,0.7397987919488372,0.7251618285733387,1.2316735982894897,1.9674323797225952,-0.5611485838890076,4.621994594344869e-05,-2533.1937455912002,-0.024971187114715576,23879.747444061453,23719.963376565058,401589723.0
train_tune_e87cf_01377_1377,CNN,0.0068776839484004,0.820872385314188,0.8348060436491619,0.8277263641357422,3.0527210235595703,-0.31595712900161743,8.399436410400085e-06,-15767.86031112427,-0.022864704951643944,1637950110961.3335,1516587749117.337,9741872883.0
train_tune_e87cf_01378_1378,CNN,0.0708187677446513,0.6726421329517799,0.6855957791306232,1.0398166179656982,4.187246322631836,-0.48434287309646606,2.7895985112991184e-05,-1874.3429904613122,-0.05910252407193184,1055.0102666473822,1055.0102666473822,19317843.0
train_tune_e87cf_01379_1379,CNN,0.0179553645795264,0.6723612749033682,0.6820478156030888,2.605496883392334,8.22067928314209,-4.231236457824707,0.0001452692085877061,-1731.789820642412,0.24823084473609924,2090.7440357070504,2090.7440357070504,7276875.0
train_tune_e87cf_01380_1380,CNN,0.0032167965203254,0.7947962994410115,0.7922019236987488,0.4815192222595215,1.7137656211853027,-0.09613431990146637,9.134915671893395e-06,-6653.936262878503,0.000329440226778388,31064513211.03725,31350310726.94342,14348063435.0
train_tune_e87cf_01381_1381,CNN,0.0476054750936267,0.6567832054129776,0.6820894855847189,1.6656010150909424,6.762131690979004,-1.3931453227996826,4.2575004044920206e-05,-1722.4912686164723,0.00543985515832901,1683.3195157216726,1683.3195157216726,17034331.0
train_tune_e87cf_01382_1382,CNN,0.0053359960759767,0.6073379765747733,0.6721519991428825,1.1864845752716064,4.679361343383789,-0.693254828453064,2.6639709176379256e-05,-3446.764918374905,-0.0030365288257598877,937961169.4710965,917870373.1543803,7302031131.0
train_tune_e87cf_01383_1383,CNN,0.0175116835353511,0.8105905869006506,0.8231833099070633,0.3756251037120819,1.398720622062683,-0.054616477340459824,2.5686840672278777e-06,-12600.681687326818,0.002152715576812625,317728066516.09326,319021459390.1066,6524789587.0
train_tune_e87cf_01384_1384,CNN,0.0141571081833605,0.7119769092070952,0.7265361738668058,1.1654521226882935,4.224427700042725,-0.6595938205718994,1.9151797459926456e-05,-2073.2683633044394,0.00018119998276233673,992057.6604192089,994094.5485479364,2705021019.0
train_tune_e87cf_01385_1385,CNN,0.0372349476276029,0.7600889870145607,0.7555902256712074,1.4596401453018188,4.785732269287109,-1.0602586269378662,2.8651174943661317e-05,-2085.2284637213343,0.01481273490935564,78146.23254279279,77848.9056278194,5114012363.0
train_tune_e87cf_01386_1386,CNN,0.0098577125777418,0.8287524152093291,0.8037390749270025,0.834579348564148,2.87949275970459,-0.3257014751434326,1.554841219331138e-05,-3509.8243298895586,0.01138787716627121,112729619.9115433,111811833.5950362,11568810187.0
train_tune_e87cf_01387_1387,CNN,0.0155937777316356,0.7239184893736402,0.7203215799287869,1.3173754215240479,5.721330642700195,-0.8627737760543823,2.511102684366051e-05,-1836.8435789065443,-0.006929339375346899,2113.5137109645993,2113.5137109645993,49370379.0
train_tune_e87cf_01388_1388,CNN,0.0141870449878663,0.8151306292420611,0.7959707007066378,0.9411327838897705,2.4784209728240967,-0.4362836480140686,1.1722600902430713e-05,-4798.716153835529,0.02026969939470291,18961489076.238068,18241400104.80704,4664391315.0
train_tune_e87cf_01389_1389,CNN,0.0165377456898736,0.6900120117004221,0.7066035643617737,1.6379460096359253,6.865721702575684,-1.3239474296569824,3.4182936360593885e-05,-1610.8190513501606,0.002552012912929058,2054.948774121341,2054.948774121341,24228747.0
train_tune_e87cf_01390_1390,CNN,0.0034543209236854,0.7742293279769051,0.7676524910688772,0.7906256318092346,1.1181107759475708,-0.15234550833702087,8.930125659389887e-06,-9965.074212861135,-0.009647409431636333,9075963328.355484,9235529227.171352,8663812355.0
train_tune_e87cf_01391_1391,CNN,0.010066883713543,0.7429545099267316,0.7412019890973692,1.3593740463256836,4.9606733322143555,-0.923265814781189,2.940103513537906e-05,-2043.521617355616,0.016615085303783417,50899.52251750197,50374.36001746261,2778966059.0
train_tune_e87cf_01392_1392,CNN,0.007494872595606,0.7920907557948023,0.7849862435551948,0.746245801448822,2.8329031467437744,-0.25463807582855225,9.75523107626941e-06,-8331.573574445325,-0.00681961327791214,3804465925.5126047,3791549693.327372,9439224763.0
train_tune_e87cf_01393_1393,CNN,0.0191506276428609,0.7143557879182328,0.730574020760928,0.6359517574310303,2.1199464797973633,-0.1690571904182434,7.192707016656641e-06,-4257.611345634388,-0.002299054991453886,16969295.44337318,16177171.661150351,1894716507.0
train_tune_e87cf_01394_1394,CNN,0.0569630303427667,0.8196171117888763,0.7994388006881277,1.490638256072998,3.5966525077819824,-1.2023848295211792,2.1545722120208666e-05,-9572.158234443788,0.02305050753057003,83546970190.32521,86468041933.26326,18304943427.0
train_tune_e87cf_01395_1395,CNN,0.0729034657562519,0.680604537703631,0.7140641864461045,1.5778124332427979,4.6717000007629395,-1.3173928260803223,2.5099754566326737e-05,-2353.20638222078,0.010278314352035522,29039.539824773812,28765.230211221424,600660795.0
train_tune_e87cf_01396_1396,CNN,0.049609983181106,0.6508858319485028,0.6634816591906619,1.954928994178772,5.590190410614014,-2.212944984436035,7.816086144885048e-05,-1703.614917205572,0.11299412697553635,1417.3129317276678,1417.3129317276678,4855179.0
train_tune_e87cf_01397_1397,CNN,0.045491390031323,0.7248818880947058,0.7424969453981342,0.9628465175628662,3.8597068786621094,-0.44280731678009033,1.2773431080859154e-05,-2567.7674916474866,-0.005855892319232225,60749689.64234197,61059082.9620761,14452484483.0
train_tune_e87cf_01398_1398,CNN,0.0502430114053916,0.7621456134856911,0.7377018922921437,0.6743448972702026,2.7080047130584717,-0.2088959515094757,9.470970326219685e-06,-9408.995943815424,-0.008027780801057816,1234242596531.7014,1255376856253.5786,10909112771.0
train_tune_e87cf_01399_1399,CNN,0.0143136444253961,0.8219530589629795,0.820605107570307,1.353273868560791,4.2073211669921875,-0.9178001880645752,3.5601296985987574e-05,-10684.774368011766,0.004763384349644184,13223169726.256002,13024258539.481853,18524927403.0
train_tune_e87cf_01400_1400,CNN,0.0035522888067122,0.7953281490074883,0.7775797441797482,1.501649260520935,3.957742691040039,-1.2378487586975098,3.821377322310582e-05,-2971.8692377777043,0.04580376669764519,103115295.81467558,101970158.4510293,20559480435.0
train_tune_e87cf_01401_1401,CNN,0.0068776839484004,0.7632582537990004,0.7540565328921974,1.501438021659851,5.662243366241455,-1.1573983430862427,4.536370397545397e-05,-3166.9679583112975,0.044497050344944,3027988.48764157,3015584.7651453237,4963024219.0
train_tune_e87cf_01402_1402,CNN,0.0170995670995671,0.6715173525099145,0.6712900222521774,1.6241726875305176,4.863675117492676,-1.4866085052490234,7.786183414282277e-05,-1800.0889460722833,0.07589542120695114,1279.9552220274545,1279.9552220274545,6671451.0
train_tune_e87cf_01403_1403,CNN,0.0407909650811859,0.8310058057642649,0.8230752942389596,0.6396528482437134,1.2622615098953247,-0.10763303935527802,5.735726972488919e-06,-5438.118954964599,-0.017844274640083313,92355848722.62308,88451150828.48975,20256914651.0
train_tune_e87cf_01404_1404,CNN,0.0100329004821867,0.7048820363844077,0.7049590500641428,0.492042601108551,1.3528130054473877,-0.08625733852386475,5.676467026205501e-06,-5185.031209562496,0.02367508038878441,1279387559.6457815,1310214120.3136644,636173795.0
train_tune_e87cf_01405_1405,CNN,0.0121190511014129,0.6951809852231113,0.7068564475315271,1.2122313976287842,4.615615367889404,-0.6402082443237305,3.805324377026409e-05,-1784.4542143743515,-0.0960555151104927,1593.666770186192,1593.666770186192,24170619.0
train_tune_e87cf_01406_1406,CNN,0.0007539230297185,0.8152414859911822,0.8002609847323804,0.44767582416534424,1.3789509534835815,-0.07836278527975082,4.550410267256666e-06,-8306.628616809861,0.010638659819960594,70834023533.43115,71082303235.52151,16152706035.0
train_tune_e87cf_01407_1407,CNN,0.010866409992792,0.789665655558037,0.7777724562460903,1.1690516471862793,3.5446836948394775,-0.7018907070159912,3.107828524662182e-05,-19044.502876239327,0.02437623217701912,82699829607.85187,81728769445.52655,6715736923.0
train_tune_e87cf_01408_1408,CNN,0.0210316348965605,0.7887792105689193,0.7609300666026777,1.2536120414733887,4.457989692687988,-0.7846018671989441,4.834338687942363e-05,-2272.3951715678404,0.05455022677779198,113460.3824865247,112798.64780091103,7773844803.0
train_tune_e87cf_01409_1409,CNN,0.0020712582458705,0.6264074580726683,0.6523497652214333,0.7343859672546387,2.7638845443725586,-0.24340300261974335,7.067223123158328e-06,-4704.204731633358,-0.01770293153822422,839210770.9180782,838670512.6599518,6419632443.0
train_tune_e87cf_01410_1410,CNN,0.0032167965203254,0.8330967129367998,0.7982443521894464,0.6372153759002686,2.0814003944396973,-0.18106825649738312,8.723081009520683e-06,-3806.644537234477,0.01575225219130516,153892027.45520777,155246836.43208203,12377577427.0
train_tune_e87cf_01411_1411,CNN,0.0065245351481648,0.7593967073235423,0.7460997515438934,0.6699749231338501,2.683573007583618,-0.20924437046051025,8.390121365664527e-06,-4514.420177601319,-0.005530081689357758,1480483050.7390184,1465739116.863622,7903107123.0
train_tune_e87cf_01412_1412,CNN,0.0755169494882886,0.6518629907622958,0.6559556764046771,3.3436903953552246,7.192371368408203,-8.406828880310059,0.00027435238007456064,-2131.136327022355,0.3602721691131592,1702.8542831757486,1702.8542831757486,2235147.0
train_tune_e87cf_01413_1413,CNN,0.0360009739978354,0.6574426259935583,0.6723324540606281,1.2658157348632812,5.088082313537598,-0.7663345336914062,2.8043479687767103e-05,-1669.3071281197604,-0.022636570036411285,1041.7905604191205,1041.7905604191205,12323163.0
train_tune_e87cf_01414_1414,CNN,0.0269530233032586,0.7847379410158551,0.7777097063097361,1.3699911832809448,4.947350978851318,-0.9069696664810181,2.1790165192214772e-05,-2280.705400790549,-0.020487479865550995,126386.17065355921,126174.53196305799,5769216755.0
train_tune_e87cf_01415_1415,CNN,0.0032167965203254,0.8202827148194252,0.826708215918876,0.5400972366333008,1.9265904426574707,-0.1283234804868698,1.0051788194687106e-05,-8272.630943168891,0.00028783734887838364,132019405855.21445,129550309285.36423,20392081179.0
train_tune_e87cf_01416_1416,CNN,0.0098595185157427,0.7818736688926428,0.7827632884767953,0.6634860038757324,2.318488121032715,-0.19299767911434174,8.591412552050315e-06,-9986.396798702572,0.003626188263297081,680880437020.773,641115345972.9731,8626513915.0
train_tune_e87cf_01417_1417,CNN,0.0034543209236854,0.8017840225451563,0.7985510435692227,0.7237426042556763,0.6970278024673462,-0.008416651748120785,2.7788533770944923e-05,-35190.15223521291,0.016990983858704567,376741569706.47394,375373526576.28687,19827097827.0
train_tune_e87cf_01418_1418,CNN,0.0099365354839807,0.8103233601429974,0.7980812621483032,0.7418557405471802,2.6373651027679443,-0.2492738962173462,8.742669706407469e-06,-5334.062471352917,0.004702160134911537,57918016686.24693,57691863329.14715,11234816771.0
train_tune_e87cf_01419_1419,CNN,0.0089646290619485,0.838164804298086,0.8155695116946394,1.1151325702667236,4.275571346282959,-0.6017786264419556,1.706956754787825e-05,-4472.438834794248,-0.01240180991590023,6750148170.500414,6758193241.736853,20969301931.0
train_tune_e87cf_01420_1420,CNN,0.0074775019903054,0.7312600596296676,0.7302175658491185,1.05008864402771,4.350603103637695,-0.557208776473999,1.6083729860838503e-05,-2107.429458441302,0.0417107418179512,1012520.3621380997,1002452.2022438962,2255384763.0
train_tune_e87cf_01421_1421,CNN,0.0073295530478987,0.6730059634512604,0.6936730084075814,0.918576717376709,4.197187900543213,-0.4165841341018677,1.7284182831645012e-05,-1764.7627296965388,0.010094262659549713,1046.7704970102498,1046.7704970102498,32166987.0
train_tune_e87cf_01422_1422,CNN,0.0068776839484004,0.8128653426997942,0.7960451983987622,0.18467256426811218,0.5194322466850281,-0.00575136486440897,1.908175590870087e-06,-12718.740985103574,0.003812666516751051,272897884839.62405,268012859056.68353,13780785235.0
train_tune_e87cf_01423_1423,CNN,0.0141870449878663,0.7834926050881187,0.765114660030581,0.688750684261322,2.7113142013549805,-0.2199685424566269,1.1947600796702318e-05,-7008.724834490497,-0.016674011945724487,2369932074.199069,2316498679.359678,6480935691.0
train_tune_e87cf_01424_1424,CNN,0.0262308934571257,0.6559864429616616,0.6607440373034458,1.739107370376587,4.644602298736572,-1.8190773725509644,4.942115629091859e-05,-1839.9545833628843,0.09766855835914612,1142.4177506087558,1142.4177506087558,3341619.0
train_tune_e87cf_01425_1425,CNN,0.0407909650811859,0.6799537161558704,0.712441424792218,0.35595473647117615,1.1649363040924072,-0.04208535701036453,3.645044216682436e-06,-3468.683622247425,-0.004194688983261585,4758652459.763988,4564494098.709898,4356196883.0
train_tune_e87cf_01426_1426,CNN,0.0068776839484004,0.8135330188635443,0.8080087167848315,0.47508010268211365,0.606687605381012,-0.018835503607988358,5.748128842242295e-06,-15639.577058649907,0.003108076751232147,13153478299.548721,12790509212.350073,7514010579.0
train_tune_e87cf_01427_1427,CNN,0.0145856580721462,0.7983653239483922,0.7668568075977991,1.2246509790420532,4.23004150390625,-0.7262060046195984,1.9005203284905292e-05,-2519.197367694399,0.0068503255024552345,3986050.90683047,3978507.3991917986,8479735107.0
train_tune_e87cf_01428_1428,CNN,0.0855731660829073,0.6974688789498412,0.7272593877643907,2.1615891456604004,9.595394134521484,-2.442484140396118,6.2652921769768e-05,-2369.5319272936254,0.04806019365787506,51346.649265546905,52344.60390245396,1809549795.0
train_tune_e87cf_01429_1429,CNN,0.023122378095714,0.8380541886829058,0.8198362946534016,0.9500300884246826,3.5534212589263916,-0.4369439482688904,1.2345371942501515e-05,-10847.738428307513,0.01101591158658266,11168679766.210129,10933240269.895441,27498491451.0
train_tune_e87cf_01430_1430,CNN,0.0098577125777418,0.8178345543578822,0.8159530123139626,0.9713649153709412,3.6629819869995117,-0.4722086787223816,1.4366184586833697e-05,-75325.38251421346,0.015039796009659767,40658702766364.09,40476872750773.47,31631789555.0
train_tune_e87cf_01431_1431,CNN,0.0020718532640394,0.8056170582434596,0.7761913933530754,0.7219365835189819,2.1341397762298584,-0.20453667640686035,1.3406249308900442e-05,-7234.278057780777,-0.05635024607181549,360263158.53559405,356178169.08747554,3321195291.0
train_tune_e87cf_01432_1432,CNN,0.0407909650811859,0.509577173754692,0.5528268781685288,0.2915101647377014,0.9818013310432434,-0.030162779614329338,3.880732947436627e-06,-2486.9356546807444,0.006840892601758242,30957019.41933158,31917874.852396842,1526400715.0
train_tune_e87cf_01433_1433,CNN,0.0124140411303498,0.7554316251532551,0.7630394061826681,1.1633031368255615,3.4246578216552734,-0.5666801929473877,3.6833283957093954e-05,-2567.480417519872,-0.09040160477161407,54810067.693293795,54552984.51150416,7293149451.0
train_tune_e87cf_01434_1434,CNN,0.0209567982495528,0.8310140840108311,0.8195047834501374,0.49710309505462646,1.8582178354263306,-0.10737062245607376,5.962818249827251e-06,-57888.592561109384,0.018863338977098465,18131782537298.195,17659820411247.71,26245333155.0
train_tune_e87cf_01435_1435,CNN,0.01747144071289,0.6829708025036076,0.710105893103405,2.04902982711792,7.3414506912231445,-2.234086275100708,9.830226917983964e-05,-1746.4692812181474,0.08965940773487091,58904.8890865213,58745.427459363644,2188215731.0
train_tune_e87cf_01436_1436,CNN,0.0576035404585324,0.807416347002016,0.8065834365023444,1.1778603792190552,1.7894434928894043,-0.5801775455474854,1.3661729099112563e-05,-5441.999737574345,0.03362021595239639,728442729.1923097,717428309.4271013,9495141195.0
train_tune_e87cf_01437_1437,CNN,0.0334874845319955,0.8291345177609454,0.8007167653553985,0.5698229670524597,1.1861592531204224,-0.10869564861059189,5.237094228505157e-06,-7890.242641513479,0.004803988616913557,126898575.82760695,127429550.11406025,15744840059.0
train_tune_e87cf_01438_1438,CNN,0.0114589539537568,0.6629726847995384,0.6789464787334455,1.5921125411987305,5.601385116577148,-1.271270751953125,3.113707498414442e-05,-1879.1800904959841,0.008875797502696514,1369.306735526381,1369.306735526381,9454187.0
train_tune_e87cf_01439_1439,CNN,0.0097287309237841,0.4054426386125937,0.3876866296721466,1.5449855327606201,6.758111953735352,-1.1634345054626465,3.086112337769009e-05,-1939.161092087905,-0.005705429706722498,474287.54427916557,458025.4513262934,1068586275.0
train_tune_e87cf_01440_1440,CNN,0.0068776839484004,0.7577070963302629,0.7492447396191809,0.9925119876861572,4.1899800300598145,-0.5027296543121338,2.0602154108928517e-05,-2796.6218057483616,0.03990575298666954,3600114.862100539,3581539.8320728224,11559247867.0
train_tune_e87cf_01441_1441,CNN,0.0516846921854456,0.8274143269084842,0.8020370802168197,1.3956613540649414,5.2361040115356445,-0.9411194324493408,2.2752228687750176e-05,-4468.465141027317,-0.016743900254368782,74908775.06929052,75489858.37732697,6222239259.0
train_tune_e87cf_01442_1442,CNN,0.0403692283052312,0.8420051356868021,0.8067619380811987,0.8616485595703125,3.63344669342041,-0.351301372051239,1.7119309632107615e-05,-5946.143106455178,-0.02314307540655136,7483839874.2367,7505840434.240648,23811710323.0
train_tune_e87cf_01443_1443,CNN,0.0073899989268116,0.6961755241748968,0.7057885565984464,1.1977970600128174,4.784934997558594,-0.7065980434417725,2.8589987778104842e-05,-1693.3737229902058,0.024074144661426544,1589.1267348020065,1589.1267348020065,28372155.0
train_tune_e87cf_01444_1444,CNN,0.0068776839484004,0.8287426280572688,0.8104335950198213,0.9399300813674927,3.7908711433410645,-0.4252176582813263,1.2545759091153741e-05,-5475.854757370521,0.00890256091952324,165947136.34854272,173333344.29164228,23757314251.0
train_tune_e87cf_01445_1445,CNN,0.0604017715835987,0.7164392091588704,0.6948879005202065,1.2704474925994873,4.871084690093994,-0.7434290647506714,2.568848321971018e-05,-1759.9136506260763,-0.05734587460756302,1805.589710588657,1805.589710588657,32028171.0
train_tune_e87cf_01446_1446,CNN,0.0096840547322096,0.7819214016880672,0.7685430466581882,1.1604249477386475,4.819303512573242,-0.6732845306396484,1.932053783093579e-05,-2239.593981073558,0.01682256907224655,92235.70273637689,92330.91063595153,7820008539.0
train_tune_e87cf_01447_1447,CNN,0.0066473000683526,0.8063239225791946,0.7831751214304304,0.347972571849823,1.2319650650024414,-0.045038480311632156,5.484087523655035e-06,-5390.65144923106,-0.010102471336722374,1048381253.3253115,994218975.6330817,14165111459.0
train_tune_e87cf_01448_1448,CNN,0.0140987640698376,0.811067601632338,0.77898627855495,1.2652510404586792,3.8326148986816406,-0.8098907470703125,1.6441557818325236e-05,-3500.4065071612017,0.029305920004844666,4203449.432972055,4195340.450117685,9116003171.0
train_tune_e87cf_01449_1449,CNN,0.0440564478263067,0.749548589991338,0.7437281574272124,1.4062291383743286,3.4696059226989746,-1.0500839948654175,5.293644790071994e-05,-2432.406119008635,-0.04011785238981247,42468.77398122481,42151.49657486008,606398363.0
train_tune_e87cf_01450_1450,CNN,0.007390345974716,0.8336903036489214,0.8328630442674615,0.3573954701423645,1.2136462926864624,-0.044816479086875916,3.2735838431108277e-06,-21147.519169844687,0.016066785901784897,8129741983470.846,8227040238512.183,26795770251.0
train_tune_e87cf_01451_1451,CNN,0.0130114609473359,0.6612418546471472,0.6802900656722314,1.7543513774871826,4.865568161010742,-1.7603099346160889,5.420078377937898e-05,-2063.7154122559546,0.06855987757444382,1361.5203967855402,1361.5203967855402,5792523.0
train_tune_e87cf_01452_1452,CNN,0.0438899489136455,0.7112615112897938,0.7024980655008086,1.5376534461975098,5.800088405609131,-1.1872498989105225,5.422112371888943e-05,-1773.7630522755462,0.02724015899002552,1978.328676459877,1978.328676459877,23858667.0
train_tune_e87cf_01453_1453,CNN,0.0402632940247246,0.6653743947607063,0.7074177937737147,1.8329384326934814,3.7241790294647217,-2.1266627311706543,6.592548743356019e-05,-2085.4329725984417,0.06749723851680756,15643.944869794575,15770.24129197122,65039507.0
train_tune_e87cf_01454_1454,CNN,0.0098577125777418,0.8413086504039072,0.8141077599262434,0.4161692261695862,0.8891940116882324,-0.033678289502859116,5.787665486423066e-06,-19390.78494435839,0.021319856867194176,26255721944.994938,26202622308.961258,11443206787.0
train_tune_e87cf_01455_1455,CNN,0.0098577125777418,0.7916803748501919,0.8051350959470235,0.9254223108291626,2.6787407398223877,-0.39838916063308716,8.991155482362956e-06,-7222.303026076942,0.02470467984676361,38414486351.61431,38999923934.656876,7189557467.0
train_tune_e87cf_01456_1456,CNN,0.0985615925479259,0.7858253973386513,0.7780197350722958,1.4558241367340088,5.9488654136657715,-1.0485727787017822,2.9010265279794112e-05,-2554.8695217706004,0.004364419728517532,93278810.48967396,95365064.64725544,16101399331.0
train_tune_e87cf_01457_1457,CNN,0.0172063644359158,0.7873603649082729,0.7664731999686771,1.359814167022705,5.556746959686279,-0.9222235083580017,3.949299571104348e-05,-2234.644254608698,0.002333692740648985,2894587.0560449194,2972495.2630933644,17654828651.0
train_tune_e87cf_01458_1458,CNN,0.0182828308311768,0.7302109078610776,0.7497559281279392,0.9647482633590698,3.159776449203491,-0.4317856431007385,2.414995469735004e-05,-3374.157768779456,-0.03242183476686478,14443028.364298549,14833988.573680395,1551965307.0
train_tune_e87cf_01459_1459,CNN,0.0128199222207831,0.7837561076292103,0.7738150728118146,1.3772093057632446,4.62406063079834,-0.8973138332366943,2.6489444280741736e-05,-3104.08123310554,-0.021152783185243607,71650109.50146541,71744927.36070707,12480066915.0
train_tune_e87cf_01460_1460,CNN,0.0225606105195339,0.818163597636458,0.8171293267321255,1.0800511837005615,4.36280632019043,-0.5628401637077332,1.984206937777344e-05,-9873.809986202548,-0.004889777395874262,127884301864.1246,127424340048.62921,14633996611.0
train_tune_e87cf_01461_1461,CNN,0.0827861943855662,0.7761041546630597,0.7695115984362064,0.722468912601471,2.3514559268951416,-0.23176969587802887,1.5279059880413115e-05,-2404.8118230676346,-0.02489740215241909,1548519.9294626813,1541910.3790242027,6016925699.0
train_tune_e87cf_01462_1462,CNN,0.0081196000370385,0.8304362330074418,0.7833019009473204,0.6842519044876099,2.0265393257141113,-0.21089115738868713,6.823188414273318e-06,-4574.35157570487,0.012932859361171722,3664966073.36518,3731894279.9180593,11679895555.0
train_tune_e87cf_01463_1463,CNN,0.0068426197458455,0.817223081397044,0.806681643054483,0.6807948350906372,1.2798861265182495,-0.13798584043979645,7.653203283553012e-06,-5643.389451868653,-0.017641399055719376,827975842492.3713,806246061381.2115,23585871371.0
train_tune_e87cf_01464_1464,CNN,0.0257306409139889,0.787127634552624,0.7726753106604985,1.3435726165771484,5.015486717224121,-0.8579012155532837,2.5506560632493347e-05,-2384.5488899048996,-0.0021792296320199966,138399.8954182338,138307.67545309986,8644459747.0
train_tune_e87cf_01465_1465,CNN,0.0635156521371386,0.7167848495264614,0.7054342633649374,1.4046210050582886,6.149621486663818,-0.986618161201477,2.3839284040150233e-05,-1838.509270689827,0.02995336428284645,2092.160387884642,2092.160387884642,38253579.0
train_tune_e87cf_01466_1466,CNN,0.00335709800406,0.8056179969207793,0.7712702005755513,1.199253797531128,3.8891372680664062,-0.7557692527770996,2.6738696760730818e-05,-4134.057056335831,0.06137656420469284,640575487.8872712,599853911.8282368,5522042899.0
train_tune_e87cf_01467_1467,CNN,0.0068834559696178,0.7832893407755769,0.7777155616850032,1.0962399244308472,3.6641438007354736,-0.5862997770309448,2.0737768863909878e-05,-7095.699140001332,0.0037420704029500484,2908509889070.411,2950894858628.0493,13237295499.0
train_tune_e87cf_01468_1468,CNN,0.0270247936044127,0.8161075270071202,0.7985374440566632,1.3677308559417725,5.2740936279296875,-0.8973574638366699,2.632114410516806e-05,-5132.231467667527,-0.005849767941981554,61120327.00389225,61431525.84569279,5294781619.0
train_tune_e87cf_01469_1469,CNN,0.0007539230297185,0.7574633910445923,0.7502668397088331,0.6995862722396851,2.8089964389801025,-0.23302912712097168,6.059336556063499e-06,-9765.665198602714,0.01734558865427971,725851125409.2964,700274792893.9337,8726481915.0
train_tune_e87cf_01470_1470,CNN,0.0054357771625001,0.7601820583615311,0.7520865143685953,0.7436587810516357,2.44357967376709,-0.25531548261642456,1.058032376022311e-05,-2611.6182218349113,0.042705368250608444,959936.6242813512,939578.5443503892,1263657859.0
train_tune_e87cf_01471_1471,CNN,0.0032167965203254,0.7999028763607666,0.8099007835576427,0.8498179316520691,2.4000139236450195,-0.3251710534095764,8.431297828792594e-06,-9993.099749428453,-0.0007592048496007919,42368554178.6163,39488885393.52118,10394184771.0
train_tune_e87cf_01472_1472,CNN,0.0357988971594705,0.7383990572630872,0.7457436234116677,1.5741000175476074,5.039612293243408,-1.1995960474014282,3.8411057175835595e-05,-2567.0626021300063,-0.03086129017174244,39277.22308291269,39098.4717603544,418560211.0
train_tune_e87cf_01473_1473,CNN,0.023064437837174,0.7450464305698905,0.7448668666103534,1.5457266569137573,4.256373405456543,-1.2461472749710083,3.519560777931474e-05,-4014.759816534812,-0.01916883885860443,682325.3132201745,727657.5686662768,1049060715.0
train_tune_e87cf_01474_1474,CNN,0.0182616373503688,0.7746969827976485,0.7716633697649116,1.1045974493026733,3.1902976036071777,-0.6399624347686768,1.8647959223017097e-05,-2503.937812683339,0.052556175738573074,22550126.854413718,22848287.981552258,6449374987.0
train_tune_e87cf_01475_1475,CNN,0.0034543209236854,0.8315909031882579,0.8004399434827426,0.21688738465309143,0.5738994479179382,-0.009040793403983116,4.876586899627e-06,-16957.6702342052,0.0036634320858865976,857757072223.6971,861720257687.1902,27453667827.0
train_tune_e87cf_01476_1476,CNN,0.0214844195571161,0.8140730887820776,0.8129531021962577,0.8028241395950317,2.814143180847168,-0.30212754011154175,9.124805728788488e-06,-12139.066243149295,0.0046692825853824615,74770924038.9759,75987687157.11203,17135977403.0
train_tune_e87cf_01477_1477,CNN,0.0332633544529532,0.8185116868391731,0.7967223643651725,0.6859314441680908,2.467127799987793,-0.21462172269821167,7.5245970947435126e-06,-4351.643861044514,-0.003908241167664528,3502801566.628394,3535120355.3638124,17860525883.0
train_tune_e87cf_01478_1478,CNN,0.0662271641476984,0.7412122388002428,0.7047559320262488,0.6316688656806946,2.4211859703063965,-0.18731942772865295,8.572735168854706e-06,-3914.082896732668,0.012330308556556702,16622974.102362517,16775636.368049609,1949519995.0
train_tune_e87cf_01479_1479,CNN,0.0105784415879624,0.7665665671859913,0.7451443979895064,1.1999011039733887,4.084177017211914,-0.6689423322677612,3.769310569623485e-05,-3159.5689315523186,-0.03251331299543381,58671791.92141414,59158573.37050532,7382352035.0
train_tune_e87cf_01480_1480,CNN,0.0079251269834101,0.6747217046917363,0.6982406083221963,1.6432197093963623,6.855711460113525,-1.345617413520813,3.823536462732591e-05,-1979.1792904088643,0.026796434074640274,30406.370231912664,31179.912051987656,732916491.0
train_tune_e87cf_01481_1481,CNN,0.007494872595606,0.7830096069921368,0.7792323459792442,0.5280067920684814,2.0698070526123047,-0.1225273385643959,1.0448027751408517e-05,-4681.770867218538,0.005126692354679108,346103595.39387345,355866542.1019722,2516010075.0
train_tune_e87cf_01482_1482,CNN,0.0019539651486071,0.829079880960763,0.8027718317656389,0.5751497745513916,1.8895541429519653,-0.14402715861797333,9.131174920185003e-06,-14901.879567804373,0.00828460045158863,67066472365.92428,66828263252.84957,8003556763.0
train_tune_e87cf_01483_1483,CNN,0.0141571081833605,0.7991691945937904,0.8048874057836095,0.6567785739898682,2.5769829750061035,-0.19967733323574066,8.381133739021607e-06,-10776.56539431278,0.005011679604649544,3427807976426.9746,3516253763025.177,13777041363.0
train_tune_e87cf_01484_1484,CNN,0.0379195833420588,0.8113870449011604,0.772984963763296,1.149738073348999,3.4289097785949707,-0.6236190795898438,1.998238622036297e-05,-2663.4320185221436,-0.021346116438508034,3085505.0003449535,3104226.0941651193,6105015283.0
train_tune_e87cf_01485_1485,CNN,0.0177429095958432,0.6856995728667514,0.6757266975934789,1.5320498943328857,4.741396427154541,-1.2950706481933594,6.987936649238691e-05,-1906.9939869747313,0.09469035267829895,1246.8812047013353,1246.8812047013353,7714603.0
train_tune_e87cf_01486_1486,CNN,0.0007539230297185,0.7135124734681311,0.7314560546221327,0.6961975693702698,2.842531442642212,-0.22450128197669983,1.1623912541836035e-05,-3738.2504719246285,-0.009946264326572418,313227785.9451058,322123078.51573175,4519272563.0
train_tune_e87cf_01487_1487,CNN,0.0191279078019881,0.8011709834985928,0.7819530728004622,1.5326359272003174,6.150540351867676,-1.1160764694213867,3.7500514736166224e-05,-2597.8668370508185,-0.050679028034210205,3139819.6799187334,3117742.7617226774,9749544275.0
train_tune_e87cf_01488_1488,CNN,0.0034543209236854,0.8074903108223683,0.8219456479941687,0.7552224397659302,2.750542163848877,-0.2636791169643402,1.078837249224307e-05,-7423.210301487332,0.00924605317413807,5037835249707.209,5027552108376.123,20537859043.0
train_tune_e87cf_01489_1489,CNN,0.03833746105951,0.7842769141940884,0.7969740246964048,1.033799648284912,3.7767391204833984,-0.5182450413703918,2.110004788846709e-05,-12488.229048673928,0.03011929616332054,2038914278309.0479,1995724124725.8208,15664220003.0
train_tune_e87cf_01490_1490,CNN,0.0292064663313702,0.7357602677029793,0.7321566766876895,1.3588603734970093,4.6539835929870605,-0.9015753865242004,3.0191211408236995e-05,-1882.767091849169,0.005739170126616955,63812.05794633051,63797.614817598915,2906884091.0
train_tune_e87cf_01491_1491,CNN,0.0471588864535967,0.6895421706847378,0.7035418530133186,1.5163791179656982,5.869595527648926,-1.142509937286377,4.2664869397412986e-05,-1831.1819153931883,0.013754458166658878,39552.50348154757,39538.69940876243,3250127211.0
train_tune_e87cf_01492_1492,CNN,0.0171883596508292,0.6351774114247892,0.6518574168259728,2.4365506172180176,7.2167134284973145,-3.4928760528564453,0.00010838519665412605,-1778.214228923473,0.12699410319328308,1612.2302177688866,1612.2302177688866,4578811.0
train_tune_e87cf_01493_1493,CNN,0.0230654645709983,0.7025231775634494,0.7202321951661298,1.5145231485366821,4.965600967407227,-1.082965612411499,4.633085336536169e-05,-2130.1889685870674,-0.05465305596590042,48382.10899483966,47735.4927066111,1378016107.0
train_tune_e87cf_01494_1494,CNN,0.0549419289044365,0.7515235707339099,0.7516450374903193,1.2130041122436523,4.066780090332031,-0.6874135136604309,3.418919732212089e-05,-1996.932639741987,-0.022557003423571587,52635.495470263864,53007.76050435681,1856688395.0
train_tune_e87cf_01495_1495,CNN,0.0238421880659979,0.7749675783940465,0.7605243962677174,1.2544738054275513,4.892908096313477,-0.7913204431533813,2.1453133740578778e-05,-3488.880900841298,0.019211724400520325,167587967.0011096,164237500.00699332,12419260251.0
train_tune_e87cf_01496_1496,CNN,0.0032167965203254,0.7819267012154721,0.7908792302742037,0.929446280002594,1.3822021484375,-0.3011053800582886,1.9748758859350346e-05,-3930.425716404431,0.04395589604973793,22762251.023118425,22308163.93981693,7495287827.0
train_tune_e87cf_01497_1497,CNN,0.0103704703960786,0.7895318141612235,0.7733717460472441,1.3361949920654297,5.507370948791504,-0.8887889981269836,2.8356162147247232e-05,-2182.0334973033036,0.027673937380313873,128412.7816998435,129646.9817539115,7529622987.0
train_tune_e87cf_01498_1498,CNN,0.0032167965203254,0.8094353605642784,0.8194244512736408,0.601991593837738,2.4825665950775146,-0.1698821783065796,5.828831490362063e-06,-12184.830632814652,0.0013470000121742487,1226571436023.1975,1249590042725.5205,15525601955.0
train_tune_e87cf_01499_1499,CNN,0.007494872595606,0.7751944929778113,0.7631909438864892,0.4402163624763489,1.3763697147369385,-0.06050986796617508,4.519597496255301e-06,-14598.98961154376,-0.004517804831266403,3885810890737.0093,3994594041903.547,26457110547.0
train_tune_e87cf_01500_1500,CNN,0.0099564419806527,0.7466730500119073,0.7314161883535121,0.6137325763702393,2.4639265537261963,-0.17163798213005066,5.472086741065141e-06,-15553.887350648612,0.007358834147453308,5107024409335.174,4994037241300.672,22798140803.0
train_tune_e87cf_01501_1501,CNN,0.0020712582458705,0.8339859538538537,0.801955330388518,0.6640794277191162,1.892488718032837,-0.1843479573726654,6.539005880767945e-06,-5359.725485496589,-0.001242149854078889,2228859090.1868153,2180328761.2907443,11950420379.0
train_tune_e87cf_01502_1502,CNN,0.007494872595606,0.7861790664326066,0.7641196733381546,1.4258525371551514,4.10844612121582,-1.0193374156951904,1.621426417841576e-05,-4997.592973133893,0.00027615856379270554,122120462.41238694,122373995.8543067,13584864923.0
train_tune_e87cf_01503_1503,CNN,0.0034941516636529,0.7579180478680275,0.7561358489332004,1.0458776950836182,3.026416301727295,-0.532891571521759,1.6330508515238762e-05,-2387.031938357918,0.01416812464594841,19219558.56691404,18816161.780275412,1503016947.0
train_tune_e87cf_01504_1504,CNN,0.0302514422891945,0.8406406629456523,0.8005850023220987,0.9362456202507019,2.059682846069336,-0.4386260509490967,1.2474813956941944e-05,-6006.476890085384,0.06347927451133728,108396042.51601642,110441335.06294343,9511741243.0
train_tune_e87cf_01505_1505,CNN,0.0159266777088722,0.7869475865822466,0.7670282708518354,1.1999685764312744,4.348763465881348,-0.6921019554138184,2.0527837477857247e-05,-2443.3481588163895,-0.004429913125932217,1618583.332318013,1624556.4716631405,2853279067.0
train_tune_e87cf_01506_1506,CNN,0.0020712582458705,0.7784187645646969,0.7754480832941517,0.9026716351509094,3.0639023780822754,-0.4017353057861328,1.6228943422902375e-05,-5669.520149107311,0.04046996682882309,151337243088.3521,151422901603.25418,6760828675.0
train_tune_e87cf_01507_1507,CNN,0.014049197548439,0.8009194800215895,0.7933962043646937,0.6913198232650757,1.4024766683578491,-0.16722479462623596,1.0160950296267401e-05,-5835.810613430383,0.03749880939722061,557562019.9722056,541709845.7133324,7216963539.0
train_tune_e87cf_01508_1508,CNN,0.0062900744340272,0.6849552332051873,0.6816285186674388,1.771607518196106,7.526801586151123,-1.6060371398925781,4.432133209775202e-05,-2474.3595440634735,0.014295615255832672,24244.2003981263,24209.083850417548,252871555.0
train_tune_e87cf_01509_1509,CNN,0.0092357535530887,0.756530839860332,0.7565511345108585,1.5344792604446411,5.612678527832031,-1.137923002243042,3.597386967157945e-05,-4143.192518918417,-0.010153955779969692,102837784934.55124,110225643141.4535,12539967059.0
train_tune_e87cf_01510_1510,CNN,0.0491192124059867,0.7325219235810152,0.7350869297005705,1.4192167520523071,5.187219619750977,-0.9115930795669556,4.914765668218024e-05,-2250.1248078001604,-0.0486643984913826,2530254.291986242,2545517.9827976217,11403524763.0
train_tune_e87cf_01511_1511,CNN,0.0098577125777418,0.5977966712365245,0.6617991351056839,1.172611117362976,4.115563869476318,-0.6565789580345154,2.416703136987053e-05,-2660.8958659232494,-0.024341043084859848,588116.575989993,562690.4807773886,506703763.0
train_tune_e87cf_01512_1512,CNN,0.007503231966472,0.5849217457732986,0.5728497304216185,0.4015958309173584,1.4793071746826172,-0.06527722626924515,5.05121897731442e-06,-4652.871508009246,-0.00021518918219953775,3027931.9491343265,3039694.889306765,1132761179.0
train_tune_e87cf_01513_1513,CNN,0.0139054861488321,0.8243914650861623,0.7946820019676802,0.9831598997116089,3.1791560649871826,-0.44514667987823486,1.5098748008313123e-05,-6882.406858428528,-0.013155533000826836,1715103361.7516184,1711785914.123435,19230708131.0
train_tune_e87cf_01514_1514,CNN,0.0177984759258702,0.7155557391039099,0.71350870786952,1.2348504066467285,5.323914527893066,-0.7317770719528198,1.832981433835812e-05,-1776.8605973045394,-0.023019060492515564,1793.1362931440497,1793.1362931440497,34696203.0
train_tune_e87cf_01515_1515,CNN,0.0248610533428542,0.8545300222079694,0.8036377216581138,1.3408315181732178,5.338610649108887,-0.9155199527740479,2.3275744752027094e-05,-3756.8984748019006,0.026025230064988136,9842678.829742327,9771636.693547187,21357364979.0
train_tune_e87cf_01516_1516,CNN,0.0044351336973352,0.6188013377198929,0.6177059606229869,0.3888535499572754,1.469999074935913,-0.059421099722385406,3.875793481711298e-06,-3510.8990563019292,0.01532911229878664,14068799.245580174,13253525.157981226,3947167579.0
train_tune_e87cf_01517_1517,CNN,0.0196889209078457,0.7139039429004689,0.7103083201147794,1.2764253616333008,4.322434425354004,-0.770322859287262,1.6286552636302076e-05,-2777.5337754481325,-0.01389322243630886,75093296.96814996,74576528.95996544,13309867195.0
train_tune_e87cf_01518_1518,CNN,0.088861900104093,0.6755066040271316,0.6962469236044108,1.1117730140686035,4.602921962738037,-0.594096302986145,2.5639092200435698e-05,-1629.2718069637206,-0.020459173247218132,1181.9386797965103,1181.9386797965103,21958987.0
train_tune_e87cf_01519_1519,CNN,0.0721981081819443,0.6707335570741487,0.6587636143330426,3.0199966430664062,7.106502532958984,-4.105513572692871,0.00028110292623750865,-2103.992303674546,-0.17646628618240356,2401.7829586260777,2401.7829586260777,3124491.0
train_tune_e87cf_01520_1520,CNN,0.0041225527128354,0.7762821614794806,0.7799768016129897,1.1529170274734497,1.5203251838684082,-0.37187424302101135,1.2158319805166684e-05,-5976.423139516431,0.04004618525505066,711493263.5734063,713120476.1440883,7397973363.0
train_tune_e87cf_01521_1521,CNN,0.0135810296514149,0.7545147779604193,0.7592452882530316,1.440712332725525,4.0655317306518555,-1.1221874952316284,2.189498809457291e-05,-2426.0789401485367,0.030672146007418633,63837.620506940664,63564.76699059605,1725599915.0
train_tune_e87cf_01522_1522,CNN,0.0474268216390635,0.8052279157151669,0.7772533414883724,1.0912882089614868,3.9832024574279785,-0.5372655391693115,2.4015755116124637e-05,-3348.6811066085093,-0.04141921550035477,133487930.16893291,132585233.02271399,11466143419.0
train_tune_e87cf_01523_1523,CNN,0.0032167965203254,0.8206715282320727,0.8205045977697403,0.6436782479286194,1.6504805088043213,-0.1583927869796753,3.92158381146146e-06,-39227.57118238307,-0.008769609034061432,749128133755.3357,772003686462.5544,8725953011.0
train_tune_e87cf_01524_1524,CNN,0.004410958952735,0.6828422534562391,0.7161160447870188,1.6809394359588623,5.907976150512695,-1.423924207687378,3.7123292713658884e-05,-1990.2750381701644,0.022214913740754128,21519.659167692316,21464.610951586626,566091195.0
train_tune_e87cf_01525_1525,CNN,0.0073681817475195,0.6947500109886069,0.703947624005479,1.1349152326583862,5.1439666748046875,-0.6365242004394531,1.8779770471155643e-05,-1732.6693374419574,-0.012898623012006283,1477.8418725362724,1477.8418725362724,36942651.0
train_tune_e87cf_01526_1526,CNN,0.003906186090895,0.6492074352710306,0.6643557614321366,1.4861149787902832,4.640620708465576,-1.196178913116455,4.5845685235690325e-05,-1746.2815147620493,0.056622788310050964,877.6292690355148,877.6292690355148,4808427.0
train_tune_e87cf_01527_1527,CNN,0.007494872595606,0.7436576374932433,0.7349541570393463,0.7595173716545105,2.0248613357543945,-0.2238181084394455,1.504350802861154e-05,-3086.9044081443235,-0.008972817100584507,18477082.81809791,18080378.874883562,9413900019.0
train_tune_e87cf_01528_1528,CNN,0.0410036684778364,0.8303246122739787,0.8172112889499715,0.8585205078125,3.496575355529785,-0.36029577255249023,1.5224692106130533e-05,-7672.17581350896,-0.0034713074564933777,13293856574.21146,13285021143.182886,33905722571.0
train_tune_e87cf_01529_1529,CNN,0.0090569938361195,0.6666613030578227,0.6914016835773606,1.4087568521499634,6.057750701904297,-0.9912593364715576,2.6657620765035972e-05,-1604.344537016822,-0.0012233797460794449,1396.1287182725464,1396.1287182725464,22639315.0
train_tune_e87cf_01530_1530,CNN,0.0721899615647697,0.7951273142558553,0.7954455924965047,0.5091887712478638,1.8081679344177246,-0.11164788901805878,5.708157004846726e-06,-4093.6893703268624,-0.009365033358335495,16473824431.448362,16521281828.661625,10558904027.0
train_tune_e87cf_01531_1531,CNN,0.0089513729826501,0.8258347740638663,0.8116073123934094,0.9538127183914185,3.8613548278808594,-0.44666650891304016,1.5270945368683897e-05,-2981.42559895897,0.014840480871498585,204964753.07265776,204559840.26345527,21791458411.0
train_tune_e87cf_01532_1532,CNN,0.0141571081833605,0.8004129243471453,0.7986171336669599,0.532295286655426,2.1074533462524414,-0.12859077751636505,1.2644017260754481e-05,-8064.2627240952825,0.015884723514318466,95359096256.42267,96152242273.00266,14357101995.0
train_tune_e87cf_01533_1533,CNN,0.0407909650811859,0.7869349796629579,0.7983230632455406,0.4470645785331726,1.117797613143921,-0.05016407370567322,1.0946009751933161e-05,-7948.652162425848,-0.0270344540476799,148125538064.58267,152868841906.6145,6257204235.0
train_tune_e87cf_01534_1534,CNN,0.0470370201186366,0.8150024950339659,0.8136393496705828,0.33613497018814087,1.0521212816238403,-0.03712046146392822,3.680439021991333e-06,-11243.330582821547,0.016158590093255043,2602766016842.227,2570697057219.3877,23007371387.0
train_tune_e87cf_01535_1535,CNN,0.1047584933604641,0.8409585749038243,0.8008460122550041,0.9430112242698669,3.3457884788513184,-0.42110997438430786,2.000986205530353e-05,-5309.931805068434,0.0017765630036592484,125922080.17917526,126346752.63178912,17130351643.0
train_tune_e87cf_01536_1536,CNN,0.0459691184210214,0.7211735130350484,0.7176312640469639,0.9314099550247192,4.0557098388671875,-0.4243711233139038,1.3169175872462802e-05,-1811.4448013791134,0.01821998879313469,1414.9831232074616,1414.9831232074616,50259723.0
train_tune_e87cf_01537_1537,CNN,0.0098497796558899,0.659305845874442,0.6642152558712278,1.5144761800765991,4.355743885040283,-1.2499301433563232,2.8169171855552122e-05,-1985.478338857351,0.04850071668624878,1116.8392726985724,1116.8392726985724,5763315.0
train_tune_e87cf_01538_1538,CNN,0.0098577125777418,0.8170785002003901,0.8224528430515927,0.7389614582061768,2.2797982692718506,-0.24172133207321167,1.2902888556709513e-05,-9029.227654947812,0.02006082609295845,88144479358.774,89869550316.32109,8639593171.0
train_tune_e87cf_01539_1539,CNN,0.007494872595606,0.6247484313689585,0.6298606428114741,0.5098986625671387,1.5427165031433105,-0.10135325789451599,1.8607215679367073e-05,-2810.9795479564345,0.03458033874630928,184650.46864672116,179488.1443236482,171049243.0
train_tune_e87cf_01540_1540,CNN,0.0594127006204968,0.818276654758188,0.7871582567186476,1.049187183380127,4.321526527404785,-0.5247139930725098,2.1745781850768253e-05,-3349.2933948042323,-0.02493979036808014,130648948.42379358,131091483.28169051,11786415611.0
train_tune_e87cf_01541_1541,CNN,0.0020772238514173,0.7765046029841592,0.7683340781995333,1.4926705360412598,5.467645645141602,-1.1333651542663574,3.3947719202842563e-05,-2315.576522451607,0.042156923562288284,80565.95010750883,80424.02623295768,3337804987.0
train_tune_e87cf_01542_1542,CNN,0.0020774232968184,0.8035673463852995,0.779623555696287,0.8543997406959534,3.137451171875,-0.3338924050331116,1.6097919797175564e-05,-3901.050963600223,-0.023740354925394058,1983698991.5157735,2028895065.531973,7977786411.0
train_tune_e87cf_01543_1543,CNN,0.0032167965203254,0.8202899388859607,0.802579454386985,0.4278593063354492,1.2899196147918701,-0.06463688611984253,4.795523636857979e-06,-22103.26044718543,-0.008053513243794441,3367648943778.1553,3392354776815.2573,19869878595.0
train_tune_e87cf_01544_1544,CNN,0.0131571636706578,0.8179213115945155,0.828342449221384,0.8282191753387451,2.876176357269287,-0.30806964635849,9.295818017562851e-06,-8220.634666890846,-0.008195590227842331,64564412798.27171,64911481503.04823,9683228587.0
train_tune_e87cf_01545_1545,CNN,0.0166945673786499,0.7923942938929245,0.7826012896850094,0.6579059362411499,2.564887523651123,-0.20939959585666656,8.387697562284302e-06,-3346.6739079862873,0.006627926602959633,50056175.38548902,50287692.08747795,5858962835.0
train_tune_e87cf_01546_1546,CNN,0.0090781693702875,0.7056583572048214,0.7038311013409178,1.5214474201202393,5.995977401733398,-1.1457791328430176,2.473179847584106e-05,-1824.9580682197902,0.01974421925842762,2015.066949400102,2015.066949400102,26640803.0
train_tune_e87cf_01547_1547,CNN,0.0407909650811859,0.7251812712273092,0.7377577977423356,0.9832868576049805,2.656625509262085,-0.4363081455230713,1.8629025362315588e-05,-3005.1902272547363,-0.035513244569301605,1070037.7821107733,1052866.8801946687,1588035851.0
train_tune_e87cf_01548_1548,CNN,0.0020712582458705,0.8133223995180107,0.8046495227130496,0.27893543243408203,0.45573532581329346,-0.004128668922930956,2.964499799418263e-06,-9808.893559818473,-0.005819951184093952,10521139845.48958,10725702006.700552,13404025395.0
train_tune_e87cf_01549_1549,CNN,0.0065966213826136,0.8252814576133471,0.7854461336251906,0.6165579557418823,2.3590686321258545,-0.16966691613197327,6.165857939777197e-06,-2986.4224387292825,-0.03797118365764618,2116869.3539072582,2088855.783121721,2709952219.0
train_tune_e87cf_01550_1550,CNN,0.0663483230640863,0.6700039499739886,0.6759663676802787,1.5333287715911865,4.833395957946777,-1.2137173414230347,3.4868531656684354e-05,-1757.6856377600982,0.004469477571547031,1295.6523431045389,1295.6523431045389,9093147.0
train_tune_e87cf_01551_1551,CNN,0.0407920141313724,0.7275627593698953,0.7401001644502571,1.3909251689910889,5.927301406860352,-0.9569166302680969,2.963675797218457e-05,-2110.2784410320296,-0.003090305719524622,46846.85764394773,46215.98129709589,2385037243.0
train_tune_e87cf_01552_1552,CNN,0.0034543209236854,0.8015770009828619,0.78883890241842,0.7263251543045044,3.031482219696045,-0.25857844948768616,8.619579602964222e-06,-18367.818297828617,0.00842780526727438,13042371508500.637,13106672042829.484,30106580275.0
train_tune_e87cf_01553_1553,CNN,0.0755832418064609,0.5413376010422547,0.5203852239773633,4.718908309936523,6.7013840675354,-21.0161190032959,0.0004357454599812627,-3333.0595721009286,0.19902284443378448,945.5672909347585,945.5672909347585,266987.0
train_tune_e87cf_01554_1554,CNN,0.0242883338116778,0.6721931738799879,0.6777570457680396,2.0083818435668945,6.461289405822754,-2.114502429962158,4.778514994541183e-05,-1836.6703309424647,-0.011457758955657482,1873.8068159732343,1873.8068159732343,8764987.0
train_tune_e87cf_01555_1555,CNN,0.0187772449892144,0.6847112931261802,0.6943692654443869,1.517883539199829,5.304084777832031,-1.1693050861358643,3.637951158452779e-05,-1712.635965908664,0.02827286534011364,1589.3695772094002,1589.3695772094002,15767547.0
train_tune_e87cf_01556_1556,CNN,0.0355054914490777,0.8124656462253068,0.8118345336241496,0.4244322180747986,1.4683724641799927,-0.07490748167037964,3.8647658584523015e-06,-32008.15478398396,-0.00042456272058188915,4220842105270.84,4271163939530.2217,20135457139.0
train_tune_e87cf_01557_1557,CNN,0.0284349676683917,0.7365161989096527,0.7428669544198198,1.2636122703552246,3.560333728790283,-0.8038914203643799,1.569133746670559e-05,-2298.8479812525866,0.03498475253582001,1215047.0935342435,1196131.962473347,3033792603.0
train_tune_e87cf_01558_1558,CNN,0.0236894133432547,0.6385862390337019,0.6451475575321634,2.2612783908843994,7.459721565246582,-2.7904367446899414,8.747912215767428e-05,-1629.3629421947292,0.0904368907213211,1404.8942721507447,1404.8942721507447,4488651.0
train_tune_e87cf_01559_1559,CNN,0.014273904046801,0.6672889378127168,0.6929266472545788,1.2732616662979126,4.118479251861572,-0.7936478853225708,1.675616113061551e-05,-1697.490664520189,0.00013497925829142332,22221.137541327986,22389.39945868298,742612147.0
train_tune_e87cf_01561_1561,CNN,0.0190362633936242,0.6865390505997881,0.6902553949023106,1.0798826217651367,4.106494903564453,-0.544119656085968,1.737987986416556e-05,-1812.8464815019086,-0.03823845833539963,1246.7194817941727,1246.7194817941727,19969083.0
train_tune_e87cf_01562_1562,CNN,0.0169329659448764,0.7471013907874678,0.7489943991213088,2.356187105178833,9.151747703552246,-2.7083473205566406,0.0001578887167852372,-2483.692935717804,0.007344230078160763,122549.61577675825,122171.06348139234,3853832827.0
train_tune_e87cf_01563_1563,CNN,0.0211078511020999,0.6832230290706369,0.702659140776312,1.8042755126953125,5.088306903839111,-1.7700281143188477,3.9442234992748126e-05,-2065.5069407027986,0.035159800201654434,26222.90116843166,25637.51149538448,188188827.0
train_tune_e87cf_01564_1564,CNN,0.0030407399995157,0.8091964664114255,0.7926788692185952,1.1205151081085205,3.878291368484497,-0.5887925624847412,1.3605571439256892e-05,-6918.134068814392,-0.019530292600393295,51779128057.228134,52712097676.98436,7554755251.0
train_tune_e87cf_01565_1565,CNN,0.0107876314251601,0.7400519385104318,0.7358113789579491,1.0428919792175293,3.567019462585449,-0.5447928309440613,2.9304450436029583e-05,-2847.5001050675196,0.07913821935653687,38548871.12106619,38514562.897746265,6138083283.0
train_tune_e87cf_01566_1566,CNN,0.1296095214398173,0.7012159608477285,0.7036018183092948,1.2054524421691895,5.010836601257324,-0.688596248626709,2.780488102871459e-05,-1805.389659517044,-0.033839061856269836,1725.9432140054448,1725.9432140054448,29025491.0
train_tune_e87cf_01567_1567,CNN,0.0453031312679035,0.8382199965356716,0.8069382804915396,0.7730811834335327,2.954641342163086,-0.2745529115200043,1.1606006410147529e-05,-3653.3654031268006,-0.02908378653228283,157849143.54791433,158129149.54590592,21860144107.0
train_tune_e87cf_01568_1568,CNN,0.0068633016717647,0.8127357395001393,0.7731416119253877,0.8059078454971313,3.161893844604492,-0.3129842281341553,1.5042818631627597e-05,-3400.2674071058464,0.022641360759735107,2394226.3027568394,2418499.860269008,4817337315.0
train_tune_e87cf_01569_1569,CNN,0.0348805944433842,0.8055585882250285,0.7853667071924731,1.447827935218811,4.860551834106445,-0.9968653321266174,3.64863735740073e-05,-3854.113618336316,-0.028608141466975212,3106555.583695575,3159923.0490274187,2909105267.0
train_tune_e87cf_01570_1570,CNN,0.0081843975471882,0.7301493843232888,0.724749051229531,1.5478947162628174,7.199600696563721,-1.2481725215911865,3.8868296542204916e-05,-1800.3439266712892,0.05265700817108154,2516.8831373587973,2516.8831373587973,56485131.0
train_tune_e87cf_01571_1571,CNN,0.0470370201186366,0.8384503463937549,0.830638808106126,0.6690883636474609,2.7372453212738037,-0.21430471539497375,7.867174645070918e-06,-46394.51565517081,0.0007595562492497265,65003411531852.766,65420546139459.08,55064997339.0
train_tune_e87cf_01572_1572,CNN,0.0364490654193021,0.6469134916607546,0.5984193865209171,1.97383713722229,6.886166095733643,-1.9040509462356567,5.084416989120655e-05,-4087.6233403418646,-0.03372739627957344,168693.35832157033,188622.5382597255,115781115.0
train_tune_e87cf_01574_1574,CNN,0.0408246943614905,0.7460826281912077,0.7626661782752154,1.2486767768859863,4.433362007141113,-0.705977201461792,3.278229632996954e-05,-2902.908500377296,-0.05732088163495064,22550287.539897405,22162803.264373593,2462340779.0
train_tune_e87cf_01575_1575,CNN,0.0068776839484004,0.6420236481010311,0.678558648119219,1.9777235984802246,6.646604061126709,-1.8864350318908691,8.554416854167357e-05,-2006.694274308424,-0.03168688341975212,684862.518532396,674667.8960332941,2116784427.0
train_tune_e87cf_01576_1576,CNN,0.047818683217569,0.7876794533928023,0.7789404432010486,1.234494686126709,4.476698398590088,-0.7309175133705139,2.0160243366262875e-05,-7247.369209298362,-0.009525854140520096,174725990372.3689,177990285830.63245,25457449939.0
train_tune_e87cf_01577_1577,CNN,0.02897233891149,0.6985805502395833,0.7016442788511346,1.5368492603302002,5.256098747253418,-1.1650525331497192,4.257436376065016e-05,-1766.7748205172338,-0.009797157719731331,1820.8528856059165,1820.8528856059165,15130635.0
train_tune_e87cf_01578_1578,CNN,0.0098577125777418,0.7969414287825461,0.7913661442163921,0.7211548686027527,2.0824356079101562,-0.21298524737358093,1.498829442425631e-05,-5395.261344448762,0.014768124558031559,1545193761.6445444,1558689859.197103,15081787099.0
train_tune_e87cf_01580_1580,CNN,0.0182472508841305,0.7436690191028537,0.7394024032003975,1.1698501110076904,4.089479446411133,-0.6229853630065918,2.7600111934589222e-05,-2764.2258311533615,-0.046752624213695526,71014504.65884224,70667237.62668371,11818123611.0
train_tune_e87cf_01581_1581,CNN,0.0600674035809049,0.6869860986358985,0.7164997646955645,2.0496506690979004,5.242247581481934,-2.435971975326538,8.760073978919536e-05,-2199.9929858251244,0.0629328116774559,23489.938016064378,23491.693918899065,64763963.0
train_tune_e87cf_01582_1582,CNN,0.0100244228298145,0.7679072352545596,0.7561484176530957,1.4237639904022217,5.404945373535156,-0.9960882067680359,4.516189801506698e-05,-2212.3075547621606,0.018362486734986305,80256.60419011804,80292.01272775907,2189188299.0
train_tune_e87cf_01583_1583,CNN,0.0085251682158519,0.8079939555908934,0.7995320811842568,1.2423384189605713,4.8260178565979,-0.7588729858398438,2.1749392544734292e-05,-5878.49827542631,0.006426772102713585,96132348972.0662,94506727515.16574,18710122443.0
train_tune_e87cf_01586_1586,CNN,0.0539389297992156,0.7109900027918722,0.7311526778837115,1.8903601169586182,7.305058002471924,-1.7178539037704468,6.24439271632582e-05,-2059.6896063744116,0.0046813818626105785,37625.51705202728,37449.18942502995,318968387.0
train_tune_e87cf_01588_1588,CNN,0.0563830839727857,0.7456400455077726,0.7563027472191247,1.1008148193359375,2.6085638999938965,-0.5862464308738708,2.8182157620904036e-05,-2171.911048435167,-0.027304422110319138,950560.5191028514,945035.5452180603,1264181635.0
train_tune_e87cf_01589_1589,CNN,0.0151290496677487,0.8219269036911306,0.783366169969882,0.9981347322463989,2.958587169647217,-0.45946642756462097,1.698484265943989e-05,-4277.174724215828,-0.0030853496864438057,40724678.43466514,41505519.20900434,4404654291.0
train_tune_e87cf_01590_1590,CNN,0.0007539957390473,0.6467745649272687,0.7040502906314366,2.071709632873535,7.921905517578125,-2.1187963485717773,6.045128975529224e-05,-2400.383332519593,-0.01605815812945366,982410.4678709102,980918.6241269609,1692382531.0
train_tune_e87cf_01591_1591,CNN,0.0034543209236854,0.7740552196137476,0.7398223329049268,0.5996424555778503,2.1455297470092773,-0.1590368002653122,6.220469003892504e-06,-6007.055679333824,0.01066516526043415,664347639.4773495,657902031.8620887,7421173691.0
train_tune_e87cf_01592_1592,CNN,0.0079274016897882,0.5818082605680962,0.5674686792781448,0.6184521913528442,1.586827039718628,-0.13593986630439758,6.19126240053447e-06,-3226.177204888644,-0.0034879965241998434,152947.56202662748,154391.93191639223,164102427.0
train_tune_e87cf_01593_1593,CNN,0.0228123168098914,0.8325399283288181,0.7885563203780211,0.6043871641159058,2.315786361694336,-0.15927153825759888,9.608726941223722e-06,-7905.180341685749,-0.017561104148626328,8352978893.96759,8327450892.492886,21951270643.0
train_tune_e87cf_01594_1594,CNN,0.019841878759532,0.6734607511632565,0.710809790087751,2.3306355476379395,9.069229125976562,-2.8377861976623535,8.904551941668615e-05,-1831.5867095411118,0.06807304918766022,61291.955620469766,59468.39554247695,2980102379.0
train_tune_e87cf_01595_1595,CNN,0.0068776839484004,0.8114422907632396,0.7886723481289507,0.4537397623062134,1.5960544347763062,-0.07807953655719757,3.592170287447516e-06,-4714.876914143817,-0.002297221217304468,38086895139.297066,37272624564.007545,9606290107.0
train_tune_e87cf_01596_1596,CNN,0.0053875018823581,0.7477365103378361,0.7334960010865856,1.0093750953674316,2.7467472553253174,-0.5204049348831177,1.1334832379361615e-05,-3659.8643774492307,0.0410577654838562,1061908942.2375371,1079026375.3511448,12913994443.0
train_tune_e87cf_01597_1597,CNN,0.0494039761148042,0.750442877438181,0.753242359410691,1.1951110363006592,3.5703799724578857,-0.7088329792022705,2.001821849262342e-05,-2762.100992139855,0.03652094677090645,55939.696732849705,55956.44505331064,1488810043.0
train_tune_e87cf_01598_1598,CNN,0.007627909878946,0.7151239728420135,0.722313339823261,1.3713889122009277,5.410612106323242,-0.9582465887069702,2.924746149801649e-05,-3270.991245062102,0.03900021314620972,74160950.77533408,76402261.17391759,6866585811.0
train_tune_e87cf_01599_1599,CNN,0.0309699909132771,0.6650421759354966,0.6749233815724982,1.610290765762329,5.77516508102417,-1.3146674633026123,2.8407201170921326e-05,-1682.3277667095786,0.03381159156560898,1425.4791767698691,1425.4791767698691,11844531.0
train_tune_e87cf_01600_1600,CNN,0.020959232331522,0.7017770338892553,0.7172251047021269,1.190701961517334,4.906861305236816,-0.7128610610961914,2.010517164308112e-05,-2702.2254710678803,0.026452550664544106,2051195.4548825263,2070344.966572745,4337694259.0
train_tune_e87cf_01601_1601,CNN,0.0470370201186366,0.8103232837485472,0.8011864472154552,0.595659613609314,1.0836702585220337,-0.09592314809560776,1.52921329572564e-05,-7933.160130611451,-0.0060752760618925095,28783873765.74405,29480954794.985558,7369735059.0
train_tune_e87cf_01602_1602,CNN,0.0068776839484004,0.8273552869889585,0.8118050376224509,0.662934422492981,1.9209272861480713,-0.18218949437141418,4.9569998736842535e-06,-5917.5744187687715,0.0027527553029358387,81934769.41069746,81764284.76963526,6884422227.0
train_tune_e87cf_01603_1603,CNN,0.0089870196792033,0.8128171381717394,0.7952976936753717,1.4768092632293701,5.722096920013428,-1.063686490058899,3.45908738381695e-05,-2899.4095191043443,-0.00531682837754488,4908847.932971828,4835950.916914763,10241536763.0
train_tune_e87cf_01604_1604,CNN,0.0075039294225016,0.805731699716252,0.8140497454838655,0.47367560863494873,1.8005549907684326,-0.09615395963191986,3.562494384823367e-06,-13926.154425657583,0.008897066116333008,1544227503262.1528,1580196446455.0737,22725200883.0
train_tune_e87cf_01605_1605,CNN,0.0086697440642314,0.7632895015930319,0.7467705167973526,0.7788857817649841,2.1984081268310547,-0.2707442343235016,7.823271516826935e-06,-2964.3317654706166,-0.020808549597859383,34459604.70958561,34473225.18683159,2605516571.0
train_tune_e87cf_01606_1606,CNN,0.0044380284931192,0.8294997429293705,0.8239042070014994,0.8568674325942993,3.42638897895813,-0.35944968461990356,1.075889576895861e-05,-7285.752698725053,0.008610153570771217,104744358254.06161,103215763196.41428,9978459859.0
train_tune_e87cf_01607_1607,CNN,0.0142116757391049,0.7638586968789962,0.7494153443079296,1.0386918783187866,2.868603229522705,-0.5259280800819397,2.3558382963528857e-05,-2473.2901934009624,-0.0030059171840548515,45655.94165184758,45648.50262670711,1210606019.0
train_tune_e87cf_01608_1608,CNN,0.0020712582458705,0.7358376309648853,0.7560059355680727,1.1657156944274902,4.521762847900391,-0.6670417189598083,1.846727536758408e-05,-3238.9564381914943,-0.002890192437916994,11722092.23877969,11909845.600699186,3951638987.0
train_tune_e87cf_01609_1609,CNN,0.0068776839484004,0.7390051969101091,0.7216421563234301,2.3140294551849365,9.353548049926758,-2.6755244731903076,6.975889846216887e-05,-3126.605477887789,-0.01497807539999485,171301748.73289934,172796565.05045664,15530107251.0
train_tune_e87cf_01610_1610,CNN,0.0640338355798131,0.7352342912661567,0.7406330930047094,1.1188762187957764,4.9590744972229,-0.6259344816207886,1.3642335943586659e-05,-1911.9488809842653,-0.008876767009496689,42685.360272754304,42688.63900582073,2253447963.0
train_tune_e87cf_01611_1611,CNN,0.0211915017235052,0.6869688789748813,0.710285271581786,1.5757758617401123,4.497101306915283,-1.2666196823120117,3.7037993024569005e-05,-2695.232329948798,-0.002129950560629368,587219.5904783295,568825.986069272,486605363.0
train_tune_e87cf_01612_1612,CNN,0.0207828710251176,0.6484361371943547,0.6676001597594144,1.5739891529083252,4.499505043029785,-1.2997225522994995,3.085720891249366e-05,-1845.9844596113257,-0.0013826480135321617,1007.6708126985884,1007.6708126985884,4094987.0
train_tune_e87cf_01613_1613,CNN,0.0034543209236854,0.8301615964442308,0.8124358513326332,0.9278665781021118,3.586855173110962,-0.4136072099208832,1.5325840649893507e-05,-6222.488855545747,0.009224679321050644,8623435782.487652,8667393662.243002,31792423163.0
train_tune_e87cf_01614_1614,CNN,0.0037139712406463,0.7531585086638231,0.7446454127898673,1.481469750404358,3.523245334625244,-1.1593177318572998,6.55070980428718e-05,-2276.3565945712007,-0.010839167982339859,1452502.7649058714,1454802.0781859169,7165084211.0
train_tune_e87cf_01616_1616,CNN,0.0141883116883116,0.822341622759025,0.7933003454448229,1.6902761459350586,6.042044162750244,-1.4528815746307373,4.074949538335204e-05,-4738.636057134442,0.025820201262831688,130524525.56163839,130146372.43667707,8195696435.0
train_tune_e87cf_01617_1617,CNN,0.0926339867097465,0.6505159958170248,0.6801075803249268,2.0853116512298584,7.452574253082275,-2.0980918407440186,6.447864871006459e-05,-1952.1211197858643,-0.02322610840201378,21667.682268455144,21259.418765988994,301458579.0
train_tune_e87cf_01618_1618,CNN,0.0135269309651071,0.6331442534070819,0.6548585207544941,2.889450788497925,5.529339790344238,-6.1491217613220215,8.529681508662179e-05,-2031.793016280909,0.17613485455513,1103.6469825831164,1103.6469825831164,1222635.0
train_tune_e87cf_01619_1619,CNN,0.0470370201186366,0.8453267759020826,0.8406818905842468,0.6588894724845886,2.3819668292999268,-0.1882130205631256,1.960765803232789e-05,-19060.499178250844,-0.04365880787372589,10320709411.930325,10369864198.894352,18905816763.0
train_tune_e87cf_01620_1620,CNN,0.0341419080474804,0.5847578508592126,0.5873340029805999,0.4786534011363983,1.758004903793335,-0.10299061238765717,5.414356564870104e-06,-2576.7780851589423,0.007177065126597881,196484659.80712277,190197675.51048034,2820925611.0
train_tune_e87cf_01621_1621,CNN,0.0062150781590052,0.6955761000448395,0.7277236661269988,1.399904489517212,4.858382701873779,-0.96249920129776,3.271741661592387e-05,-4035.282784020692,0.016476185992360115,17139800.390992366,16321895.9985802,1418021451.0
train_tune_e87cf_01622_1622,CNN,0.00971360461619,0.6763606372873344,0.6935118792700972,1.1255528926849365,4.451919078826904,-0.6291948556900024,1.953750143002253e-05,-1902.34741726646,0.01485268585383892,693152.0145873496,699361.8323694493,3898140275.0
train_tune_e87cf_01623_1623,CNN,0.021545133189847,0.7002430213446745,0.7065133859816719,0.977859616279602,3.9640884399414062,-0.4608842432498932,1.715968392090872e-05,-1772.8986053548024,0.0005434295162558556,1324.6149962024692,1324.6149962024692,35782107.0
train_tune_e87cf_01624_1624,CNN,0.0123782721543821,0.7443203169921094,0.7454300093891871,1.3730168342590332,5.156907081604004,-0.9617266654968262,3.689294317155145e-05,-2097.384281715766,0.019731303676962852,69771.78219751379,69384.68978504017,2608581299.0
train_tune_e87cf_01625_1625,CNN,0.0022820065160908,0.8075665672084059,0.771308946935375,1.3415942192077637,4.388636589050293,-0.9162635803222656,3.196422039764002e-05,-3476.363898318708,0.0408954843878746,1955599.0155099165,1930317.8005943727,4374774427.0
train_tune_e87cf_01626_1626,CNN,0.0007539230297185,0.8164636778961519,0.7921622815828723,0.6323164105415344,2.4283742904663086,-0.18804626166820526,7.135704436223023e-06,-2749.0576123649557,-0.006494274362921715,106068942.22381037,106504055.5567144,15697508763.0
train_tune_e87cf_01627_1627,CNN,0.0253703187163218,0.690784140302656,0.7043010492295593,2.2180774211883545,7.803147315979004,-2.6316089630126953,4.6947265218477696e-05,-1767.9907494377412,0.05657437816262245,2422.4928747031818,2422.4928747031818,13127571.0
train_tune_e87cf_01628_1628,CNN,0.0830364740243313,0.8258913497352002,0.8058160601425026,0.5978081822395325,1.6449222564697266,-0.13532431423664093,3.968834789702669e-06,-10543.99072527634,0.022644206881523132,28664174122.000515,29671168914.223724,4553374275.0
train_tune_e87cf_01629_1629,CNN,0.0297652299224047,0.8318665886618923,0.8226405780335551,0.4655940532684326,1.4193452596664429,-0.08425254374742508,2.8147596822236665e-06,-12971.348390713452,-0.008561842143535614,9088629020.547562,9136612203.056871,22461973091.0
train_tune_e87cf_01630_1630,CNN,0.0470816321480256,0.6682332913088034,0.6695769638872735,2.155791997909546,5.191809177398682,-2.999685049057007,0.00015854876255616546,-1848.076906155741,0.1309974193572998,1174.5733044967621,1174.5733044967621,3162939.0
train_tune_e87cf_01631_1631,CNN,0.007494872595606,0.7286710128871906,0.7160831182239307,1.0430775880813599,3.7794673442840576,-0.49390900135040283,1.8764541891869158e-05,-4244.420190893186,-0.03569753095507622,411288635.66927356,409141196.54830956,6030103819.0
train_tune_e87cf_01632_1632,CNN,0.0020712582458705,0.7700162809356066,0.7672159302827963,0.27762579917907715,0.9425938129425049,-0.025039739906787872,2.243243216071278e-06,-4925.314329174555,0.007146676070988178,8338449.018328013,8196744.125922538,5513571763.0
train_tune_e87cf_01633_1633,CNN,0.0447755152726083,0.6856123490532524,0.6953251581532937,1.1538236141204834,4.350556373596191,-0.641814112663269,2.884217246901244e-05,-1714.0055766249407,-0.00026872754096984863,1397.3271677935568,1397.3271677935568,21719723.0
train_tune_e87cf_01634_1634,CNN,0.007494872595606,0.8069273814313213,0.793234266629042,0.6114354133605957,2.2419347763061523,-0.16626696288585663,9.639259587856941e-06,-5874.390555799481,-0.002282985718920827,850011606.3319027,793247094.9949647,10799245283.0
train_tune_e87cf_01635_1635,CNN,0.0068776839484004,0.6478971261315635,0.6512998607618029,2.3248839378356934,5.98796272277832,-3.4116263389587402,6.456697883550078e-05,-1774.9642317108996,0.0845477432012558,1376.1478031066083,1376.1478031066083,3644331.0
train_tune_e87cf_01636_1636,CNN,0.0087538846806685,0.7269649470086863,0.7431898994674856,1.4697954654693604,4.671186447143555,-1.0131762027740479,2.3638714992557652e-05,-2269.28687929836,-0.05679014325141907,71196672.09808287,72955820.37728459,5451380107.0
train_tune_e87cf_01637_1637,CNN,0.0098577125777418,0.8299125295211817,0.8037038056281834,0.9870081543922424,3.8967418670654297,-0.46910762786865234,1.502999020885909e-05,-3914.0953585641655,-0.001841467572376132,5526918.269660146,5453928.044021303,20640432587.0
train_tune_e87cf_01638_1638,CNN,0.0266039737039475,0.668221877223704,0.6953053552042819,1.4709007740020752,6.18460750579834,-1.0722603797912598,4.132885442231782e-05,-1565.0261119589036,0.008153269998729229,1672.0479774036774,1672.0479774036774,25753195.0
train_tune_e87cf_01639_1639,CNN,0.0088407073077514,0.7857812409460696,0.7642839030513056,1.1088104248046875,4.3646650314331055,-0.5993691682815552,1.6147059795912355e-05,-2840.9822245066725,0.0039667957462370396,1731057.3544442018,1748703.856471557,3426841147.0
train_tune_e87cf_01640_1640,CNN,0.0470370201186366,0.7736258515788802,0.75130189115789,1.3250732421875,5.143435478210449,-0.8424656391143799,2.823239628924057e-05,-3129.4020309299535,-0.023389682173728943,57107623.05135386,56613301.46590003,6994993531.0
train_tune_e87cf_01641_1641,CNN,0.0181136748675511,0.6759393944833169,0.6908272877335897,1.6212234497070312,6.033411026000977,-1.2862489223480225,4.0897095459513366e-05,-1763.7978856436462,-0.0036250553093850613,1717.7222729347754,1717.7222729347754,16660947.0
train_tune_e87cf_01642_1642,CNN,0.0097415210252003,0.8120242497586784,0.8080724126197854,0.3786308765411377,1.2652372121810913,-0.05200216919183731,3.90169543607044e-06,-9304.763607263216,-0.0006426351610571146,25104346548.127716,24438314937.771496,16611634947.0
train_tune_e87cf_01643_1643,CNN,0.0058126301873134,0.8056372807528192,0.8000802913592882,0.3806349039077759,1.454418659210205,-0.059721365571022034,4.189133051113458e-06,-5608.531274841979,-0.004243889823555946,386669356.0306742,376735540.06868607,5624491915.0
train_tune_e87cf_01644_1644,CNN,0.0445566789476949,0.7545670706726625,0.7493630650396121,1.6676342487335205,6.2598772048950195,-1.3654274940490723,4.319495928939432e-05,-1924.7496276921536,-0.016440298408269882,90162.74107185767,90799.70607853458,2916949603.0
train_tune_e87cf_01645_1645,CNN,0.0059283962138839,0.8205102024387719,0.8209658172477141,0.4594944417476654,1.223452091217041,-0.07062602043151855,2.62959247265826e-06,-12082.830066945055,0.00994735024869442,108367131753.89314,110167002349.7591,24622281491.0
train_tune_e87cf_01646_1646,CNN,0.0470370201186366,0.7088303092699959,0.7200254763232884,0.9771376848220825,2.157134532928467,-0.4839780926704407,2.3613065422978252e-05,-1776.2856924587152,0.001633911393582821,22776.84821193892,22850.800362030568,305151211.0
train_tune_e87cf_01647_1647,CNN,0.0047166694039836,0.7582246011037863,0.7698278949215281,1.3665094375610352,2.5871145725250244,-0.9311144351959229,2.4736360501265153e-05,-2770.169969480096,-0.04275224730372429,19643211.37322559,19800136.957659796,3874632883.0
train_tune_e87cf_01648_1648,CNN,0.0414339533625193,0.840335628280744,0.7929792900341858,0.9256536960601807,3.437527894973755,-0.41069674491882324,1.182654614240164e-05,-6739.468728299619,0.0010374835692346096,5666296548.484769,5682988579.950932,12680265411.0
train_tune_e87cf_01649_1649,CNN,0.0064613808130931,0.6982396766193009,0.7091400454350757,1.1614775657653809,4.372038841247559,-0.6687175631523132,1.6135265468619764e-05,-1820.572168545358,0.04904914274811745,36320.63857660242,36337.89582343506,1754012067.0
train_tune_e87cf_01650_1650,CNN,0.0540789833641665,0.6455608440997713,0.6323313584340005,1.786327600479126,6.420792102813721,-1.3705863952636719,3.780014958465472e-05,-1868.6059606364165,-0.09535297751426697,36141.32942367531,36266.48927286755,624747339.0
train_tune_e87cf_01652_1652,CNN,0.0238137499497091,0.719529394335526,0.7038087405388441,1.3249269723892212,5.620623588562012,-0.8801878094673157,2.112386209773831e-05,-1920.7691662549491,0.026262246072292328,1975.667831968881,1975.667831968881,42538723.0
train_tune_e87cf_01653_1653,CNN,0.0350777301689805,0.8230794265184153,0.7934883544054465,0.9568647742271423,3.296132802963257,-0.4372453987598419,1.58497532538604e-05,-5908.635662220634,0.011349162086844444,650749697.6391901,663107201.9851029,11423508675.0
train_tune_e87cf_01654_1654,CNN,0.0408200948706047,0.6807864149055999,0.7085256744814893,1.0208803415298462,1.8987702131271362,-0.4218171536922455,1.8829778127837926e-05,-1801.1671787853513,-0.035930026322603226,11842.467415147647,11878.975717176561,112617539.0
train_tune_e87cf_01655_1655,CNN,0.0679071083542522,0.8315718551419079,0.8189091361554308,1.0396935939788818,3.688262462615967,-0.5140712261199951,1.719592182780616e-05,-8481.496285115893,0.0039841653779149055,5324553691.770422,5432082979.590023,11875489539.0
train_tune_e87cf_01656_1656,CNN,0.0470370201186366,0.7723224523957243,0.7584126503005504,0.6094455718994141,1.9692676067352295,-0.16351370513439178,1.211506241816096e-05,-3135.1471833403407,0.019207533448934555,922524280.6067507,946281350.8103714,4666663819.0
train_tune_e87cf_01657_1657,CNN,0.007494872595606,0.7994252398037548,0.7700052841233057,0.5903447270393372,2.065904140472412,-0.14630267024040222,4.5550705181085505e-06,-19152.676451887986,-0.011589201167225838,2688956304101.6045,2686724372454.145,13255447099.0
train_tune_e87cf_01658_1658,CNN,0.0025090442291982,0.7242098016322811,0.7306356128135143,1.010691523551941,2.040264844894409,-0.47426319122314453,2.503806899767369e-05,-2000.4778377838986,0.011142510920763016,18280.149869174744,18198.774723207665,254143691.0
train_tune_e87cf_01659_1659,CNN,0.0028436136147274,0.7264333025103966,0.7299274204246281,1.277011513710022,4.46190071105957,-0.8010512590408325,2.0251427486073226e-05,-2761.2072363099346,0.019787516444921494,59974231.77679601,61079620.783421084,5330912371.0
train_tune_e87cf_01660_1660,CNN,0.0032167965203254,0.6332497323850587,0.6558235156563746,0.8848834037780762,3.051353693008423,-0.3584137558937073,1.5513851394644007e-05,-3836.5131098189795,6.413017399609089e-05,933696653.7983782,941281759.6992774,6636001947.0
train_tune_e87cf_01661_1661,CNN,0.0102162753794328,0.7859752325440901,0.7600859629996276,1.5907280445098877,5.895689010620117,-1.1790039539337158,3.569584805518389e-05,-3108.518363066669,-0.04097292572259903,32954752.041096494,33658348.719079,4427464699.0
train_tune_e87cf_01662_1662,CNN,0.0347994501140601,0.6969948496460235,0.7065522234024298,1.219421625137329,4.4535722732543945,-0.6931246519088745,1.7955338989850134e-05,-1856.4598915350575,-0.06321584433317184,1402.762431413527,1402.762431413527,20022027.0
train_tune_e87cf_01663_1663,CNN,0.0470403967891405,0.6807418490246065,0.7030081675644619,1.3486746549606323,2.4345173835754395,-0.9279314875602722,5.2331783081172034e-05,-1944.4841963448753,-0.00827501155436039,15508.192165326833,15489.204524975714,156340691.0
train_tune_e87cf_01664_1664,CNN,0.0141870449878663,0.8074103794438181,0.8242482802622821,0.49669381976127625,2.054243564605713,-0.10774742811918259,4.29857027484104e-06,-10457.640890467088,0.0009874275419861078,664124663412.9093,657987039652.642,9912785827.0
train_tune_e87cf_01665_1665,CNN,0.0032167965203254,0.7595088878597523,0.7501355518139221,0.47495007514953613,1.5838276147842407,-0.08748750388622284,4.508102847466944e-06,-11206.504165271534,0.013644518330693245,19822272863.281532,19647183206.5443,11086787915.0
train_tune_e87cf_01666_1666,CNN,0.0141571081833605,0.8183063482243619,0.8027164447731399,0.7218760251998901,1.1199805736541748,-0.1406179666519165,2.354263597226236e-05,-12176.961772035509,0.05605055391788483,1029967500401.2866,1003749911353.3082,7396343171.0
train_tune_e87cf_01667_1667,CNN,0.0478287144953811,0.7712133980126552,0.7539619278983332,0.6060442924499512,1.6928000450134277,-0.14480607211589813,8.215433808800299e-06,-4239.642233875966,0.012087352573871613,411210536.46828014,411209248.2938993,6958766427.0
train_tune_e87cf_01668_1668,CNN,0.0141571081833605,0.7607508059934993,0.7657152447569348,0.7822271585464478,2.583331823348999,-0.2768543064594269,1.2349904864095151e-05,-14478.616617594509,0.00482496153563261,871261780694.0505,851629552245.9937,12669841587.0
train_tune_e87cf_01669_1669,CNN,0.0389486566972648,0.6441813968131763,0.6816362257601177,1.73943030834198,6.050753116607666,-1.4507288932800293,3.861737786792219e-05,-1744.694095949827,-0.058368757367134094,1426.8497546244917,1426.8497546244917,9145835.0
train_tune_e87cf_01670_1670,CNN,0.0034543209236854,0.7462991861396193,0.7608612112582602,0.3889736235141754,1.2640985250473022,-0.05684273689985275,4.651995368476491e-06,-7123.142757047242,0.016754619777202606,19116844583.438965,19205597996.927704,7968526171.0
train_tune_e87cf_01671_1671,CNN,0.0100685386366605,0.7827994257327638,0.7779423427888417,0.8101987838745117,1.9331220388412476,-0.2910093367099762,1.691637771727983e-05,-4272.341933344095,0.027173586189746857,1012439093.7392478,1006090657.5243108,3862544787.0
train_tune_e87cf_01672_1672,CNN,0.0099777494999057,0.7417842960670011,0.7357733671143989,0.3570173680782318,1.2113864421844482,-0.04359709843993187,3.14096678266651e-06,-4165.849564945023,-0.010027140378952026,2409322.988282388,2357510.018809257,652381499.0
train_tune_e87cf_01673_1673,CNN,0.003217102532171,0.7451110268404434,0.7398464186493553,1.125372290611267,3.696359634399414,-0.6385982632637024,2.6095101929968223e-05,-1924.1262533867462,0.05111289769411087,53613.53861222071,53316.13554429639,2183088827.0
train_tune_e87cf_01674_1674,CNN,0.0585015623672223,0.8349190552978104,0.7886032506301742,0.801665723323822,2.580566883087158,-0.30636081099510193,9.150371624855325e-06,-3945.2826548260464,0.027182433754205704,215343650.77659371,214545003.34035045,11906355627.0
train_tune_e87cf_01675_1675,CNN,0.0020712582458705,0.8130525467166653,0.831210421813429,0.6255638599395752,1.968137264251709,-0.16865159571170807,8.492295819451101e-06,-58328.56909482433,0.015045827254652977,8888738009764.42,8770886330118.355,17270051147.0
train_tune_e87cf_01676_1676,CNN,0.0709457691545798,0.8221856315382131,0.8012866840427845,0.7368943691253662,1.7383183240890503,-0.21618026494979858,7.039312549750321e-06,-5315.754428095624,-0.030062925070524216,71232628.20457569,71675449.49472111,9004491643.0
train_tune_e87cf_01679_1679,CNN,0.0008090843235208,0.8307225042646794,0.7753832696783093,0.6904696226119995,1.8995256423950195,-0.19594380259513855,5.467357368615922e-06,-3399.5627884146675,0.005480602383613586,101148571.60815096,100418954.57121924,13200295499.0
train_tune_e87cf_01680_1680,CNN,0.009427160292694,0.6818353314176204,0.7139600683632642,1.1969512701034546,4.440639495849609,-0.720770001411438,2.2033334971638396e-05,-2559.4465458692666,0.049803610891103745,483265.0204683121,486498.50866226165,725759835.0
train_tune_e87cf_01681_1681,CNN,0.0388564351712407,0.5299912090004226,0.5277482189843152,1.2412598133087158,5.386533737182617,-0.7633147239685059,2.5295556042692624e-05,-3257.558645295577,-0.0030220940243452787,37465940784.462746,37654288554.45667,9612793323.0
train_tune_e87cf_01682_1682,CNN,0.0321183910062133,0.7548853433519206,0.7553478099195523,1.7672301530838013,6.083035469055176,-1.6120880842208862,5.813167445012368e-05,-3060.9628991472637,0.04882900416851044,1422006.4148856793,1369498.5008173753,1011780595.0
train_tune_e87cf_01683_1683,CNN,0.0007539230297185,0.8387239533667169,0.8201767265700468,0.8392448425292969,3.515667200088501,-0.3414127826690674,1.0494461093912832e-05,-5322.2371949075805,-0.003210458904504776,9830345070.834665,9815323067.816685,23390968347.0
train_tune_e87cf_01684_1684,CNN,0.0302037502051612,0.7424352333540866,0.7486752740852899,1.7495019435882568,6.248908996582031,-1.5491700172424316,4.041251668240875e-05,-2093.785858653416,0.02358146198093891,1228119.5471841828,1265519.1898652976,3469615603.0
train_tune_e87cf_01685_1685,CNN,0.0258118102948981,0.7625743642171412,0.7508803941086626,1.4846885204315186,4.750796794891357,-1.1269150972366333,1.822549893404357e-05,-2366.8618661289042,0.03021896816790104,1767125.8582430775,1789052.2245760947,7387117603.0
train_tune_e87cf_01686_1686,CNN,0.0032756192706338,0.8256173364596143,0.8213979541673875,0.6292722225189209,1.690187692642212,-0.1662549078464508,5.784668246633373e-06,-18945.263609614725,0.01746339537203312,107624236555.34406,107225384548.53363,12252627059.0
train_tune_e87cf_01687_1687,CNN,0.022198042577474,0.8275774205532191,0.7995500760689015,0.7174414992332458,1.5532445907592773,-0.21240779757499695,1.7323698557447642e-05,-7079.914980873869,0.00422735745087266,1459383748.788744,1479863957.2504396,13230981667.0
train_tune_e87cf_01688_1688,CNN,0.0032687618894515,0.8270855090285323,0.8107838594093789,0.870509147644043,3.108860969543457,-0.36059999465942383,1.7771479178918526e-05,-11546.944915065797,0.023022685199975967,11747643155.598064,11721892117.00372,23081381203.0
train_tune_e87cf_01689_1689,CNN,0.0020712582458705,0.7978492304878113,0.7741234439872868,0.9349311590194702,3.7575385570526123,-0.42949745059013367,1.575195710756816e-05,-2713.647485805127,-0.0015417872928082943,16066850.661699448,15192096.6258718,1956811971.0
train_tune_e87cf_01690_1690,CNN,0.0141870449878663,0.8151704928178615,0.7769037325497083,0.4506394863128662,1.2489346265792847,-0.06523936986923218,2.7972687348665204e-06,-5064.988052341993,0.0004398399032652378,19490516.56955672,19692334.70434439,5234599283.0
train_tune_e87cf_01691_1691,CNN,0.0068776839484004,0.825672188443631,0.811238592123726,0.4333067536354065,1.371988296508789,-0.06803565472364426,5.297802090353798e-06,-20723.30615288756,-0.002062492072582245,178876633166.64087,177844926073.0378,12040459723.0
train_tune_e87cf_01692_1692,CNN,0.0068776839484004,0.8531386415108542,0.8100230689853037,0.6731036901473999,2.769012212753296,-0.21470759809017181,9.665514880907722e-06,-3701.3741922872023,-0.014955276623368263,6799707.137999715,6812085.356612347,25384479371.0
train_tune_e87cf_01693_1693,CNN,0.0408032238235093,0.7912216058140541,0.7906329472457422,0.4714844226837158,1.195026159286499,-0.07142147421836853,4.4386679292074405e-06,-6490.681087663863,0.0006677184719592333,7480675987.683239,7148511593.03028,4522823243.0
train_tune_e87cf_01694_1694,CNN,0.0160335926637823,0.5078135460066584,0.4978584615936668,1.0030606985092163,4.165626049041748,-0.47813618183135986,1.5140048162720632e-05,-2177.8230130857673,-0.021537285298109055,760383.7951900066,781444.9669504034,1967647747.0
train_tune_e87cf_01695_1695,CNN,0.0082528481778627,0.7647208118950044,0.7593129345057427,1.08763587474823,2.7523510456085205,-0.5965973138809204,2.1735528207500465e-05,-2621.5528551772086,0.06442081183195114,43936.142913287855,43718.75861171672,912758795.0
train_tune_e87cf_01696_1696,CNN,0.0076371775258671,0.848418543198214,0.8158066964177076,0.4875392019748688,1.3070069551467896,-0.07724754512310028,9.675140972831286e-06,-26442.24007018104,-0.023004328832030296,661247380634.936,658105735252.6803,34520249251.0
train_tune_e87cf_01697_1697,CNN,0.0244867656496531,0.8177206074646091,0.7933658396129111,0.8403448462486267,2.379714012145996,-0.30452919006347656,2.7090325602330267e-05,-2830.5392709730763,-0.05336980149149895,3890405.4205182707,3887177.1775297457,13497436547.0
train_tune_e87cf_01698_1698,CNN,0.0034543209236854,0.7998237170584889,0.8152508227018724,0.2596636116504669,0.6711736917495728,-0.01624734327197075,3.078425152125419e-06,-11020.126302605442,0.0033599850721657276,9029311989.707985,9238845151.867771,13474220571.0
train_tune_e87cf_01699_1699,CNN,0.0092488778483032,0.6963334370926672,0.7270923285389908,1.3507018089294434,4.438925743103027,-0.912337064743042,3.351083432789892e-05,-1865.6171908811518,0.008776511996984482,1195505.4234387688,1197488.7555594156,2861053555.0
train_tune_e87cf_01700_1700,CNN,0.0196974499666188,0.6851575452763384,0.706923244455196,1.307102918624878,5.459115505218506,-0.8422245979309082,3.283596015535295e-05,-2008.7394463665426,-0.0048658959567546844,35651.28573901676,35634.8467216108,1421508515.0
train_tune_e87cf_01701_1701,CNN,0.0470370201186366,0.7977691102897918,0.7698018731305806,0.9401323199272156,1.3608653545379639,-0.1885499358177185,2.421263161522802e-05,-3099.6051996831,-0.016277797520160675,1331483.5187084712,1327623.2589309753,10313870059.0
train_tune_e87cf_01702_1702,CNN,0.0032167965203254,0.7921103271346163,0.780228101958818,1.2804949283599854,5.153148651123047,-0.7545885443687439,3.5060693335253745e-05,-14893.728042427609,-0.05612679943442345,9853581471484.594,9674843729024.45,19571491027.0
train_tune_e87cf_01703_1703,CNN,0.0214357593452467,0.7968102653231686,0.7663447820924021,1.2157108783721924,3.914830207824707,-0.7481958866119385,2.1291365555953234e-05,-3897.698234995033,0.028003573417663574,104655724.60930249,105848642.44767971,6849780707.0
train_tune_e87cf_01704_1704,CNN,0.0034543209236854,0.7007812333820435,0.7288357475089242,0.5301042199134827,1.45408296585083,-0.10497342050075531,5.317890554579208e-06,-8204.045164712441,0.01066393032670021,17449560790.232346,17420055974.540764,5105182459.0
train_tune_e87cf_01705_1705,CNN,0.0414032779489561,0.7347911938048565,0.7477798643363283,0.8284019231796265,1.3710161447525024,-0.17097003757953644,1.4531131455441937e-05,-2537.3554045581404,-0.021331507712602615,345128.92431803315,347020.02016404504,570167555.0
train_tune_e87cf_01706_1706,CNN,0.0054162560023357,0.8004436240340425,0.7912274840767509,1.0811553001403809,3.620548725128174,-0.5727154016494751,1.3908856999478303e-05,-5695.703121022642,-0.000276714563369751,19848132885.38819,20555701854.40119,4940913491.0
train_tune_e87cf_01707_1707,CNN,0.0343988109347937,0.6779051917757335,0.6742139520699756,2.080812454223633,6.045443058013916,-2.2583115100860596,0.00010128465510206297,-1803.48566347667,-0.023907911032438278,1994.0226271813679,1994.0226271813679,7165851.0
train_tune_e87cf_01708_1708,CNN,0.0275356498936971,0.776850668808212,0.7841155002446857,0.8028929233551025,2.7599446773529053,-0.31193414330482483,1.3502153706212994e-05,-32055.281031902257,0.04234122112393379,1882198692930.5776,1859999557536.0898,16553501443.0
train_tune_e87cf_01709_1709,CNN,0.0477597523349971,0.6473920614339286,0.6564918123555712,1.3609681129455566,5.9156694412231445,-0.9329557418823242,2.9888680728618056e-05,-1807.781418717515,0.004985055886209011,996.8359896660693,996.8359896660693,13798611.0
train_tune_e87cf_01710_1710,CNN,0.0051410154601056,0.7808532853223958,0.7569319020996793,1.0833775997161865,2.0401339530944824,-0.527498185634613,9.034471077029593e-06,-3038.1290676638205,-0.016991255804896355,1004355.8340689769,996376.4862233466,1375115771.0
train_tune_e87cf_01711_1711,CNN,0.0068776839484004,0.8313423542820765,0.8223106355432285,0.32054781913757324,0.6214625835418701,-0.01587352156639099,5.417645297711715e-06,-28169.923217653744,0.016017451882362366,780969634725.5242,774730506959.9274,9786357691.0
train_tune_e87cf_01712_1712,CNN,0.0179715190280191,0.817472844143331,0.7783066836327993,1.1902282238006592,1.8606336116790771,-0.5718634724617004,1.5513069229200482e-05,-4543.102662265894,-0.001757715828716755,3259184915.108618,3183628261.5339136,21596717299.0
train_tune_e87cf_01713_1713,CNN,0.0041666586892445,0.7848263794665883,0.7700706191091155,1.6994349956512451,4.124653339385986,-1.623451828956604,2.1911915609962307e-05,-3079.040172566227,0.009479612112045288,1749325.4115538946,1770824.6868173298,4849765771.0
train_tune_e87cf_01714_1714,CNN,0.0060542270857073,0.7940350106785647,0.7556669024198297,0.732548713684082,2.8023862838745117,-0.24190810322761536,1.0492098226677626e-05,-2447.408042279344,-0.02733205258846283,102251664.22486451,102527368.47061032,20344193067.0
train_tune_e87cf_01715_1715,CNN,0.0511446895086553,0.6189614710338215,0.6445081783556827,1.0226062536239624,3.8792734146118164,-0.49773216247558594,3.7656725908163935e-05,-3087.2177028110455,-0.020378051325678825,851442557.1726049,840759876.7790039,5814190795.0
train_tune_e87cf_01716_1716,CNN,0.0176168877112415,0.6628844212382741,0.6791667259163393,2.0487637519836426,7.2479729652404785,-2.038588523864746,5.043324563303031e-05,-1705.5530407939564,-0.05292673408985138,1879.6027685518288,1879.6027685518288,10985387.0
train_tune_e87cf_01717_1717,CNN,0.0032167965203254,0.5294319036610056,0.5649345725850405,1.2914564609527588,5.488714218139648,-0.8388758301734924,1.758682992658578e-05,-2361.8438973681614,0.017300784587860107,530452660.89796776,510482557.4843625,4566705603.0
train_tune_e87cf_01718_1718,CNN,0.0007539230297185,0.7905862110909223,0.8000044125306889,0.5852726697921753,1.1037001609802246,-0.10456444323062897,6.319320618786151e-06,-15533.165326534894,0.022551799193024635,1759533648253.2988,1736997314180.2168,21492301411.0
train_tune_e87cf_01719_1719,CNN,0.007494872595606,0.8263004430173807,0.782717242682762,1.3074452877044678,4.971628665924072,-0.8120729923248291,2.7520014555193484e-05,-3078.36072586619,-0.015920061618089676,4798199.167278539,4784794.335148566,12120281851.0
train_tune_e87cf_01720_1720,CNN,0.0058686531916818,0.6951689316035146,0.7073929166594702,1.528773546218872,6.705629825592041,-1.1873881816864014,3.366165765328333e-05,-1882.3978706523503,0.01469300128519535,2077.8880879502667,2077.8880879502667,32704683.0
train_tune_e87cf_01721_1721,CNN,0.0717175775344855,0.830630161371685,0.7989873121998321,0.5404688119888306,1.2085628509521484,-0.08945126831531525,3.4573199627629947e-06,-7139.627949494305,0.0009488766081631184,2671191203.730198,2718405040.6940746,20919155723.0
train_tune_e87cf_01722_1722,CNN,0.0020712582458705,0.8216347031386118,0.8024567432389517,0.4314020276069641,0.7109981179237366,-0.027771852910518646,1.9052952211495722e-06,-7946.449046459209,0.0031119189225137234,22194038389.98732,22837856400.11783,9799681795.0
train_tune_e87cf_01723_1723,CNN,0.0380893600483368,0.6866019630515189,0.6885484016660228,1.9001474380493164,6.55152702331543,-1.919806957244873,5.8914822147926316e-05,-1854.3724794711943,0.07239627838134766,2031.2030639929862,2031.2030639929862,13922467.0
train_tune_e87cf_01724_1724,CNN,0.0098917928246842,0.7660241136290552,0.7681347706240701,0.2623635530471802,0.7712888717651367,-0.017787829041481018,2.708229430936626e-06,-6758.935598006889,9.406742174178362e-05,3957537.0705787214,3741769.977418284,2975654987.0
train_tune_e87cf_01725_1725,CNN,0.0470370201186366,0.8319789208206622,0.8113648413718618,0.9317842721939087,3.275409698486328,-0.4183635711669922,1.789476300473325e-05,-5970.939681542127,0.01599801890552044,171081040.7021963,174364746.80977708,14755007523.0
train_tune_e87cf_01726_1726,CNN,0.0236382004745681,0.8137859009168978,0.8061552501469061,0.8795987963676453,3.0468075275421143,-0.3583238124847412,1.0701807696023025e-05,-10622.846083650578,-0.008267426863312721,3072557217.252794,2982141815.361298,15037895147.0
train_tune_e87cf_01727_1727,CNN,0.0008182293896579,0.6680688914453095,0.6858089929145849,1.4464683532714844,5.785717010498047,-1.0704898834228516,3.149967596982606e-05,-1640.372666817077,0.06546254456043243,1406.9210037693638,1406.9210037693638,17241923.0
train_tune_e87cf_01728_1728,CNN,0.0039748693854747,0.7246711178890303,0.7217320431356116,0.9345859289169312,3.0361897945404053,-0.40034323930740356,1.0192969057243317e-05,-1767.6690560612112,-0.027574526146054268,29710.181454274396,29660.068281529773,2335973715.0
train_tune_e87cf_01729_1729,CNN,0.0007539230297185,0.7859624062363045,0.7589249929134776,0.847627580165863,2.980173110961914,-0.3385283946990967,8.994468771561515e-06,-3295.5624318626215,0.02135598659515381,2000323194.941908,1989595468.3517928,11802796787.0
train_tune_e87cf_01730_1730,CNN,0.048347971674613,0.6959870031119815,0.7061883523347833,1.369147777557373,5.468613147735596,-0.8954613208770752,2.9543694836320356e-05,-2587.859729497432,-0.026415903121232986,59521017.34855857,59363298.52648239,9505745011.0
train_tune_e87cf_01731_1731,CNN,0.0141571081833605,0.7807996757349053,0.7710227250339681,0.6670131087303162,2.083740472793579,-0.18860968947410583,7.368861133727478e-06,-3026.7539931617825,-0.019006026908755302,348276317.7673226,327402821.05090535,3367759387.0
train_tune_e87cf_01732_1732,CNN,0.0034543209236854,0.7381516095891076,0.7348370499741438,0.6693201065063477,2.2876079082489014,-0.19991248846054077,5.634448825730942e-06,-3197.6161163332067,-0.006897429469972849,830019.1953305753,836641.627495795,919977587.0
train_tune_e87cf_01733_1733,CNN,0.007494872595606,0.8065007697157838,0.7818065751774388,0.2665879726409912,0.8801012635231018,-0.022469989955425262,3.164458121318603e-06,-5848.456344278298,0.0043380060233175755,707171000934.5552,700265737141.2766,15314228651.0
train_tune_e87cf_01734_1734,CNN,0.0141870449878663,0.8285534499725259,0.8083542159038373,0.7392407655715942,1.0588053464889526,-0.1014615148305893,1.1696673936967272e-05,-17991.481205100175,-0.0015122760087251663,77548408080.0347,79334794106.91245,19655864451.0
train_tune_e87cf_01735_1735,CNN,0.007494872595606,0.8361642199258973,0.8088435571476208,0.9085221886634827,1.6276230812072754,-0.28364482522010803,9.526703252049629e-06,-4293.754834362382,-0.0008180844597518444,1619124804.2608087,1600292985.1109474,10968766059.0
train_tune_e87cf_01736_1736,CNN,0.0041497902392563,0.772368515310096,0.7737610558558892,1.2207350730895996,4.88145112991333,-0.7290912866592407,1.806267573556397e-05,-2359.3405383796076,0.014157741330564022,101563.73134468813,102171.29734271676,8166304107.0
train_tune_e87cf_01737_1737,CNN,0.0051927816076866,0.6828916717861155,0.6990543688392298,1.1202880144119263,4.8527679443359375,-0.6052781343460083,2.1340147213777527e-05,-1867.4620480452636,-0.027217814698815346,1338.7794591014085,1338.7794591014085,32422187.0
train_tune_e87cf_01738_1738,CNN,0.0604017715835987,0.7112639570280286,0.7031266321091323,1.0301737785339355,3.9188222885131836,-0.48830080032348633,1.6581219824729487e-05,-1966.3799299507414,-0.04650097340345383,1404.9250252920624,1404.9250252920624,32028171.0
train_tune_e87cf_01739_1739,CNN,0.0272917185532557,0.8298649560787562,0.8102077526597675,0.5618829727172852,1.7935649156570435,-0.12799955904483795,8.583314411225729e-06,-27934.51142225273,0.010118938982486725,460321861595.8709,467527835938.9498,28970498011.0
train_tune_e87cf_01740_1740,CNN,0.0151313010035516,0.8227851428017886,0.7995493188201093,0.799349308013916,3.2749688625335693,-0.29932713508605957,9.463064998271875e-06,-8620.562591652431,-0.0019070421112701297,8935103739.426804,9268561132.520008,25888902755.0
train_tune_e87cf_01741_1741,CNN,0.0134694111059736,0.7104636630809011,0.701007070492511,1.6127383708953857,6.810811519622803,-1.2817918062210083,3.7201149098109454e-05,-1782.3066911722249,0.006004376336932182,2399.8596805162483,2399.8596805162483,32999971.0
train_tune_e87cf_01742_1742,CNN,0.0099672528601133,0.8219860875669011,0.8207786347562455,0.8075193762779236,3.251321315765381,-0.3139401078224182,1.4217978787200991e-05,-8042.057945450095,-0.004840034991502762,146084470828.73352,142784088759.4284,24973578315.0
train_tune_e87cf_01743_1743,CNN,0.0107008231176025,0.8197480794018852,0.7919761089295541,1.0920522212982178,4.220032215118408,-0.5955855846405029,1.410646927979542e-05,-3459.403804443817,-0.00024261604994535446,2943492.213683759,2981389.588649312,6500381003.0
train_tune_e87cf_01744_1744,CNN,0.0445198604949046,0.770211641425653,0.7512089811155086,1.5240956544876099,5.783836841583252,-1.179665446281433,3.285046113887802e-05,-3952.8654778303685,0.04055611789226532,5305408181.472629,5298924660.972381,17109293675.0
train_tune_e87cf_01745_1745,CNN,0.00352601618153,0.7023758613707726,0.7269838313568902,1.2316975593566895,4.538291931152344,-0.7590372562408447,1.7197431589011103e-05,-1920.0324761966353,0.024845505133271217,24152.03120425871,24072.609375220803,509059691.0
train_tune_e87cf_01746_1746,CNN,0.0153625314119146,0.7710612472133377,0.7540125334577781,0.819975733757019,2.719064712524414,-0.31412529945373535,1.0629998541844543e-05,-8631.75007913446,-0.003688695840537548,1466758516625.0283,1524486443226.4124,15008832251.0
train_tune_e87cf_01747_1747,CNN,0.0407909650811859,0.8277121374450185,0.7895039694476543,1.1241648197174072,4.436996936798096,-0.6035955548286438,2.6409652491565794e-05,-6094.3443887548465,-0.031515538692474365,10030702997.2519,10233970627.221306,22895406275.0
train_tune_e87cf_01748_1748,CNN,0.0141870449878663,0.724328376093355,0.7363350751462027,0.2639799118041992,0.7179315090179443,-0.016309749335050583,2.096780917781871e-06,-3772.593648197828,0.002859293483197689,104355305.33234516,96790309.77953991,8080697339.0
train_tune_e87cf_01749_1749,CNN,0.0048052838892507,0.7561895883990073,0.7460408711789395,1.0356297492980957,3.7298364639282227,-0.5245359539985657,2.9690410883631557e-05,-1928.1212171594052,0.03946607559919357,50078.73402907182,50010.125274799444,5946347155.0
train_tune_e87cf_01750_1750,CNN,0.0927858338341376,0.8213940560199628,0.8147379513919453,0.521213173866272,1.6680346727371216,-0.10868722200393677,6.33005220151972e-06,-38084.108823102724,0.01774676889181137,109242979619.54094,109850026369.25337,20095990259.0
train_tune_e87cf_01751_1751,CNN,0.003217102532171,0.7929730409727942,0.7794884865571234,0.8216688632965088,3.0708889961242676,-0.3231900632381439,1.4054903658689e-05,-92760.14259586351,0.015660485252738,14725423424917.52,15092948300619.422,19965489291.0
train_tune_e87cf_01752_1752,CNN,0.0098577125777418,0.775100043947607,0.7140373185320965,0.35688650608062744,1.2080023288726807,-0.04297029972076416,2.8845315682701766e-06,-7758.547962545551,-0.002977899741381407,3624453254.4414873,3512178168.903948,13106469539.0
train_tune_e87cf_01753_1753,CNN,0.0067641942216189,0.8081961936732376,0.7964188303225085,1.3500537872314453,5.126116752624512,-0.9311190843582153,3.243974788347259e-05,-3143.7333734215003,0.034745246171951294,78491787.2040418,79049348.75091422,11284124083.0
train_tune_e87cf_01754_1754,CNN,0.0336551337746446,0.8415424924525525,0.7907642718956762,0.6181881427764893,1.7747604846954346,-0.1548357754945755,3.5150410440110136e-06,-4489.692173328578,0.019697293639183044,170578626.4651944,171088571.26782048,21965866667.0
train_tune_e87cf_01755_1755,CNN,0.0402160536728405,0.8009386431150795,0.7828264260068211,0.6972688436508179,2.515639305114746,-0.2123144567012787,8.00086127128452e-06,-4022.5567673638243,-0.01913640834391117,1206150666.155201,1209399648.6367512,8096670843.0
train_tune_e87cf_01756_1756,CNN,0.0034543209236854,0.8067487821085653,0.7908875556834563,0.7672650814056396,2.0284972190856934,-0.2713831961154938,1.536585477879271e-05,-8103.676166623987,0.024892136454582214,3404471642.2490826,3430579417.6711926,15957810139.0
train_tune_e87cf_01757_1757,CNN,0.0769955570810856,0.8006499677610243,0.7787366509670274,1.4268410205841064,5.518123626708984,-0.9707021117210388,3.3962802262976766e-05,-2653.7554508583694,-0.03226281702518463,145591.3942606595,145271.58866994528,7337109483.0
train_tune_e87cf_01758_1758,CNN,0.0141292540897248,0.7935011374243703,0.7844880734701344,1.7319003343582153,2.787564277648926,-1.8447123765945435,0.00010028432006947696,-5676.956627466367,0.13808974623680115,74311415.6217455,74046947.41925466,16763402227.0
train_tune_e87cf_01759_1759,CNN,0.0423905828621203,0.6851183916114663,0.6810017677936622,1.789806842803955,6.565199375152588,-1.5641517639160156,5.450155003927648e-05,-1798.0800253921034,-0.0047019533812999725,1874.1585575875088,1874.1585575875088,13666779.0
train_tune_e87cf_01760_1760,CNN,0.0712736043245026,0.662608727925321,0.6793517612136332,1.030148983001709,4.136410713195801,-0.5181059837341309,1.8248047126689926e-05,-1661.540643551392,0.014979349449276924,816.7288203787963,816.7288203787963,12962715.0
train_tune_e87cf_01761_1761,CNN,0.008909848130455,0.7775465014866025,0.7730665252762983,0.8479701280593872,3.5263733863830566,-0.33861279487609863,1.7170485079986975e-05,-2052.1126967068785,-0.030647531151771545,77207.61675525014,76994.62051551836,10008452491.0
train_tune_e87cf_01762_1762,CNN,0.0022797247967876,0.7175219848490061,0.7216356334833268,0.18956723809242249,0.5537335276603699,-0.007122310344129801,2.115371216859785e-06,-13007.048919898549,-0.0010625394061207771,30768528090.68245,34467965645.10058,5702043627.0
train_tune_e87cf_01763_1763,CNN,0.0999258894829294,0.7178618797376389,0.7215220450645523,1.2673863172531128,5.710136413574219,-0.7878217697143555,2.885067806346342e-05,-1943.8015562085172,-0.035127587616443634,1964.1372632170728,1964.1372632170728,48897891.0
train_tune_e87cf_01764_1764,CNN,0.0174748391832678,0.6722999812008146,0.6830578034288967,1.9083316326141357,6.115506649017334,-1.8347387313842773,6.0374499298632145e-05,-1720.99974752339,-0.0235639289021492,1868.1348843581568,1868.1348843581568,10165499.0
train_tune_e87cf_01765_1765,CNN,0.0135065587146174,0.816485246986652,0.8061579504472725,0.8988804221153259,3.647306442260742,-0.4058411717414856,2.360591861361172e-05,-24060.56620405174,0.04036854952573776,67981253175.87935,67313830310.490234,9312467483.0
train_tune_e87cf_01766_1766,CNN,0.0059892434047998,0.6755827516693474,0.6967008814575067,1.2163691520690918,4.832294940948486,-0.6989136338233948,3.3868873288156465e-05,-1773.7658396372694,-0.01663229614496231,1357.7917736268323,1357.7917736268323,19662187.0
train_tune_e87cf_01767_1767,CNN,0.0206411437898586,0.6557126285262044,0.6519040571113434,1.7811342477798462,5.1319990158081055,-1.8047068119049072,6.050988667993806e-05,-2033.1712201562511,0.07533115148544312,995.2467326501758,995.2467326501758,3748443.0
train_tune_e87cf_01768_1768,CNN,0.0098577125777418,0.7129007298024529,0.6845725798232455,0.2836712598800659,0.5724958181381226,-0.010501435957849026,5.626307483908022e-06,-3477.313730145609,-0.009974706918001175,1318102078.456224,1456548891.4914248,3990350587.0
train_tune_e87cf_01769_1769,CNN,0.0032167965203254,0.8249050355131295,0.7930481465416452,0.8728413581848145,3.25423002243042,-0.34945401549339294,1.3812674296787009e-05,-3361.5953508555285,-0.003966314718127251,1848360649.4883156,1794973591.9549098,9797728803.0
train_tune_e87cf_01770_1770,CNN,0.0058242455217272,0.704277580145776,0.7333196839177846,1.2360191345214844,4.010049343109131,-0.7969847917556763,2.9262893804116175e-05,-2095.089837143998,0.0559949092566967,522076.27622209524,517311.1276237357,800541739.0
train_tune_e87cf_01771_1771,CNN,0.0194512781481179,0.6924983800050016,0.7006209829743122,1.5433523654937744,5.9696364402771,-1.2255704402923584,4.329841613071039e-05,-2181.578535577239,0.05376892164349556,18842.494491501275,18348.12300099754,245078507.0
train_tune_e87cf_01772_1772,CNN,0.0058564442560866,0.7906312733186088,0.7988744165594158,1.3861308097839355,5.42916202545166,-0.9937891364097595,3.429743810556829e-05,-22041.089488616297,0.034520991146564484,1459064926625.5981,1476201812975.4077,15399673275.0
train_tune_e87cf_01773_1773,CNN,0.0054793018769486,0.7162965703021646,0.7084337202236394,1.628258466720581,6.897598743438721,-1.3279106616973877,3.8052334275562316e-05,-1741.32511450844,0.013594606891274452,2511.725984262831,2511.725984262831,36919563.0
train_tune_e87cf_01774_1774,CNN,0.0034543209236854,0.833198757632374,0.8126134787571503,0.610360860824585,2.2616677284240723,-0.17092075943946838,9.572535418556072e-06,-8626.609481530792,0.012819098308682442,102269195728.48257,104517813284.1765,14010840083.0
train_tune_e87cf_01775_1775,CNN,0.1437256357325273,0.7302543208831043,0.739509340448251,1.8039429187774658,5.660467147827148,-1.8022029399871826,4.429958062246442e-05,-2201.1974079753063,0.05236788094043732,50542.574862197085,50972.2151074344,1074915947.0
train_tune_e87cf_01776_1776,CNN,0.0179290107379384,0.7467051400008095,0.7472542657938067,1.1274185180664062,4.149557113647461,-0.6010736227035522,1.5748923033243045e-05,-2170.0207995311503,-0.010422129184007645,54352.61732687616,54553.20607237265,2653612347.0
train_tune_e87cf_01777_1777,CNN,0.0167240965620369,0.6468198769430644,0.6603888710857588,1.8869619369506836,5.905644416809082,-1.642004132270813,0.00010654837387846783,-1628.9684952889825,-0.11759945750236511,1386.8017153440037,1386.8017153440037,5201587.0
train_tune_e87cf_01778_1778,CNN,0.0407909650811859,0.8130759684875097,0.791119567610615,0.43499135971069336,1.6018635034561157,-0.07812465727329254,8.439208613708615e-06,-12373.087253624444,-0.01659921184182167,62486453814.08939,63914365806.60175,11240052051.0
train_tune_e87cf_01779_1779,CNN,0.0158951513569438,0.8054488499060994,0.786041778601115,0.21600975096225739,0.6394744515419006,-0.011391252279281616,2.691910140129039e-06,-15888.61092672321,0.005431869998574257,109839456951.5016,109640585629.84837,30762361499.0
train_tune_e87cf_01780_1780,CNN,0.0173079643007843,0.7738889471511403,0.7711628946180649,1.2493877410888672,4.753161907196045,-0.7554949522018433,2.429868072795216e-05,-2305.8475336764027,0.00039316900074481964,74821.95891862347,74568.48244212926,2412202755.0
train_tune_e87cf_01781_1781,CNN,0.01731868781502,0.6577503232934241,0.672762877849978,1.810220718383789,6.466809272766113,-1.6361114978790283,3.8834936276543885e-05,-1651.1376030244937,-0.02271052822470665,1595.1805774262627,1595.1805774262627,9964587.0
train_tune_e87cf_01782_1782,CNN,0.0161556939128522,0.7063245017208626,0.7148097686874422,2.234860420227051,5.222744464874268,-3.180922746658325,8.621355664217845e-05,-3184.754839484246,0.0516338124871254,338126.55317818606,349152.1527703863,283703531.0
train_tune_e87cf_01783_1783,CNN,0.0034543209236854,0.7987670776505881,0.7742902379228059,0.7278155088424683,2.8862740993499756,-0.2507826089859009,1.0773122994578443e-05,-2834.849819113924,0.011919122189283371,83239471.84119874,84626060.98375566,14079876691.0
train_tune_e87cf_01784_1784,CNN,0.0737765882654068,0.8030853442255945,0.7809952596207199,1.0922495126724243,3.891209125518799,-0.5680102109909058,1.8237249605590478e-05,-3457.166370568523,-0.001741157379001379,2575764.5152898636,2564537.09028914,7371414939.0
train_tune_e87cf_01785_1785,CNN,0.0723408773217935,0.753582561003637,0.7552648087222763,1.782294750213623,6.325189590454102,-1.7248497009277344,6.539043533848599e-05,-2473.4168435297343,0.09861484915018082,697660.4523710237,683584.0475434365,2974660571.0
train_tune_e87cf_01786_1786,CNN,0.0177263601993006,0.770396133166149,0.7561175654585255,1.3712244033813477,5.515610694885254,-0.9155657291412354,2.3753842469886877e-05,-3935.383893678322,-0.00824660062789917,55507953.5615512,54593483.15860973,7267412939.0
train_tune_e87cf_01787_1787,CNN,0.0025028399635048,0.5424904526828876,0.612537130710121,0.5435476899147034,2.118323802947998,-0.1329106092453003,6.172315352159785e-06,-6112.747715903289,-0.012181593105196953,350499246504.70276,366668312658.7178,11135742155.0
train_tune_e87cf_01788_1788,CNN,0.007494872595606,0.7130643228261273,0.716410910900133,0.3089303970336914,0.8800745606422424,-0.02729162387549877,3.126825276922318e-06,-6426.528588817243,0.0001050260616466403,122792348.67971995,123907900.94880259,994072323.0
train_tune_e87cf_01789_1789,CNN,0.0470370201186366,0.8185082521322807,0.8052457801666569,1.468989372253418,4.888574600219727,-1.134152889251709,3.371681668795645e-05,-61130.36079557579,0.05749571695923805,23172767213162.883,24400170170988.71,22495472187.0
train_tune_e87cf_01790_1790,CNN,0.0007539230297185,0.7977365712811983,0.7987651044609284,1.042767882347107,1.8201329708099365,-0.46434444189071655,2.620775740069803e-05,-4138.860175256304,0.02337752655148506,1551394668.6842687,1552100417.65951,17620150091.0
train_tune_e87cf_01791_1791,CNN,0.0144284387495361,0.825198515363581,0.8013549974632515,1.1820858716964722,3.81030535697937,-0.6963094472885132,2.4743010726524517e-05,-5237.609496349414,0.04026832431554794,144846395.0142359,144669264.48171532,7121647563.0
train_tune_e87cf_01792_1792,CNN,0.0094492714425775,0.7150275350948565,0.7049946837574369,1.4595515727996826,3.346815586090088,-1.2032785415649414,5.995317405904643e-05,-2341.3256462475406,0.05159759894013405,387564.2538692311,388392.9898123919,202251979.0
train_tune_e87cf_01793_1793,CNN,0.0195652166267399,0.6656385916140596,0.6886988205602733,1.8996938467025757,2.1539230346679688,-1.4829696416854858,2.6426878321217373e-05,-2378.7555714954087,0.03811251372098923,170551.53064321232,172365.14895151983,1366668811.0
train_tune_e87cf_01794_1794,CNN,0.0015676453689949,0.6757708105071536,0.6898201520996148,1.0237386226654053,4.575791358947754,-0.5226006507873535,1.785404674592428e-05,-1595.9366437388503,0.01043929997831583,1069.5892713033763,1069.5892713033763,25960787.0
train_tune_e87cf_01795_1795,CNN,0.0020712582458705,0.6536471319220843,0.6396811908248283,1.7465842962265015,6.887431621551514,-1.549383521080017,3.902385287801735e-05,-2527.686237952725,0.03818267956376076,53328215.23681363,53421543.539007984,12989279003.0
train_tune_e87cf_01796_1796,CNN,0.0188549246731951,0.8583646602641128,0.8108761116384019,1.074852705001831,4.095395565032959,-0.5778442621231079,2.6705649361247197e-05,-3300.627328490304,0.04902586713433266,120831071.46311197,121607531.1956361,14252737059.0
train_tune_e87cf_01797_1797,CNN,0.057598719458008,0.7089720334195923,0.7235152570694358,1.5362052917480469,5.740789413452148,-1.1823647022247314,4.1429757402511314e-05,-2060.9678094250667,0.014706827700138092,62380.20016302496,62034.95487530083,3052034691.0
train_tune_e87cf_01798_1798,CNN,0.0505242905242905,0.7589531934913445,0.7550393734059366,1.2811644077301025,4.872674942016602,-0.8028322458267212,2.7290325306239538e-05,-2956.0250593138394,0.00923159345984459,3951584.6067956137,3850997.551675056,13843484803.0
train_tune_e87cf_01799_1799,CNN,0.0138967228257759,0.7039310448721544,0.713268596684521,0.46325623989105225,1.7646198272705078,-0.09084898978471756,4.615889338310808e-06,-2970.1362239978566,-9.547220543026924e-05,237103.41265217162,237115.81766640407,253784579.0
train_tune_e87cf_01800_1800,CNN,0.0007539230297185,0.80608882273607,0.7940513452061833,0.35332655906677246,0.9662089943885803,-0.03337061405181885,2.6451518806425156e-06,-30518.39405855422,-0.00750407949090004,2119909973165.1028,2205163158092.456,17349785203.0
train_tune_e87cf_01801_1801,CNN,0.0470370201186366,0.7974046049865035,0.7962633907265139,0.48340320587158203,0.8955844044685364,-0.0554194301366806,5.024765414418653e-06,-8122.675959765403,-0.01054385956376791,1599738255584.9175,1597580668118.9927,13078335051.0
train_tune_e87cf_01802_1802,CNN,0.0094183247330596,0.7812713581994828,0.7686482536982427,0.855553388595581,3.225008726119995,-0.35300156474113464,1.1373780580470338e-05,-2464.7902826211575,0.014338180422782898,1697306.7884270744,1705469.6833884106,4102226979.0
train_tune_e87cf_01803_1803,CNN,0.0062998937684741,0.7819272439575085,0.7574485479519438,1.03057861328125,2.4891862869262695,-0.5254407525062561,2.7214933652430773e-05,-2281.601542907274,0.008874094113707542,30133535.49612572,29947039.468439218,6904337411.0
train_tune_e87cf_01804_1804,CNN,0.1088626931255738,0.7834796118669487,0.7749869724267545,1.0742994546890259,4.710474967956543,-0.552025556564331,2.03822783078067e-05,-2511.4036552853495,-0.015446461737155914,95408.96677946195,94263.21561926082,14953733491.0
train_tune_e87cf_01805_1805,CNN,0.0020712582458705,0.8212067054481302,0.8161114135431398,0.5458369255065918,1.9226036071777344,-0.12605983018875122,5.169884389033541e-06,-19920.76096156892,-0.008789295330643654,61595395427903.016,60858793754984.25,66623219411.0
train_tune_e87cf_01806_1806,CNN,0.0032167965203254,0.8064298230637715,0.7887487448891648,0.7802218198776245,2.8764233589172363,-0.2785394489765167,8.901842193154152e-06,-4214.600921897379,0.0038722336757928133,2766220850.6405544,2825316987.9970627,15838161227.0
train_tune_e87cf_01807_1807,CNN,0.0141571081833605,0.8136827924969839,0.7943705157680072,0.7757270336151123,3.2090606689453125,-0.29688772559165955,8.499167961417697e-06,-3306.210783382327,-0.009772553108632565,153098702.87822834,150979736.41356218,30864908531.0
train_tune_e87cf_01808_1808,CNN,0.0142723961928787,0.8236575267080418,0.7877265918434925,0.5377223491668701,1.6182849407196045,-0.11276105046272278,7.364093107753433e-06,-6815.9829576019365,0.0004459768533706665,37164504.148836695,38013522.203237645,5130062499.0
train_tune_e87cf_01809_1809,CNN,0.0272319418684289,0.759408055995683,0.7538969449936953,1.806619644165039,6.524013996124268,-1.6883026361465454,5.703596252715215e-05,-1880.719995232981,0.05943614989519119,67153.6481616856,66631.7690465573,5042897187.0
train_tune_e87cf_01810_1810,CNN,0.053142824027981,0.7216814308166837,0.7416208568961898,1.2761038541793823,3.6420154571533203,-0.7935585975646973,2.8379126888467e-05,-2223.675866132038,-0.0325852632522583,48175.493005953766,47874.87183185486,1133095627.0
train_tune_e87cf_01811_1811,CNN,0.0147419297480046,0.8397324693329548,0.8000957400099032,0.5065900683403015,1.942464828491211,-0.11889004707336426,4.2672604649851564e-06,-4432.770887207691,0.009397640824317932,2662380959.246052,2700803143.492793,13592458611.0
train_tune_e87cf_01812_1812,CNN,0.0117299587133876,0.8277986405392673,0.8207901746230335,0.7866532802581787,3.219297170639038,-0.2956860661506653,9.15449345484376e-06,-10481.402415381534,-0.0117489043623209,13593713552.289253,13555686682.038631,21910463067.0
train_tune_e87cf_01813_1813,CNN,0.0106560923422979,0.7737341397290094,0.764836685805881,1.1760756969451904,4.956142902374268,-0.6796768307685852,2.5360861400258727e-05,-3076.599623702715,-0.015144533477723598,26848603.0890354,28307998.00670392,6162358227.0
train_tune_e87cf_01814_1814,CNN,0.0097597792988574,0.6785843374934262,0.7099793857912481,1.2614494562149048,5.15262508392334,-0.8173806667327881,2.116868199664168e-05,-2566.1882224730307,0.03449708968400955,43619238.252757534,42905325.824104354,4633470539.0
train_tune_e87cf_01815_1815,CNN,0.0174335226771994,0.6834150733972593,0.7060724216002989,0.878656804561615,3.6065728664398193,-0.3718506097793579,1.8835198716260493e-05,-1768.3341814960274,-0.004377394914627075,24250.40018651665,24268.44130811625,1841034123.0
train_tune_e87cf_01816_1816,CNN,0.0310491666085137,0.7956305446841245,0.7681525264784802,0.743195116519928,1.1549848318099976,-0.15921799838542938,5.568730557570234e-06,-3667.086943286181,0.0109434574842453,893787840.6277847,879203312.3467745,8124138211.0
train_tune_e87cf_01817_1817,CNN,0.0020712582458705,0.7966864039325521,0.8061017832736478,0.8309475779533386,2.717958927154541,-0.3168213367462158,1.2999864338780753e-05,-28029.91703135666,0.010137350298464298,3463030603254.9014,3359317106050.5625,13672526443.0
train_tune_e87cf_01818_1818,CNN,0.0032167965203254,0.7557826088758323,0.7510639810402882,0.508499801158905,1.1658272743225098,-0.08060865104198456,3.458447054072167e-06,-3748.99238746151,0.007587181869894266,6702180.299338086,6651583.953830782,1182518531.0
train_tune_e87cf_01819_1819,CNN,0.0396204785759659,0.6871783013085763,0.7156826912998244,1.353311538696289,4.736387252807617,-0.8577427864074707,4.87822835566476e-05,-1761.0299714498544,-0.062173642218112946,31407.126099033976,31330.20720232811,518747787.0
train_tune_e87cf_01820_1820,CNN,0.007494872595606,0.8269234581682695,0.812287849182079,0.40972626209259033,1.619964838027954,-0.06926155835390091,3.6345231819723267e-06,-5972.889110837346,0.010670499876141548,722366675.1357837,726544267.8121934,18298765691.0
train_tune_e87cf_01821_1821,CNN,0.0141870449878663,0.7086650399595361,0.7160861374584324,1.3629430532455444,1.7751209735870361,-0.7998003959655762,2.418900839984417e-05,-2669.9190003098406,0.02433488890528679,5180736.90116171,5219096.017932646,1087010115.0
train_tune_e87cf_01822_1822,CNN,0.0407909650811859,0.7346409400310594,0.7443644784954503,1.0873435735702515,3.889782667160034,-0.552075982093811,2.1218966139713302e-05,-2802.3589337272497,-0.014979002997279167,63474927.43951394,64279724.89197446,6758676075.0
train_tune_e87cf_01823_1823,CNN,0.0026052213890865,0.8499752721217972,0.8058378405806714,0.5329457521438599,1.9883509874343872,-0.1249622255563736,6.384617336152587e-06,-5471.842143174458,-0.0009074960835278034,182191688.77843755,184666623.2025808,17125145475.0
train_tune_e87cf_01824_1824,CNN,0.0883220964168505,0.8230364253559785,0.8231599221045147,0.7043452262878418,2.6987180709838867,-0.22898021340370178,8.055631042225286e-06,-9243.713143494084,0.00032258336432278156,9689136690867.578,9770670951500.145,27604913923.0
train_tune_e87cf_01825_1825,CNN,0.0099209576331772,0.6821430497870524,0.6787490305806555,1.0740752220153809,4.122841835021973,-0.5629822015762329,1.489382702857256e-05,-3518.7682144643213,0.00806952640414238,39261617.021304816,38878085.3281863,7954784419.0
train_tune_e87cf_01826_1826,CNN,0.0204471993741101,0.7051221858942458,0.7126090830942271,1.1649876832962036,4.528204917907715,-0.6331018209457397,2.25493531615939e-05,-1668.5482555366937,-0.05005105212330818,38661.03695444536,38555.61820070935,2051041571.0
train_tune_e87cf_01827_1827,CNN,0.0052519265738701,0.780455579925846,0.7730677675200007,1.285933256149292,4.903887748718262,-0.7977731227874756,2.7176974981557578e-05,-2360.99654403158,0.002007598988711834,87244.2838732262,87793.03519627603,9185636251.0
train_tune_e87cf_01828_1828,CNN,0.0044878991488352,0.8261352135955967,0.7826393524368541,0.46831098198890686,1.7596241235733032,-0.09476211667060852,3.8067810237407684e-06,-3236.2364540274466,-0.0018211111892014742,45326320.471468166,44432920.3930431,11578736107.0
train_tune_e87cf_01829_1829,CNN,0.0267736863029928,0.8023319794888571,0.7907552547660365,1.6366136074066162,6.145951747894287,-1.341646432876587,3.7074431020300835e-05,-2898.707320778004,0.009888935834169388,4792361.430004483,4814568.832575403,12080079067.0
train_tune_e87cf_01830_1830,CNN,0.0556016716103213,0.8287672601603802,0.8080115547975651,0.5953298807144165,2.0798490047454834,-0.15784364938735962,1.1392816304578446e-05,-6853.837640785532,-0.0013791355304419994,4423312279.589729,4517508852.711288,19206460347.0
train_tune_e87cf_01831_1831,CNN,0.0106671131106342,0.6782335555330783,0.6838237355601331,1.112144947052002,4.549098014831543,-0.6021552681922913,1.5968147636158392e-05,-1795.3837370099122,0.008721532300114632,1054.3508195651239,1054.3508195651239,20563395.0
train_tune_e87cf_01832_1832,CNN,0.0083765263564311,0.8112553033551057,0.7940893321921613,0.9389631748199463,3.3346893787384033,-0.4294526278972626,1.2639698979910463e-05,-3049.086873091449,0.007897553965449333,85955224.81374845,85596353.22772485,17653161875.0
train_tune_e87cf_01833_1833,CNN,0.0068776839484004,0.8268471296909883,0.8114440127827968,0.43199965357780457,1.3084689378738403,-0.06614649295806885,7.389655820588814e-06,-13910.777846349429,0.010047618299722672,369221137975.0797,371177854273.3434,34293751163.0
train_tune_e87cf_01834_1834,CNN,0.0141870449878663,0.7400272335032134,0.7476366637360797,1.0418837070465088,3.0945816040039062,-0.48612910509109497,4.142529360251501e-05,-5114.078680295449,-0.03885004669427872,23034179720.103256,22548428895.160297,11122952819.0
train_tune_e87cf_01835_1835,CNN,0.0142149647472127,0.7834383801717372,0.7904785271385542,1.5564758777618408,2.502443313598633,-1.3830444812774658,5.532025170396082e-05,-6449.863364719699,0.10334039479494095,590264199.5413201,575682023.3454266,3630293547.0
train_tune_e87cf_01836_1836,CNN,0.007494872595606,0.7076766346581626,0.7094528887125939,0.9257785081863403,3.3885858058929443,-0.39803194999694824,1.076096305041574e-05,-3642.3827089576007,0.0028038006275892258,2122858026.4184408,2033307113.459321,11756300443.0
train_tune_e87cf_01837_1837,CNN,0.0020712582458705,0.8251660871431885,0.8245339226611,0.5526918768882751,1.9050652980804443,-0.13476258516311646,6.1340751926763915e-06,-19618.58139443838,0.0072769904509186745,10158779292892.084,9818598318354.258,20882953267.0
train_tune_e87cf_01838_1838,CNN,0.0446377342096446,0.8259650152673103,0.7967564988691581,0.4964267909526825,1.6157770156860352,-0.10227786749601364,6.467183538916288e-06,-20804.084907878903,0.003755109151825309,263529396779.1376,264986689948.18835,21701510195.0
train_tune_e87cf_01839_1839,CNN,0.0085671233030325,0.7074780810041202,0.7240158051351924,1.1791367530822754,4.780133247375488,-0.6749919652938843,2.5418992663617246e-05,-2965.7740292455733,-0.017722029238939285,1644405.5139907002,1655760.3124612598,3067901907.0
train_tune_e87cf_01840_1840,CNN,0.0071615889134356,0.8188953848851653,0.7937846690890432,0.6233267784118652,1.4735482931137085,-0.14784063398838043,4.375413936941186e-06,-4464.8089142643175,0.014724478125572205,67338479.59070587,67207122.01501995,6925334035.0
train_tune_e87cf_01841_1841,CNN,0.0032167965203254,0.809883246287459,0.802489669931489,0.6437562704086304,2.554180383682251,-0.18836301565170288,8.434750270680524e-06,-16353.04192478434,-0.0042139338329434395,1186575091640.1763,1203104936312.7754,11104647875.0
train_tune_e87cf_01842_1842,CNN,0.0286662914848748,0.8064080390334578,0.7852448585822195,1.01503586769104,4.291059970855713,-0.5134403705596924,2.4810899049043655e-05,-2787.796620992407,0.004693369381129742,5191413.804155112,5203738.115338387,21335010211.0
train_tune_e87cf_01843_1843,CNN,0.0206763528099493,0.820181148471212,0.7721456170777167,0.9222348928451538,3.5771515369415283,-0.4036272168159485,8.989356501842849e-06,-4647.405124755778,-0.007793556898832321,113837775.5510023,115077943.18696299,8509110691.0
train_tune_e87cf_01844_1844,CNN,0.0472585130421677,0.6817923140732071,0.6887430568248193,0.9254166483879089,3.894331216812134,-0.41536039113998413,1.8865403035306372e-05,-1870.3542661930492,0.0012891852529719472,1042.5234536692724,1042.5234536692724,29359787.0
train_tune_e87cf_01845_1845,CNN,0.0007542139512041,0.811346597211367,0.7950347045848399,1.490059733390808,5.670657157897949,-1.1504127979278564,2.946943641291e-05,-2586.010266289568,0.060048822313547134,4126782.53204031,4199652.152880928,12868193419.0
train_tune_e87cf_01846_1846,CNN,0.0221511010006652,0.7602148024376003,0.7478083951888356,1.148310899734497,3.741556167602539,-0.585903525352478,2.3579421394970268e-05,-2516.55223225694,-0.04287465661764145,58019449.30060707,58045244.01708368,6126987475.0
train_tune_e87cf_01847_1847,CNN,0.0089478371254441,0.7791029513884232,0.7627441776531253,1.0657753944396973,4.147136688232422,-0.5705257654190063,2.2855912902741693e-05,-2807.7997327156963,0.036350104957818985,40426080.89413985,39632485.65230488,6170324459.0
train_tune_e87cf_01848_1848,CNN,0.0547264968706181,0.6960994270151066,0.7021326315997101,1.2611397504806519,5.260769844055176,-0.7733498811721802,2.0685507479356602e-05,-1685.9682497698293,0.0031499010510742664,1595.4399857112799,1595.4399857112799,26621515.0
train_tune_e87cf_01849_1849,CNN,0.0027729798958957,0.7478893404437916,0.7552915298340062,1.5225874185562134,4.698121547698975,-1.2229979038238525,5.363352465792559e-05,-3705.371044190954,0.03586738556623459,18819405.750371598,18502315.774342187,1874784867.0
train_tune_e87cf_01850_1850,CNN,0.009407347766591,0.7289543427480346,0.7263333411565758,1.7944824695587158,6.943944454193115,-1.7167890071868896,5.979007255518809e-05,-1828.4428766586175,0.09359270334243774,39344.14886499443,39043.35820626556,1198777083.0
train_tune_e87cf_01851_1851,CNN,0.0007608936076089,0.3693944549007117,0.3750003678242798,1.2316014766693115,4.567165374755859,-0.7600269913673401,3.092738916166127e-05,-2105.321449920599,0.06788548082113266,479780.9538705469,473168.780511454,1039890795.0
train_tune_e87cf_01852_1852,CNN,0.0054227200477044,0.7475875147917154,0.7363654600482115,1.3501615524291992,3.990957736968994,-0.9283232092857361,2.0361092538223602e-05,-2082.6158230089577,-0.001177051104605198,50134.98593403003,50302.96564316387,1715732763.0
train_tune_e87cf_01853_1853,CNN,0.0505266246435326,0.7572209188532029,0.7606090228941785,0.8487858176231384,3.079702377319336,-0.33294975757598877,1.4899216694175266e-05,-3931.919476256598,-0.01490695308893919,2622446517.8135643,2635869810.5015554,13643127675.0
train_tune_e87cf_01854_1854,CNN,0.0141571081833605,0.8012810578410423,0.8202122880109429,0.6299108862876892,1.514200210571289,-0.15311585366725922,1.414626240148209e-05,-10645.3185559084,-0.009308346547186375,21958367722.467876,20687294023.74598,4597063851.0
train_tune_e87cf_01855_1855,CNN,0.0236445605275991,0.6921810169302305,0.6971709872418089,1.627896785736084,6.707558631896973,-1.3354243040084839,3.200591163476929e-05,-2997.090571186476,0.025708479806780815,17602.847828314007,17751.783603287407,76066619.0
train_tune_e87cf_01856_1856,CNN,0.0032167965203254,0.8306768269418832,0.8186426983426642,0.5920942425727844,1.7302181720733643,-0.14061789214611053,4.315485512051964e-06,-5489.448199187029,0.00047051330329850316,7729783215.964115,7703231318.665809,21354962203.0
train_tune_e87cf_01857_1857,CNN,0.0168651821802156,0.6859516912399821,0.6845827765517148,1.8561575412750244,5.809435844421387,-1.911449670791626,3.966627627960406e-05,-1801.2964429479869,0.07782849669456482,1819.2639470041386,1819.2639470041386,10239243.0
train_tune_e87cf_01858_1858,CNN,0.0356082344222895,0.7876390729838628,0.764049322697753,0.8723081946372986,3.5581438541412354,-0.36271756887435913,9.434149433218408e-06,-3394.6111131872526,-0.005790243856608868,109529777.06952986,109960719.84078488,15092961139.0
train_tune_e87cf_01859_1859,CNN,0.0452879155127147,0.757360877823399,0.776926142790548,0.7194753885269165,1.8451707363128662,-0.21557632088661194,1.1440079106250778e-05,-9091.81846871922,0.01002652570605278,459169172376.3911,449898911597.7908,6219204355.0
train_tune_e87cf_01860_1860,CNN,0.0028211042932202,0.6879497711537628,0.7008995644657098,1.2626889944076538,4.852604866027832,-0.7902330160140991,2.7103589673060924e-05,-1803.6779149260838,0.011151301674544811,1586.8781581850267,1586.8781581850267,23120235.0
train_tune_e87cf_01861_1861,CNN,0.0254236420719894,0.7361242969692362,0.731674720338113,0.7802639007568359,2.687948703765869,-0.2802751064300537,1.7920185200637206e-05,-4397.285912342828,0.010647904127836227,36446246243.095955,36630835289.04585,2171763755.0
train_tune_e87cf_01862_1862,CNN,0.0032167965203254,0.7747849865052472,0.765628691057514,1.7018427848815918,5.992875099182129,-1.5177726745605469,5.208152288105339e-05,-2455.723952361384,0.061809688806533813,89478.343035648,89128.14087205,1319671723.0
train_tune_e87cf_01863_1863,CNN,0.0032167965203254,0.8075735690374468,0.7982457604427649,0.5126540660858154,1.417185664176941,-0.09347370266914368,4.941381121170707e-06,-16177.283411932478,0.019573334604501724,2926179713184.4023,2907326221770.153,24456821379.0
train_tune_e87cf_01864_1864,CNN,0.0029762402391789,0.7899952098276821,0.7782503287964413,1.474242091178894,4.640816688537598,-1.0660978555679321,2.2503083528135903e-05,-3310.3425818092837,-0.003260202705860138,79942437.69004145,82303352.82065822,7715277131.0
train_tune_e87cf_01865_1865,CNN,0.0135076315452933,0.8494438532139256,0.8090871761463262,0.4840216338634491,1.6239893436431885,-0.09477958083152771,5.720085937355179e-06,-5815.539992489615,-0.009625576436519623,3982519832.4364953,3967843651.740962,11335494371.0
train_tune_e87cf_01866_1866,CNN,0.0773236997481489,0.6546763220681265,0.6596565853209452,1.6354186534881592,6.203988075256348,-1.2691736221313477,3.407659096410498e-05,-3041.610623429034,-0.02403421327471733,37974844.08381322,38981470.94977981,3562809851.0
train_tune_e87cf_01867_1867,CNN,0.0094908835288393,0.7501329771910871,0.7554074936494863,1.4391000270843506,5.923638820648193,-1.0438950061798096,3.3411044569220394e-05,-2448.7588099809664,0.01952158287167549,59808.512662452595,59836.74533078743,6176226195.0
train_tune_e87cf_01868_1868,CNN,0.003217102532171,0.8235863838868152,0.8016799588699108,0.6021621227264404,2.144561529159546,-0.15729761123657227,5.889755811949726e-06,-3584.8702640522697,-0.011740950867533684,2462275974.131199,2469759756.3933535,9743622627.0
train_tune_e87cf_01869_1869,CNN,0.0036904685253558,0.8064447873112638,0.8159787515426927,0.4034461975097656,1.3540403842926025,-0.062142081558704376,4.0542931856180076e-06,-10589.128468219531,-0.0036450622137635946,13066672633.440912,12678664722.693901,3985552963.0
train_tune_e87cf_01870_1870,CNN,0.0074354132434553,0.7602603858948126,0.7432810783092468,0.8945522308349609,3.101716995239258,-0.37589263916015625,1.75502646015957e-05,-6265.861475513469,-0.0014932786580175161,24617545984.34333,24754446952.01731,6218693619.0
train_tune_e87cf_01871_1871,CNN,0.0407909650811859,0.8130143192892934,0.8192984848599668,1.10609769821167,4.3909173011779785,-0.593359112739563,2.3324602807406336e-05,-12592.522675110667,0.005171247757971287,273888632078.50854,276586335700.8732,18695521659.0
train_tune_e87cf_01872_1872,CNN,0.0589479249786591,0.6802314540794978,0.6804659605413982,1.3389346599578857,4.857102870941162,-0.8535034656524658,3.6313496821094304e-05,-1820.386262335495,-0.03252866864204407,1169.3843907517362,1169.3843907517362,12006187.0
train_tune_e87cf_01873_1873,CNN,0.0483602813735166,0.6467957770376325,0.6576143394902193,1.0817660093307495,4.436765670776367,-0.5584380626678467,1.8336824723519385e-05,-1604.12502551776,-0.04296465218067169,754.4224578563067,754.4224578563067,12453555.0
train_tune_e87cf_01874_1874,CNN,0.0628016247314246,0.6402938039007849,0.6611191936386226,1.2273112535476685,4.954442977905273,-0.7256797552108765,2.4806317014736123e-05,-1807.5377492951307,-0.006078366190195084,867.2093421842235,867.2093421842235,12005203.0
train_tune_e87cf_01875_1875,CNN,0.0142116757391049,0.7527255850500726,0.766107107669033,0.6034872531890869,2.5010459423065186,-0.16475200653076172,7.408117198792752e-06,-3924.8701167030817,-0.00907767005264759,46719301.921027005,46488131.23544177,12085705323.0
train_tune_e87cf_01876_1876,CNN,0.0470370201186366,0.6423850656649098,0.595072621436844,1.890527606010437,8.003342628479004,-1.8977761268615723,0.00010041624773293734,-4215.768044379896,0.0503087118268013,17598.82823377807,17003.84697221004,73070859.0
train_tune_e87cf_01877_1877,CNN,0.0477302969486887,0.7045082278177773,0.7021293239358257,1.3520159721374512,4.805426597595215,-0.8921670913696289,3.8250953366514295e-05,-1737.55879171085,-0.0037554074078798294,1587.7758184402728,1587.7758184402728,18688011.0
train_tune_e87cf_01878_1878,CNN,0.0007539230297185,0.8000922410352275,0.8114458115056923,0.6885439157485962,1.6724215745925903,-0.1933535784482956,5.980944479233585e-06,-8120.281421095402,-0.005825601983815432,33094819135.50311,32586674749.380966,6523160699.0
train_tune_e87cf_01879_1879,CNN,0.0007539230297185,0.7768103601916075,0.7432585848963612,0.48165178298950195,1.8281358480453491,-0.09723539650440216,5.113187853567069e-06,-16842.53017198359,-0.00458397064357996,111472453178.60065,114470051127.80566,20242815803.0
train_tune_e87cf_01880_1880,CNN,0.0023955647081782,0.8253150785260029,0.8259764741546131,0.6753311157226562,2.706723213195801,-0.22020064294338226,8.406941560679115e-06,-8470.199360942472,0.01761266402900219,2119140493.218799,2118459330.4446454,9686761843.0
train_tune_e87cf_01881_1881,CNN,0.0034543209236854,0.7982731501399247,0.7848305674763755,0.3769347071647644,1.1103168725967407,-0.04698578268289566,1.8582443317427533e-06,-4247.2975551316695,0.00566100561991334,24871521282.640396,25353704004.73372,13500758627.0
train_tune_e87cf_01882_1882,CNN,0.117215109170492,0.6860199893413967,0.6935742433848022,1.6323106288909912,6.581157207489014,-1.26291823387146,5.2239840442780405e-05,-1742.1737857608027,-0.035650160163640976,2068.3184829536262,2068.3184829536262,23017899.0
train_tune_e87cf_01883_1883,CNN,0.0141870449878663,0.7967218936193106,0.7952673361154816,0.4664038419723511,1.5650548934936523,-0.08094756305217743,4.204930974083254e-06,-9999.669550723314,-0.0006150798872113228,1518875252435.891,1544969871688.3154,14507421995.0
train_tune_e87cf_01884_1884,CNN,0.032375283081099,0.6769237750415957,0.67815507105097,1.6966805458068848,7.192524433135986,-1.4836379289627075,6.129651592345908e-05,-2354.435933353573,0.038216304033994675,23616.826509521714,22661.94220411868,453662363.0
train_tune_e87cf_01885_1885,CNN,0.0031808641307201,0.615157799490418,0.5999236323239066,0.3913119435310364,1.437283992767334,-0.06021510809659958,7.0315909397322685e-06,-9638.158492119177,-0.010813478380441666,34427666900.89809,34148555703.15378,1854274907.0
train_tune_e87cf_01886_1886,CNN,0.0026297019476674,0.7977365432461397,0.8052181704880511,1.069684386253357,3.7471494674682617,-0.5496597290039062,1.4919516615918837e-05,-46062.180083419495,0.001967288553714752,13598649952463.105,13339689170746.191,40120395387.0
train_tune_e87cf_01887_1887,CNN,0.0192050210635621,0.7485942770314982,0.7401369696135788,1.0852200984954834,1.24507737159729,-0.1807175874710083,1.458557198930066e-05,-3635.137001910559,0.02333139069378376,80920022.22620612,76434334.31286815,2400545259.0
train_tune_e87cf_01888_1888,CNN,0.0041477856009622,0.689035011172206,0.6974336212920222,1.2426793575286865,4.503120422363281,-0.7695998549461365,1.624520155019127e-05,-1817.0092713406057,0.013084379956126213,1322.3852371529124,1322.3852371529124,17499499.0
train_tune_e87cf_01889_1889,CNN,0.0236894133432547,0.6491149940701486,0.6630029625053611,1.5118510723114014,4.924798488616943,-1.1875145435333252,4.0926854126155376e-05,-1670.8836196077068,0.05468311905860901,879.6364820249134,879.6364820249134,4488651.0
train_tune_e87cf_01890_1890,CNN,0.036414757785179,0.7732914449529725,0.7648386976668327,1.6573984622955322,5.793591499328613,-1.3834432363510132,4.092015660717152e-05,-2070.2717385680485,0.021003417670726776,92802.62072249805,93568.69519403152,5401973995.0
train_tune_e87cf_01891_1891,CNN,0.0068722691214525,0.7585657785911887,0.7544146718503574,1.1468755006790161,4.863177299499512,-0.6536391973495483,2.1074883989058435e-05,-2015.4894315028193,-0.0009225152898579836,1719495.911906782,1728065.2972338875,7280540779.0
train_tune_e87cf_01892_1892,CNN,0.0068853821302286,0.7203720586536784,0.7346554232770903,0.704817533493042,2.7525975704193115,-0.23013247549533844,9.310710083809681e-06,-2297.75524174533,-0.002492615021765232,25017830.47937869,25395169.48882983,4054559147.0
train_tune_e87cf_01893_1893,CNN,0.0112280288179774,0.7772738322717838,0.7657022089130398,0.5982265472412109,2.1931183338165283,-0.16474884748458862,9.068862709682435e-06,-2996.998271010057,0.014772946015000343,18098074.730533093,18500865.911871895,4607476003.0
train_tune_e87cf_01894_1894,CNN,0.0407909650811859,0.8255500286843439,0.8328559487530444,0.979866623878479,3.755800485610962,-0.4488895535469055,2.377079363213852e-05,-13317.06515676049,-0.017459236085414886,206143529472.1142,205678477812.3637,15247036723.0
train_tune_e87cf_01895_1895,CNN,0.0051927816076866,0.6828916717861155,0.6990543688392298,1.1202880144119263,4.8527679443359375,-0.6052781343460083,2.1340147213777527e-05,-1867.4620581265658,-0.027217814698815346,1338.7794591014085,1338.7794591014085,32422187.0
train_tune_e87cf_01896_1896,CNN,0.0419282209731548,0.6749595617134541,0.6910807360218518,1.4536426067352295,6.215649127960205,-1.0155054330825806,2.3076581783243455e-05,-1778.484754242691,-0.025135189294815063,1585.3140372354942,1585.3140372354942,20682987.0
train_tune_e87cf_01897_1897,CNN,0.0245201174764903,0.7975494769305118,0.7740903239298285,0.7898955345153809,2.432814598083496,-0.2851797044277191,1.3292084986460395e-05,-2761.5225251119277,0.0170647781342268,2739419.7636954915,2739481.7852605535,10471707643.0
train_tune_e87cf_01898_1898,CNN,0.0141571081833605,0.8347624585640847,0.8142183478043229,0.6923540830612183,2.247810125350952,-0.2052830457687378,1.659393819863908e-05,-12053.861667060795,-0.009960300289094448,13393008511.53971,13098286784.449514,22244261299.0
train_tune_e87cf_01899_1899,CNN,0.0068234130822175,0.7722478131447965,0.7642368131926195,1.8867294788360596,8.268325805664062,-1.835517406463623,4.9303263949695975e-05,-2476.413489017267,0.005871676839888096,119749.7090347326,120758.11370514239,8952826547.0
train_tune_e87cf_01900_1900,CNN,0.0068776839484004,0.8199914025638992,0.8094442290203303,1.0425753593444824,3.967485189437866,-0.5324261784553528,1.5818499377928674e-05,-14759.496658462642,0.01856296882033348,448195852556.4745,457576559857.44446,35475127947.0
train_tune_e87cf_01901_1901,CNN,0.0922809690219408,0.5232202307191961,0.5307777363796858,1.2984061241149902,5.29571008682251,-0.8363322019577026,2.8600305086001754e-05,-3732.066560546335,-0.004293219186365604,129975210.37879616,131399603.7311514,1279900123.0
train_tune_e87cf_01902_1902,CNN,0.0855979013277642,0.8040603186484823,0.7705804029255868,1.0045114755630493,3.8312501907348633,-0.48486167192459106,1.8462575098965317e-05,-2710.158085547133,0.018986964598298073,3626486.7035699133,3658799.1915878206,16287687843.0
train_tune_e87cf_01903_1903,CNN,0.0115920608652966,0.8190760367129801,0.8112024514453556,0.5262261629104614,1.6867311000823975,-0.11692725867033005,3.851597739412682e-06,-24707.530451269984,0.016102628782391548,5232291887894.622,5271241678577.098,20374574211.0
train_tune_e87cf_01904_1904,CNN,0.0105376743748978,0.7176402447802207,0.7139359131206927,0.5565881729125977,2.119130849838257,-0.13285908102989197,5.612048425973626e-06,-5046.603962905168,-0.0010118687059730291,23862943.384019677,23226512.322831668,4211030571.0
train_tune_e87cf_01905_1905,CNN,0.0089385026099691,0.7774882375942476,0.7527011155537005,0.9669641852378845,3.801222085952759,-0.44308727979660034,1.0878905413846951e-05,-1998.6931958046057,-0.031116656959056854,78082.80348131797,77996.54247424344,3809342547.0
train_tune_e87cf_01906_1906,CNN,0.0126412462140541,0.6588268785485907,0.6828426854671428,1.3438689708709717,5.816277503967285,-0.8908746838569641,3.5428281989879906e-05,-1793.3660806448158,0.015487270429730415,1217.000829515073,1217.000829515073,19198347.0
train_tune_e87cf_01907_1907,CNN,0.0153249333475663,0.771254485556235,0.7702540750963781,0.9221532940864563,1.5546199083328247,-0.2820270359516144,1.079401044989936e-05,-3298.7016373077977,-0.029947401955723763,17964762.473064534,18210052.13089449,3069403051.0
train_tune_e87cf_01908_1908,CNN,0.0092727877370807,0.6772994406572418,0.6777637305408245,2.865812063217163,7.774500846862793,-5.359472751617432,0.00024083509924821556,-1978.3895423331041,0.20949380099773407,2479.3491018057643,2479.3491018057643,6237195.0
train_tune_e87cf_01909_1909,CNN,0.0168300891568461,0.7965485494363059,0.7643865649916958,1.2959232330322266,4.0876617431640625,-0.8214905261993408,2.6722675102064386e-05,-3279.299753408361,0.01090489886701107,3313338.1157688387,3301531.637760604,4883151587.0
train_tune_e87cf_01910_1910,CNN,0.0068776839484004,0.6695445637651806,0.6986555727708453,0.7324255108833313,2.891498327255249,-0.25290781259536743,8.756283023103606e-06,-4922.198128205415,0.021605467423796654,667474269814.9631,680709659351.9155,13703834435.0
train_tune_e87cf_01911_1911,CNN,0.0141571081833605,0.7618887868065141,0.7332475908469918,0.5650408267974854,2.0698513984680176,-0.14354608952999115,7.796176760166418e-06,-12031.157922458813,-0.0006071168463677168,15103615595563.312,14945649905261.992,45001542811.0
train_tune_e87cf_01912_1912,CNN,0.0466752287527399,0.7809096696258028,0.7717026207469662,0.749498188495636,1.5729141235351562,-0.21453841030597687,8.921058906707913e-06,-2891.5579905382433,-0.001582662807777524,55822678.65819444,55483892.84236139,13204834115.0
train_tune_e87cf_01913_1913,CNN,0.1218192764118667,0.8029451252544557,0.8057258442954507,0.3012889623641968,0.7569501399993896,-0.021401088684797287,4.092190465598833e-06,-24484.806695132458,0.003159095300361514,51548698555.43418,51917022506.793274,4914804635.0
train_tune_e87cf_01914_1914,CNN,0.0011318084825408,0.832685414019455,0.8293668382722466,0.4961356520652771,1.3653993606567383,-0.08415915071964264,4.919612365483772e-06,-15647.45962962557,-0.0035101016983389854,3061842879024.3745,3093708672206.752,11613462587.0
train_tune_e87cf_01915_1915,CNN,0.0032007197294094,0.6527327633098573,0.680544314591634,1.3563737869262695,5.743678092956543,-0.9199453592300415,2.746101381490007e-05,-1550.2818404482864,0.021971654146909714,1233.984583260521,1233.984583260521,18239019.0
train_tune_e87cf_01916_1916,CNN,0.0071536177748019,0.8225004866237124,0.7886874110637702,1.9545159339904785,7.937741756439209,-2.0100181102752686,6.698825745843351e-05,-4271.286278705148,0.055467914789915085,6400296.356379923,6359476.378249152,12195596699.0
train_tune_e87cf_01917_1917,CNN,0.0432387181995332,0.7699908275545748,0.7562753972512614,0.3905840516090393,1.0505201816558838,-0.04414421319961548,4.384648946142988e-06,-12023.89010374699,-0.014804111793637276,193912508765.26355,184895488317.04645,7603895923.0
train_tune_e87cf_01918_1918,CNN,0.0018864099151115,0.8121068326902965,0.8028181461179283,0.4532354474067688,1.7277594804763794,-0.08893342316150665,3.8078280795161845e-06,-9063.144200652634,0.0047065746039152145,515524208.81858367,502235083.0767411,12440005563.0
train_tune_e87cf_01919_1919,CNN,0.0074962645303438,0.8282129052156848,0.8151974277152455,0.55049729347229,1.858203411102295,-0.12759114801883698,6.427893822547048e-06,-8619.373330134089,-0.002786111319437623,121977154696.0907,127105871568.58209,19749976747.0
train_tune_e87cf_01920_1920,CNN,0.0225361918253195,0.6576367572311305,0.6823820208935705,1.3839154243469238,4.878340721130371,-0.9877752661705017,4.10126376664266e-05,-1770.091307428556,0.05624207481741905,1171.813468289337,1171.813468289337,11750987.0
train_tune_e87cf_01921_1921,CNN,0.0255379698098968,0.694019269106293,0.702481286189253,1.5316699743270874,1.5834965705871582,-0.37275880575180054,7.017409370746464e-05,-3526.299491455509,0.08160234987735748,16253.914714858965,16239.819031326668,176332499.0
train_tune_e87cf_01922_1922,CNN,0.0141870449878663,0.8368630939599074,0.8260953981674316,0.4450204372406006,1.238781452178955,-0.062026556581258774,2.3625902940693777e-06,-22385.471337971452,-0.0025401050224900246,9912373739411.852,9861268092573.46,26666974115.0
train_tune_e87cf_01923_1923,CNN,0.0070517756504744,0.6955533871236484,0.7015797655230749,1.5460522174835205,6.722873687744141,-1.2069815397262573,3.6417193769011647e-05,-1591.0990989367392,0.03069813922047615,2042.3651988107713,2042.3651988107713,38153499.0
train_tune_e87cf_01924_1924,CNN,0.0407909650811859,0.6760501131928502,0.6928720098222398,1.524343490600586,6.0206499099731445,-1.083672046661377,7.348970393650234e-05,-5735.955873586296,-0.0376773476600647,173771.58770100406,173668.4173115629,183515091.0
train_tune_e87cf_01925_1925,CNN,0.0310403723596027,0.6396364366114161,0.6650177537847473,1.9917376041412354,7.4521098136901855,-2.0601999759674072,6.943546759430319e-05,-1696.2631713335088,0.04899567365646362,1473.703483098282,1473.703483098282,8965515.0
train_tune_e87cf_01926_1926,CNN,0.0007539230297185,0.7373562671224237,0.7134464213497101,0.6324044466018677,1.6979204416275024,-0.16574600338935852,6.234544798644492e-06,-13952.109386347158,0.015486698597669601,91107258391.65317,76210769923.52017,3370690963.0
train_tune_e87cf_01927_1927,CNN,0.0034543209236854,0.7723298672456462,0.7698520390648116,0.7117407917976379,2.68630313873291,-0.22855918109416962,1.411478478985373e-05,-4542.783151919587,-0.011688725091516972,456934292.8006945,440522750.55664617,5272499683.0
train_tune_e87cf_01928_1928,CNN,0.0152967846145447,0.6509206071338455,0.672830126639984,1.3751766681671143,5.257782936096191,-0.9161381721496582,3.149956319248304e-05,-1774.5643553593018,-0.012122751213610172,1052.199697905372,1052.199697905372,10084731.0
train_tune_e87cf_01930_1930,CNN,0.0068776839484004,0.8215305006401598,0.7898014945543455,0.8367752432823181,3.2879488468170166,-0.3455546498298645,1.436574984836625e-05,-5071.34358185113,0.03306135907769203,3471702633.4217005,3462972305.688348,12917448715.0
train_tune_e87cf_01933_1933,CNN,0.0681723598457683,0.6764497882594754,0.6879787820991313,1.0244499444961548,4.5042619705200195,-0.5337605476379395,2.2408181393984705e-05,-1660.5183757645352,0.03694538027048111,1057.390403079005,1057.390403079005,25130419.0
train_tune_e87cf_01936_1936,CNN,0.020088640939804,0.7844738253741732,0.7748882302921977,1.8273959159851074,7.090636253356934,-1.7419098615646362,8.262242772616446e-05,-2649.771671123886,0.07302665710449219,139556.15710201414,137850.51668578509,5700943747.0
train_tune_e87cf_01937_1937,CNN,0.005243497573496,0.8255320925398689,0.7964583202598866,0.8579986095428467,3.3438732624053955,-0.36936601996421814,1.2113936463720165e-05,-3087.0740398663793,0.028927363455295563,126577419.22167057,124437037.6526403,15725945115.0
train_tune_e87cf_01938_1938,CNN,0.0407909650811859,0.8076346414514723,0.7798768885937508,0.23535244166851044,0.7780478596687317,-0.01664459891617298,3.0142196010274347e-06,-5272.2822500939865,0.01027713157236576,132686582.78921455,142414968.75322455,10239093491.0
train_tune_e87cf_01939_1939,CNN,0.0023408377838757,0.7613622833612623,0.7597554997785604,1.0417476892471313,3.686493158340454,-0.5274696350097656,1.5927382264635526e-05,-2128.880533404389,0.033016495406627655,51878.60881924172,51655.8927739966,1395887019.0
train_tune_e87cf_01940_1940,CNN,0.0007539230297185,0.790693920564795,0.7820917078309702,0.20227500796318054,0.5464397668838501,-0.008123219944536686,2.5022122827067506e-06,-22804.02529511773,-0.0016256284434348345,292607171301.7457,322104777402.84674,12762264299.0
train_tune_e87cf_01942_1942,CNN,0.0272738335322321,0.675565576819197,0.7045349255874994,1.696019172668457,6.982303619384766,-1.4185683727264404,3.998608372057788e-05,-2063.39253314737,0.014825120568275452,20585.99943130122,21190.706446808636,196876715.0
train_tune_e87cf_01944_1944,CNN,0.0113475381431485,0.6301617662876896,0.6461727990536213,1.9414825439453125,7.624684810638428,-1.9523181915283203,5.361206422094256e-05,-1692.7366552496078,0.0586443766951561,22217.283290295287,22224.23714351078,946280923.0
train_tune_e87cf_01945_1945,CNN,0.0561640660207985,0.7922937037362399,0.7650050716244184,1.6036691665649414,3.970827102661133,-1.3099664449691772,7.00199234415777e-05,-3097.174078993536,-0.054905690252780914,1966434.6561470907,1975946.2261964171,3114087051.0
train_tune_e87cf_01946_1946,CNN,0.0333607817554688,0.6499709819720763,0.6771326448824813,1.668751835823059,7.175231456756592,-1.4038138389587402,4.55196168331895e-05,-1634.2731976689684,0.02837228775024414,1464.1900037630417,1464.1900037630417,17759355.0
train_tune_e87cf_01948_1948,CNN,0.0167240965620369,0.6441149963076408,0.6601725542756498,2.175778865814209,6.822671890258789,-2.176095485687256,0.00014224095502868295,-1808.7554743749788,-0.12696443498134613,1663.254416067302,1663.254416067302,5201587.0
train_tune_e87cf_01949_1949,CNN,0.007494872595606,0.8336035368826313,0.8041211335325759,0.9589892625808716,3.7703564167022705,-0.44588690996170044,1.6897942259674892e-05,-5230.72455944111,-0.003970842342823744,11401905090.748888,11614506985.684277,35687227747.0
train_tune_e87cf_01950_1950,CNN,0.0086221792900965,0.7873689444111324,0.7696073534789982,1.5178155899047852,5.875787734985352,-1.158043622970581,4.7173765779007226e-05,-2979.0322200579303,0.02677370235323906,4459112.595593243,4457351.2513996065,8042782475.0
train_tune_e87cf_01952_1952,CNN,0.0188845551622512,0.7631407790816056,0.7536664092181217,0.7851018905639648,2.3260445594787598,-0.26904040575027466,1.2125427019782364e-05,-2908.195402166856,0.011612352915108204,1058444.5051209172,1062020.0189944021,998263963.0
train_tune_e87cf_01955_1955,CNN,0.0072956953096545,0.6484272191896904,0.7072634097425866,0.9298681616783142,3.583472728729248,-0.41182810068130493,2.0960231267963536e-05,-3494.5864856896014,0.007883038371801376,11099353.574070845,11141283.744060807,1706091491.0
train_tune_e87cf_01956_1956,CNN,0.0095461970930555,0.7538228311192253,0.7621066519533728,2.260258436203003,7.885348320007324,-2.667388677597046,5.2614861488109455e-05,-2597.026152736557,0.0465945266187191,1596309.222943893,1559880.9493308533,7266657611.0
train_tune_e87cf_01957_1957,CNN,0.0146096433675729,0.7336765138963632,0.7438553931624853,1.8602927923202515,4.294427871704102,-2.110746383666992,8.596125553594902e-05,-2559.9140463897006,0.0938316285610199,43863.154080236396,43709.15286418157,348869963.0
train_tune_e87cf_01958_1958,CNN,0.0132845913221911,0.7377221176066076,0.7626462007320093,0.9108133316040039,2.7462878227233887,-0.381624698638916,1.2264213182788808e-05,-4683.445618613654,0.010495820082724094,12521778.907845633,12192192.163093872,567377019.0
train_tune_e87cf_01959_1959,CNN,0.00342791796307,0.8335891434710291,0.8127052323432266,0.4759979844093323,1.6288468837738037,-0.09101223945617676,4.973815521225333e-06,-10215.87049880729,-0.008446688763797283,82919318775.02356,83203569130.50366,15475196955.0
train_tune_e87cf_01960_1960,CNN,0.0068776839484004,0.6525708477245508,0.6595947404045825,1.8632848262786865,4.7947282791137695,-2.0880813598632812,4.0995299059432e-05,-1922.552090837198,0.05801371484994888,1071.751953806985,1071.751953806985,3644331.0
train_tune_e87cf_01961_1961,CNN,0.0145537517206873,0.7810926961816214,0.7620428752611363,1.5835553407669067,4.182770252227783,-1.3316450119018555,2.461809344822541e-05,-3105.852682063129,0.022529281675815582,1852583.9847582686,1853124.2341442972,3854640819.0
train_tune_e87cf_01962_1962,CNN,0.0068776839484004,0.8222353289936032,0.8190616694307752,0.4103698134422302,1.4783580303192139,-0.0687527284026146,5.365012839320116e-06,-5788.681155941585,0.021833963692188263,27331842779.872913,27876452975.487423,16296318675.0
train_tune_e87cf_01964_1964,CNN,0.0467836873646561,0.7013688323681948,0.7249409293645208,2.4238243103027344,10.174930572509766,-2.9573252201080322,6.828654295532033e-05,-2087.427963896459,-0.001570665743201971,99663.0045016536,99407.52399189025,2757064155.0
train_tune_e87cf_01968_1968,CNN,0.066846507156535,0.6989134828371802,0.700284709236668,1.5223641395568848,5.26414680480957,-1.2275903224945068,2.4852204660419375e-05,-1837.819426779009,0.0661563128232956,1806.2294775019138,1806.2294775019138,18243339.0
train_tune_e87cf_01970_1970,CNN,0.0351095473745224,0.6613199128150529,0.6891281077738923,1.4529699087142944,4.63715934753418,-1.024200439453125,3.083254341618158e-05,-1834.104922903289,-0.014141112565994263,21045.304308275776,20938.463246646534,284722395.0
train_tune_e87cf_01971_1971,CNN,0.0867876309025991,0.7120104570989997,0.7282259700253468,1.4831573963165283,3.3242642879486084,-1.1326406002044678,3.2583673601038754e-05,-2023.9894183663398,-0.05265757814049721,21968.512407040296,22053.270241156126,188759411.0
train_tune_e87cf_01972_1972,CNN,0.0488114588688956,0.6708957703168043,0.6790920444797894,2.077420234680176,6.006961345672607,-2.368988513946533,5.5641139624640346e-05,-1794.0457048210296,-0.001630350947380066,1854.9911214078913,1854.9911214078913,7364475.0
train_tune_e87cf_01973_1973,CNN,0.0163293588321539,0.7172470576371588,0.7174909230716996,1.1598587036132812,5.006524562835693,-0.6844624280929565,4.646561137633398e-05,-1814.4506515308417,0.04118979722261429,1695.8418050639425,1695.8418050639425,46115755.0
train_tune_e87cf_01974_1974,CNN,0.0182331137432119,0.6961440728981954,0.7024316912522431,1.9920504093170166,7.056507110595703,-2.0808677673339844,5.660115130012855e-05,-1761.3424348151477,0.029022155329585075,2411.5663045823057,2411.5663045823057,17102051.0
train_tune_e87cf_01975_1975,CNN,0.0035073108361061,0.7646301655672301,0.7733408147309994,0.8130218386650085,2.3222603797912598,-0.27350687980651855,1.4990919225965627e-05,-4803.455620892139,-0.035666048526763916,994272229.8618252,982076325.8004773,12233339211.0
train_tune_e87cf_01976_1976,CNN,0.007494872595606,0.7947230028179522,0.8107563248160481,0.6917330026626587,1.9945566654205322,-0.19931137561798096,1.0772537279990502e-05,-9640.920670354955,-0.0130290687084198,41431596183.783325,42067511092.3116,13580758755.0
train_tune_e87cf_01977_1977,CNN,0.0034543209236854,0.8000678934714102,0.7837273910312198,1.0658822059631348,1.3608241081237793,-0.20251144468784332,4.535665539151523e-06,-10421.80857432618,-0.016345424577593803,1196197977.5453146,1181798309.8212006,19581031179.0
train_tune_e87cf_01978_1978,CNN,0.0159723405106739,0.6921012592761859,0.7014593643713823,1.415231704711914,5.645228385925293,-0.988024115562439,2.363007479289081e-05,-1704.7604480475738,0.011817730031907558,1741.9492053909266,1741.9492053909266,22715187.0
train_tune_e87cf_01980_1980,CNN,0.0786211536925726,0.666584033165505,0.6738705801784802,0.9558321237564087,4.066295146942139,-0.448836088180542,1.3024022337049246e-05,-1737.403594476184,0.003627164289355278,949.18331087371,949.18331087371,22016539.0
train_tune_e87cf_01981_1981,CNN,0.032656455456626,0.663364704110838,0.6778941588755676,1.0929996967315674,4.720238208770752,-0.5854519009590149,1.885430538095534e-05,-1722.623850228934,0.007981657981872559,931.7291385739068,931.7291385739068,15680811.0
train_tune_e87cf_01984_1984,CNN,0.0156509744634751,0.6935073610836203,0.7136624977390921,1.5239900350570679,3.6889216899871826,-1.3814067840576172,2.9495216949726455e-05,-1998.5876985529958,0.10348482429981232,592198.1910994372,584976.2283304222,1174255691.0
train_tune_e87cf_01985_1985,CNN,0.0007539230297185,0.7920478279971359,0.8110970761443721,0.21489185094833374,0.5611377954483032,-0.00845801830291748,2.14857709579519e-06,-17090.253464624042,-0.0012272907188162208,90590481442.86143,90204967900.17567,10148842459.0
train_tune_e87cf_01986_1986,CNN,0.0034543209236854,0.6713861050006511,0.6283180191173243,0.33912408351898193,0.6745907068252563,-0.0141630619764328,3.3042804261640413e-06,-14200.588736986338,0.001679457607679069,69528804106.1139,62869066792.40142,6177224963.0
train_tune_e87cf_01987_1987,CNN,0.0054405244288835,0.7849361283569306,0.7648542374947019,1.4688642024993896,5.397678852081299,-1.0509840250015259,2.7424290237831883e-05,-2527.612096234731,0.016422199085354805,2348669.6203333843,2300659.553310304,9459488363.0
train_tune_e87cf_01990_1990,CNN,0.0127268894674815,0.5684146960026685,0.530111194434476,3.2483181953430176,5.3097124099731445,-7.558894157409668,0.00017689791275188327,-2846.445154540318,0.061993904411792755,11536.471415717388,11431.770153521384,3170027.0
train_tune_e87cf_01991_1991,CNN,0.0470370201186366,0.8179443907900293,0.8118774743442795,0.7177596688270569,2.3854141235351562,-0.22591149806976318,8.175668881449383e-06,-16234.544256866106,0.014830437488853931,1243013972.487132,1272498805.7396255,4837445211.0
train_tune_e87cf_01993_1993,CNN,0.0638589418360073,0.6390120782693433,0.6256063870511303,2.864682674407959,9.91900634765625,-4.453911304473877,0.00010673959332052618,-1964.7275935031394,0.08700162172317505,25745.026320483354,27483.757789996904,110509915.0
train_tune_e87cf_01996_1996,CNN,0.0485419726891899,0.65807928307852,0.680226469435561,1.5541863441467285,5.3409342765808105,-1.2498738765716553,3.8252917875070125e-05,-1809.667799913011,0.05320286750793457,1320.322423964465,1320.322423964465,9698571.0
train_tune_e87cf_01999_1999,CNN,0.0270924918815015,0.7827841155757636,0.773209491618396,0.9335135817527771,2.9809138774871826,-0.41625261306762695,1.8164209905080497e-05,-2916.566295044661,-0.01565472036600113,1292607.6852961695,1294497.0414119163,2360538459.0
