model_id,model_type,initial_val_f1_macro,best_val_f1_macro,best_test_f1_macro,grad_norm,snip,grasp,fisher,jacob_cov,plain,synflow,synflow_bn,train_flops
train_tune_4e13c_00000_0,TRANSFORMER,0.062294339043899,0.798663525560792,0.8465844876428914,15.292271614074707,44.80006790161133,-17.891891479492188,0.0015357774682343006,-2686688.639592382,0.2968238592147827,10743.830827800928,10737.995702073822,4145152000.0
train_tune_4e13c_00001_1,TRANSFORMER,0.1673361046915462,0.7903852439205578,0.7663973975956192,40.869483947753906,87.60687255859375,-240.06466674804688,0.004229594953358173,-5681.885748714233,3.497286558151245,4570.019909832868,4569.167723729847,1417216000.0
train_tune_4e13c_00002_2,TRANSFORMER,0.1191026148583184,0.7528445286224881,0.7471751416076596,13.806173324584961,37.08302307128906,-53.99256134033203,0.0005329359555616975,-10092.258637133364,0.2562943994998932,6385.510545890378,6396.342785323148,1810432000.0
train_tune_4e13c_00003_3,TRANSFORMER,0.0291015140233308,0.7404092244179664,0.8096302465211882,81.31867218017578,182.68740844726562,-998.6163330078125,0.010211741551756859,-5841.130855520654,3.879725933074951,8076.966028926799,8445.562544312908,3096576000.0
train_tune_4e13c_00004_4,TRANSFORMER,0.1533135473934032,0.7992524033341928,0.7762519125152673,23.504976272583008,63.65444564819336,-98.27986145019531,0.00722627155482769,-215574.94725863085,3.0983009338378906,6123.423811566799,5941.511264342265,1679360000.0
train_tune_4e13c_00005_5,TRANSFORMER,0.1088229138229138,0.7922675736541643,0.8420408353602861,22.348371505737305,35.776973724365234,-172.48008728027344,0.0036446854937821627,-4677969.426300459,2.753204345703125,2612.7655034373593,2612.7655034373593,964608000.0
train_tune_4e13c_00006_6,TRANSFORMER,0.163048373735594,0.7836447528656946,0.7815473970030259,22.559110641479492,50.13212585449219,-160.527587890625,0.000517839624080807,-5789.688551743304,1.31815505027771,3287.4728584894815,3303.856083584058,1679360000.0
train_tune_4e13c_00007_7,TRANSFORMER,0.0926674581208349,0.7660610099642281,0.7719657707488735,50.07221221923828,113.84767150878906,-494.6661376953125,0.005450974218547344,-5516.923140739241,3.4563469886779785,7698.20358992821,7710.465438375479,3096576000.0
train_tune_4e13c_00008_8,TRANSFORMER,0.0282640458550377,0.7742564580227062,0.8183847153881824,74.79252624511719,185.90797424316406,-1780.570068359375,0.0060422662645578384,-6111618.766856977,4.596654891967773,14361.50954783991,14361.50954783991,3620864000.0
train_tune_4e13c_00009_9,TRANSFORMER,0.1394915503472534,0.75174133021609,0.7466285680279743,21.206768035888672,58.85527038574219,-104.81452941894531,0.0021199113689363003,-3673.728362784595,1.3945252895355225,9215.070249298878,9459.06282165898,2715648000.0
train_tune_4e13c_00010_10,TRANSFORMER,0.0862725509963495,0.7848418704925934,0.7247730305837413,38.31687545776367,95.5018310546875,-206.45425415039062,0.0037918209563940763,-10216.016830453007,2.583285093307495,7672.355481001828,7683.184766060978,1679360000.0
train_tune_4e13c_00011_11,TRANSFORMER,0.0985030965241815,0.758699954457876,0.7969509372923832,41.52204895019531,112.76268768310547,-305.51611328125,0.011776312254369259,-104040.82612066834,4.765369892120361,7705.573877668612,9029.120860542134,3096576000.0
train_tune_4e13c_00012_12,TRANSFORMER,0.0729344170302116,0.7850617095033918,0.8340727552657669,92.7500991821289,266.8558654785156,-1389.1103515625,0.00448341341689229,-5049.590444359194,1.7544046640396118,27627.298478975696,28564.572723132893,8290304000.0
train_tune_4e13c_00013_13,TRANSFORMER,0.030679012345679,0.8004040460944636,0.8498828587225309,28.440019607543945,57.21457290649414,-244.14263916015625,0.002063444349914789,-11159.423211409492,1.6280697584152222,2670.4658803309353,2314.3183149123797,708608000.0
train_tune_4e13c_00014_14,TRANSFORMER,0.1511811785502505,0.7971679737160331,0.7656796670801608,44.22785568237305,129.6135711669922,-236.43856811523438,0.03278694301843643,-634279.1490687109,4.460709095001221,16187.0372471223,15817.002908950593,6217728000.0
train_tune_4e13c_00015_15,TRANSFORMER,0.0307302293946701,0.7952361142028477,0.7643813435067561,23.45989227294922,51.196475982666016,-143.52792358398438,0.002544678281992674,-5685.565731707776,2.096987009048462,2661.890016037404,2521.8713372643697,708608000.0
train_tune_4e13c_00016_16,TRANSFORMER,0.0254333082140165,0.7760801246462865,0.8383188421679391,46.847694396972656,114.36056518554688,-865.09228515625,0.0028815558180212975,-7706.811072134084,3.838900566101074,6238.87887372521,6185.05816727137,2715648000.0
train_tune_4e13c_00017_17,TRANSFORMER,0.0754607291541674,0.8219116230684392,0.835285481805991,20.063982009887695,37.278682708740234,-36.1271858215332,0.00038586510345339775,-14276.237749363256,-0.4094215929508209,2365.4773537137175,2415.0089172972316,1062912000.0
train_tune_4e13c_00018_18,TRANSFORMER,0.0532173248907304,0.810547712676042,0.7819755410748911,27.315736770629883,69.32334899902344,-143.31422424316406,0.0038475492037832737,-2683.812491062359,2.615164279937744,4817.793478234031,4793.931476690167,1259520000.0
train_tune_4e13c_00019_19,TRANSFORMER,0.033299574555331,0.7530006509149354,0.767122995060324,20.021142959594727,46.097225189208984,-97.50047302246094,0.003306051716208458,-3251.649503053496,2.2313854694366455,4313.884379649902,4468.056564202086,1548288000.0
train_tune_4e13c_00020_20,TRANSFORMER,0.0297776389793533,0.8024879233701562,0.7984112725365634,19.707284927368164,43.12453842163086,-153.34527587890625,0.0004119409713894129,-17438.189819101353,1.1565310955047607,3138.7501978780233,3174.7269716969417,1259520000.0
train_tune_4e13c_00021_21,TRANSFORMER,0.1552319878240157,0.8019758314729709,0.781755928764775,33.0225715637207,94.24179077148438,-146.51129150390625,0.023350605741143227,-1125689.9276943943,3.5043702125549316,10717.710760618711,10590.885030035955,4145152000.0
train_tune_4e13c_00022_22,TRANSFORMER,0.030679012345679,0.7977279284172448,0.8559272293940755,53.601287841796875,80.06697082519531,-630.4171752929688,0.004480930510908365,-696353.0460720174,5.303462028503418,2037.518400724628,2037.518400724628,964608000.0
train_tune_4e13c_00023_23,TRANSFORMER,0.0436878329926585,0.8043820092836252,0.730596442798706,30.8590145111084,77.55290985107422,-188.13442993164062,0.0026611126959323883,-10307.81560011703,2.0357894897460938,5523.43190367422,5541.338251862071,1259520000.0
train_tune_4e13c_00024_24,TRANSFORMER,0.0291015140233308,0.7973877077545564,0.8368218116276992,91.56416320800781,222.32870483398438,-2401.842529296875,0.00811398308724165,-4679.085946654523,5.901537895202637,7356.457153526784,7281.47878408508,3620864000.0
train_tune_4e13c_00025_25,TRANSFORMER,0.1073166713790266,0.8065764288163154,0.825397633486015,55.39888381958008,146.36627197265625,-847.7052001953125,0.006885916460305452,-6198495.721817979,2.2479090690612793,20843.688328232245,20843.688328232245,8290304000.0
train_tune_4e13c_00026_26,TRANSFORMER,0.0639874091305658,0.7945362268525779,0.7436253232578803,58.770450592041016,196.9652099609375,-513.8814697265625,0.009044524282217026,-2769.7429428888563,2.9251489639282227,26742.085161454626,25057.891174687644,8290304000.0
train_tune_4e13c_00027_27,TRANSFORMER,0.0654588973280486,0.7930857045318233,0.8268861451464472,32.28818130493164,85.55675506591797,-229.33700561523438,0.005716630723327398,-166733.96697455697,3.2864391803741455,8371.109968847706,8439.262364095628,2715648000.0
train_tune_4e13c_00028_28,TRANSFORMER,0.0595481241312437,0.808671605136079,0.8334384874123515,24.463375091552734,51.176063537597656,-240.28692626953125,0.003502813633531332,-201331.3123295675,2.48227596282959,4041.236335836201,3871.7607837353526,1548288000.0
train_tune_4e13c_00029_29,TRANSFORMER,0.1776097199699325,0.808799916898149,0.7525465802921473,35.836700439453125,76.84278106689453,-224.61302185058594,0.0026213049422949553,-31863.71058578468,1.9091215133666992,4101.730635285977,4084.38572352864,1062912000.0
train_tune_4e13c_00030_30,TRANSFORMER,0.0663077260491268,0.790886064862134,0.8268631880252308,18.75982666015625,52.9605712890625,-45.90411376953125,0.0018347533186897635,-1562430.446961026,0.6283804178237915,11916.411827889406,11360.573553236341,4145152000.0
train_tune_4e13c_00031_31,TRANSFORMER,0.0896329199711882,0.7857432494313369,0.8548281536768177,26.627521514892578,62.03086853027344,-186.5411376953125,0.0016820989549160004,-1246903.4880301224,1.8740510940551758,4438.262054474376,4439.877434201062,1259520000.0
train_tune_4e13c_00032_32,TRANSFORMER,0.0586439614612374,0.7793526676698247,0.7850772293327141,70.87864685058594,235.28488159179688,-766.0274047851562,0.008190897293388844,-13053.923183501001,2.596372365951538,27590.19608516831,27688.807960354294,8290304000.0
train_tune_4e13c_00033_33,TRANSFORMER,0.0474458906462011,0.7825579040532299,0.8384191685019163,49.623199462890625,135.91680908203125,-495.9461364746094,0.007168728858232498,-112756.61658796047,4.13289737701416,11592.281334398347,11406.001988827631,3620864000.0
train_tune_4e13c_00034_34,TRANSFORMER,0.055763134057971,0.823998766688203,0.848891643630318,103.40988159179688,202.74351501464844,-1859.42333984375,0.012957152910530567,-19202.567445924247,5.279097557067871,6690.32851154699,6699.06666454483,3096576000.0
train_tune_4e13c_00035_35,TRANSFORMER,0.0859766691914057,0.7797705248379554,0.7823275081273318,18.424009323120117,45.42945098876953,-89.024169921875,0.0006499392911791801,-2555.5766437598695,1.0120829343795776,3611.6249842505235,3623.811751234698,1259520000.0
train_tune_4e13c_00036_36,TRANSFORMER,0.0484778774633847,0.78165689420181,0.8496460893147381,66.76643371582031,174.2385711669922,-1233.909912109375,0.005067802499979734,-2242673.1277345736,3.7976858615875244,12290.862426783198,12302.91136217423,3620864000.0
train_tune_4e13c_00037_37,TRANSFORMER,0.0291015140233308,0.771879883817502,0.8250282457870487,75.96159362792969,191.82078552246094,-1777.7252197265625,0.006044917274266481,-3020.5851868393606,5.323984146118164,5912.534843221823,5908.461361552558,3620864000.0
train_tune_4e13c_00038_38,TRANSFORMER,0.0965380330488234,0.7683112204364511,0.7612903736264833,15.204866409301758,35.54866027832031,-47.784912109375,0.000648150104098022,-3055.6085825845325,0.8441384434700012,3539.089211135412,3486.288806054643,1259520000.0
train_tune_4e13c_00039_39,TRANSFORMER,0.0865343491367654,0.7693239175486033,0.7771596831165754,19.86929702758789,49.348785400390625,-104.19761657714844,0.0006545864162035286,-152267.27844132917,1.0618408918380737,4396.376819515804,4396.376819515804,1259520000.0
train_tune_4e13c_00040_40,TRANSFORMER,0.1089510061095575,0.7863248016221065,0.7491057455854738,52.80190658569336,138.75868225097656,-410.48052978515625,0.01000538095831871,-3682.986930169961,4.718656063079834,10068.702398458583,10108.335159410177,3620864000.0
train_tune_4e13c_00041_41,TRANSFORMER,0.1379761508530888,0.7626552466087638,0.7555379355232827,33.24459457397461,95.88493347167969,-248.08309936523438,0.0038317949511110783,-3751.421725769067,2.170555591583252,13574.190017728648,13209.479027847832,3620864000.0
train_tune_4e13c_00042_42,TRANSFORMER,0.030679012345679,0.8090755204506541,0.8282681477449453,40.421085357666016,57.29918670654297,-367.97662353515625,0.003297066083177924,-10910.686232765798,4.3988037109375,1467.369459517968,1460.404086646613,964608000.0
train_tune_4e13c_00043_43,TRANSFORMER,0.1624446544303088,0.7763610591445212,0.7910154621236867,25.876773834228516,67.31851196289062,-106.29524993896484,0.005376853514462709,-460317.1811186854,2.069791793823242,6061.705685742417,6290.545689400665,1679360000.0
train_tune_4e13c_00044_44,TRANSFORMER,0.0640972069543498,0.7819954815634532,0.8310671395852145,27.060184478759766,42.861412048339844,-189.59735107421875,0.003133513731881976,-1224812.6965921686,3.3706164360046387,2151.340182179286,2145.7024516402844,964608000.0
train_tune_4e13c_00045_45,TRANSFORMER,0.076755143410261,0.7871650035016752,0.8161560553580912,18.634828567504883,35.48265075683594,-35.59175109863281,0.00040962224011309445,-6091.3347069039455,-0.31008172035217285,2042.1593398975804,2056.2158689517046,1062912000.0
train_tune_4e13c_00046_46,TRANSFORMER,0.0642150122366209,0.7938828048646284,0.8059771176132231,27.294612884521484,43.27288818359375,-192.53762817382812,0.003187289461493492,-1165161.385859092,3.4381580352783203,2150.454361368994,2143.781473312334,964608000.0
train_tune_4e13c_00047_47,TRANSFORMER,0.1558620495530734,0.7813608559931647,0.7749922086440432,31.28356170654297,66.26913452148438,-194.00233459472656,0.0022557354532182217,-3742.7870463781314,1.8142650127410889,3868.209261930619,3837.2034149607744,1417216000.0
train_tune_4e13c_00048_48,TRANSFORMER,0.0579970543817662,0.7690452779329419,0.7565802135046248,68.72643280029297,229.55738830566406,-741.2960815429688,0.006835306528955698,-7294.582318945103,2.346674680709839,31163.140025679968,31446.248252399513,8290304000.0
train_tune_4e13c_00049_49,TRANSFORMER,0.030679012345679,0.7944629767693704,0.8289103028412192,35.62486267089844,103.10684967041016,-457.8095703125,0.0013241088017821312,-28740.056709764074,0.898566722869873,12057.666817524807,12075.716434033844,4145152000.0
train_tune_4e13c_00050_50,TRANSFORMER,0.0952448828877213,0.7733474309507876,0.8343073733227047,11.62082576751709,32.063232421875,-24.390186309814453,0.0008068145834840834,-2451.1623971337094,0.3609529733657837,6943.59115708105,6888.21849180738,4145152000.0
train_tune_4e13c_00051_51,TRANSFORMER,0.0816284039926315,0.7675502214452807,0.8314372826710924,18.822383880615234,36.10401153564453,-38.30586242675781,0.00044605351286008954,-4724.682293473636,-0.2999323010444641,1885.732188890017,1928.4331195205368,1062912000.0
train_tune_4e13c_00052_52,TRANSFORMER,0.0321995464852607,0.796009487967571,0.8410413864707317,60.25007629394531,176.9256591796875,-753.5245971679688,0.0031703345011919737,-4774.285271365836,1.33204984664917,19226.78613767746,18660.424032851548,6217728000.0
train_tune_4e13c_00053_53,TRANSFORMER,0.0458892031388826,0.7851318081928502,0.8431962630741624,20.717365264892578,51.981964111328125,-174.53768920898438,0.0010320881847292185,-153935.65164398667,2.1390116214752197,4550.080021159334,4549.797124940649,1810432000.0
train_tune_4e13c_00054_54,TRANSFORMER,0.1068991438865835,0.7634466437930177,0.7788490189155447,49.0704231262207,129.66700744628906,-352.86407470703125,0.009590256959199905,-2451.941594655552,4.685535907745361,8570.835273446071,8607.135787851294,3620864000.0
train_tune_4e13c_00055_55,TRANSFORMER,0.1379761508530888,0.7552308124020293,0.7590680309742578,28.543243408203125,83.3456039428711,-169.88587951660156,0.004857189487665892,-2568.1963700161537,2.280704975128174,12876.976864016764,12328.313601448948,3620864000.0
train_tune_4e13c_00056_56,TRANSFORMER,0.0364936101175005,0.7849111733747706,0.7829709030006172,32.939640045166016,55.3477668762207,-154.74525451660156,0.003232849994674325,-5447.692738614371,3.5965733528137207,2686.090705655791,2701.0898025380357,1286144000.0
train_tune_4e13c_00057_57,TRANSFORMER,0.0330148229817469,0.7824424741061969,0.8595784647854505,21.026599884033203,47.91303634643555,-183.89352416992188,0.00135702732950449,-12615.620660713561,1.0119365453720093,3139.9058352137126,3141.3319965529236,839680000.0
train_tune_4e13c_00058_58,TRANSFORMER,0.0960713656014821,0.8246841475174436,0.8566176387584284,17.892780303955078,55.789554595947266,-14.127342224121094,0.00306045264005661,-865518.2437855501,0.9306861162185669,17819.610054508055,17667.334233609738,6217728000.0
train_tune_4e13c_00059_59,TRANSFORMER,0.1546355578492731,0.7840154163391247,0.7687849823842243,49.6978645324707,145.64950561523438,-310.7201843261719,0.029747415333986282,-1099447.524130139,4.361015319824219,17170.521519714228,16545.547854305853,6217728000.0
train_tune_4e13c_00060_60,TRANSFORMER,0.1088229138229138,0.821806895011464,0.8384080279808145,19.057146072387695,31.611183166503906,-128.4485626220703,0.003501639235764742,-4997.231289587359,2.8810641765594482,2436.5254136340527,2586.1626019246237,964608000.0
train_tune_4e13c_00061_61,TRANSFORMER,0.1018946850708857,0.758076195729181,0.7511678064090558,37.787841796875,99.61463165283203,-383.8131103515625,0.00407935818657279,-2072.934497135604,3.2458291053771973,5162.6371159902465,5120.01112982025,2322432000.0
train_tune_4e13c_00062_62,TRANSFORMER,0.1125729701329749,0.8073215695271457,0.8591265592147597,18.40558624267578,54.35237503051758,10.731678009033203,0.003677607513964176,-513093.74621360115,1.090152382850647,16953.307185621758,17479.502402830556,6217728000.0
train_tune_4e13c_00063_63,TRANSFORMER,0.030679012345679,0.8331006778696289,0.8378199371632467,26.73528480529785,40.248634338378906,-239.97906494140625,0.0020012794993817806,-25636.330587304303,3.425706386566162,1189.8528505283962,1176.0353059780568,643072000.0
train_tune_4e13c_00064_64,TRANSFORMER,0.0321995464852607,0.7860318329012078,0.8384617303785068,51.22230529785156,156.47027587890625,-564.5614013671875,0.005123065784573555,-3007.726226481046,1.8436033725738525,17448.17411890493,16891.840074003365,6217728000.0
train_tune_4e13c_00065_65,TRANSFORMER,0.0922722605688004,0.7796321096290958,0.7745356782933522,20.02696418762207,48.29663848876953,-71.899658203125,0.0008178772986866534,-4221.368554797911,0.9280457496643066,4969.663406861818,4998.298531504476,1679360000.0
train_tune_4e13c_00066_66,TRANSFORMER,0.1225090297653666,0.7714634091233945,0.7431207624213744,31.83016586303711,82.6390151977539,-160.31179809570312,0.016198627650737762,-213755.3531004046,2.660609006881714,10789.943575287876,10789.943575287876,4145152000.0
train_tune_4e13c_00067_67,TRANSFORMER,0.1923980110989733,0.7824211010784,0.851198527439541,23.488378524780273,66.38006591796875,-180.38278198242188,0.0055633364245295525,-2673.995502628447,2.325702667236328,8770.260311770006,8328.000185242614,2715648000.0
train_tune_4e13c_00068_68,TRANSFORMER,0.0591372463080683,0.7941180178149093,0.7622052355765264,40.83913803100586,136.10462951660156,-340.60821533203125,0.005111313425004482,-3136.7186669603025,1.9333298206329346,19776.89932533063,19626.901403396972,6217728000.0
train_tune_4e13c_00069_69,TRANSFORMER,0.035178452278824,0.8225585582140097,0.7710430024163125,21.370800018310547,53.94462585449219,-152.16357421875,0.0023904996924102306,-5352.8486843795135,1.8481221199035645,3596.918282790811,3364.9886980632746,839680000.0
train_tune_4e13c_00070_70,TRANSFORMER,0.1273327405745456,0.7990319630572765,0.7951019292938245,17.212726593017578,38.17467498779297,-45.64009094238281,0.0032069950830191374,-275084.2700306139,2.0351884365081787,3303.3150890294187,3545.0893996552672,1062912000.0
train_tune_4e13c_00071_71,TRANSFORMER,0.1483606479164145,0.772373657540132,0.7702795611449931,68.04559326171875,200.26129150390625,-537.4420166015625,0.040954235941171646,-947888.5709873309,5.437311172485352,23892.038714463586,25353.282441158746,8290304000.0
train_tune_4e13c_00072_72,TRANSFORMER,0.1224778343893544,0.7839588602161055,0.7797522566073104,47.713768005371094,126.410400390625,-334.2813415527344,0.023946592584252357,-247493.46776038661,3.709383726119995,17247.63213059256,17247.63213059256,6217728000.0
train_tune_4e13c_00073_73,TRANSFORMER,0.0291015140233308,0.7593328374069587,0.8048368572969876,26.6557674407959,59.1700439453125,-227.4061279296875,0.002939136466011405,-7392.598872754413,1.849724531173706,3919.666837170649,4293.048920558397,1548288000.0
train_tune_4e13c_00074_74,TRANSFORMER,0.1516324217746081,0.7889374209869002,0.8150782424006268,14.502843856811523,33.66765594482422,-42.93083953857422,0.0027610089164227247,-884505.8114932228,1.9010727405548096,2667.540340207592,2735.5605046531236,839680000.0
train_tune_4e13c_00075_75,TRANSFORMER,0.030679012345679,0.782821861107189,0.8488064101480529,55.3635368347168,165.99237060546875,-700.2041015625,0.00393005833029747,-3957.320073315156,1.6220632791519165,19186.052745192068,18876.946200064547,6217728000.0
train_tune_4e13c_00076_76,TRANSFORMER,0.0607687087420568,0.7805951427515793,0.764057580045786,63.386985778808594,162.04006958007812,-786.5888061523438,0.007028043735772371,-5261.659060556379,4.141129016876221,8062.366834190214,8002.345499429219,3096576000.0
train_tune_4e13c_00077_77,TRANSFORMER,0.0274217996417252,0.7902350089982711,0.8136157348001074,35.556121826171875,87.20954132080078,-458.548095703125,0.0023374888114631176,-3608.5303483740413,3.148812770843506,5203.682858050944,5190.9313399861,2715648000.0
train_tune_4e13c_00078_78,TRANSFORMER,0.1753605887777752,0.8103326558694293,0.8512100356107851,40.24253463745117,74.89273071289062,-484.691162109375,0.0027756986673921347,-1332365.070676335,2.3754630088806152,4901.0218516225505,4914.957615218831,1417216000.0
train_tune_4e13c_00079_79,TRANSFORMER,0.0858011828792497,0.8123631479423515,0.8468170153319781,14.890636444091797,27.475202560424805,-76.71337890625,0.001875210553407669,-258656.11169006425,1.3406262397766113,1969.4543643465654,2004.8295424380376,708608000.0
train_tune_4e13c_00080_80,TRANSFORMER,0.0653116480641366,0.7833920079638882,0.7620510953047995,37.820369720458984,124.97613525390625,-276.163330078125,0.006147284526377916,-2470.9681353157835,2.220350742340088,18640.58952689074,17939.029679418094,6217728000.0
train_tune_4e13c_00081_81,TRANSFORMER,0.112523197600397,0.78444125038402,0.8296417936319499,13.794946670532227,24.61611557006836,-46.202083587646484,0.0006656631594523787,-7534.049213947497,0.17061775922775269,1217.21350973393,1208.8654453247013,708608000.0
train_tune_4e13c_00082_82,TRANSFORMER,0.0743365036307135,0.7921004976325645,0.7726139002512721,31.846996307373047,82.95856475830078,-184.67294311523438,0.013775397092103958,-995088.316345548,4.490248680114746,5731.316063676655,6029.994281281454,1810432000.0
train_tune_4e13c_00083_83,TRANSFORMER,0.0743433220243513,0.7654638344525627,0.7497123528479032,40.09879684448242,102.95122528076172,-274.9902038574219,0.008752232417464256,-77244.41455723508,4.221622943878174,8643.236403311454,8641.408520374473,2715648000.0
train_tune_4e13c_00084_84,TRANSFORMER,0.1041032305334885,0.8068233776609958,0.8374872960190869,22.29593276977539,58.17493438720703,-152.27601623535156,0.002571782097220421,-2683.833315849568,0.9343618154525757,11091.966716911045,11141.452614941454,6217728000.0
train_tune_4e13c_00085_85,TRANSFORMER,0.0432450236671288,0.7536329936369635,0.7788569397302085,22.986587524414062,55.80585479736328,-94.23591613769531,0.007092869374901056,-2898.8071777744044,3.066028118133545,4450.254313629308,4483.168370960123,1810432000.0
train_tune_4e13c_00086_86,TRANSFORMER,0.0855164398024885,0.8145247149841067,0.8514462892290254,15.334756851196289,23.840742111206055,-75.18016052246094,0.0018223890801891685,-1448390.6042280605,1.9219722747802734,1572.3331013713978,1468.9130851581965,643072000.0
train_tune_4e13c_00087_87,TRANSFORMER,0.1207252472116375,0.7479798084076874,0.7203813443823939,30.343536376953125,77.24520111083984,-143.98699951171875,0.015871424227952957,-5161.120376924189,2.5915424823760986,9792.971647889623,9828.967523466656,4145152000.0
train_tune_4e13c_00088_88,TRANSFORMER,0.1588497528761915,0.7877168821837666,0.7761727362977372,43.201629638671875,92.92044830322266,-267.8358154296875,0.00427207350730896,-5127.156941236005,3.203763484954834,5255.065753314362,5517.026227757045,1417216000.0
train_tune_4e13c_00089_89,TRANSFORMER,0.1753605887777752,0.8199091070847508,0.8543473305480349,33.52818298339844,62.95130920410156,-254.81414794921875,0.0031540230847895145,-174703.12342763995,2.2884817123413086,4813.427696322066,4623.385582533755,1417216000.0
train_tune_4e13c_00090_90,TRANSFORMER,0.1472099479159366,0.7785509402311211,0.776779784213963,63.082763671875,188.12994384765625,-453.2640686035156,0.04372119903564453,-514865.68938048626,5.754177093505859,24150.730181465056,22252.96076996895,8290304000.0
train_tune_4e13c_00091_91,TRANSFORMER,0.0291015140233308,0.7858226792645794,0.8419036788113549,36.27922821044922,75.84004211425781,-468.61138916015625,0.0020236067939549685,-63224.07244030831,1.4887349605560303,5114.842058862321,5116.869095741822,1548288000.0
train_tune_4e13c_00092_92,TRANSFORMER,0.075342776648779,0.7644893439878846,0.7756791453255495,30.176902770996094,77.85749816894531,-158.23977661132812,0.01477422472089529,-601976.9017903939,4.485921382904053,5169.991996190204,5316.21917702241,1810432000.0
train_tune_4e13c_00093_93,TRANSFORMER,0.1530756878713697,0.7843244993651325,0.7709018978885309,32.22410583496094,93.3857650756836,-146.49563598632812,0.022454051300883293,-1215753.4300548052,3.3754706382751465,10403.102742569272,10289.292347501392,4145152000.0
train_tune_4e13c_00094_94,TRANSFORMER,0.147445541529116,0.7909486511631583,0.7943174843624843,14.937767028808594,35.4420166015625,-45.58833694458008,0.003359271213412285,-718416.4787317779,2.041038990020752,2945.0299029690304,2845.010230599636,839680000.0
train_tune_4e13c_00095_95,TRANSFORMER,0.1774047993314198,0.802422926117182,0.782613800114758,35.31904220581055,74.7331771850586,-200.75247192382812,0.0031638839282095432,-12544.903444112533,2.406747817993164,4247.925045436494,3718.465993655727,1062912000.0
train_tune_4e13c_00096_96,TRANSFORMER,0.1482064392799059,0.7623087010104653,0.750404103719608,46.7762451171875,137.97874450683594,-258.6605529785156,0.0327201671898365,-675834.3825987901,4.399199485778809,17076.157248449228,16757.262363543694,6217728000.0
train_tune_4e13c_00097_97,TRANSFORMER,0.1923980110989733,0.7822976480897418,0.8534559163855487,26.075429916381836,71.71855926513672,-210.45889282226562,0.005228199064731598,-2767.5862305753612,2.3279032707214355,8340.740070109401,8711.241872686143,2715648000.0
train_tune_4e13c_00098_98,TRANSFORMER,0.1196612361721734,0.7993116666237134,0.7828683594536372,40.745262145996094,105.20929718017578,-220.67343139648438,0.02161583863198757,-2525.092077218349,3.3118255138397217,13860.197462348995,13699.519130146344,6217728000.0
train_tune_4e13c_00099_99,TRANSFORMER,0.0929688939280215,0.7950643679890765,0.8029646426510175,14.74621868133545,26.00890350341797,-32.39310073852539,0.002925833687186241,-566837.8397246982,2.8301663398742676,2341.016666137567,2205.3612743336985,964608000.0
train_tune_4e13c_00100_100,TRANSFORMER,0.0688466597197471,0.7972753851297439,0.8063543879634195,31.697643280029297,87.27437591552734,-217.72793579101562,0.006377503275871277,-126961.24266849633,3.324570655822754,8517.01515260305,7940.801845636852,2715648000.0
train_tune_4e13c_00101_101,TRANSFORMER,0.0817774669522003,0.8105700410187132,0.850536123176985,38.36820602416992,105.29644012451172,-314.9847412109375,0.003921320661902428,-426668.60258855263,2.9468796253204346,8343.621456260169,8468.832782739933,2715648000.0
train_tune_4e13c_00102_102,TRANSFORMER,0.1260803481779129,0.7731529242851559,0.7452307328942421,30.728740692138672,78.0589370727539,-146.6450958251953,0.016149256378412247,-272971.297756464,2.5690174102783203,10136.916961334327,10138.277709177602,4145152000.0
train_tune_4e13c_00103_103,TRANSFORMER,0.030679012345679,0.8075072784798314,0.8202044198827214,37.5570182800293,75.0615234375,-255.92410278320312,0.0019186153076589108,-13591.49129893011,0.8507540225982666,3432.6360268359663,3398.9135032470786,1062912000.0
train_tune_4e13c_00104_104,TRANSFORMER,0.0330148229817469,0.8025835655346806,0.8508612731298975,19.8854923248291,44.236480712890625,-131.78660583496094,0.0016187799628823996,-6856.7569214432115,0.6949052810668945,3631.479742893116,3324.665895574746,839680000.0
train_tune_4e13c_00105_105,TRANSFORMER,0.0553570926150833,0.7887537000289614,0.7586306402113053,65.6468505859375,219.26852416992188,-668.5479736328125,0.007887504063546658,-3824.737765069833,2.555156946182251,29161.08779844147,30222.728122720637,8290304000.0
train_tune_4e13c_00106_106,TRANSFORMER,0.1176176232947754,0.7873456260431194,0.7613458891792529,25.389894485473633,55.1651611328125,-128.06988525390625,0.003716016886755824,-878297.5211203344,2.4896602630615234,4827.6873391692425,4830.325291530139,1417216000.0
train_tune_4e13c_00107_107,TRANSFORMER,0.1728249233272829,0.8068275307438829,0.7857799219220788,25.03543472290039,66.68437194824219,-101.35134887695312,0.005829080939292908,-276021.9985474902,2.311521530151367,6038.5804467224925,6372.323429528729,1679360000.0
train_tune_4e13c_00108_108,TRANSFORMER,0.0784529310055343,0.7545199027629849,0.7597331094690608,61.04481887817383,138.13323974609375,-530.8219604492188,0.009785924106836319,-11900.312684088582,4.543118476867676,10121.809479534377,10053.061466645308,3096576000.0
train_tune_4e13c_00109_109,TRANSFORMER,0.1053524448049486,0.7783547407438797,0.7647964343543766,48.30569076538086,120.82545471191406,-414.6323547363281,0.009359026327729225,-144543.00066743602,4.246366500854492,8819.070816799458,8337.948333497066,3096576000.0
train_tune_4e13c_00110_110,TRANSFORMER,0.1379761508530888,0.7547532142910643,0.7594667757696368,27.008283615112305,77.98739624023438,-140.38589477539062,0.00553777813911438,-2121.79312007293,2.1765646934509277,12525.795041949816,12000.96633121163,3620864000.0
train_tune_4e13c_00111_111,TRANSFORMER,0.1594395627342099,0.8012054568655927,0.7954727101488105,19.47360610961914,50.91948318481445,-66.2842025756836,0.005063352640718222,-349493.5270127995,2.07955265045166,4217.49964094831,4759.331463189317,1259520000.0
train_tune_4e13c_00112_112,TRANSFORMER,0.1441054905513798,0.7577057500851052,0.7499696132585463,35.89949035644531,98.84896850585938,-274.94622802734375,0.007351933978497982,-2571.405721582654,3.055776357650757,11614.635069069493,11357.330820383986,3620864000.0
train_tune_4e13c_00113_113,TRANSFORMER,0.0307302293946701,0.8019898238264057,0.7588919189556226,25.90932846069336,55.291385650634766,-180.49087524414062,0.0021552247926592827,-15852.342126162515,1.6468937397003174,2573.4091471194115,2572.914413400167,708608000.0
train_tune_4e13c_00114_114,TRANSFORMER,0.1081216716156198,0.7581705159777047,0.7642088508559569,45.699920654296875,116.19309997558594,-285.2467956542969,0.009962083771824837,-2659.8835651982904,4.181199073791504,9052.296328305933,9045.266189236916,3620864000.0
train_tune_4e13c_00115_115,TRANSFORMER,0.1511749554400605,0.7968302555204575,0.7356939903619003,45.409523010253906,135.66000366210938,-240.58689880371094,0.03364337980747223,-609659.140698456,4.562051773071289,17431.19945813875,16471.79509473091,6217728000.0
train_tune_4e13c_00116_116,TRANSFORMER,0.1200027375511153,0.7683075399647216,0.773633045096903,46.19500732421875,112.75726318359375,-358.28759765625,0.00865799468010664,-146863.63567541115,3.8887033462524414,8992.927683407246,8753.561476835477,3096576000.0
train_tune_4e13c_00117_117,TRANSFORMER,0.152686336206325,0.7880965324933316,0.740806767860747,32.26447677612305,90.8557357788086,-143.7603759765625,0.02271329052746296,-1369566.6409202311,3.5551347732543945,9547.808851441028,10012.35485163941,4145152000.0
train_tune_4e13c_00118_118,TRANSFORMER,0.0307530474599344,0.7792400080721621,0.7634959061259711,22.579320907592773,48.2746696472168,-127.4300308227539,0.002834721002727747,-4400.314539025,2.167398691177368,2452.713909071794,2489.031019012862,708608000.0
train_tune_4e13c_00119_119,TRANSFORMER,0.0206567182082942,0.8050806314603186,0.7624908504834851,16.99734878540039,43.92686462402344,-87.12732696533203,0.0023846724070608616,-3279.729383931538,2.1067354679107666,2999.2572183718107,3128.2092700919006,839680000.0
train_tune_4e13c_00120_120,TRANSFORMER,0.1763300277011423,0.8086006825822047,0.8436844251485924,39.99795150756836,74.67963409423828,-474.54583740234375,0.0027590265963226557,-4990622.524651298,2.3027873039245605,4894.319549047626,4894.319549047626,1417216000.0
train_tune_4e13c_00121_121,TRANSFORMER,0.126197374934917,0.7666931727192959,0.7541466289645985,25.354324340820312,73.39988708496094,-170.78585815429688,0.00239885994233191,-4126.16652088276,1.4074690341949463,9756.889767039616,9534.005828365627,2715648000.0
train_tune_4e13c_00122_122,TRANSFORMER,0.0880421444656536,0.8096855918859643,0.8553546765853829,11.821502685546875,30.218490600585938,-30.004276275634766,0.0009906223276630044,-522952.791822052,0.45192813873291016,8456.96074515089,8457.209956315082,4145152000.0
train_tune_4e13c_00123_123,TRANSFORMER,0.030679012345679,0.7937012199192891,0.7949826217871993,28.139026641845703,55.3980827331543,-227.61956787109375,0.0018391436897218227,-17784.83841797547,1.3745074272155762,2239.6001310734528,2120.115051103012,708608000.0
train_tune_4e13c_00124_124,TRANSFORMER,0.025375290496828,0.8025935878271454,0.8110212702034842,44.63261032104492,110.23859405517578,-778.0867919921875,0.0028268012683838606,-4703.148458946417,3.7036261558532715,5473.091978608094,5521.6050090018525,2715648000.0
train_tune_4e13c_00125_125,TRANSFORMER,0.1264363000108241,0.7968807727884683,0.7995937465689485,15.58094310760498,40.097145080566406,-73.14730834960938,0.005473787896335125,-318462.91559847165,2.374051570892334,4042.945386599429,3634.159850028748,1548288000.0
train_tune_4e13c_00126_126,TRANSFORMER,0.025375290496828,0.8019405901029666,0.8091718747765381,44.625885009765625,110.21055603027344,-777.3590087890625,0.0028260869439691305,-4660.89144710242,3.702591896057129,5474.054131839192,5522.420018992074,2715648000.0
train_tune_4e13c_00127_127,TRANSFORMER,0.0987044237281452,0.7626424877468766,0.7755474219314168,20.36014175415039,36.18830108642578,-49.541107177734375,0.004514498636126518,-425465.0546169088,4.22198486328125,3047.482199757328,3013.4758855586897,1286144000.0
train_tune_4e13c_00128_128,TRANSFORMER,0.1310083180914818,0.7685151535686686,0.7536794972368498,45.17781066894531,119.07294464111328,-285.9764099121094,0.023403923958539963,-4627.467853634983,3.5246758460998535,16093.844795518744,16177.427869864305,6217728000.0
train_tune_4e13c_00129_129,TRANSFORMER,0.0477114122555262,0.8200804741119233,0.823873673659156,25.683517456054688,59.60619354248047,-135.36978149414062,0.002584118163213134,-3148.911289348353,1.174783706665039,4734.9325668306665,4735.6923230057055,1259520000.0
train_tune_4e13c_00130_130,TRANSFORMER,0.1691827901170818,0.7729995312861498,0.7836214577463827,19.555377960205078,39.320186614990234,-62.927886962890625,0.0018830191111192107,-4326.147440191119,1.194723129272461,2722.070745097527,2685.114479665526,1062912000.0
train_tune_4e13c_00131_131,TRANSFORMER,0.0622581084967671,0.7902423244834585,0.8485689196457035,46.929203033447266,72.30741119384766,-391.0301208496094,0.005429586861282587,-900860.8623150599,4.669206619262695,2903.320905914154,3223.387605342147,1286144000.0
train_tune_4e13c_00132_132,TRANSFORMER,0.1578233822471785,0.7708048055643383,0.7669154868628482,44.16420364379883,123.66873168945312,-221.8800048828125,0.033467940986156464,-552479.8854952211,4.648180961608887,15718.603841490341,16236.651308375764,6217728000.0
train_tune_4e13c_00133_133,TRANSFORMER,0.0735841899013684,0.7932487667552216,0.8339652191944061,20.123172760009766,36.204593658447266,-53.11240005493164,0.0005645481287501752,-8815.557083905907,-0.28276926279067993,2036.071198176821,2082.930583610768,1062912000.0
train_tune_4e13c_00134_134,TRANSFORMER,0.0715457588377952,0.8349876316662262,0.8332455574005246,12.719345092773438,20.576871871948242,-52.159297943115234,0.0016616357024759054,-615525.9532751599,1.8195786476135254,1301.304256155415,1524.1394079938264,643072000.0
train_tune_4e13c_00135_135,TRANSFORMER,0.0676712479991168,0.8390136011241963,0.8371747389988403,27.20503044128418,42.21552276611328,-238.52532958984375,0.004053860437124968,-6678.342235262828,3.1509156227111816,2880.4999364155055,2859.0505289163716,964608000.0
train_tune_4e13c_00136_136,TRANSFORMER,0.0829980806339954,0.7407107425406786,0.8372680908572474,28.13421630859375,73.09323120117188,-243.48770141601562,0.0024498661514371634,-1960565.5987481046,2.4251656532287598,5441.881915530091,5433.64142891459,1810432000.0
train_tune_4e13c_00137_137,TRANSFORMER,0.0653116480641366,0.784939488267939,0.7525910388332063,35.8099365234375,118.77342224121094,-231.94351196289062,0.007371308747678995,-2174.403466958088,2.2485930919647217,18718.39650251696,17891.730873655793,6217728000.0
train_tune_4e13c_00138_138,TRANSFORMER,0.1044916971509735,0.8116185210421105,0.7953674445379916,24.079906463623047,44.11894226074219,-79.71139526367188,0.005254005081951618,-540052.3709934601,3.8582963943481445,3655.780900789718,3230.229603058192,1286144000.0
train_tune_4e13c_00139_139,TRANSFORMER,0.1546355578492731,0.7738770139609786,0.7644977295827231,45.213443756103516,128.9349365234375,-223.07568359375,0.03406544029712677,-568026.0725609125,4.772341728210449,16521.1939926444,16810.508553172163,6217728000.0
train_tune_4e13c_00140_140,TRANSFORMER,0.1583670163788607,0.7743555849025786,0.848822315876555,30.99654769897461,84.5302734375,-309.98431396484375,0.0029417078476399183,-12149.025370328054,1.8548152446746826,9519.32416285263,9514.738347192195,2715648000.0
train_tune_4e13c_00141_141,TRANSFORMER,0.030679012345679,0.820521182341447,0.8234202973993616,50.34150695800781,152.70494079589844,-572.004638671875,0.005086213815957308,-3385.2227162845093,1.763750672340393,17547.681370547652,18173.662353662374,6217728000.0
train_tune_4e13c_00142_142,TRANSFORMER,0.0963889316767196,0.755616191921835,0.7774525049909625,70.57471466064453,160.62319946289062,-728.047119140625,0.009969311766326427,-43783.53305671634,4.463976860046387,10272.19317288944,10300.617355898445,3096576000.0
train_tune_4e13c_00143_143,TRANSFORMER,0.0291015140233308,0.758158150493751,0.8455043385131195,126.83842468261719,263.6830749511719,-2739.0341796875,0.009283764287829399,-1852841.8893195884,3.922267436981201,11815.224964502653,11815.224964502653,3096576000.0
train_tune_4e13c_00144_144,TRANSFORMER,0.1041032305334885,0.8107325235413008,0.828263878231204,24.02060890197754,62.869529724121094,-185.2594757080078,0.0028249563183635473,-2969.5020962543676,1.0371923446655273,11979.913977460017,12047.615991992698,6217728000.0
train_tune_4e13c_00145_145,TRANSFORMER,0.0700962425788403,0.8368158487810814,0.8381618355788448,36.04421615600586,93.97159576416016,-306.863037109375,0.00440562516450882,-248816.06648143212,3.09670352935791,8415.87877071902,8169.993292833806,2715648000.0
train_tune_4e13c_00146_146,TRANSFORMER,0.0253459119496855,0.8011575002625086,0.8329266234405953,51.2865104675293,122.46978759765625,-1036.899169921875,0.0032921687234193087,-211896.25274269207,4.047101974487305,7512.780872147887,7513.897940727923,2715648000.0
train_tune_4e13c_00147_147,TRANSFORMER,0.1726237267441443,0.786526885434109,0.7925683433040637,21.943206787109375,55.74485397338867,-92.76347351074219,0.003419112414121628,-4733519.510451207,1.7483808994293213,4612.39254949575,4612.39254949575,1259520000.0
train_tune_4e13c_00148_148,TRANSFORMER,0.1322701346465827,0.7534514405598173,0.7561766174239857,41.311248779296875,108.706298828125,-225.68048095703125,0.021487003192305565,-2761.6126393872405,3.3367409706115723,13311.232688314982,13338.638962238998,6217728000.0
train_tune_4e13c_00149_149,TRANSFORMER,0.0773241925193169,0.7850602876031351,0.8054047286662845,30.80425453186035,78.63191223144531,-169.9436492919922,0.014492375776171684,-606888.1206076563,4.581313133239746,5767.609613613682,5856.782567635082,1810432000.0
train_tune_4e13c_00150_150,TRANSFORMER,0.1079504251592741,0.8013178509157148,0.7697184745829517,28.192317962646484,50.232749938964844,-169.89505004882812,0.005214167293161154,-2790.3186212684873,4.354800224304199,3977.3654196509997,4059.862313133809,1286144000.0
train_tune_4e13c_00151_151,TRANSFORMER,0.1452010279569285,0.7858017052703054,0.8310575595622026,38.83109664916992,104.21675109863281,-329.6993408203125,0.006433059927076101,-2672.3675780121057,2.9332356452941895,12038.028721472221,11679.576240476903,3620864000.0
train_tune_4e13c_00152_152,TRANSFORMER,0.030679012345679,0.8258335112451004,0.8453061117999553,23.29359245300293,32.07904052734375,-181.8951873779297,0.0017154179513454437,-33483.6910330871,3.010990619659424,1041.5922853358422,1054.131883217956,643072000.0
train_tune_4e13c_00153_153,TRANSFORMER,0.030679012345679,0.7666676228483068,0.7727238996892843,23.334501266479492,36.69852828979492,-181.57269287109375,0.0017260086024180055,-9134.549656644904,3.1320013999938965,1025.5465384550555,990.5784811037571,643072000.0
train_tune_4e13c_00154_154,TRANSFORMER,0.0437147435429011,0.7614215588365769,0.7653611580804163,30.690406799316406,96.50138854980469,-261.8433837890625,0.0019351108931005,-919444.720203406,1.0652564764022827,13846.00171821994,13846.00171821994,4145152000.0
train_tune_4e13c_00155_155,TRANSFORMER,0.1546355578492731,0.7747530462399136,0.7796605978366192,44.99422073364258,131.08241271972656,-227.81216430664062,0.03224709630012512,-595124.0719629101,4.471263885498047,16427.03271550855,16425.523698964607,6217728000.0
train_tune_4e13c_00156_156,TRANSFORMER,0.0625816061077975,0.7918429436134273,0.7825291491016358,45.03480529785156,146.85606384277344,-400.85577392578125,0.0038188286125659943,-7835.531053213427,1.585742473602295,19772.660110658107,19775.73105197332,6217728000.0
train_tune_4e13c_00157_157,TRANSFORMER,0.0960713656014821,0.8233729657393226,0.8345612634486724,17.616151809692383,56.0770378112793,-5.038966178894043,0.005012243054807186,-425806.8837980471,1.1953860521316528,17040.089340217277,17407.452699441335,6217728000.0
train_tune_4e13c_00158_158,TRANSFORMER,0.086748131578021,0.7873803257616286,0.7604860461940888,44.2852783203125,102.93085479736328,-374.8116455078125,0.006537077948451042,-6271.11271445124,3.608837127685547,7566.109181647175,7707.57703779624,2322432000.0
train_tune_4e13c_00159_159,TRANSFORMER,0.0657196979605034,0.7898817502981981,0.8010265272505638,10.809081077575684,23.41837501525879,-50.889549255371094,0.00033681647619232535,-3338.2740196413793,0.8824012875556946,1651.6326193533387,1683.6173408902725,839680000.0
train_tune_4e13c_00160_160,TRANSFORMER,0.1441054905513798,0.7577057500851052,0.7499696132585463,35.89949035644531,98.84896850585938,-274.94622802734375,0.007351933978497982,-2571.405721582654,3.055776357650757,11614.635069069493,11357.330820383986,3620864000.0
train_tune_4e13c_00161_161,TRANSFORMER,0.129758984276546,0.7720154523603414,0.7492993685486375,42.801998138427734,110.8739242553711,-250.79269409179688,0.02281842567026615,-3629.066639872016,3.416623830795288,14918.098590365888,14993.575280761721,6217728000.0
train_tune_4e13c_00162_162,TRANSFORMER,0.030679012345679,0.8147925864558808,0.8378974490728623,30.4129695892334,89.12646484375,-340.0219421386719,0.0022310102358460426,-5729.0608393038465,1.1589292287826538,11770.032796110905,12231.167221289516,4145152000.0
train_tune_4e13c_00163_163,TRANSFORMER,0.1125729701329749,0.793244704625624,0.8511391591246719,18.558940887451172,57.134368896484375,-16.166534423828125,0.002790912054479122,-2011386.7073194003,0.735003650188446,19371.565712834323,19388.559251762876,6217728000.0
train_tune_4e13c_00164_164,TRANSFORMER,0.0569033283741171,0.765672011544961,0.7567883501426618,50.14559555053711,165.0242156982422,-482.69171142578125,0.0038824339862912893,-20369.722295146727,1.645188808441162,22146.11450452631,22176.45188844366,6217728000.0
train_tune_4e13c_00165_165,TRANSFORMER,0.0650237306471774,0.7877614924495525,0.8514705888818579,95.42393493652344,279.4279479980469,-1442.5550537109375,0.004707318730652332,-19080.400749136028,1.8277928829193115,27412.915143362996,27491.59177819,8290304000.0
train_tune_4e13c_00166_166,TRANSFORMER,0.1576200203700315,0.7853683419408442,0.840918092481147,30.158912658691406,80.31874084472656,-301.4023742675781,0.004441112745553255,-3232.815546093328,2.2767181396484375,9318.46383926883,8593.444568276962,2715648000.0
train_tune_4e13c_00167_167,TRANSFORMER,0.0929164829983469,0.8293873312802029,0.8489132544666721,35.30765914916992,102.8114013671875,-384.5260925292969,0.006684130989015102,-768964.8496773056,1.7963018417358398,25004.104161355946,25544.5859834409,8290304000.0
train_tune_4e13c_00168_168,TRANSFORMER,0.0409338731879934,0.7854600611043495,0.7898702941797427,34.46776580810547,57.83013916015625,-165.06558227539062,0.003402869449928403,-10672.61848478665,3.691549062728882,2912.1129298144983,2910.7185091019774,1286144000.0
train_tune_4e13c_00169_169,TRANSFORMER,0.0688466597197471,0.7954476347805991,0.8494144441771576,37.94705581665039,97.0156021118164,-368.6401062011719,0.003963782452046871,-403242.5897583353,3.029198408126831,9083.492240116258,9223.597133471154,2715648000.0
train_tune_4e13c_00170_170,TRANSFORMER,0.0696551914001051,0.7598066914839001,0.7895400571312888,44.320045471191406,116.343505859375,-299.6400146484375,0.01953793317079544,-270799.549827662,5.910109519958496,8560.47012495731,8928.590422909452,2715648000.0
train_tune_4e13c_00171_171,TRANSFORMER,0.0569033283741171,0.7805277291564665,0.7599485075131297,39.438758850097656,131.30609130859375,-266.3099670410156,0.00843715388327837,-2658.074072366895,2.5209097862243652,18531.79206802594,17527.778938063835,6217728000.0
train_tune_4e13c_00172_172,TRANSFORMER,0.0403795416248815,0.779431238110178,0.7942431572868567,24.300373077392578,59.189369201660156,-108.75875854492188,0.007306399755179882,-5711.5019467929815,3.1705641746520996,4829.973180073207,4829.873011817922,1810432000.0
train_tune_4e13c_00173_173,TRANSFORMER,0.0585187195718379,0.8140233533705304,0.8291849478135266,28.649932861328125,57.80096435546875,-326.04443359375,0.004116914700716734,-274097.0987120439,2.8774173259735107,4227.056843324372,4388.665458414195,1548288000.0
train_tune_4e13c_00174_174,TRANSFORMER,0.1038396770988536,0.7750730333925661,0.8185465891210607,35.78569412231445,90.2485122680664,-331.52508544921875,0.005257525015622377,-491073.8391343072,3.1846258640289307,6309.331608737652,6281.037689808584,2322432000.0
train_tune_4e13c_00175_175,TRANSFORMER,0.030679012345679,0.7974449361124313,0.784827631561067,23.05573844909668,51.32835388183594,-141.06454467773438,0.0023407896514981985,-7819.553980013174,2.0184245109558105,2480.2227841713047,2317.49985112531,708608000.0
train_tune_4e13c_00176_176,TRANSFORMER,0.1206070198155796,0.7544025140307083,0.7691781672424781,56.03285217285156,147.37060546875,-396.7145690917969,0.030688932165503502,-2371.563686938688,4.429683685302734,19058.685834010656,19098.269967305703,8290304000.0
train_tune_4e13c_00177_177,TRANSFORMER,0.0923202010923337,0.7713692187223277,0.759583304198443,44.77639389038086,103.43960571289062,-398.3858642578125,0.005432433914393187,-2604.9577344220143,3.5834503173828125,6925.474797229976,6887.539943443053,3096576000.0
train_tune_4e13c_00178_178,TRANSFORMER,0.173261869770002,0.8112234760384777,0.8229419368056096,29.58177947998047,58.07549285888672,-184.0365447998047,0.003189772367477417,-114065.32768009802,2.0500926971435547,4561.767607315759,4455.957893371196,1417216000.0
train_tune_4e13c_00179_179,TRANSFORMER,0.1167243019646816,0.7576691195014923,0.7602916689789909,12.988082885742188,33.6956787109375,-38.89228057861328,0.0009490835946053267,-3350.4538218846906,0.43770676851272583,6032.973955919161,5872.3184067975435,1810432000.0
train_tune_4e13c_00180_180,TRANSFORMER,0.055763134057971,0.7711663969696372,0.831426989895371,99.52739715576172,213.89027404785156,-1697.4248046875,0.011145826429128647,-4759.749065210199,4.84368371963501,5041.6435053996765,5098.716020979013,3096576000.0
train_tune_4e13c_00181_181,TRANSFORMER,0.156123584209287,0.7650310046001922,0.7987121023935563,26.500160217285156,75.18640899658203,-232.69297790527344,0.0036861279513686895,-3271.4049891650075,2.105482578277588,9089.226872745128,9152.546231440843,2715648000.0
train_tune_4e13c_00182_182,TRANSFORMER,0.1147915621446966,0.7604686022297383,0.7622417605856703,13.608848571777344,32.47235870361328,-57.07764434814453,0.0006712519098073244,-3888.496622380523,1.0067311525344849,2714.006832841234,2696.0184267528607,839680000.0
train_tune_4e13c_00183_183,TRANSFORMER,0.0649698960043787,0.776782452540314,0.8245383642970444,14.21892261505127,38.78109359741211,-92.70661926269531,0.0016263050492852926,-4131.309302074047,1.1600348949432373,5979.876692359878,5857.795526239874,1810432000.0
train_tune_4e13c_00184_184,TRANSFORMER,0.102915358279075,0.7738895840784824,0.839727771293583,10.967068672180176,28.693716049194336,-22.432331085205078,0.0008484625723212957,-2866.0260296551805,0.3781072199344635,7426.7313124606635,7424.276653129731,4145152000.0
train_tune_4e13c_00185_185,TRANSFORMER,0.066502022399109,0.7756911552361266,0.7913220740001173,16.41594886779785,33.9844970703125,-57.26237487792969,0.0016350096557289362,-5337.046606646047,1.1950985193252563,2012.3278878277179,1994.0834769347293,708608000.0
train_tune_4e13c_00186_186,TRANSFORMER,0.0563555945330113,0.7784397101661437,0.7557068863160442,39.23015594482422,131.23780822753906,-300.50555419921875,0.00716825295239687,-2755.6392236698607,2.3253679275512695,18770.21821219344,19247.42430717443,6217728000.0
train_tune_4e13c_00187_187,TRANSFORMER,0.1224778343893544,0.7937364280376111,0.7859471562275843,41.703006744384766,110.05245971679688,-230.70816040039062,0.021509429439902306,-2298.7725090345107,3.331873655319214,13512.749059295666,13289.675671364017,6217728000.0
train_tune_4e13c_00188_188,TRANSFORMER,0.1038888818230662,0.808211914349691,0.8418365660015361,33.367496490478516,99.50464630126953,-256.52703857421875,0.00762542150914669,-378007.6153025587,1.9552185535430908,24996.853793581668,24514.11836053337,8290304000.0
train_tune_4e13c_00189_189,TRANSFORMER,0.0411514427196968,0.8204662357184075,0.8233752178154856,31.570823669433594,77.65083312988281,-178.1188201904297,0.0038413044530898333,-2553.021865940544,2.1065728664398193,5338.843855202156,5497.399282182306,1679360000.0
train_tune_4e13c_00190_190,TRANSFORMER,0.0820392688521593,0.8195253669582426,0.8350582508332537,33.89846420288086,94.01829528808594,-226.81939697265625,0.004988772328943014,-150625.36964443495,3.0144548416137695,7947.021779244601,8699.773426892507,2715648000.0
train_tune_4e13c_00191_191,TRANSFORMER,0.0885798835017454,0.792251734626852,0.8258148526797283,45.06659698486328,88.4960708618164,-249.68533325195312,0.003085960168391466,-4462.8036091786025,1.8052196502685547,4991.082042716348,4716.5573636817735,1417216000.0
train_tune_4e13c_00192_192,TRANSFORMER,0.0650377502248371,0.7907887616653828,0.8377184064689915,15.806558609008789,46.017311096191406,-21.49637222290039,0.0018515860429033637,-1316248.406639377,0.516716480255127,10975.266424293872,10646.85092758783,4145152000.0
train_tune_4e13c_00193_193,TRANSFORMER,0.0914251665909749,0.7997099156472695,0.8243256886751155,12.450920104980469,34.04929733276367,-27.130468368530273,0.0008225500350818038,-2882.274362011868,0.3759097456932068,7527.137278901074,7532.987926087814,4145152000.0
train_tune_4e13c_00194_194,TRANSFORMER,0.2147669122834175,0.8053795232113146,0.7909022975701427,39.043121337890625,88.950927734375,-479.74481201171875,0.0026919012889266014,-4728743.536331316,1.9460809230804443,7060.473432742244,7060.473432742244,1679360000.0
train_tune_4e13c_00195_195,TRANSFORMER,0.173261869770002,0.8169644631863177,0.8206255359322489,35.71368408203125,66.76448059082031,-346.7276611328125,0.0028525209054350853,-267736.2258102491,2.2091054916381836,4833.622754901789,4616.789550530974,1417216000.0
train_tune_4e13c_00196_196,TRANSFORMER,0.1322701346465827,0.7561992337070226,0.7597665285536949,41.283756256103516,108.6302719116211,-224.67575073242188,0.021473193541169167,-2596.5762165969672,3.3227438926696777,13237.278178870269,13416.953124910102,6217728000.0
train_tune_4e13c_00197_197,TRANSFORMER,0.1737547923565602,0.7623659737171534,0.7632188590213079,17.09881591796875,37.9708366394043,-105.68048095703125,0.0017862385138869286,-2183.9371337169277,1.8713648319244385,3375.6173530659785,3333.8749291070726,1548288000.0
train_tune_4e13c_00198_198,TRANSFORMER,0.1839763191847609,0.7556175110840404,0.7898200764992906,26.66162109375,76.35298919677734,-237.96998596191406,0.0048638442531228065,-3074.7206934753685,2.368401050567627,8493.787745106518,8491.447176627218,2715648000.0
train_tune_4e13c_00199_199,TRANSFORMER,0.0709215330054089,0.794433575653238,0.8229908231127187,24.928333282470703,62.22641372680664,-170.49407958984375,0.002278183586895466,-682113.9226248197,2.1547014713287354,5542.335372184221,6024.944533963302,1810432000.0
train_tune_4e13c_00200_200,TRANSFORMER,0.0821986017499026,0.7648363302650477,0.7711734695407687,35.50758361816406,91.55597686767578,-210.9583740234375,0.007980248890817165,-2487.446865145829,3.8667640686035156,6598.046355299142,6605.642348916843,2715648000.0
train_tune_4e13c_00201_201,TRANSFORMER,0.1432846452684768,0.7663844943495453,0.8089956464638665,15.854707717895508,37.32834243774414,-68.16342163085938,0.0036796380300074816,-701905.3251799556,1.9228851795196533,3632.0402141643317,3612.9260030073087,1548288000.0
train_tune_4e13c_00202_202,TRANSFORMER,0.1482064392799059,0.7659984524254994,0.7543478721815412,50.015289306640625,148.3642578125,-326.024658203125,0.031141746789216995,-1524055.104862864,4.2626495361328125,17231.764829949017,17797.038037785576,6217728000.0
train_tune_4e13c_00203_203,TRANSFORMER,0.1221456427975312,0.7781537502113488,0.7205725348681268,65.60955047607422,174.53648376464844,-585.1924438476562,0.034764472395181656,-376736.2020183439,5.058291912078857,22872.15676208831,22867.776772104502,8290304000.0
train_tune_4e13c_00204_204,TRANSFORMER,0.1067585633245796,0.8336723078140773,0.8430844824207332,48.0576057434082,133.22305297851562,-619.3873291015625,0.005088616628199816,-2507.9791139031895,1.9035117626190186,13790.245955864022,13737.448289374632,8290304000.0
train_tune_4e13c_00205_205,TRANSFORMER,0.1452010279569285,0.744360687985581,0.8427676051894409,49.8422737121582,134.20968627929688,-567.1710205078125,0.004892096854746342,-23698.185800854873,2.6285977363586426,13345.678190770968,13346.893267229461,3620864000.0
train_tune_4e13c_00206_206,TRANSFORMER,0.0607800453322395,0.7519913644039148,0.7266657640599729,38.8957405090332,73.24029541015625,-233.7879638671875,0.003868231549859047,-4198.811555594258,4.208912372589111,2840.703208557006,2829.2506600137717,1286144000.0
train_tune_4e13c_00207_207,TRANSFORMER,0.0565489695306204,0.7890530320709592,0.8288746240439147,30.129636764526367,60.631961822509766,-366.92962646484375,0.004342203494161367,-303582.72854579054,3.0578112602233887,4226.64638452577,4414.625791690673,1548288000.0
train_tune_4e13c_00208_208,TRANSFORMER,0.0484323590857999,0.7455183038694919,0.7431255406281091,28.498441696166992,89.10582733154297,-213.36184692382812,0.0017054276540875435,-818065.3628795459,0.9377374649047852,13865.99261685128,13865.99261685128,4145152000.0
train_tune_4e13c_00209_209,TRANSFORMER,0.1458032798606058,0.7630405472237743,0.7843177152305253,26.275617599487305,76.58177185058594,-132.0354461669922,0.0051854499615728855,-2380.6809740319404,2.361168146133423,12284.683852726748,12048.989940678961,3620864000.0
train_tune_4e13c_00210_210,TRANSFORMER,0.0291015140233308,0.7778243735905174,0.8610022828491358,63.05426788330078,136.21041870117188,-990.2718505859375,0.004972756374627352,-15504.203523091195,2.7328343391418457,7094.422682102446,6878.773313670833,2322432000.0
train_tune_4e13c_00211_211,TRANSFORMER,0.1202973491073713,0.7618091294975016,0.7572676949649225,64.8637466430664,177.2794647216797,-571.0694580078125,0.03330675885081291,-5447.199080721023,4.871133804321289,22296.588037814752,22362.51476946032,8290304000.0
train_tune_4e13c_00212_212,TRANSFORMER,0.1018083894796223,0.8013524373278429,0.8387253604569674,25.884078979492188,67.40354919433594,-206.89141845703125,0.0029223973397165537,-518897.6670528039,1.1026289463043213,14133.312336800245,14133.527055682734,6217728000.0
train_tune_4e13c_00213_213,TRANSFORMER,0.0547550989097182,0.814394336500305,0.8182135693536198,17.557750701904297,43.5239372253418,-103.20919799804688,0.0010192011250182986,-4578.607516583971,1.9357757568359375,3507.1535702725596,3532.41147966711,1810432000.0
train_tune_4e13c_00214_214,TRANSFORMER,0.1472099479159366,0.7878370546631369,0.7532886083422364,71.87381744384766,214.3376007080078,-645.7529907226562,0.04003184288740158,-5904650.960395547,5.483318328857422,24956.519025115438,24956.519025115438,8290304000.0
train_tune_4e13c_00215_215,TRANSFORMER,0.0309657320872274,0.778326435911079,0.8083400104673926,72.78002166748047,112.67964172363281,-823.3189697265625,0.006216172594577074,-7400.87961610356,5.707150459289551,2230.233862814322,2215.1730779644004,1286144000.0
train_tune_4e13c_00216_216,TRANSFORMER,0.0765293383270911,0.7912277970559414,0.7565509428297522,12.20698070526123,20.687631607055664,-59.67423629760742,0.0016889609396457672,-8979.709619507585,1.5626105070114136,1976.8809277365726,1974.9327083875485,643072000.0
train_tune_4e13c_00217_217,TRANSFORMER,0.0560487083191077,0.7959179970007488,0.8605092828284303,97.71184539794922,197.96600341796875,-1572.129638671875,0.015456033870577812,-71408.2458062735,5.097535133361816,8813.238720532956,10110.376932916626,3096576000.0
train_tune_4e13c_00218_218,TRANSFORMER,0.0569033283741171,0.7868155669501872,0.7322020434745369,43.29494094848633,150.1152801513672,-344.8827209472656,0.006041321903467178,-3099.5574828933313,1.9846208095550537,18233.073836799053,18122.1556605328,6217728000.0
train_tune_4e13c_00219_219,TRANSFORMER,0.0274217996417252,0.799695805426435,0.8134163150984954,38.630794525146484,93.79835510253906,-551.781005859375,0.0025742112193256617,-4856.854107524596,3.296792984008789,5582.680743725139,5626.898457585508,2715648000.0
train_tune_4e13c_00220_220,TRANSFORMER,0.0312342703916587,0.7988994865314284,0.8169569919990622,22.20073890686035,50.4987678527832,-231.25466918945312,0.00038755006971769035,-5862.179502424368,1.3935778141021729,2748.7442959706214,2698.1342409876506,1259520000.0
train_tune_4e13c_00221_221,TRANSFORMER,0.0724851598581464,0.758584019492556,0.7635269414342565,43.30617141723633,114.17933654785156,-288.2564697265625,0.0193161778151989,-273871.05848008796,5.507534027099609,8117.104586359991,8079.351176564849,2715648000.0
train_tune_4e13c_00222_222,TRANSFORMER,0.0784529310055343,0.7415734133781114,0.7538710894296411,63.955387115478516,144.22735595703125,-553.2735595703125,0.009527639485895634,-110352.78621799599,4.5354509353637695,10291.703722258157,10308.747574448847,3096576000.0
train_tune_4e13c_00223_223,TRANSFORMER,0.0859766691914057,0.7884947559802599,0.7650760418137814,19.39160919189453,47.96550750732422,-95.99944305419922,0.0006215059547685087,-69730.82558824081,0.9327229261398315,4396.579325744983,4396.461226453056,1259520000.0
train_tune_4e13c_00224_224,TRANSFORMER,0.0607687087420568,0.7668969661091974,0.7615591319788049,66.19662475585938,167.66754150390625,-842.0142822265625,0.007382835261523724,-279902.7469146838,4.260549068450928,8427.254198266062,8427.254198266062,3096576000.0
train_tune_4e13c_00225_225,TRANSFORMER,0.076755143410261,0.7883982580133373,0.8157382871337435,18.63981819152832,35.48332214355469,-35.638877868652344,0.0004095342301297933,-6037.365230864496,-0.3096679449081421,2042.7174741812055,2055.523855177976,1062912000.0
train_tune_4e13c_00226_226,TRANSFORMER,0.030679012345679,0.7930231347895503,0.8335992995532369,33.856101989746094,94.9450454711914,-377.18963623046875,0.001814346993342042,-5968.027774827607,1.0039124488830566,11889.472289526697,11821.82691613993,4145152000.0
train_tune_4e13c_00227_227,TRANSFORMER,0.0709215330054089,0.8050814387147618,0.7953097980073588,23.782838821411133,61.30498504638672,-149.56546020507812,0.002882014261558652,-348663.38441181736,2.19732666015625,5723.3329784581965,6002.845509025906,1810432000.0
train_tune_4e13c_00228_228,TRANSFORMER,0.0866633999880218,0.8027907345218305,0.8047167160460997,11.70973014831543,32.387935638427734,-24.695377349853516,0.0008001209353096783,-2405.8501578148393,0.3745696544647217,6945.2396685452095,6888.309956962621,4145152000.0
train_tune_4e13c_00229_229,TRANSFORMER,0.0786965933278868,0.7687873092734278,0.7574047584766267,18.917274475097656,46.689762115478516,-97.70389556884766,0.0006460387376137078,-2780.2596432251053,1.1156797409057617,3630.868281749663,3589.068966133951,1259520000.0
train_tune_4e13c_00230_230,TRANSFORMER,0.055763134057971,0.7757860160040173,0.8388576793023113,34.200984954833984,66.81269073486328,-455.95196533203125,0.003306420287117362,-5601264.429985719,2.979034662246704,3030.575840109081,3030.575840109081,1548288000.0
train_tune_4e13c_00231_231,TRANSFORMER,0.1548743401521453,0.8078557289519307,0.7858747288896119,11.647708892822266,24.42794418334961,-18.3048038482666,0.002730655949562788,-307252.50910817913,1.7895314693450928,2042.1607408090379,2032.5209695440676,708608000.0
train_tune_4e13c_00232_232,TRANSFORMER,0.0735541156707463,0.7833211262907195,0.8326948138633599,47.57788848876953,74.27165222167969,-498.3037109375,0.007312956731766462,-968281.1760276265,5.077374458312988,4111.348701061775,4111.348701061775,1286144000.0
train_tune_4e13c_00233_233,TRANSFORMER,0.0339802849058624,0.7862626807622082,0.7811759651061919,22.994991302490234,38.302982330322266,-94.1305160522461,0.0022059129551053047,-6021.313825320095,2.8309528827667236,1955.7239273977682,1929.6259396102748,964608000.0
train_tune_4e13c_00234_234,TRANSFORMER,0.0254333082140165,0.7675135916768069,0.8348972317642089,85.93909454345703,203.47976684570312,-2130.6953125,0.007179254200309515,-5936451.905613423,5.23753547668457,9603.450686591248,9603.450686591248,3620864000.0
train_tune_4e13c_00235_235,TRANSFORMER,0.1079504251592741,0.797224094595801,0.7641447046965452,25.533098220825195,45.16175079345703,-131.7731170654297,0.005504800472408533,-2105.805264835159,4.386724472045898,3765.0976742539824,3628.1655443309755,1286144000.0
train_tune_4e13c_00236_236,TRANSFORMER,0.1190119802431986,0.803421918209398,0.7674416533309819,22.839738845825195,40.78648376464844,-106.86509704589844,0.004843544214963913,-2326.4213251380675,3.892728805541992,3455.149671676915,3620.93734231831,1286144000.0
train_tune_4e13c_00237_237,TRANSFORMER,0.0480471517703706,0.7919261625875293,0.7459865566174922,26.06572723388672,81.2563247680664,-175.3834228515625,0.0022024386562407017,-4336.935146380915,1.1359128952026367,12735.936877349557,12514.518867168059,4145152000.0
train_tune_4e13c_00238_238,TRANSFORMER,0.0642150122366209,0.8031822041001133,0.8510912420437537,27.451812744140625,43.29928970336914,-191.557373046875,0.003131213830783963,-921260.6306679465,3.3733813762664795,2137.4171830354285,2237.0602483194293,964608000.0
train_tune_4e13c_00239_239,TRANSFORMER,0.030679012345679,0.7945559367057179,0.8249234023598743,34.66548538208008,96.0517807006836,-401.0685119628906,0.0016109275165945292,-8855.929818084729,0.953326404094696,11885.746797482165,11945.80739362589,4145152000.0
train_tune_4e13c_00240_240,TRANSFORMER,0.1577717539379314,0.8043855746966134,0.7986087231725354,33.98303985595703,95.33684539794922,-168.47982788085938,0.021569455042481422,-1466966.4875733394,3.282521963119507,10457.727748300395,10489.93682999682,4145152000.0
train_tune_4e13c_00241_241,TRANSFORMER,0.1776097199699325,0.8063143972634617,0.7673587757024447,32.888587951660156,69.82018280029297,-171.59410095214844,0.0032309284433722496,-7217.941541251884,2.1457390785217285,3891.331719884799,3432.1734056953323,1062912000.0
train_tune_4e13c_00242_242,TRANSFORMER,0.1225090297653666,0.7824553152742783,0.7667163656499189,29.48398780822754,76.4894027709961,-131.40512084960938,0.015311243012547493,-2987.9896837853244,2.5273451805114746,9386.511214094127,9418.910682546886,4145152000.0
train_tune_4e13c_00243_243,TRANSFORMER,0.1390530442308628,0.7692416460248764,0.7880519285319898,21.981056213378906,53.278526306152344,-102.24192810058594,0.00691098440438509,-194762.2821443075,3.0888099670410156,5038.817221760682,5613.906399004757,2322432000.0
train_tune_4e13c_00244_244,TRANSFORMER,0.0820392688521593,0.8153667844129688,0.8616621472189842,38.19451141357422,104.06144714355469,-305.9630126953125,0.003642733208835125,-281151.35266138415,2.827256917953491,8493.79998185285,8681.839473875441,2715648000.0
train_tune_4e13c_00245_245,TRANSFORMER,0.0322505663606179,0.7838438485424111,0.7769455693331424,17.7509708404541,32.17036056518555,-78.96761322021484,0.0017445423873141408,-6011.0262238179175,2.461200714111328,1427.7186531470747,1429.5959334385368,643072000.0
train_tune_4e13c_00246_246,TRANSFORMER,0.055763134057971,0.7646756065162884,0.8284073208964454,69.50828552246094,146.49635314941406,-1136.0419921875,0.007600031327456236,-5331.247480984022,4.453598499298096,4375.318655589265,4415.529113548364,2322432000.0
train_tune_4e13c_00247_247,TRANSFORMER,0.0920548632339527,0.8206831443053905,0.8371951914856922,29.256256103515625,78.88999938964844,-301.03179931640625,0.0031382059678435326,-105592.96122896591,1.2639644145965576,15770.658083897513,15765.819077252134,6217728000.0
train_tune_4e13c_00248_248,TRANSFORMER,0.128972488040395,0.821247335825324,0.8564221499308856,37.350860595703125,72.58177185058594,-237.37738037109375,0.002853263169527054,-2128289.784028643,1.871290683746338,4313.081136549596,4320.459767935276,1417216000.0
train_tune_4e13c_00249_249,TRANSFORMER,0.0729665404143739,0.7831326458520977,0.7360028065851266,41.79088592529297,113.1019058227539,-264.92913818359375,0.021313823759555817,-276830.21338209324,5.585638523101807,9084.316698401926,8373.060351335222,2715648000.0
train_tune_4e13c_00250_250,TRANSFORMER,0.09814884208989,0.7351190274345102,0.7982779195514066,14.697261810302734,26.0707950592041,-29.877338409423828,0.003093428211286664,-644836.084232571,2.815368175506592,2188.6160150026367,2396.9842030552795,964608000.0
train_tune_4e13c_00251_251,TRANSFORMER,0.0307302293946701,0.8026215232756423,0.7677612530044423,25.854633331298828,56.308685302734375,-174.57383728027344,0.002186105353757739,-9739.654388748366,1.7415030002593994,2832.089124968665,2607.2505614602733,708608000.0
train_tune_4e13c_00252_252,TRANSFORMER,0.1041768016189252,0.7923442241637962,0.8178715819675008,23.93669891357422,42.42200469970703,-32.41616439819336,0.0004213030042592436,-5934.0131730090225,-0.44076550006866455,2881.9361234178054,2826.9261712303537,1417216000.0
train_tune_4e13c_00253_253,TRANSFORMER,0.1297712881010468,0.7771267714350324,0.8248560635991441,42.218902587890625,80.3478012084961,-205.4703369140625,0.0028475476428866386,-4696.85616077997,1.4644955396652222,4026.332385184331,4402.833021822452,1417216000.0
train_tune_4e13c_00254_254,TRANSFORMER,0.1723774460281083,0.7623454771352303,0.7644820178946353,32.99257278442383,75.03599548339844,-275.5106201171875,0.0036819151137024164,-3872.944117753823,2.96107816696167,5531.170956149467,5494.835240522163,2322432000.0
train_tune_4e13c_00255_255,TRANSFORMER,0.1583670163788607,0.7879565615195198,0.8530372630790594,23.691869735717773,66.06971740722656,-170.17672729492188,0.004203209187835455,-2871.9997298005683,2.1073083877563477,8145.42816769008,8494.98564616671,2715648000.0
train_tune_4e13c_00256_256,TRANSFORMER,0.1297652669569162,0.7619330894592667,0.7674827482203992,57.62582778930664,152.21409606933594,-422.52001953125,0.03138776496052742,-2834.6545837107537,4.545961856842041,20061.840331312964,20135.91339035017,8290304000.0
train_tune_4e13c_00257_257,TRANSFORMER,0.0334574798261949,0.8175393633309689,0.8414750539000794,23.666790008544922,56.08226013183594,-134.89942932128906,0.0026749600656330585,-2508.1221754270427,1.6913909912109375,3931.989954362314,4450.78982576945,1259520000.0
train_tune_4e13c_00258_258,TRANSFORMER,0.0456879738876765,0.7952485568845987,0.7940515566378368,17.075908660888672,45.27907943725586,-103.0396728515625,0.0008756985771469772,-2762.0068165230796,1.79732084274292,3157.721930171678,3178.190643443189,1810432000.0
train_tune_4e13c_00259_259,TRANSFORMER,0.1472099479159366,0.7793971966390766,0.7776481372212216,63.979915618896484,189.21116638183594,-459.5938720703125,0.04525851085782051,-529965.1114467661,5.376150608062744,23123.239207181203,24321.059028405798,8290304000.0
train_tune_4e13c_00260_260,TRANSFORMER,0.1652053267560638,0.7859114210239438,0.7874524898825738,20.034584045410156,52.842681884765625,-75.84664154052734,0.0041887229308485985,-373501.80098931724,2.3291285037994385,4604.753189233364,4569.373119641157,1259520000.0
train_tune_4e13c_00261_261,TRANSFORMER,0.0291015140233308,0.758158150493751,0.8455043385131195,126.83842468261719,263.6830749511719,-2739.0341796875,0.009283764287829399,-1852841.8893195884,3.922267436981201,11815.224964502653,11815.224964502653,3096576000.0
train_tune_4e13c_00262_262,TRANSFORMER,0.1206070198155796,0.7589085995695454,0.7565307160317177,62.31910705566406,165.77781677246094,-520.3974609375,0.0337509959936142,-4947.074470849143,4.899999141693115,21943.293389802602,21915.30632587503,8290304000.0
train_tune_4e13c_00263_263,TRANSFORMER,0.1135000343338437,0.790690270687473,0.7907693195386823,12.133357048034668,25.97696304321289,-22.01040267944336,0.002983848797157407,-459401.87732248125,1.7520637512207031,2160.0701319706386,2160.4045808211135,708608000.0
train_tune_4e13c_00264_264,TRANSFORMER,0.0396409640860385,0.7664376214189591,0.7434315503686824,32.94635772705078,54.94049835205078,-156.04046630859375,0.0032019992358982563,-4998.861546018456,3.6512134075164795,2711.0076760532415,2695.0939014812757,1286144000.0
train_tune_4e13c_00265_265,TRANSFORMER,0.0622017919750681,0.8040314703956125,0.7618946470914262,26.84662628173828,68.11603546142578,-138.21006774902344,0.0037134215235710144,-2883.6565851866676,2.4465219974517822,4850.23365229824,4999.2678676229625,1259520000.0
train_tune_4e13c_00266_266,TRANSFORMER,0.0650237306471774,0.7895578492381241,0.8437348253400893,85.52466583251953,257.0065002441406,-1184.606689453125,0.006523571442812681,-3390.5823891594814,2.368692398071289,25362.476895808562,24438.24705088182,8290304000.0
train_tune_4e13c_00267_267,TRANSFORMER,0.0334574798261949,0.8159186407386662,0.8469262044111786,29.599483489990234,68.939453125,-241.13604736328125,0.0019334176322445273,-5295.812474675629,1.3027637004852295,4658.755576767634,4984.722248975877,1259520000.0
train_tune_4e13c_00268_268,TRANSFORMER,0.1088229138229138,0.8161559805659437,0.8417437171993226,20.564743041992188,33.33572006225586,-149.38648986816406,0.0036103094462305307,-7829.290574718184,2.901414155960083,2538.171537624624,2585.68712168412,964608000.0
train_tune_4e13c_00269_269,TRANSFORMER,0.025375290496828,0.8019215640395908,0.8202576946482519,48.41499328613281,117.19483184814453,-922.3828125,0.0031007654033601284,-7022.6218117494645,3.8579583168029785,6253.375331103554,6248.486705334665,2715648000.0
train_tune_4e13c_00270_270,TRANSFORMER,0.1041768016189252,0.7987565227724894,0.8279321667451333,24.770811080932617,43.53553009033203,-40.412940979003906,0.0004124506958760321,-10611.656442452677,-0.3985879123210907,3047.9642582673405,3063.534306607665,1417216000.0
train_tune_4e13c_00271_271,TRANSFORMER,0.1088229138229138,0.7931348668035985,0.8423473639973557,22.34642791748047,35.72698974609375,-172.1502685546875,0.003646919969469309,-45980.02255623126,2.7507643699645996,2614.786927984466,2614.3693521045157,964608000.0
train_tune_4e13c_00272_272,TRANSFORMER,0.0709215330054089,0.7770320644066798,0.8477086177543209,26.625696182250977,65.76101684570312,-189.83883666992188,0.002065019216388464,-1555096.1744022353,2.034433126449585,6179.526940981401,6162.325049654562,1810432000.0
train_tune_4e13c_00273_273,TRANSFORMER,0.0254913040748414,0.7906427008064166,0.8294109640993752,81.71147155761719,194.23422241210938,-1914.518310546875,0.006943446584045887,-8365.172460286516,5.050137519836426,8535.29455838614,8650.196784589622,3620864000.0
train_tune_4e13c_00274_274,TRANSFORMER,0.1108735282864544,0.7717087501725999,0.7781502948124172,14.223031997680664,38.238529205322266,-48.59596633911133,0.0013929457636550069,-2679.643783413105,0.7245256900787354,6278.812708913262,6177.713042558249,1810432000.0
train_tune_4e13c_00275_275,TRANSFORMER,0.1073166713790266,0.8215343825601938,0.8329338320594314,52.07796859741211,137.55885314941406,-743.4400634765625,0.006444750353693962,-4408.163782414877,2.1333913803100586,19161.056703510985,18977.477995592715,8290304000.0
train_tune_4e13c_00276_276,TRANSFORMER,0.0819980494802569,0.823059304017339,0.8487480278872459,20.281354904174805,62.0509147644043,-33.32406997680664,0.002409834647551179,-9410074.22276551,0.767182469367981,19400.772504062454,19400.772504062454,6217728000.0
train_tune_4e13c_00277_277,TRANSFORMER,0.030679012345679,0.8196197339852317,0.8419652365341959,27.91713523864746,41.58498764038086,-263.310546875,0.002093265997245908,-755067.1398258051,3.5399060249328613,1267.7509934338163,1267.7509934338163,643072000.0
train_tune_4e13c_00278_278,TRANSFORMER,0.0819980494802569,0.7792541927772088,0.7973527548832986,18.469802856445312,60.62055969238281,-0.30941009521484375,0.0054545933380723,-345859.8987528619,1.4443981647491455,17261.47691661329,16764.501345870227,6217728000.0
train_tune_4e13c_00279_279,TRANSFORMER,0.0480471517703706,0.7916319422248987,0.7323705607073379,22.7045841217041,74.41355895996094,-138.53819274902344,0.0033565950579941273,-3036.140074891506,1.3273887634277344,12630.452537391595,12178.987588653848,4145152000.0
train_tune_4e13c_00280_280,TRANSFORMER,0.0360381469149504,0.7790379852495146,0.7859338867783934,27.105615615844727,50.93417739868164,-145.61795043945312,0.0026615781243890524,-4417.3779246148,3.3108959197998047,2090.012102255591,2046.714289164898,964608000.0
train_tune_4e13c_00281_281,TRANSFORMER,0.0743365036307135,0.7923367387565244,0.7547347769643707,30.209566116333008,77.56990051269531,-157.4906005859375,0.014874663203954697,-493882.9643782571,4.605189800262451,5396.318500726993,5568.387724992147,1810432000.0
train_tune_4e13c_00282_282,TRANSFORMER,0.0956489191035383,0.7680531593957817,0.7880954587739476,47.02105712890625,107.11600494384766,-460.06317138671875,0.0057271188125014305,-23058.51259720445,3.3089094161987305,8504.2519145081,8515.038746587345,2322432000.0
train_tune_4e13c_00283_283,TRANSFORMER,0.0330148229817469,0.8017678667866827,0.8401123186846181,18.615461349487305,42.10760498046875,-111.06343078613281,0.0018670212011784315,-4326.411671308643,0.7741038799285889,3603.299040792524,3321.6979468163545,839680000.0
train_tune_4e13c_00284_284,TRANSFORMER,0.1086554012048712,0.7988319696521883,0.82777032327333,11.495372772216797,30.098241806030273,-22.891571044921875,0.0008183000609278679,-2836.2885965910446,0.3623063266277313,7462.373118735397,7485.186151554467,4145152000.0
train_tune_4e13c_00285_285,TRANSFORMER,0.0486824224613357,0.7832497237769512,0.7413320243651494,22.834880828857422,72.48728942871094,-138.48948669433594,0.0033518285490572453,-2873.1851548787263,1.2764532566070557,12972.84115381556,11629.497451889405,4145152000.0
train_tune_4e13c_00286_286,TRANSFORMER,0.09814884208989,0.7575512426589731,0.7848036417272386,15.245707511901855,27.044902801513672,-36.102115631103516,0.0029421416111290455,-676938.7878590196,2.857114315032959,2196.2876601824,2249.772185625062,964608000.0
train_tune_4e13c_00287_287,TRANSFORMER,0.1097464372978931,0.7566409050141895,0.7512617558518303,17.41002082824707,31.694849014282227,-44.85093307495117,0.0030125021003186703,-1082487.832434832,2.835716485977173,2478.98153304936,2531.124561617688,964608000.0
train_tune_4e13c_00288_288,TRANSFORMER,0.0669936460224429,0.7735059218991059,0.7513250220028759,55.413944244384766,189.33599853515625,-459.70257568359375,0.010928723961114883,-2489.307563245655,3.0493876934051514,24194.76028145885,27156.50734697253,8290304000.0
train_tune_4e13c_00289_289,TRANSFORMER,0.1673361046915462,0.7934038460291677,0.7708387626722751,41.24522399902344,85.80845642089844,-228.0745849609375,0.00427946588024497,-5770.457122213739,3.323145866394043,4544.859939360998,4763.1598838335585,1417216000.0
train_tune_4e13c_00290_290,TRANSFORMER,0.055763134057971,0.7682339601720369,0.8414168151408403,115.71070861816406,236.25820922851562,-2263.66845703125,0.012837504968047142,-13261.324722044114,5.22036075592041,7052.53734186839,7042.065502895535,3096576000.0
train_tune_4e13c_00291_291,TRANSFORMER,0.030679012345679,0.7787224494958903,0.8390702746655511,51.80119323730469,162.76914978027344,-591.019287109375,0.004813439212739468,-3388.689393698406,1.756678581237793,17929.125400330584,16833.45468698568,6217728000.0
train_tune_4e13c_00292_292,TRANSFORMER,0.0309657320872274,0.7777051510761505,0.7929458172034866,83.3096694946289,123.59590148925781,-1062.7322998046875,0.007199731655418873,-408943.0626709137,6.1032328605651855,2927.500255602793,2927.908648083392,1286144000.0
train_tune_4e13c_00293_293,TRANSFORMER,0.055763134057971,0.7836954081926336,0.8320747165279502,60.45317077636719,119.88162994384766,-900.158935546875,0.006941885221749544,-6799.05489590381,4.18325138092041,4305.1225238480965,4367.742260824381,2322432000.0
train_tune_4e13c_00294_294,TRANSFORMER,0.0307302293946701,0.7921115846548089,0.7396406589344758,26.961915969848633,58.194915771484375,-199.34121704101562,0.0019792215898633003,-1303542.2994751062,1.5074491500854492,2658.7187225612274,2658.7187225612274,708608000.0
train_tune_4e13c_00295_295,TRANSFORMER,0.0773241925193169,0.783276940832209,0.7877906684116289,32.952430725097656,84.92156982421875,-200.28787231445312,0.013601195067167282,-2158737.5829571076,4.528911113739014,6194.912173397408,6192.398160902459,1810432000.0
train_tune_4e13c_00296_296,TRANSFORMER,0.0742392620797295,0.7357743410996048,0.7336108850899832,42.844398498535156,96.61279296875,-334.1685791015625,0.00558451609686017,-37473.41483466155,3.4102635383605957,7477.566231642529,7486.449588157015,2322432000.0
train_tune_4e13c_00297_297,TRANSFORMER,0.055763134057971,0.7710685268132735,0.8405142534347737,109.03614807128906,213.02943420410156,-2089.52099609375,0.013041269034147263,-6557031.455288976,5.389347076416016,7323.965889917634,7323.965889917634,3096576000.0
train_tune_4e13c_00298_298,TRANSFORMER,0.030679012345679,0.7832322628133298,0.8205759650287444,26.17635726928711,51.09321212768555,-193.7989959716797,0.0022657536901533604,-8924.084980738318,1.681279182434082,2107.9456036394577,2217.224965121863,708608000.0
train_tune_4e13c_00299_299,TRANSFORMER,0.0291015140233308,0.7542935330858548,0.8382221269516505,101.1587905883789,217.57192993164062,-1789.213134765625,0.010480115190148354,-16718.529304165644,4.248982906341553,9138.293078332383,9583.448739926396,3096576000.0
train_tune_4e13c_00300_300,TRANSFORMER,0.0706546795758414,0.805541949804728,0.8337009990963558,40.75838851928711,65.28312683105469,-361.4034423828125,0.007153771817684174,-4905.204552839473,4.879291534423828,3426.794628977522,3834.880617602282,1286144000.0
train_tune_4e13c_00301_301,TRANSFORMER,0.1539725744997631,0.7758145106890159,0.7593074605091191,61.0970573425293,176.80010986328125,-438.257080078125,0.040169816464185715,-459173.94421069557,5.221518516540527,23454.350352359037,22987.304403379712,8290304000.0
train_tune_4e13c_00302_302,TRANSFORMER,0.129758984276546,0.7716110801313453,0.7522120677921742,40.21874237060547,103.46572875976562,-211.56536865234375,0.021490421146154404,-2650.9877110762145,3.220332145690918,13799.139723256425,13800.021524977004,6217728000.0
train_tune_4e13c_00303_303,TRANSFORMER,0.1511564139844849,0.7734373178529784,0.7607789639592406,48.52782440185547,140.73309326171875,-310.3490905761719,0.031031634658575058,-1515037.6672870505,4.228097915649414,16259.917612075817,16752.44072514781,6217728000.0
train_tune_4e13c_00304_304,TRANSFORMER,0.1058031919559712,0.7832916426584351,0.7703002660447368,51.23942565917969,121.8269271850586,-372.2611083984375,0.010519533418118954,-4235.357243837428,4.513632774353027,8619.834161440107,9051.348923263165,3096576000.0
train_tune_4e13c_00305_305,TRANSFORMER,0.1503315280763553,0.8055084881619873,0.754725236892395,42.290985107421875,90.47738647460938,-251.55824279785156,0.003809258807450533,-9071.894237785944,3.037848711013794,4705.691409805972,4798.481640226659,1417216000.0
train_tune_4e13c_00306_306,TRANSFORMER,0.1260803481779129,0.7715763089998545,0.7446401453632748,30.729551315307617,78.06854248046875,-146.69485473632812,0.016149111092090607,-1399397.5266707554,2.569211483001709,10135.39739716438,10135.39739716438,4145152000.0
train_tune_4e13c_00307_307,TRANSFORMER,0.0715118539750255,0.8304579720539698,0.8430148097300161,13.685375213623047,21.655921936035156,-60.69158935546875,0.0015338477678596973,-722969.6803253489,1.8912663459777832,1412.0456167900804,1467.2404181742495,643072000.0
train_tune_4e13c_00308_308,TRANSFORMER,0.0291015140233308,0.7695022840319536,0.8517513338377306,111.33821868896484,236.3268280029297,-1959.3095703125,0.00899551622569561,-16679.753122026163,3.620870590209961,9634.360295475592,10694.281981283018,3096576000.0
train_tune_4e13c_00309_309,TRANSFORMER,0.1024999540577756,0.7992886451968203,0.7756248979627577,32.78115463256836,58.45271301269531,-235.56031799316406,0.005354263819754124,-3979.1348722930234,4.784430503845215,4114.771981848537,4263.927977650325,1286144000.0
train_tune_4e13c_00310_310,TRANSFORMER,0.0994230864253793,0.7925632595279923,0.8247834194525838,21.988956451416016,61.18318557739258,-146.41943359375,0.002220733091235161,-2269.675104583311,0.8949548006057739,9245.605668019785,9287.510858021376,6217728000.0
train_tune_4e13c_00311_311,TRANSFORMER,0.0639874091305658,0.7921063711023265,0.7436401409651651,58.781333923339844,196.91436767578125,-513.030029296875,0.009030993096530437,-2868.171979685069,2.9198851585388184,26779.66346162592,25060.524846767767,8290304000.0
train_tune_4e13c_00312_312,TRANSFORMER,0.1053524448049486,0.7778966203748227,0.7557549649935903,49.758758544921875,128.37188720703125,-482.79840087890625,0.008596202358603477,-165283.88055314508,4.172517776489258,8742.568838961575,8704.707182791406,3096576000.0
train_tune_4e13c_00313_313,TRANSFORMER,0.0802931890334256,0.7885295508220275,0.781734460521967,23.254257202148438,49.09020233154297,-111.16104125976562,0.0017752324929460883,-7245.04081540518,1.2611429691314697,3126.21504020906,3119.2357984811033,1062912000.0
train_tune_4e13c_00314_314,TRANSFORMER,0.1016083027419664,0.7885157353614448,0.7876516304361854,8.545551300048828,15.351516723632812,-25.911453247070312,0.0017588566988706589,-2569.494985186389,1.7219431400299072,1793.054038440441,1772.3324073052943,643072000.0
train_tune_4e13c_00315_315,TRANSFORMER,0.0456879738876765,0.8193484316966947,0.8273714091727776,18.915111541748047,48.76120376586914,-135.32855224609375,0.0009601094643585384,-4488.329887999194,1.9711406230926514,3650.8334032359544,3678.580890830114,1810432000.0
train_tune_4e13c_00316_316,TRANSFORMER,0.1017556513969693,0.7778605193497373,0.8167836448071416,26.922319412231445,85.12506866455078,-84.82101440429688,0.009005481377243996,-219875.88204609565,2.2402663230895996,24470.658569704214,23053.201118377194,8290304000.0
train_tune_4e13c_00317_317,TRANSFORMER,0.0865343491367654,0.7740480907988658,0.7799334395623615,19.470779418945312,48.493961334228516,-101.71322631835938,0.0006626939866691828,-4877.516404574928,1.0832993984222412,4083.3772590913036,4124.607158438683,1259520000.0
train_tune_4e13c_00318_318,TRANSFORMER,0.0804618608277347,0.7657883853450006,0.7870514209024355,28.908111572265625,73.53121948242188,-140.25381469726562,0.014826594851911068,-487152.14405165566,4.67135763168335,5390.186277078281,5465.286489213592,1810432000.0
train_tune_4e13c_00319_319,TRANSFORMER,0.0906858685039306,0.8007067546989605,0.8290603238507533,14.704548835754395,26.98497200012207,-73.2505111694336,0.0017188929487019777,-208797.05044632495,1.1152538061141968,2152.365968247535,2296.604773877107,708608000.0
train_tune_4e13c_00320_320,TRANSFORMER,0.0773385049302168,0.7607763647287991,0.7835541356127195,60.834205627441406,164.46450805664062,-506.51080322265625,0.021124646067619324,-225657.2136018811,5.998002052307129,11444.496871440293,11933.792451829175,3620864000.0
train_tune_4e13c_00321_321,TRANSFORMER,0.1125729701329749,0.793244704625624,0.8511391591246719,18.558940887451172,57.134368896484375,-16.166534423828125,0.002790912054479122,-2011386.7073194003,0.735003650188446,19371.565712834323,19388.559251762876,6217728000.0
train_tune_4e13c_00322_322,TRANSFORMER,0.1370874410437309,0.7866141361932696,0.749826228052053,24.504518508911133,69.90386199951172,-150.390380859375,0.002219198737293482,-3914.1655080629853,1.360550045967102,9899.716766235964,10560.141835435814,2715648000.0
train_tune_4e13c_00323_323,TRANSFORMER,0.0264860153828944,0.7875902009048817,0.7549628955647968,19.09076690673828,48.88945770263672,-116.4369125366211,0.0018135015852749348,-1850248.0674964772,1.8800990581512451,3219.125458563249,3219.125458563249,839680000.0
train_tune_4e13c_00324_324,TRANSFORMER,0.108851716564822,0.7699085272214945,0.8184810863424316,35.36272430419922,56.63869094848633,-306.57421875,0.006248172838240862,-4748101.2010755185,4.345327377319336,3633.943196422373,3633.943196422373,1286144000.0
train_tune_4e13c_00325_325,TRANSFORMER,0.030679012345679,0.7738870522011384,0.8182080355743473,26.99298858642578,80.50426483154297,-225.35867309570312,0.0035320473834872246,-3424.787359897244,1.3546621799468994,11622.879155963114,11444.827509254997,4145152000.0
train_tune_4e13c_00326_326,TRANSFORMER,0.0291015140233308,0.7814717223465782,0.8421776074759735,88.96212005615234,216.4801025390625,-2324.1396484375,0.007582115009427071,-4622.780786523979,5.789786338806152,7348.652903855875,7274.721325406869,3620864000.0
train_tune_4e13c_00327_327,TRANSFORMER,0.0560059559203879,0.8090114060732153,0.8159588404602637,94.39624786376953,277.3569030761719,-1382.816162109375,0.004041523672640324,-40167.99318939881,1.483713984489441,27345.718549052555,27529.65078088992,8290304000.0
train_tune_4e13c_00328_328,TRANSFORMER,0.0291015140233308,0.7672749227803469,0.8210654217127744,103.91070556640625,227.34303283691406,-1748.1953125,0.00985674373805523,-13215.805127765945,3.9498934745788574,9306.559520138553,10041.678188471167,3096576000.0
train_tune_4e13c_00329_329,TRANSFORMER,0.1511564139844849,0.7753298819683742,0.7740710085696786,47.01520538330078,135.76600646972656,-283.153564453125,0.030240798369050026,-897200.914512797,4.303380489349365,16308.940059183447,16138.2223968763,6217728000.0
train_tune_4e13c_00330_330,TRANSFORMER,0.1297652669569162,0.7682593412027944,0.7629637726217567,63.56433868408203,169.37449645996094,-535.6612548828125,0.03460050746798515,-1645830.7315327467,4.949728965759277,22877.057413703867,22877.057413703867,8290304000.0
train_tune_4e13c_00331_331,TRANSFORMER,0.1453903886557358,0.7870705088594517,0.8406302452467921,45.20700454711914,123.8017578125,-446.103515625,0.005539511796087027,-4556.276959778251,2.572342872619629,13000.526423106956,12800.764480757243,3620864000.0
train_tune_4e13c_00332_332,TRANSFORMER,0.1029941904882336,0.8039206567933515,0.841118272954914,15.546579360961914,47.222904205322266,-11.540567398071289,0.0035285199992358685,-738797.0449190374,0.9294098615646362,17495.825437336352,16547.68323022793,6217728000.0
train_tune_4e13c_00333_333,TRANSFORMER,0.026446344906555,0.8055430418309814,0.8326208319410157,40.99103546142578,98.90486907958984,-629.4281005859375,0.002695617498829961,-9134.8784666645,3.450948476791382,6050.831213600682,6049.82278092116,2715648000.0
train_tune_4e13c_00334_334,TRANSFORMER,0.1260803481779129,0.7718063203041347,0.7487576361963324,30.0313777923584,76.1436767578125,-138.27783203125,0.0158517025411129,-5469.580447372186,2.532362222671509,9803.730718071907,9799.466326229009,4145152000.0
train_tune_4e13c_00335_335,TRANSFORMER,0.1539779901643186,0.7701223456155066,0.7659448143171156,38.87156677246094,80.56324768066406,-189.00860595703125,0.004244521725922823,-5119.940829203235,3.0235142707824707,4334.091091552929,4646.071732240154,1417216000.0
train_tune_4e13c_00336_336,TRANSFORMER,0.030679012345679,0.8147925864558808,0.8378974490728623,30.4129695892334,89.12646484375,-340.0219421386719,0.0022310102358460426,-5729.0608393038465,1.1589292287826538,11770.032796110905,12231.167221289516,4145152000.0
train_tune_4e13c_00337_337,TRANSFORMER,0.084719851572463,0.7887974088119168,0.7954979521682707,24.52134132385254,51.72983169555664,-125.07606506347656,0.001940552843734622,-229335.98691616725,1.4528300762176514,3254.5380986162127,3254.5380986162127,1062912000.0
train_tune_4e13c_00338_338,TRANSFORMER,0.1475123601353109,0.7900342133934212,0.8043763745322982,30.02117919921875,68.42932891845703,-341.38970947265625,0.0005134774255566299,-5252.922369015314,1.943534255027771,3213.052843417291,3241.5383115548693,1679360000.0
train_tune_4e13c_00339_339,TRANSFORMER,0.1172064023658247,0.7588274498229112,0.769950725812126,13.57116985321045,36.77552032470703,-41.465293884277344,0.001943493727594614,-2523.565474762658,0.8125131130218506,5700.922228763026,6088.517672247985,1810432000.0
train_tune_4e13c_00340_340,TRANSFORMER,0.0650377502248371,0.8009286612448859,0.8370234041356052,15.52054214477539,46.805233001708984,-21.916555404663086,0.0018583788769319654,-1730547.3814803227,0.37786439061164856,10191.818467416679,10650.174826329821,4145152000.0
train_tune_4e13c_00341_341,TRANSFORMER,0.0727412132583687,0.776645850135783,0.8159171323799872,11.161636352539062,21.15643882751465,-19.41310691833496,0.002367052249610424,-847029.0964414561,2.1440298557281494,1562.1607088447731,1733.427529959261,643072000.0
train_tune_4e13c_00342_342,TRANSFORMER,0.0291015140233308,0.7795609432111054,0.8125787904057197,23.52532196044922,53.616641998291016,-180.0959014892578,0.0027923700399696827,-4350.143816165092,1.8706010580062866,4625.715726336304,3938.6990772303834,1548288000.0
train_tune_4e13c_00343_343,TRANSFORMER,0.0880421444656536,0.8030166948771305,0.7948872116408942,10.746724128723145,28.175758361816406,-20.286476135253906,0.0007927921833470464,-2506.750831767436,0.3714410066604614,7045.315940323479,7010.2061997780165,4145152000.0
train_tune_4e13c_00344_344,TRANSFORMER,0.1511344179319537,0.8068721500545291,0.8522381241405675,22.400894165039062,40.24459457397461,-63.8699836730957,0.00030414212960749865,-10290.841258335515,-0.18650464713573456,3317.2537364084965,3344.549769435194,1417216000.0
train_tune_4e13c_00345_345,TRANSFORMER,0.026446344906555,0.8042403917570909,0.8256883694632441,37.77853775024414,92.1099853515625,-529.07958984375,0.0024698921479284763,-5141.905116683297,3.287153959274292,5618.291906984654,5532.005288742664,2715648000.0
train_tune_4e13c_00346_346,TRANSFORMER,0.1085360712585843,0.8484815966174662,0.8583308536797047,19.89253807067871,31.50560760498047,-140.50399780273438,0.003398328786715865,-7875.154348484882,2.630028486251831,2564.2767005985925,2512.5687282482045,964608000.0
train_tune_4e13c_00347_347,TRANSFORMER,0.0649698960043787,0.7985118321269308,0.8173204979122506,15.401655197143555,40.71372604370117,-104.88423156738281,0.002287994371727109,-3326.558150788157,1.4228371381759644,5761.176443871728,5677.922981231258,1810432000.0
train_tune_4e13c_00348_348,TRANSFORMER,0.0341634173131912,0.7767832264417778,0.7929158123632263,26.08689308166504,65.0960922241211,-132.80780029296875,0.007009261287748814,-142554.73722083727,3.3074488639831543,5480.358815029227,5481.379860146425,1810432000.0
train_tune_4e13c_00349_349,TRANSFORMER,0.1472099479159366,0.7791585239229827,0.7425495553150573,60.9172477722168,179.93045043945312,-396.998046875,0.04587409645318985,-452295.0508546017,5.698017597198486,24695.10210621488,23222.39668539008,8290304000.0
train_tune_4e13c_00350_350,TRANSFORMER,0.055763134057971,0.7594055815298172,0.8141978145911223,34.9298210144043,75.10982513427734,-459.4945373535156,0.003596364287659526,-2893.615777565185,3.2272114753723145,2699.082821232247,2648.2021449582558,1548288000.0
train_tune_4e13c_00351_351,TRANSFORMER,0.1408730970217678,0.7739889657419297,0.7998777736746435,24.326454162597656,61.863075256347656,-88.02645874023438,0.003656612243503332,-1353852.237869808,2.059079170227051,5857.815407715795,5854.504923574372,1679360000.0
train_tune_4e13c_00352_352,TRANSFORMER,0.1753605887777752,0.7928983070811122,0.8418031341321955,26.397768020629883,51.720054626464844,-126.45639038085938,0.0037235277704894543,-92487.5726267664,2.549226999282837,4479.2774503453265,4524.935048291407,1417216000.0
train_tune_4e13c_00353_353,TRANSFORMER,0.1225280604205889,0.7557487933212611,0.7629094009532564,13.93775463104248,37.86827087402344,-53.12055206298828,0.000725352147128433,-3775.587067532191,0.35074496269226074,6265.257950947919,6479.472116667232,1810432000.0
train_tune_4e13c_00354_354,TRANSFORMER,0.1390530442308628,0.7755302356342582,0.7846905602067832,23.27208709716797,57.52802658081055,-122.75822448730469,0.006244264077395201,-166031.53518751677,3.158872365951538,5543.614424428765,5725.753188310648,2322432000.0
train_tune_4e13c_00355_355,TRANSFORMER,0.1028401884307824,0.8273068400459259,0.8521316575135249,14.792346954345703,45.6062126159668,-14.365480422973633,0.003347261343151331,-858927.735471759,0.9118539690971375,16959.795773130863,17346.955592927225,6217728000.0
train_tune_4e13c_00356_356,TRANSFORMER,0.0364936101175005,0.7843402939056666,0.7668300273777287,35.0575065612793,58.54853057861328,-174.43478393554688,0.003406971227377653,-10631.099676111307,3.713927745819092,2911.5858614361023,2910.499225561038,1286144000.0
train_tune_4e13c_00357_357,TRANSFORMER,0.0579970543817662,0.7791907278088757,0.7370012259310723,58.12566375732422,203.16207885742188,-525.5979614257812,0.00910847820341587,-2543.9723044177395,2.8569893836975098,24778.527893358143,25094.032062103182,8290304000.0
train_tune_4e13c_00358_358,TRANSFORMER,0.1310083180914818,0.7700741431458012,0.7482917260785094,43.77322769165039,115.27995300292969,-263.3752746582031,0.022729549556970596,-3447.06537157696,3.4314637184143066,15028.023256325425,15118.063326249987,6217728000.0
train_tune_4e13c_00359_359,TRANSFORMER,0.1041032305334885,0.8045641728058021,0.8331352985874756,22.293081283569336,58.1641845703125,-152.2281951904297,0.002571982331573963,-2677.1999867930003,0.9347438812255859,11091.881823418802,11139.569543356654,6217728000.0
train_tune_4e13c_00360_360,TRANSFORMER,0.1578233822471785,0.7785960901190704,0.747327298496598,46.87818145751953,134.5830078125,-285.53363037109375,0.031004851683974266,-927819.3063561835,4.2606892585754395,16317.433563089311,16456.215932163897,6217728000.0
train_tune_4e13c_00361_361,TRANSFORMER,0.1407523780352919,0.7667401809734563,0.7591121148202378,32.281551361083984,96.27672576904297,-225.10699462890625,0.006583802867680788,-2552.896092445535,2.547783374786377,12134.639327988005,11670.786210242182,3620864000.0
train_tune_4e13c_00362_362,TRANSFORMER,0.0474458906462011,0.790921060031959,0.831307879598291,58.614070892333984,155.49957275390625,-864.6002197265625,0.00533895893022418,-367937.62213726237,3.69915509223938,11529.413062597365,11946.230723504701,3620864000.0
train_tune_4e13c_00363_363,TRANSFORMER,0.0471115124969823,0.8022248089048155,0.8261617278758329,52.10407257080078,82.67781829833984,-480.12274169921875,0.005998201668262482,-481442.2406224911,4.727316856384277,3347.9951986473634,3367.7146760285214,1286144000.0
train_tune_4e13c_00364_364,TRANSFORMER,0.1300896735333643,0.776972625795758,0.7453748717156498,31.558984756469727,81.75784301757812,-155.447998046875,0.016285451129078865,-144275.40561494377,2.658137798309326,10789.531114214406,10790.361948959875,4145152000.0
train_tune_4e13c_00365_365,TRANSFORMER,0.0325730764189277,0.8312386060151539,0.8531217735516666,50.51910400390625,158.7989959716797,-521.1205444335938,0.00440026493743062,-3456.272498171561,1.5078433752059937,16805.189585871845,17337.812087746905,6217728000.0
train_tune_4e13c_00366_366,TRANSFORMER,0.1302646207402179,0.7783559146657154,0.7490485597649661,31.383634567260742,81.00387573242188,-152.2097930908203,0.01617852970957756,-209861.04104786352,2.600193500518799,10790.150180926203,10790.150180926203,4145152000.0
train_tune_4e13c_00367_367,TRANSFORMER,0.1578233822471785,0.7801903024722168,0.7386104137589018,45.45075607299805,130.21197509765625,-256.7245178222656,0.03165154904127121,-744941.2318956697,4.301870822906494,15763.06808798386,16127.426377040143,6217728000.0
train_tune_4e13c_00368_368,TRANSFORMER,0.1611767132865252,0.8029310074591564,0.8248402217300018,23.751741409301758,52.71591567993164,-192.456298828125,0.0005350015708245337,-7069.477285470413,1.4374299049377441,3544.7983809182333,3601.794064402645,1679360000.0
train_tune_4e13c_00369_369,TRANSFORMER,0.0378362937409369,0.7678546474661219,0.7803283485109725,25.31143569946289,63.24312973022461,-122.5610580444336,0.006834250409156084,-5119.5974106097265,3.2174320220947266,5162.9704693486965,5195.491333482911,1810432000.0
train_tune_4e13c_00370_370,TRANSFORMER,0.0705580489774483,0.7982329479189483,0.8342891170972816,25.35186004638672,63.445640563964844,-178.7456817626953,0.0025089671835303307,-534332.7274791197,2.185009002685547,5790.467330176073,5807.801765962854,1810432000.0
train_tune_4e13c_00371_371,TRANSFORMER,0.0851355148161504,0.7722635115685694,0.7575131571298525,35.34189224243164,88.80049133300781,-196.7904052734375,0.008906465023756027,-3751.895774542716,3.751574754714966,7216.443657220124,7189.276602756105,2715648000.0
train_tune_4e13c_00372_372,TRANSFORMER,0.0650237306471774,0.777512644794787,0.8560744094696778,95.3939437866211,279.403076171875,-1446.1416015625,0.004718183074146509,-6481838.112303513,1.8280737400054932,27427.66018325853,27427.66018325853,8290304000.0
train_tune_4e13c_00373_373,TRANSFORMER,0.1511749554400605,0.7942987401361506,0.7604137732403101,50.76654815673828,150.42825317382812,-340.0833435058594,0.03111737221479416,-1534795.265183846,4.294816493988037,17233.48441497326,17797.80359208391,6217728000.0
train_tune_4e13c_00374_374,TRANSFORMER,0.0739364022914688,0.8042578026890393,0.8558988872631083,20.452816009521484,36.46571731567383,-52.473533630371094,0.0005044805002398789,-15876.702987114579,-0.322147011756897,2164.5643960247717,2208.997028704551,1062912000.0
train_tune_4e13c_00375_375,TRANSFORMER,0.0291015140233308,0.776599689665907,0.8452487440879216,95.5645523071289,229.18878173828125,-2620.02294921875,0.008231098763644695,-7731.670404072463,6.012228012084961,8615.43725583157,8652.641011269381,3620864000.0
train_tune_4e13c_00376_376,TRANSFORMER,0.1673361046915462,0.7934038460291677,0.7708387626722751,41.24522399902344,85.80845642089844,-228.0745849609375,0.00427946588024497,-5770.457122213739,3.323145866394043,4544.859939360998,4763.1598838335585,1417216000.0
train_tune_4e13c_00377_377,TRANSFORMER,0.030679012345679,0.8265671967770193,0.839111726682885,53.65180969238281,165.24588012695312,-640.6184692382812,0.003973970655351877,-4042.4380071492815,1.4275696277618408,17778.61753841777,17603.70851593311,6217728000.0
train_tune_4e13c_00378_378,TRANSFORMER,0.0423902378681568,0.7720361345957679,0.7556915263795537,22.920974731445312,71.51581573486328,-135.8402862548828,0.0038795811124145985,-3105.015679298667,1.4859974384307861,11292.338020645755,12504.875521912927,4145152000.0
train_tune_4e13c_00379_379,TRANSFORMER,0.0659747596858879,0.7813430039566711,0.8289720943097358,16.6594181060791,51.38136291503906,-30.477123260498047,0.0035871993750333786,-543171.9191713982,0.8696397542953491,10310.5803572262,10465.729589889346,4145152000.0
train_tune_4e13c_00380_380,TRANSFORMER,0.0771807931892696,0.7579680188133961,0.7656493311087976,42.079559326171875,112.71357727050781,-267.9549560546875,0.021405275911092758,-266533.23820583883,5.662836074829102,9082.609067959635,8373.398389127608,2715648000.0
train_tune_4e13c_00381_381,TRANSFORMER,0.1068991438865835,0.7628260042717914,0.7819110499181243,50.63135528564453,133.6096649169922,-374.6755065917969,0.009802819229662418,-2989.394469475601,4.761678695678711,9194.674538987096,9224.349341796382,3620864000.0
train_tune_4e13c_00382_382,TRANSFORMER,0.1206070198155796,0.7532243532194082,0.7688192873481484,56.039161682128906,147.38995361328125,-396.79327392578125,0.030686495825648308,-2390.3905465761854,4.428806781768799,19056.353770005273,19098.94384758022,8290304000.0
train_tune_4e13c_00383_383,TRANSFORMER,0.030679012345679,0.7967406033834356,0.8342266400694319,42.80293655395508,82.47018432617188,-347.04095458984375,0.0017027473077178001,-33840.97752236488,0.8493378758430481,3925.283027181486,3917.705728878954,1062912000.0
train_tune_4e13c_00384_384,TRANSFORMER,0.0325730764189277,0.8445204399662601,0.8412245628140104,53.405757904052734,162.9816436767578,-626.713134765625,0.003616244764998555,-4037.4489401621063,1.3135935068130493,17149.12942209174,16836.205670032406,6217728000.0
train_tune_4e13c_00385_385,TRANSFORMER,0.2147669122834175,0.7958447896300189,0.7796855391489234,37.31163024902344,83.88150024414062,-386.493896484375,0.0028874680865556,-233883.0961683092,1.99832284450531,6346.999551466543,5932.757839380906,1679360000.0
train_tune_4e13c_00386_386,TRANSFORMER,0.0254333082140165,0.765513966198588,0.8304293795785614,74.27963256835938,177.8633270263672,-1643.6903076171875,0.0060411435551941395,-4902.368804198784,4.816552639007568,7894.397668992144,7934.906865475503,3620864000.0
train_tune_4e13c_00387_387,TRANSFORMER,0.1206070198155796,0.7630545318489882,0.756902724398338,62.35654830932617,165.8280487060547,-519.1071166992188,0.03377906233072281,-5428.111062875336,4.916747093200684,21832.001872745397,21860.335839345917,8290304000.0
train_tune_4e13c_00388_388,TRANSFORMER,0.1083828769848875,0.7590899799291598,0.7985368033059849,34.76531982421875,81.38497161865234,-205.400390625,0.009884841740131378,-114559.15259122879,4.220113754272461,8802.54699277109,8109.732175547596,3096576000.0
train_tune_4e13c_00389_389,TRANSFORMER,0.0254333082140165,0.7813248776044448,0.8495483599370686,79.41204833984375,189.28927612304688,-1851.3548583984375,0.006309110671281815,-8806.524449882269,4.922939300537109,8603.62714109048,8708.43964735191,3620864000.0
train_tune_4e13c_00390_390,TRANSFORMER,0.0650377502248371,0.7907887616653828,0.8377184064689915,15.806558609008789,46.017311096191406,-21.49637222290039,0.0018515860429033637,-1316248.406639377,0.516716480255127,10975.266424293872,10646.85092758783,4145152000.0
train_tune_4e13c_00391_391,TRANSFORMER,0.1029941904882336,0.803055202396874,0.8388974007760207,15.45362663269043,47.239524841308594,-24.61949920654297,0.003273769048973918,-3147442.247859716,0.7392188310623169,17533.581613907296,17515.7774227575,6217728000.0
train_tune_4e13c_00392_392,TRANSFORMER,0.0616586187781782,0.7801581827630085,0.7431341181627243,41.07561111450195,138.02442932128906,-319.8605041503906,0.005098975263535976,-3134.5459544614914,1.9606540203094482,20702.905325357784,19015.354744384233,6217728000.0
train_tune_4e13c_00393_393,TRANSFORMER,0.0880421444656536,0.8105493570927421,0.8231553904251682,11.429424285888672,29.43625831604004,-26.060672760009766,0.000911217590328306,-4240.3459998764465,0.41711756587028503,7914.822048947904,7939.4326160311775,4145152000.0
train_tune_4e13c_00394_394,TRANSFORMER,0.026446344906555,0.8042403917570909,0.8256883694632441,37.77853775024414,92.1099853515625,-529.07958984375,0.0024698921479284763,-5141.905116683297,3.287153959274292,5618.291906984654,5532.005288742664,2715648000.0
train_tune_4e13c_00395_395,TRANSFORMER,0.0650377502248371,0.8071140796891605,0.8411516177915822,15.41717529296875,46.70882797241211,-19.162246704101562,0.0022514229640364647,-1061605.495267882,0.5121080875396729,10020.965543631593,10384.885686789954,4145152000.0
train_tune_4e13c_00396_396,TRANSFORMER,0.156123584209287,0.7198069701571823,0.760297639232299,32.27823257446289,88.24357604980469,-337.93682861328125,0.003166228998452425,-27022.38719297918,2.0164010524749756,9503.676526976158,9520.395785136194,2715648000.0
train_tune_4e13c_00397_397,TRANSFORMER,0.0291015140233308,0.7935188551644407,0.8365245499738645,91.58985900878906,222.6011505126953,-2397.91796875,0.008164951577782631,-4556.483536177541,5.908512115478516,7322.18339036293,7364.70199732459,3620864000.0
train_tune_4e13c_00398_398,TRANSFORMER,0.1273640106729119,0.7932296898260521,0.8256717791602649,16.391637802124023,30.170156478881836,-61.882747650146484,0.0006187057588249445,-921312.2673969374,0.0389634370803833,1659.1530067084982,1659.1530067084982,708608000.0
train_tune_4e13c_00399_399,TRANSFORMER,0.0847566209141237,0.820797742791657,0.8504420607310722,26.31541633605957,59.078392028808594,-237.71603393554688,0.002268688753247261,-494323.03946964396,1.725210428237915,4938.893232456665,5081.552098229362,1259520000.0
train_tune_4e13c_00400_400,TRANSFORMER,0.0586439614612374,0.7812348463177372,0.7328345585008479,58.39104461669922,200.68861389160156,-495.4194641113281,0.010395541787147522,-2519.861609480276,3.0717692375183105,25847.064746205357,24247.564946403516,8290304000.0
train_tune_4e13c_00401_401,TRANSFORMER,0.0776038651971253,0.824519158861552,0.8369203082620614,11.455205917358398,24.76761245727539,-56.994293212890625,0.00035631872015073895,-4319.907962126627,0.939482569694519,1753.5201629141113,1788.183891443095,839680000.0
train_tune_4e13c_00402_402,TRANSFORMER,0.1073166713790266,0.8286832072418883,0.8525042349584214,51.98369598388672,137.24639892578125,-741.755126953125,0.006497080437839031,-4371.591084793389,2.1426758766174316,18999.37532943477,18899.94113308743,8290304000.0
train_tune_4e13c_00403_403,TRANSFORMER,0.0848808556184967,0.7684838104483669,0.7695387032241995,36.20527648925781,91.36019134521484,-205.34918212890625,0.009057805873453617,-5624.522266273039,3.8411498069763184,7532.853884020697,7540.404491720495,2715648000.0
train_tune_4e13c_00404_404,TRANSFORMER,0.1044916971509735,0.7981233078702276,0.7756435297839815,25.910480499267578,47.563297271728516,-100.11378479003906,0.004591766744852066,-4850561.535101558,3.722982406616211,3583.383181066549,3583.383181066549,1286144000.0
train_tune_4e13c_00405_405,TRANSFORMER,0.030679012345679,0.7684733602105123,0.7677089449096209,39.40809631347656,78.00665283203125,-302.1015930175781,0.0017639410216361284,-82998.11936021222,0.6277932524681091,3455.552053794229,3461.7767660101745,1062912000.0
train_tune_4e13c_00406_406,TRANSFORMER,0.0850322021525059,0.7803530970792565,0.7996214381598858,12.844329833984375,23.42559242248535,-46.697532653808594,0.001965878065675497,-121860.31494651995,1.3393480777740479,1869.2914947976599,1986.364629464651,708608000.0
train_tune_4e13c_00407_407,TRANSFORMER,0.0862725509963495,0.8112839944823272,0.725209126217916,36.82973098754883,90.55840301513672,-181.31307983398438,0.004234258085489273,-3567.933311563562,2.6872379779815674,6435.670805718639,6751.0582388327175,1679360000.0
train_tune_4e13c_00408_408,TRANSFORMER,0.055763134057971,0.8282793874577026,0.8269778749353284,32.26274871826172,63.199180603027344,-407.4232177734375,0.003047215985134244,-5550.970871916505,2.748978614807129,2857.105298908579,2846.3262765637455,1548288000.0
train_tune_4e13c_00409_409,TRANSFORMER,0.0865343491367654,0.7740480907988658,0.7799334395623615,19.470779418945312,48.493961334228516,-101.71322631835938,0.0006626939866691828,-4877.516404574928,1.0832993984222412,4083.3772590913036,4124.607158438683,1259520000.0
train_tune_4e13c_00410_410,TRANSFORMER,0.0291015140233308,0.7695259056671354,0.8351790890830135,100.89643096923828,222.27044677734375,-1536.9971923828125,0.009237725287675858,-9759.545542590084,3.4870946407318115,8739.275244530898,9462.00337453697,3096576000.0
train_tune_4e13c_00411_411,TRANSFORMER,0.1676361291731886,0.7948092391772663,0.7783349704884474,40.71160888671875,86.94232177734375,-204.80218505859375,0.005516295321285725,-4000.3139936336433,3.71500563621521,4399.755438279571,4825.305152255173,1417216000.0
train_tune_4e13c_00412_412,TRANSFORMER,0.0325730764189277,0.8445204399662601,0.8412245628140104,53.405757904052734,162.9816436767578,-626.713134765625,0.003616244764998555,-4037.4489401621063,1.3135935068130493,17149.12942209174,16836.205670032406,6217728000.0
train_tune_4e13c_00413_413,TRANSFORMER,0.1592470086999642,0.7957917919637366,0.8125090366254021,15.060593605041504,35.959999084472656,-46.785160064697266,0.0024779776576906443,-859528.2087801395,1.7536325454711914,2720.927033113153,2743.19453726407,839680000.0
train_tune_4e13c_00414_414,TRANSFORMER,0.1216399702755443,0.7797769925758669,0.7612668605736069,28.6676082611084,72.61085510253906,-122.14002990722656,0.01532405149191618,-2954.59118807003,2.4824275970458984,9167.830677721817,9141.63433037014,4145152000.0
train_tune_4e13c_00415_415,TRANSFORMER,0.1147915621446966,0.7701435705151911,0.8069380568131742,13.909937858581543,33.17892837524414,-60.374046325683594,0.000658034929074347,-127770.65243852715,0.9995926022529602,2850.110077824205,2850.110077824205,839680000.0
train_tune_4e13c_00416_416,TRANSFORMER,0.0314184973275882,0.8241988950150846,0.7495461469398275,21.679630279541016,54.02439498901367,-161.16769409179688,0.0023252242244780064,-4811.7757571147085,1.9040234088897705,3521.5125587818256,3413.4873948833924,839680000.0
train_tune_4e13c_00417_417,TRANSFORMER,0.1547549544603353,0.8031556718201637,0.8485461075225943,24.903356552124023,55.35041046142578,-216.47879028320312,0.0004955034237354994,-11342.915557815335,1.461069107055664,3929.090671699689,3877.635770507677,1679360000.0
train_tune_4e13c_00418_418,TRANSFORMER,0.0291015140233308,0.7871701477590961,0.8479486027932609,28.635086059570312,64.6744613647461,-278.78997802734375,0.0030832854099571705,-6382.0292195374805,1.8131060600280762,4552.46765972205,4458.891488978808,1548288000.0
train_tune_4e13c_00419_419,TRANSFORMER,0.0649698960043787,0.7874332545182282,0.8332068588736167,17.013574600219727,45.36096954345703,-148.59149169921875,0.0019388665677979589,-3578.5068800227164,1.3502395153045654,6053.454975397791,6293.1906016762905,1810432000.0
train_tune_4e13c_00420_420,TRANSFORMER,0.1221456427975312,0.7843609955756093,0.7280496209365123,63.385986328125,168.0872039794922,-538.1639404296875,0.03365666791796684,-4847.371786979806,4.899014949798584,21950.871719297946,21934.051955909476,8290304000.0
train_tune_4e13c_00421_421,TRANSFORMER,0.0323326611130493,0.7482237744933083,0.7651878145779175,18.289730072021484,32.91423797607422,-83.30181884765625,0.0017626024782657623,-7130.1355813286855,2.498945713043213,1482.770232696732,1463.4805607499736,643072000.0
train_tune_4e13c_00422_422,TRANSFORMER,0.0291015140233308,0.7552919913689767,0.8288262877907032,76.08699798583984,191.59596252441406,-1787.445556640625,0.006220393348485231,-3090.1243857142454,5.304593086242676,5973.670054656212,5898.271032275852,3620864000.0
train_tune_4e13c_00423_423,TRANSFORMER,0.0892755693853833,0.7825270445135118,0.7448945171477391,57.63447189331055,145.1273956298828,-501.49871826171875,0.011962883174419403,-4169.83596270841,4.350673675537109,9524.127590064369,9333.307161376084,3096576000.0
train_tune_4e13c_00424_424,TRANSFORMER,0.0206567182082942,0.8053122177567101,0.7620163600465973,19.391324996948242,49.66264343261719,-119.58749389648438,0.0018150762189179659,-18301.865763476108,1.9067132472991943,3218.6074582252063,3222.8847433206356,839680000.0
train_tune_4e13c_00425_425,TRANSFORMER,0.1202973491073713,0.760830955950503,0.766829074320297,62.555179595947266,170.638427734375,-522.7861938476562,0.032394006848335266,-3172.571418969111,4.7477922439575195,20539.12843229859,20554.313330390556,8290304000.0
train_tune_4e13c_00426_426,TRANSFORMER,0.1270580304727989,0.7618272851201756,0.7644247979712083,59.496131896972656,161.29513549804688,-459.26531982421875,0.03097677044570446,-2693.296450065879,4.516380786895752,19136.804864098922,18985.397098299338,8290304000.0
train_tune_4e13c_00427_427,TRANSFORMER,0.1524594064953606,0.798712838815043,0.7970982231683209,16.68144989013672,40.137855529785156,-64.49395751953125,0.0025832452811300755,-2149068.55740086,1.6038731336593628,2990.9999914713717,2990.301140694942,839680000.0
train_tune_4e13c_00428_428,TRANSFORMER,0.0669936460224429,0.7865085438121251,0.7615948298116155,52.85786437988281,181.9434356689453,-411.10736083984375,0.010487135499715805,-2470.2466081435095,2.9904627799987793,25908.70205812326,25418.597631735378,8290304000.0
train_tune_4e13c_00429_429,TRANSFORMER,0.0295409935395477,0.803821546609896,0.7367812457374274,27.230430603027344,69.359375,-156.47201538085938,0.0022408184595406055,-10464.997811500161,2.2738633155822754,4915.231045020455,4921.543307235542,1259520000.0
train_tune_4e13c_00430_430,TRANSFORMER,0.1264363000108241,0.7970276062675765,0.8138309791376628,18.361684799194336,46.407310485839844,-107.28395080566406,0.003675636136904359,-404780.22110761696,2.128241777420044,3961.6280359330553,3903.351208982879,1548288000.0
train_tune_4e13c_00431_431,TRANSFORMER,0.0706584768948215,0.7933715578319736,0.829258865218986,22.133453369140625,59.91931915283203,-136.13937377929688,0.0031776768155395985,-223942.12297101194,2.407924175262451,5722.168241151892,5811.361628930772,1810432000.0
train_tune_4e13c_00432_432,TRANSFORMER,0.0851355148161504,0.7781718456148577,0.7568750723735405,35.36722183227539,88.76923370361328,-196.96836853027344,0.008802561089396477,-3368.096326673461,3.7530927658081055,7242.598288716819,7233.792130655484,2715648000.0
train_tune_4e13c_00433_433,TRANSFORMER,0.0454494543759619,0.7859624257288759,0.7685527397449313,25.06442642211914,58.845523834228516,-177.7763671875,0.003359026275575161,-4732.37245503871,2.283400535583496,5152.953847191296,4900.374814179889,1548288000.0
train_tune_4e13c_00434_434,TRANSFORMER,0.0421743653621332,0.7732042357566954,0.7796659326960961,44.2614860534668,102.47071075439453,-421.213134765625,0.002252457896247506,-22454.224891063586,1.4633920192718506,6746.628337183634,6742.833950900741,1679360000.0
train_tune_4e13c_00435_435,TRANSFORMER,0.1250110779779597,0.7570472933719684,0.7499376507771888,38.04375457763672,109.48334503173828,-317.7852783203125,0.005254791118204594,-3995.2172881735937,2.472848892211914,14735.156189443238,13724.63959677886,3620864000.0
train_tune_4e13c_00436_436,TRANSFORMER,0.1260803481779129,0.7720633479295552,0.7808318080060572,27.859392166137695,70.36066436767578,-113.00321960449219,0.014880509115755558,-2744.8719472132993,2.4054946899414062,8809.011960547043,8854.075497474392,4145152000.0
train_tune_4e13c_00437_437,TRANSFORMER,0.0650237306471774,0.7730411906187215,0.8442962859621823,75.59033203125,226.56869506835938,-835.5753173828125,0.009269269183278084,-2700.2300988504944,2.7378499507904053,22295.19758641632,24507.281727374804,8290304000.0
train_tune_4e13c_00438_438,TRANSFORMER,0.1302646207402179,0.7791061726318022,0.7601863708002612,29.90477180480957,77.2328872680664,-133.90017700195312,0.015495522879064083,-3532.0298480316887,2.5231385231018066,9830.630905553344,9782.415220381034,4145152000.0
train_tune_4e13c_00439_439,TRANSFORMER,0.1196612361721734,0.8025618640360431,0.8015326662650092,43.547393798828125,112.7774429321289,-264.52215576171875,0.022816507145762444,-3405.6589137152614,3.5103354454040527,14955.45915762332,14969.52852116118,6217728000.0
train_tune_4e13c_00440_440,TRANSFORMER,0.0729665404143739,0.7845023496558361,0.7495248784171249,46.420654296875,124.24922180175781,-344.369140625,0.018390610814094543,-517306.030864933,5.481471538543701,9239.57856471062,9216.102165990487,2715648000.0
train_tune_4e13c_00441_441,TRANSFORMER,0.0454494543759619,0.7809704450060119,0.7514680300977562,26.81304359436035,61.40145492553711,-195.73178100585938,0.003205647226423025,-6699.288623449661,2.154452323913574,5279.000766355916,5297.550646899754,1548288000.0
train_tune_4e13c_00442_442,TRANSFORMER,0.0629000402505765,0.8228920134773962,0.8422611685537288,80.02123260498047,242.50169372558594,-929.6854248046875,0.007200751453638077,-2941.0936798934013,2.1996822357177734,22841.205850422455,21734.075398515677,8290304000.0
train_tune_4e13c_00443_443,TRANSFORMER,0.0360381469149504,0.782840138709708,0.7823788624091984,28.57166290283203,52.8403434753418,-158.82896423339844,0.002739428775385022,-7203.196162135493,3.379171371459961,2267.092540140918,2234.53956282128,964608000.0
train_tune_4e13c_00444_444,TRANSFORMER,0.0724757991449684,0.7904382956498047,0.7723743063112932,42.546634674072266,115.45523834228516,-275.01025390625,0.018361996859312057,-333202.4158071256,5.4190287590026855,8085.719849211884,8166.654164427588,2715648000.0
train_tune_4e13c_00445_445,TRANSFORMER,0.0866867333308743,0.8248207476066257,0.8376609710393047,14.352774620056152,32.54885482788086,-62.106807708740234,0.0020729713141918182,-326377.7010411751,2.0417118072509766,3034.4248672547583,2897.0339134082433,839680000.0
train_tune_4e13c_00446_446,TRANSFORMER,0.1038888818230662,0.8204508021887346,0.8613721962456776,41.36153030395508,119.11000061035156,-500.110107421875,0.006884544622153044,-2215271.647123102,1.780785083770752,25388.782224006023,25354.27483180235,8290304000.0
train_tune_4e13c_00447_447,TRANSFORMER,0.1725312775242,0.7615260131234572,0.7744982550164089,22.097274780273438,56.87574768066406,-186.1923065185547,0.00225917249917984,-1944.456163764528,2.2813498973846436,3466.49214714155,3496.027087938646,1548288000.0
train_tune_4e13c_00448_448,TRANSFORMER,0.1073166713790266,0.8304513327005506,0.8382610360822524,48.70948791503906,129.05474853515625,-635.6390380859375,0.006032335106283426,-2745.3358411784957,2.0441300868988037,17453.201323899077,17469.66747106215,8290304000.0
train_tune_4e13c_00449_449,TRANSFORMER,0.1042091954362434,0.7705249426044305,0.7655423765887206,22.087772369384766,39.88285446166992,-75.12556457519531,0.004270289093255997,-581243.3827308826,3.689187526702881,3097.2824650491248,3135.8300622338425,1286144000.0
train_tune_4e13c_00450_450,TRANSFORMER,0.0965380330488234,0.7680270931772846,0.7989353388554076,15.517982482910156,36.484657287597656,-50.460975646972656,0.0006467665079981089,-3338.5057815114023,0.8214983344078064,3673.918314300462,3659.1330244477203,1259520000.0
train_tune_4e13c_00451_451,TRANSFORMER,0.1511564139844849,0.7723766011864779,0.7460392979114795,45.57221221923828,130.98641967773438,-258.8345642089844,0.03149964660406113,-823560.9702833607,4.307072162628174,15762.712172511532,16125.738546009245,6217728000.0
train_tune_4e13c_00452_452,TRANSFORMER,0.036402255914451,0.7907729874492898,0.8443815785931705,52.16102600097656,156.47738647460938,-566.2645874023438,0.0049795592203736305,-2820.1182354518196,1.7906734943389893,17577.1343489568,16969.92059035842,6217728000.0
train_tune_4e13c_00453_453,TRANSFORMER,0.0625816061077975,0.7897423411972158,0.7515182189626918,37.22632598876953,127.7371597290039,-274.515869140625,0.0060485973954200745,-2548.6988454686916,2.0206191539764404,19332.959626539658,19273.059562522907,6217728000.0
train_tune_4e13c_00454_454,TRANSFORMER,0.1207252472116375,0.7448549051507681,0.7420799065224649,28.069303512573242,70.96365356445312,-117.49064636230469,0.015012654475867748,-2792.525974872956,2.464916229248047,8813.64856611581,8807.028999266195,4145152000.0
train_tune_4e13c_00455_455,TRANSFORMER,0.129758984276546,0.7704198397986263,0.7693163134642993,45.374671936035156,118.13276672363281,-293.5601806640625,0.02407473511993885,-520005.63072381605,3.6326904296875,16150.3567917969,16151.41847821085,6217728000.0
train_tune_4e13c_00456_456,TRANSFORMER,0.0547550989097182,0.7888901669967989,0.7874122163207895,15.712857246398926,39.31184387207031,-76.36443328857422,0.0009267891873605549,-2846.345828782739,1.7761461734771729,3051.425242781909,3096.05413924422,1810432000.0
train_tune_4e13c_00457_457,TRANSFORMER,0.0560059559203879,0.8139765879326056,0.8435234070759633,78.9579086303711,242.07386779785156,-902.1510009765625,0.00761885242536664,-2805.5404471963966,2.2175791263580322,24840.212973576778,23010.733938942103,8290304000.0
train_tune_4e13c_00458_458,TRANSFORMER,0.1057089730867843,0.8111130490616739,0.8505149576164946,34.90812683105469,104.42794799804688,-347.402099609375,0.004817961249500513,-2524338.249544332,1.679013729095459,28306.899802124688,28444.607943626255,8290304000.0
train_tune_4e13c_00459_459,TRANSFORMER,0.0484778774633847,0.8175889257640804,0.8413661672863619,55.155296325683594,149.11334228515625,-768.2531127929688,0.006382262334227562,-204553.28513180732,3.8521182537078857,11522.569216880422,11973.135377225197,3620864000.0
train_tune_4e13c_00460_460,TRANSFORMER,0.0914251665909749,0.7997099156472695,0.8243256886751155,12.450920104980469,34.04929733276367,-27.130468368530273,0.0008225500350818038,-2882.274362011868,0.3759097456932068,7527.137278901074,7532.987926087814,4145152000.0
train_tune_4e13c_00461_461,TRANSFORMER,0.0640841478870244,0.7822236365018105,0.7654865291478853,16.17559814453125,33.18246841430664,-54.068382263183594,0.0015673727029934525,-5134.960971323044,1.0876867771148682,1997.7487320422229,1972.739515350667,708608000.0
train_tune_4e13c_00462_462,TRANSFORMER,0.0866633999880218,0.815589373438473,0.8267602170017717,12.36807918548584,32.93901062011719,-31.375484466552734,0.0009322406840510666,-4462.319065036487,0.43907687067985535,8237.943728420376,8255.963102861278,4145152000.0
train_tune_4e13c_00463_463,TRANSFORMER,0.1552319878240157,0.8077546509124796,0.7991914112755129,34.95841598510742,99.906494140625,-175.44595336914062,0.02158954367041588,-1500545.4736707532,3.32214093208313,10785.176598608412,10898.012765302221,4145152000.0
train_tune_4e13c_00464_464,TRANSFORMER,0.0553570926150833,0.8050518814856495,0.757559717682779,54.16823196411133,189.49522399902344,-407.00537109375,0.010891702026128769,-2425.0708250466623,3.2226481437683105,24521.268336962585,23773.84147622555,8290304000.0
train_tune_4e13c_00465_465,TRANSFORMER,0.095240207362199,0.7986224947052561,0.8578926625937022,38.87531661987305,88.79633331298828,-264.0722961425781,0.0027652434073388577,-420039.2994411566,1.417471170425415,7839.87711741953,7839.87711741953,1679360000.0
train_tune_4e13c_00466_466,TRANSFORMER,0.1511749554400605,0.7955366503610851,0.7810597790456081,48.847225189208984,144.21116638183594,-309.22332763671875,0.030974479392170906,-1008493.9344426594,4.368215560913086,17503.098104106186,17404.18208532497,6217728000.0
train_tune_4e13c_00467_467,TRANSFORMER,0.0437147435429011,0.7889884341907508,0.7542289893377995,24.90953254699707,81.68812561035156,-169.45428466796875,0.0034157477784901857,-3345.9324660465936,1.4509155750274658,11574.700796282594,12742.54265614182,4145152000.0
train_tune_4e13c_00468_468,TRANSFORMER,0.0607687087420568,0.7669181523397435,0.7616957424494396,66.19554138183594,167.65505981445312,-841.8013916015625,0.007379292976111174,-170150.120122955,4.259438991546631,8427.865458227974,8428.033985071484,3096576000.0
train_tune_4e13c_00469_469,TRANSFORMER,0.1588497528761915,0.7911239116111903,0.7673454839127251,47.883827209472656,101.41421508789062,-347.71661376953125,0.0037886297795921564,-19405.67104592259,2.8517587184906006,5615.115938598444,5633.048801421288,1417216000.0
train_tune_4e13c_00470_470,TRANSFORMER,0.0330148229817469,0.815926249494144,0.8421760894550876,18.798519134521484,42.564273834228516,-114.71397399902344,0.0019053559517487884,-4173.599078363155,0.7690268158912659,3603.8353026509353,3321.568010704936,839680000.0
train_tune_4e13c_00471_471,TRANSFORMER,0.030679012345679,0.7774116999280113,0.8424390371275114,36.047183990478516,104.40229797363281,-471.22198486328125,0.0013324448373168707,-7289821.84531152,0.8565897345542908,12074.698794407326,12074.698794407326,4145152000.0
train_tune_4e13c_00472_472,TRANSFORMER,0.0640972069543498,0.7971165992262361,0.8212672664531807,24.79840087890625,39.97855758666992,-155.78753662109375,0.003136791754513979,-561102.023693328,3.3726143836975098,2070.9431706954806,2206.9702619882282,964608000.0
train_tune_4e13c_00473_473,TRANSFORMER,0.1539779901643186,0.7800655554104828,0.7811951892239951,43.15976333618164,89.41726684570312,-244.2407684326172,0.003895045258104801,-10650.232425783042,2.913076639175415,4772.131709340592,4930.870725987471,1417216000.0
train_tune_4e13c_00474_474,TRANSFORMER,0.1225090297653666,0.7714634091233945,0.7431207624213744,31.83016586303711,82.6390151977539,-160.31179809570312,0.016198627650737762,-213755.3531004046,2.660609006881714,10789.943575287876,10789.943575287876,4145152000.0
train_tune_4e13c_00475_475,TRANSFORMER,0.0622581084967671,0.7935972992212071,0.8186316108383771,35.97647476196289,58.097267150878906,-227.753173828125,0.005918774753808975,-297565.5101648533,4.339084625244141,3126.6777802511997,2993.2077420627807,1286144000.0
train_tune_4e13c_00476_476,TRANSFORMER,0.0706584768948215,0.782487262757111,0.8227602388881071,21.025959014892578,58.21734619140625,-123.92091369628906,0.0036266064271330833,-219689.2325297645,2.3748300075531006,5746.5613333604315,5657.360110875599,1810432000.0
train_tune_4e13c_00477_477,TRANSFORMER,0.1726237267441443,0.7861560736998942,0.7942145141513094,21.9432315826416,55.76377868652344,-92.846923828125,0.0034216551575809717,-1482269.7435612818,1.7518264055252075,4610.923428697418,4608.157233790759,1259520000.0
train_tune_4e13c_00478_478,TRANSFORMER,0.0396409640860385,0.779968053345215,0.772340321808194,36.16300964355469,60.36902618408203,-184.12135314941406,0.0034692087210714817,-529692.4665132914,3.884706735610962,3017.5075673636766,3017.36252280021,1286144000.0
train_tune_4e13c_00479_479,TRANSFORMER,0.1652053267560638,0.7892030653303114,0.7991160682251183,19.287471771240234,50.047725677490234,-62.746482849121094,0.005036449991166592,-358833.36341827456,2.003981113433838,4214.880375429533,4757.7851736050725,1259520000.0
train_tune_4e13c_00480_480,TRANSFORMER,0.075007271530973,0.8108043770593496,0.8145811606262768,12.516668319702148,27.08184051513672,-72.022705078125,0.00035602791467681527,-10314.455430573706,1.0085139274597168,2009.5736107006596,2032.157370091756,839680000.0
train_tune_4e13c_00481_481,TRANSFORMER,0.0776321278111264,0.8050671445147765,0.8532881738275137,15.596774101257324,35.649757385253906,-78.46356964111328,0.0015127476071938872,-508430.50660999666,1.7078425884246826,2708.92770768611,2904.276145926853,839680000.0
train_tune_4e13c_00482_482,TRANSFORMER,0.030679012345679,0.7930231347895503,0.8335992995532369,33.856101989746094,94.9450454711914,-377.18963623046875,0.001814346993342042,-5968.027774827607,1.0039124488830566,11889.472289526697,11821.82691613993,4145152000.0
train_tune_4e13c_00483_483,TRANSFORMER,0.0851355148161504,0.7794825097411185,0.7476086109917334,36.421653747558594,91.7482681274414,-210.83587646484375,0.009086850099265575,-5625.740187273341,3.797910690307617,7479.168608678853,7515.932972647506,2715648000.0
train_tune_4e13c_00484_484,TRANSFORMER,0.0817774669522003,0.7894133242174632,0.8502699659399622,41.31303024291992,109.64450073242188,-361.73248291015625,0.00339690363034606,-2234169.7216300084,2.8291683197021484,8648.892175100447,8656.59417727423,2715648000.0
train_tune_4e13c_00485_485,TRANSFORMER,0.0254333082140165,0.7796124458466606,0.8329414163342209,68.30828094482422,165.5599822998047,-1407.318603515625,0.005286977626383305,-3993.8011173170257,4.600323677062988,7180.378471855974,7158.286406545968,3620864000.0
train_tune_4e13c_00486_486,TRANSFORMER,0.1225280604205889,0.7506559404870824,0.7737655534987279,13.319449424743652,36.4769172668457,-44.13108825683594,0.0009268176509067416,-3033.1622762498523,0.4949500560760498,6265.507702635492,6118.935022198348,1810432000.0
train_tune_4e13c_00487_487,TRANSFORMER,0.0659747596858879,0.8001861929345973,0.8396522014069342,17.91360092163086,52.19105529785156,-32.66709518432617,0.0019199317321181297,-1566630.9109092727,0.40568023920059204,10536.453999820962,11186.79808112129,4145152000.0
train_tune_4e13c_00488_488,TRANSFORMER,0.030679012345679,0.7875174213321193,0.8007575387513014,28.54770851135254,88.06329345703125,-265.6561584472656,0.0028738749679178,-3656.599422040864,1.2533183097839355,11920.705903630998,11511.023233186144,4145152000.0
train_tune_4e13c_00489_489,TRANSFORMER,0.0976153063902516,0.7710403581072498,0.7758807908608308,21.961637496948242,38.55697250366211,-143.54110717773438,0.0031478500459343195,-287251.8759632402,2.937026023864746,3088.3971397859973,3088.3971397859973,964608000.0
train_tune_4e13c_00490_490,TRANSFORMER,0.1292506244479409,0.7652989263102173,0.7699694345420318,44.392822265625,115.17193603515625,-278.530029296875,0.02352168969810009,-5368.615582565676,3.601869583129883,15491.06161249897,15580.618699977253,6217728000.0
train_tune_4e13c_00491_491,TRANSFORMER,0.0729344170302116,0.7880794574627926,0.8509965523400459,80.55177307128906,242.31788635253906,-986.2855834960938,0.006862552836537361,-2886.6559133740193,2.4852285385131836,23554.219306279057,22149.209745714274,8290304000.0
train_tune_4e13c_00492_492,TRANSFORMER,0.02763751821873,0.7960556912150492,0.8440443128402335,77.13355255126953,190.57589721679688,-1934.327880859375,0.006215154659003019,-6185837.077336891,4.748310089111328,14362.86047313412,14362.86047313412,3620864000.0
train_tune_4e13c_00493_493,TRANSFORMER,0.025375290496828,0.7924389489347172,0.8302348364944793,41.090328216552734,103.4753189086914,-652.561279296875,0.002550332108512521,-3403.0226875950357,3.5321731567382812,4976.325491888157,4996.613915895101,2715648000.0
train_tune_4e13c_00494_494,TRANSFORMER,0.1081269756314563,0.7951591646017624,0.8289603378707427,16.061573028564453,49.996612548828125,-30.39385986328125,0.002844809787347913,-3170765.516003435,0.7837427258491516,17572.686147221182,17449.00180905188,6217728000.0
train_tune_4e13c_00495_495,TRANSFORMER,0.1072808515092286,0.8044704774558918,0.8157950261273151,43.47794723510742,114.92665100097656,-511.71875,0.005596959963440895,-2208.340800794489,1.8859848976135254,14533.747612161193,14749.885684509789,8290304000.0
train_tune_4e13c_00496_496,TRANSFORMER,0.0831329706222612,0.7555706158341287,0.7633134992614581,11.08651351928711,19.025224685668945,-20.6210994720459,0.001754487631842494,-1480700.8959690325,1.7111680507659912,1382.7039367590207,1440.3722044031454,643072000.0
train_tune_4e13c_00497_497,TRANSFORMER,0.1530756878713697,0.7749313996021251,0.748097161568187,34.2701416015625,97.19851684570312,-182.17356872558594,0.020996030420064926,-2319293.2710908866,3.3436577320098877,10008.179750829699,10438.639919984991,4145152000.0
train_tune_4e13c_00498_498,TRANSFORMER,0.0295409935395477,0.8091565938881423,0.7718711508530135,22.268146514892578,59.15808868408203,-95.34613800048828,0.003313262015581131,-2709.40469481352,2.6095316410064697,4213.852106384585,4877.567317339271,1259520000.0
train_tune_4e13c_00499_499,TRANSFORMER,0.0773241925193169,0.7967317108835643,0.7918102464621226,31.976818084716797,81.83660888671875,-184.204345703125,0.014046675525605679,-725314.2522515347,4.51570987701416,5742.722588891882,6102.241867504526,1810432000.0
train_tune_4e13c_00500_500,RNN,0.0467698691261861,0.7560419637872756,0.7691075928382506,0.15435181558132172,0.3569908142089844,-0.0016290508210659027,7.735678991593886e-06,-20813539.72197366,0.0040532732382416725,1861.2003861543053,1861.2003913638307,1178048000.0
train_tune_4e13c_00501_501,RNN,0.0666775439168978,0.6646865673659321,0.683518980383508,0.14003799855709076,0.38528743386268616,-0.002016142476350069,1.0790247870318126e-05,-20596957.71732682,-0.0031015463173389435,2461.8005363959114,2461.7543450754447,388224000.0
train_tune_4e13c_00502_502,RNN,0.030679012345679,0.7199874054026217,0.7202435698862376,0.23390233516693115,0.4406755566596985,-0.007931100204586983,2.3341752239502966e-05,-21019306.98515708,0.030789054930210114,1035.1420657293488,1035.1420592860036,963200000.0
train_tune_4e13c_00503_503,RNN,0.0560295790671217,0.7666038495472963,0.7840473991411505,0.10705941170454025,0.3550371527671814,-0.0013913385337218642,5.137301741342526e-06,-21423548.59504406,0.0006022106390446424,4261.620895852079,4261.621750102914,1820928000.0
train_tune_4e13c_00504_504,RNN,0.0291015140233308,0.7694167628703786,0.8153048109155003,0.07940429449081421,0.13195835053920746,-0.00020030821906402707,1.242707367055118e-05,-19107095.303784285,0.004789447877556086,4507.950453318105,4507.95069195798,3312320000.0
train_tune_4e13c_00505_505,RNN,0.030679012345679,0.6602524898570624,0.7581391567138311,0.1623031049966812,0.22452214360237122,-0.0005802512750960886,1.999003507080488e-05,-19713620.361120775,0.003027025843039155,1113.4116539993852,1114.147408012419,2961344000.0
train_tune_4e13c_00506_506,RNN,0.055763134057971,0.7488718043878838,0.8189322868186627,0.2294037789106369,0.3218801021575928,-0.005471756216138601,2.6815347155206837e-05,-20397305.84647614,0.016171656548976898,594.6924643766645,594.6925417669511,3154368000.0
train_tune_4e13c_00507_507,RNN,0.0666775439168978,0.6459559741414407,0.7316947244400908,0.17525933682918549,0.3438514769077301,0.0008685104548931122,1.0426429071230814e-05,-20906104.679717056,-0.007955809123814106,1035.4153044116977,1035.414642878422,451584000.0
train_tune_4e13c_00508_508,RNN,0.0666775439168978,0.7454664577091701,0.8012992304354168,0.1575993448495865,0.28740155696868896,8.78920400282368e-05,1.4617591659771279e-05,-19655636.504563425,-4.068782436661422e-05,1365.8010559885715,1365.7958517029724,1545728000.0
train_tune_4e13c_00509_509,RNN,0.0649698960043787,0.7162689926386215,0.7168456698663154,0.08997993916273117,0.13760848343372345,5.566361141973175e-05,6.371134986693505e-06,-18957329.447211888,-0.0006142538040876389,3003.42401450143,3003.327572166994,1037376000.0
train_tune_4e13c_00510_510,RNN,0.0291015140233308,0.7772620012723667,0.8264906400212905,0.11034192144870758,0.22183658182621002,-0.0008677573641762137,9.91063097899314e-06,-19919467.005924847,0.012147041037678719,2900.8543925747886,2900.854392987467,5989376000.0
train_tune_4e13c_00511_511,RNN,0.055763134057971,0.6849738259455146,0.7974036909018517,0.16702505946159363,0.26253485679626465,-0.0010676650563254952,3.827420005109161e-05,-19685486.290092543,0.006025304086506367,1148.8200340597411,1148.8200337399333,1783680000.0
train_tune_4e13c_00512_512,RNN,0.0330148229817469,0.7869812133339553,0.8174064576651339,0.08462114632129669,0.19825667142868042,-0.00018985991482622921,1.0076872968056705e-05,-20124801.173856962,0.0015530959935858846,4004.8381776112956,4004.8381853230517,3371584000.0
train_tune_4e13c_00513_513,RNN,0.030679012345679,0.7472811521823126,0.7916085076985531,0.10066496580839157,0.40120816230773926,-0.0016892855055630207,1.1046891813748516e-05,-20726000.584896285,0.00308747636154294,5299.739031877192,5299.739021912701,3981312000.0
train_tune_4e13c_00514_514,RNN,0.1165393037060058,0.6356259427457533,0.6202163075594759,0.10780762135982513,0.39833852648735046,-0.0016166632995009422,1.5063518731039949e-05,-20348972.696801323,0.0025719855912029743,4319.72248678259,4319.741366861929,1204928000.0
train_tune_4e13c_00515_515,RNN,0.055763134057971,0.7289329644255044,0.822769351893033,0.1444770246744156,0.23779717087745667,-0.0005141219589859247,1.9624025298980996e-05,-19860141.174736995,0.002966613508760929,1680.3204936167663,1680.3181280475742,1245504000.0
train_tune_4e13c_00516_516,RNN,0.0649698960043787,0.8118175412792596,0.8240949343601552,0.06826017051935196,0.135584756731987,8.675341086927801e-05,9.33303999772761e-06,-18815325.13030535,-0.0024119552690535784,4583.88314685596,4583.882988533182,5758016000.0
train_tune_4e13c_00517_517,RNN,0.030679012345679,0.7415513998734143,0.7334743471409504,0.13787753880023956,0.3324786126613617,-0.00212435657158494,7.666271812922787e-06,-20483158.183113627,0.012341796420514584,2329.4168010387484,2329.239672207059,372224000.0
train_tune_4e13c_00518_518,RNN,0.0666775439168978,0.71224827011795,0.7485518886074765,0.10551104694604874,0.17423385381698608,-0.0004211087943986058,1.2105796486139297e-05,-18742092.879155613,0.004584231413900852,2379.2451683552786,2379.2348316322286,613952000.0
train_tune_4e13c_00519_519,RNN,0.030679012345679,0.7721400424866873,0.820783356685837,0.08212127536535263,0.13647904992103577,-0.00020055475761182606,7.817725418135524e-06,-19443282.259158008,0.003793009789660573,3652.9101265354093,3652.9101253362305,5385472000.0
train_tune_4e13c_00520_520,RNN,0.0422558162189927,0.7249939191539867,0.8296579668846379,0.11621707677841187,0.3973653018474579,-0.0018010358326137066,1.1737072782125324e-05,-20930946.13142681,0.007806620094925165,3866.4158450222626,3866.4153410277495,1805888000.0
train_tune_4e13c_00521_521,RNN,0.0592472687269657,0.7334497527522985,0.8409718318334033,0.11931297183036804,0.42432454228401184,-0.0020542831625789404,6.098372523410944e-06,-20844917.92864718,-0.0018146164948120713,3801.28394407839,3801.2849066771805,1281024000.0
train_tune_4e13c_00522_522,RNN,0.0330148229817469,0.762998874115571,0.7720284455177304,0.1209980845451355,0.21460993587970734,-0.0005469642928801477,1.4710601135448087e-05,-20520891.6415376,0.004653726238757372,2147.641943611744,2147.759814798077,2020224000.0
train_tune_4e13c_00523_523,RNN,0.030679012345679,0.6935303899226,0.7736317729135648,0.17159920930862427,0.26878440380096436,-0.002542265458032489,1.5129973689909093e-05,-19169747.750165366,0.012490435503423214,1234.8543558920578,1234.860569232946,805568000.0
train_tune_4e13c_00524_524,RNN,0.0271637317347321,0.7589093903652167,0.8035222707836708,0.08573128283023834,0.19433119893074036,-0.0003151753917336464,9.520443200017326e-06,-20292056.696963053,0.005483334884047508,3965.789533869418,3965.794985811076,2902912000.0
train_tune_4e13c_00525_525,RNN,0.0330148229817469,0.8229519183338363,0.8310764449354214,0.08317356556653976,0.14286839962005615,0.00014847896818537265,8.306311428896151e-06,-19107439.21862183,-0.0035828042309731245,3337.608481381691,3337.608809130598,6186048000.0
train_tune_4e13c_00526_526,RNN,0.0291015140233308,0.7496268139666745,0.8144439008159737,0.2428208738565445,0.34285596013069153,-0.00721203675493598,2.224964919150807e-05,-19127981.456347942,0.022467290982604027,601.8474292256572,601.8407800552607,3995456000.0
train_tune_4e13c_00527_527,RNN,0.0325293753865182,0.7738862145836155,0.7811758570997686,0.11721120774745941,0.40259695053100586,-0.0016007053200155497,7.894437658251263e-06,-21103968.069264106,-0.0016649342142045498,3467.027229918008,3467.0272354939507,2676224000.0
train_tune_4e13c_00528_528,RNN,0.0291015140233308,0.7687315135692635,0.7574519901970905,0.08958718925714493,0.143172949552536,-0.00029973420896567404,8.27061649033567e-06,-18869106.65934049,0.0054239840246737,3320.766935851245,3320.7670699323935,2335168000.0
train_tune_4e13c_00529_529,RNN,0.0666775439168978,0.8317123849837752,0.8261459504744414,0.06827212870121002,0.1291087418794632,-9.593588038114831e-05,3.30059901898494e-06,-18877795.92880042,0.002461825031787157,5346.639883347945,5346.639908095578,8239360000.0
train_tune_4e13c_00530_530,RNN,0.1269405532709127,0.7391430838310095,0.8186922662737727,0.108373261988163,0.40618014335632324,-0.0018683263333514333,4.612804332282394e-06,-21303982.823712863,0.004625604022294283,4558.744859088676,4558.744869797207,2505024000.0
train_tune_4e13c_00531_531,RNN,0.02803738317757,0.7340121002227832,0.7828576964184751,0.17998364567756653,0.33408546447753906,-5.2851042710244656e-05,1.1289549547655042e-05,-21350427.29610667,-0.0024504498578608036,1137.6055972397198,1137.6055972647032,2213120000.0
train_tune_4e13c_00532_532,RNN,0.055763134057971,0.7255537487028624,0.7696991255242777,0.0675341933965683,0.12116725742816925,-2.600365405669436e-06,4.648755293601425e-06,-19047972.461174533,-0.0012720718514174223,5208.451130935284,5208.450881613521,5852736000.0
train_tune_4e13c_00533_533,RNN,0.0666775439168978,0.7162645729539739,0.7991922104609691,0.0667564794421196,0.1158113181591034,-6.145490624476224e-05,3.6489052490651375e-06,-18458397.4786566,0.00177109451033175,5116.718251877819,5116.718251337587,5438784000.0
train_tune_4e13c_00534_534,RNN,0.0666775439168978,0.8047600008508261,0.8044123689234817,0.10177307575941086,0.16519470512866974,0.000468020502012223,1.935653381224256e-05,-19525679.052272,-0.004345828201621771,2019.2157496578461,2019.2157495064573,5683840000.0
train_tune_4e13c_00535_535,RNN,0.0649698960043787,0.7957999925660403,0.7984033303213809,0.06856463849544525,0.16603228449821472,-8.31191282486543e-05,6.953607680770801e-06,-19681815.36970738,-0.0016029682010412216,5114.984279737506,5114.98427874859,5576960000.0
train_tune_4e13c_00536_536,RNN,0.0649698960043787,0.7901946288659114,0.8296625173935407,0.22100509703159332,0.32005181908607483,0.009253081865608692,6.430436042137444e-05,-19352805.939228036,-0.01604401506483555,369.1333197736279,369.13332018172827,6165824000.0
train_tune_4e13c_00537_537,RNN,0.055763134057971,0.7837422892275727,0.8155640669225909,0.07213038951158524,0.11765895783901215,8.45593967824243e-05,4.418904154590564e-06,-19288205.64797797,-0.002354290569201112,4240.027509283325,4240.0202951590345,3575360000.0
train_tune_4e13c_00538_538,RNN,0.0459064905606119,0.646746877176145,0.64793961180831,0.3890206515789032,0.581360936164856,-0.015515774488449097,9.676817171566654e-06,-21306252.52889692,0.01853567734360695,255.6270720091618,255.62572652396625,170688000.0
train_tune_4e13c_00539_539,RNN,0.030679012345679,0.8059686366342302,0.8218865225357099,0.13077916204929352,0.23023934662342072,-0.0011378406779840589,8.097729732980952e-06,-19788784.621952366,0.009607130661606789,2007.4113731399261,2007.5731895638414,1023616000.0
train_tune_4e13c_00540_540,RNN,0.0330148229817469,0.7570835351201705,0.7939687118479569,0.08760780096054077,0.1990661919116974,-0.00035490639857016504,7.529754384449916e-06,-19956002.474296637,0.003571305423974991,3671.8937717684757,3671.8961563736493,1347200000.0
train_tune_4e13c_00541_541,RNN,0.055763134057971,0.6780920677124472,0.7696137589826327,0.15169818699359894,0.22283095121383667,0.0012951564276590943,1.61074804054806e-05,-19146017.85915583,-0.00652506435289979,1023.6945921871252,1023.6960008741025,2050048000.0
train_tune_4e13c_00542_542,RNN,0.0676296047475086,0.8150910813238533,0.8255791730051878,0.09124600142240524,0.39284688234329224,-0.001404127455316484,4.762855496664997e-06,-20868814.311583143,-0.0012492600362747908,5372.9367553921775,5372.936580756925,2759744000.0
train_tune_4e13c_00543_543,RNN,0.0291015140233308,0.731990776587473,0.8080586344512004,0.15814584493637085,0.2753838896751404,-0.0014721176121383905,1.4797409676248208e-05,-20100310.10063961,0.00852391216903925,1360.6182348042805,1360.6182362530872,2768768000.0
train_tune_4e13c_00544_544,RNN,0.0666775439168978,0.7347629742454661,0.7924022354538552,0.11637523025274277,0.2105274647474289,0.00021202689094934613,1.313609209319111e-05,-20026294.768580914,-0.002688511274755001,2045.7144075311412,2045.713044349242,1140288000.0
train_tune_4e13c_00545_545,RNN,0.0606535938152058,0.80422359168251,0.7886930503628428,0.11160562187433243,0.35524630546569824,-0.001428465940989554,4.943560270476155e-06,-21319479.04290396,-0.0017021533567458391,3629.737699261146,3629.7374381147033,1596288000.0
train_tune_4e13c_00546_546,RNN,0.0540008820341991,0.8006969290197853,0.8124626672630688,0.08969443291425705,0.199456587433815,7.666359306313097e-05,8.111765055218711e-06,-19614020.387392014,-0.003967465832829475,3615.9364440971785,3615.9364734905557,2152384000.0
train_tune_4e13c_00547_547,RNN,0.055763134057971,0.7188285956047138,0.7739057574118952,0.1453867405653,0.21258267760276794,-0.0006098697776906192,1.0225482583336998e-05,-19053920.81985818,0.0036737981718033552,1441.5730449181235,1441.5748153605464,2073536000.0
train_tune_4e13c_00548_548,RNN,0.0805968163696303,0.7300511277347467,0.7999328507355612,0.093462735414505,0.3900258243083954,-0.0016272292705252767,3.210009708709549e-06,-20832853.344387956,0.0031023994088172913,5221.55973900476,5221.559113001834,2825024000.0
train_tune_4e13c_00549_549,RNN,0.055763134057971,0.7992504689551708,0.821216843124584,0.07983651757240295,0.1596435308456421,-0.00013650397886522114,9.055565897142515e-06,-19771891.32367454,0.0011772169964388013,4058.287792100985,4058.288336404341,4119872000.0
train_tune_4e13c_00550_550,RNN,0.0731375982344766,0.7791392995731518,0.8302567122934222,0.11893626302480698,0.3797772228717804,-0.0017071692273020744,6.5512372202647384e-06,-20955217.192355126,0.0045062764547765255,3533.6994362445967,3533.6994301701216,3162240000.0
train_tune_4e13c_00551_551,RNN,0.0330148229817469,0.7476029667024178,0.7895162920263017,0.10368610918521881,0.20900708436965942,-0.00013712322106584907,5.865956609341083e-06,-19553707.048810367,0.0012707498390227556,2806.0820686796937,2806.082301830803,1366272000.0
train_tune_4e13c_00552_552,RNN,0.0666775439168978,0.7942558439474672,0.8166279241950157,0.06152230128645897,0.11651721596717834,0.00016741329454816878,5.261306796455756e-06,-19436823.969294433,-0.005755371879786253,5132.940486325929,5132.940488387975,7911232000.0
train_tune_4e13c_00553_553,RNN,0.0675827407791595,0.7600300785530285,0.7859058571428877,0.13778454065322876,0.31663739681243896,-0.0015571496915072203,1.532551868876908e-05,-20680692.450730734,0.0065919142216444016,2144.2753847580116,2144.2759901525155,937920000.0
train_tune_4e13c_00554_554,RNN,0.055763134057971,0.6790979227113381,0.8020994816695458,0.17432048916816711,0.3291078209877014,-0.0013168924488127232,3.256638228776865e-05,-20998236.73599509,0.0004943786188960075,1144.6574523296335,1144.6574522543951,2280384000.0
train_tune_4e13c_00555_555,RNN,0.030679012345679,0.7086040786201089,0.7520849765265694,0.06847283244132996,0.1229209452867508,-0.0002187770005548373,4.24626568928943e-06,-18377044.35869157,0.006447543855756521,5342.359023877745,5342.360097723527,4017856000.0
train_tune_4e13c_00556_556,RNN,0.0279913028859288,0.7897056406573687,0.8192755749710557,0.11357664316892624,0.40391749143600464,-0.0014429200673475862,9.182499525195453e-06,-20999640.457378432,-0.0075505576096475124,3792.0199424238936,3792.0187376049544,1557504000.0
train_tune_4e13c_00557_557,RNN,0.0330148229817469,0.783604723398541,0.8198212101920236,0.08922086656093597,0.1371794193983078,-0.0001859907351899892,7.616464245074894e-06,-19184980.41871503,0.0035617752000689507,2931.507614599113,2931.4042624278745,2141632000.0
train_tune_4e13c_00558_558,RNN,0.030679012345679,0.6361883231601008,0.697181520835628,0.4256058931350708,0.6393508911132812,-0.03355160728096962,6.440075958380476e-05,-21050366.568628095,0.0333004891872406,255.39859622188084,255.29424263768865,27776000.0
train_tune_4e13c_00559_559,RNN,0.0670274998633207,0.6308976517349049,0.7728943161451823,0.13332024216651917,0.24198724329471588,-0.0001921506627695635,5.794193839392392e-06,-19777040.17131772,-0.0003033714019693434,1672.250568849452,1672.2349558722042,528960000.0
train_tune_4e13c_00560_560,RNN,0.0330148229817469,0.7379859587206651,0.7965838682417222,0.1273234784603119,0.25530916452407837,-0.0004905872046947479,5.017477178625995e-06,-19787054.409999155,0.0044858395121991634,2046.891454259048,2046.9289276054494,583424000.0
train_tune_4e13c_00561_561,RNN,0.0330148229817469,0.8024853493247264,0.7868800187655632,0.11069011688232422,0.18638509511947632,4.136620191275142e-06,1.181689185614232e-05,-19241291.19161156,-0.00017008325085043907,2135.768472599849,2135.768473477414,6887168000.0
train_tune_4e13c_00562_562,RNN,0.030679012345679,0.8035667984667795,0.8306182150527973,0.10311806201934814,0.21243195235729218,-0.0004987668944522738,4.92643903271528e-06,-20174126.115074288,0.005491303745657206,3167.1375918939443,3167.1375919696584,4614592000.0
train_tune_4e13c_00563_563,RNN,0.055763134057971,0.7607720043168212,0.8168275154386403,0.07072547823190689,0.18473106622695923,-0.00012290815357118845,9.524449524178635e-06,-19983558.014834486,-0.0011703348718583584,5240.3043118258665,5240.305245633174,3054592000.0
train_tune_4e13c_00564_564,RNN,0.0309147844626557,0.724772215855646,0.8008648351489006,0.1017628014087677,0.19746807217597961,-0.0003630179271567613,6.715724339301232e-06,-19388813.182987884,0.003659849753603339,2908.173788774374,2908.173708884611,1987648000.0
train_tune_4e13c_00565_565,RNN,0.0510988930668023,0.7364812938929827,0.8191527056232291,0.0946134477853775,0.3841468393802643,-0.0012143212370574474,6.133108399808407e-06,-20591867.894779764,0.001151961274445057,5186.552273425039,5186.5520546498665,2666240000.0
train_tune_4e13c_00566_566,RNN,0.1318210099432192,0.712558765912886,0.7532624396534144,0.08943747729063034,0.35332927107810974,-0.001015770947560668,6.740918252035044e-06,-20815658.22795091,-0.0012130520772188902,5410.39334113738,5410.388049082971,2324480000.0
train_tune_4e13c_00567_567,RNN,0.055763134057971,0.7668472261144638,0.8018725937134782,0.08952680975198746,0.14532345533370972,-9.355333895655349e-05,1.0950111573038157e-05,-18886718.902756758,0.0016043530777096748,2876.653450675493,2876.6534656235226,2463360000.0
train_tune_4e13c_00568_568,RNN,0.0649698960043787,0.6426621618159835,0.6642442479401448,0.1054345965385437,0.18292778730392456,0.0005597147392109036,9.454272003495134e-06,-18982068.996811662,-0.006391893140971661,2426.8024652595536,2426.685816885869,1945152000.0
train_tune_4e13c_00569_569,RNN,0.1994977572827849,0.7591510509876206,0.7891105221610779,0.11782406270503998,0.3290674090385437,-0.0010985607514157891,4.8577321649645455e-06,-20628345.416381534,-0.006177331320941448,2955.002169521283,2955.000021955995,901184000.0
train_tune_4e13c_00570_570,RNN,0.0330148229817469,0.8055008804247207,0.8181813393173463,0.12073151767253876,0.21268969774246216,-0.0009279287187382579,2.283331377839204e-05,-19583191.311255805,0.008005856536328793,1850.4664522742162,1850.4664524347697,3427520000.0
train_tune_4e13c_00571_571,RNN,0.0334454409566517,0.8290719941211043,0.8159916826443626,0.10392757505178452,0.37318331003189087,-0.0015159188769757748,7.454473234247416e-06,-20874703.478881862,0.006218784488737583,4477.294650286494,4477.29465251781,3774528000.0
train_tune_4e13c_00572_572,RNN,0.055763134057971,0.6859237902737451,0.720780017860205,0.1566869467496872,0.23743610084056854,-0.0016004283679649234,1.4371002180268988e-05,-19767086.0523291,0.012369624339044094,1334.4303816459237,1334.4303245026545,917504000.0
train_tune_4e13c_00573_573,RNN,0.0306846946965487,0.74752332636722,0.7692071311974749,0.14098228514194489,0.20209169387817383,-0.00037856464041396976,1.6291132851620205e-05,-19168732.201336138,0.0029151521157473326,1340.490367430023,1340.490367537825,3481280000.0
train_tune_4e13c_00574_574,RNN,0.0649698960043787,0.7867939549697328,0.811430571165834,0.081575907766819,0.1895369291305542,-8.350847929250449e-05,8.946188245317899e-06,-19920354.19868494,-0.0007744426839053631,4410.88272427875,4410.8828212540175,3644032000.0
train_tune_4e13c_00575_575,RNN,0.0649698960043787,0.6284635913140573,0.7349416805217502,0.2490314096212387,0.35257068276405334,-0.0006408194894902408,1.1500165783218108e-05,-19717147.48792144,0.001965827541425824,492.31786349103334,492.3157904007769,787584000.0
train_tune_4e13c_00576_576,RNN,0.055763134057971,0.6853446439643958,0.6951235875733475,0.07391911000013351,0.16943597793579102,-0.0001642797578824684,5.376695298764389e-06,-20232215.548411258,0.0017661615274846554,4735.633399849659,4735.634210924857,2405312000.0
train_tune_4e13c_00577_577,RNN,0.0642402125548193,0.6867282828228188,0.7031544271924893,0.0946541577577591,0.37695080041885376,-0.001212985604070127,5.217818852543132e-06,-20626139.93860748,-4.660466220229864e-05,5260.314896738011,5260.321766588987,2084672000.0
train_tune_4e13c_00578_578,RNN,0.0666775439168978,0.7720575499512922,0.8115734175871784,0.10505548119544983,0.3522663414478302,-0.0010843015043064952,7.006492523942143e-06,-20852070.63308938,-0.006242854055017233,3768.575383502962,3768.5757340449795,1793984000.0
train_tune_4e13c_00579_579,RNN,0.030679012345679,0.8078785012546531,0.8023892344080377,0.11475996673107147,0.21605372428894043,-0.0006126513471826911,7.829037713236175e-06,-19638127.648999162,0.005117570981383324,2475.406394199009,2475.4063951094777,3853184000.0
train_tune_4e13c_00580_580,RNN,0.0330148229817469,0.7669545050848973,0.8238896120558324,0.09261700510978699,0.16104888916015625,0.00013883470091968775,5.7672077673487365e-06,-19033211.43538729,-0.002358232159167528,3134.105976243388,3134.1060649722717,4428416000.0
train_tune_4e13c_00581_581,RNN,0.0903702068583537,0.8092789680735026,0.8215321360402275,0.08842401206493378,0.3635833263397217,-0.001192573457956314,1.0017894965130836e-05,-20790108.281989172,-0.0066981627605855465,5454.162488326474,5454.162482357442,4934528000.0
train_tune_4e13c_00582_582,RNN,0.0649698960043787,0.7541532236687525,0.7969384746096737,0.09686629474163055,0.17363744974136353,7.164441922213882e-05,7.988685865711886e-06,-19897755.258668426,-0.0009545671055093408,2647.689238609559,2647.672528188455,2143552000.0
train_tune_4e13c_00583_583,RNN,0.0666775439168978,0.7793670438564121,0.8286614903937412,0.06781886518001556,0.12816458940505981,6.505643978016451e-05,1.2824957593693398e-05,-19379249.7347211,-0.0025337731931358576,4843.598726627373,4843.598758226393,4606016000.0
train_tune_4e13c_00584_584,RNN,0.0632791492956502,0.7483023270841365,0.8179052583911125,0.10831621289253235,0.4039425253868103,-0.0018626912496984005,5.869401775271399e-06,-20761966.77455485,0.0008853438775986433,4678.33867096192,4678.338661836975,3704768000.0
train_tune_4e13c_00585_585,RNN,0.0666884247171453,0.7997239942181847,0.8326061909200774,0.0988181009888649,0.37262052297592163,-0.001483110012486577,8.178253665391821e-06,-20916645.383708455,-0.003545701038092375,4362.238125805543,4362.238109258625,2734848000.0
train_tune_4e13c_00586_586,RNN,0.0649805660480648,0.8208828525799038,0.8335178580076791,0.09871290624141693,0.39346861839294434,-0.0014675422571599483,6.17370278632734e-06,-21033194.731282547,-0.008683726191520691,5053.292380050587,5053.292384613014,4253184000.0
train_tune_4e13c_00587_587,RNN,0.0291015140233308,0.8688284594050164,0.8205768855607842,0.08598175644874573,0.18599511682987213,-0.0002702927158679813,7.617931714776205e-06,-19869579.92807672,0.003540354548022151,3970.7300339087697,3970.7306997068126,4324160000.0
train_tune_4e13c_00588_588,RNN,0.0315485344522583,0.8371698536946064,0.817843926860559,0.11448550224304199,0.394605815410614,-0.0018205316737294197,1.445399993826868e-05,-20607604.078904785,0.0007708100602030754,4396.071572381206,4396.071566356153,3550592000.0
train_tune_4e13c_00589_589,RNN,0.075917732815361,0.7333695125715151,0.8298658981517152,0.1185942143201828,0.3548431992530823,-0.001015454181469977,9.381278687214945e-06,-20941230.12113929,-0.00652946624904871,3085.4427591704416,3085.442761887244,2314368000.0
train_tune_4e13c_00590_590,RNN,0.1107575478316615,0.8139252605160667,0.8127264849257929,0.09716704487800598,0.41688552498817444,-0.0016887516248971224,7.349837687797844e-06,-21180410.33316631,0.0037245405837893486,5446.986181823802,5446.986189697593,3921024000.0
train_tune_4e13c_00591_591,RNN,0.0666775439168978,0.7975604996243129,0.817913962174996,0.07476712763309479,0.1772434115409851,0.00017960766854230314,8.946046364144422e-06,-19660051.491158783,-0.008372943848371506,4599.36248505981,4599.362441351259,4160384000.0
train_tune_4e13c_00592_592,RNN,0.055763134057971,0.8185539529012047,0.8133507924420643,0.07283170521259308,0.17295950651168823,9.569068788550794e-05,7.897700925241224e-06,-19562983.628849328,-0.006205512210726738,4903.05568237716,4903.055680133145,7379520000.0
train_tune_4e13c_00593_593,RNN,0.0666775439168978,0.7456110534038519,0.785881708720353,0.06545904278755188,0.11892905086278915,3.040049887204077e-05,7.977413588378113e-06,-19119408.66935421,-0.0014729303075000644,4904.6646462351155,4904.6656655614315,4699392000.0
train_tune_4e13c_00594_594,RNN,0.0649698960043787,0.8687125134340795,0.8182181849733716,0.333639532327652,0.4720955193042755,-0.01064799539744854,0.00010359912266721949,-18620130.553396765,0.013120236806571484,265.0539798990602,265.0539798977145,6319808000.0
train_tune_4e13c_00595_595,RNN,0.0291015140233308,0.7425946211318468,0.7522378187938031,0.19170796871185303,0.27265414595603943,-0.003660068614408374,2.5019116947078146e-05,-19489379.12184941,0.015413862653076649,810.1014148524642,810.1014148249624,2958272000.0
train_tune_4e13c_00596_596,RNN,0.1099463543938223,0.7815766234357407,0.8204955890272106,0.10008034855127335,0.39725983142852783,-0.0013655388029292226,8.859225999913178e-06,-21062084.11864126,-0.0016639692476019263,5172.900073461105,5172.900144961475,3034880000.0
train_tune_4e13c_00597_597,RNN,0.055763134057971,0.7023603478412642,0.7333323388304076,0.2395997792482376,0.3640751838684082,0.0011255251010879874,1.5405315934913233e-05,-20542368.09945915,-0.0034766194876283407,487.36385859330557,487.3616751663012,1469888000.0
train_tune_4e13c_00598_598,RNN,0.0339802796908692,0.7083379281804598,0.7550660396801395,0.1350313425064087,0.2329249083995819,0.00014643376925960183,5.4595234360022005e-06,-19756570.0786305,-0.003143459325656295,1617.0717874469215,1617.0717957648963,2017472000.0
train_tune_4e13c_00599_599,RNN,0.0321492359595157,0.7601844316502006,0.8256956699851825,0.09321297705173492,0.3745969533920288,-0.0012067260686308146,5.260932084638625e-06,-20731411.60550974,4.481046926230192e-05,5368.744265833737,5368.744288075439,3308672000.0
train_tune_4e13c_00600_600,RNN,0.0330148229817469,0.8129886897243493,0.8184351581288668,0.09222062677145004,0.154107466340065,-9.890181536320597e-05,1.1337886462570168e-05,-19214184.329496257,0.001239397213794291,3044.0197325336335,3044.019732359613,10041152000.0
train_tune_4e13c_00601_601,RNN,0.0613266151843768,0.7214961307680454,0.775050662010457,0.1314391791820526,0.3450148105621338,-0.001200889702886343,5.938587037235266e-06,-20794393.83728282,0.001681867754086852,2435.5835119699145,2435.583498174414,1788672000.0
train_tune_4e13c_00602_602,RNN,0.0649698960043787,0.7852188524948193,0.8318681375845326,0.07882151007652283,0.14255446195602417,-0.000129268693854101,5.897034498048015e-06,-19100788.099949636,0.002648528665304184,4387.39547854929,4387.395481443536,7965824000.0
train_tune_4e13c_00603_603,RNN,0.0761539686132739,0.7810086700053618,0.8165615676386122,0.1035020500421524,0.3789726197719574,-0.0014887569705024362,1.4102383829595055e-05,-20964049.999342248,-0.006267203018069267,4378.936043082273,4378.9360431751375,4094976000.0
train_tune_4e13c_00604_604,RNN,0.0330148229817469,0.7962466323117522,0.804425912981861,0.1079646572470665,0.17082072794437408,0.0003533636045176536,6.020530236128252e-06,-18533359.287122466,-0.004166972357779741,2149.5593213151665,2149.5593209986214,6534976000.0
train_tune_4e13c_00605_605,RNN,0.1648559192053484,0.8771242680501637,0.8164748458715428,0.06382708251476288,0.1001972109079361,6.74411712680012e-05,5.231179784459528e-06,-19271733.56207106,-0.0020737173035740852,4720.692850848081,4720.692851695505,7171904000.0
train_tune_4e13c_00606_606,RNN,0.0867742444268571,0.8097645222153513,0.8296991619540665,0.10019688308238983,0.3929765820503235,-0.0014066315488889813,4.471824468055274e-06,-20797843.846996166,-0.006947832647711039,4599.090725218844,4599.090711455925,3130880000.0
train_tune_4e13c_00607_607,RNN,0.0303874241861616,0.7840648980910315,0.8236581170663145,0.10554298758506775,0.41886699199676514,-0.0018669917481020093,5.3357266551756766e-06,-21173855.76378473,0.004513955675065517,4964.494608409397,4964.494610719066,4098176000.0
train_tune_4e13c_00608_608,RNN,0.0330148229817469,0.6805019676096361,0.7277342718191532,0.2846184968948364,0.449327677488327,-0.0052843643352389336,2.1368843590607867e-05,-20089373.797172964,0.0110155725851655,483.1729282196317,483.17295123387555,838976000.0
train_tune_4e13c_00609_609,RNN,0.0627383309678189,0.8096516021666827,0.8324382012861067,0.0993746742606163,0.20944857597351074,-0.0003827806795015931,4.6339937398443e-06,-19891529.015976015,0.005258957389742136,3117.595029287466,3117.59967837071,2636352000.0
train_tune_4e13c_00610_610,RNN,0.0330081600098165,0.7864595472829222,0.8089976489301002,0.11282370239496231,0.3322865962982178,-0.0010353573597967625,4.938919119013008e-06,-20804815.193010967,-0.003084615571424365,3148.2457283206686,3148.245727789794,3284544000.0
train_tune_4e13c_00611_611,RNN,0.0430516739716509,0.8040098563656622,0.8259773787883624,0.07914741337299347,0.17320379614830017,-0.00019684397557284683,5.299272743286565e-06,-19694968.601384,0.00105308648198843,4209.82211493592,4209.8221099846,5386880000.0
train_tune_4e13c_00612_612,RNN,0.0330148229817469,0.6770861070491664,0.7618809094721701,0.35863834619522095,0.5624898672103882,-0.013666203245520592,2.9809552870574407e-05,-20674296.2993659,0.016150768846273422,260.16940753948904,260.1694073107101,956288000.0
train_tune_4e13c_00613_613,RNN,0.0297435191354001,0.7307032334006461,0.7952483493036876,0.12480977922677994,0.3012518286705017,-0.0010449073743075132,1.576611066411715e-05,-21441453.441270046,0.006563070695847273,2288.906476626722,2288.906479000808,1372608000.0
train_tune_4e13c_00614_614,RNN,0.0330148229817469,0.7128728587830522,0.769789547540724,0.106462262570858,0.19128769636154175,-2.164357283618301e-05,1.0176218893320765e-05,-19900365.42354539,-0.0015153568238019943,2297.990868230718,2297.990885582351,1591232000.0
train_tune_4e13c_00615_615,RNN,0.0666775439168978,0.7027459489351658,0.8142830393456645,0.06809680908918381,0.10434649884700775,-4.950576476403512e-05,4.955694748787209e-06,-18543712.255857095,0.001551124849356711,4435.676355239166,4435.677173303158,4084544000.0
train_tune_4e13c_00616_616,RNN,0.0789935648854987,0.6758532975892809,0.7895893417765364,0.17177054286003113,0.37405213713645935,-0.0033937629777938128,1.560129749123007e-05,-20703769.169400174,0.011089818552136421,1568.5691369582655,1568.5926679709341,262400000.0
train_tune_4e13c_00617_617,RNN,0.0291015140233308,0.7231782089661373,0.7999389324479235,0.11972049623727798,0.19828465580940247,-0.00014007058052811772,5.294888069329318e-06,-19257418.43488375,0.00178248668089509,2030.3629911931198,2030.3629907678346,3613376000.0
train_tune_4e13c_00618_618,RNN,0.0917284342591991,0.7599692775774948,0.8239248819118107,0.07884056121110916,0.20108529925346375,-0.00010092143929796293,4.059463208250236e-06,-19538883.96384521,-0.0016057910397648811,4434.218910905889,4434.218893086994,3595008000.0
train_tune_4e13c_00619_619,RNN,0.0330148229817469,0.8125237434919109,0.8115823491382822,0.197937473654747,0.31231236457824707,-0.0007813628180883825,1.2129021342843771e-05,-19141586.070555016,0.002858230844140053,711.0230435985312,711.0230453974895,4979200000.0
train_tune_4e13c_00620_620,RNN,0.0758769060714171,0.7291656750330309,0.8217298211212002,0.09309180080890656,0.3639651834964752,-0.0011797280749306083,8.254700333054643e-06,-20701645.069117032,0.0007663446594960988,4943.166117098772,4943.160400321021,2110080000.0
train_tune_4e13c_00621_621,RNN,0.0291015140233308,0.7310856069795876,0.7721429561655304,0.07712715119123459,0.13314920663833618,0.00012481893645599484,4.694970357377315e-06,-18817351.80063808,-0.004061245825141668,4255.6959660304965,4255.695965714549,8134784000.0
train_tune_4e13c_00622_622,RNN,0.062566223216388,0.7430234299550484,0.7603044411465724,0.10403699427843094,0.3824829161167145,-0.0015857615508139133,9.19349622563459e-06,-21293411.954440534,0.007635800167918205,4591.388721461344,4591.389251971184,1910144000.0
train_tune_4e13c_00623_623,RNN,0.0557915604644576,0.7382426417209431,0.8029878633100022,0.09193339943885803,0.17212490737438202,0.0001114838887588121,7.430989626300288e-06,-20405712.639326215,-0.0050322068855166435,2753.059053721,2753.0539957820038,1504512000.0
train_tune_4e13c_00624_624,RNN,0.0787064889124183,0.7177123645674152,0.7838228166266843,0.1478639394044876,0.3824935853481293,-0.002108112908899784,7.865383850003127e-06,-20537841.214343015,-0.002763989381492138,2142.6584290219625,2142.6613185188926,476480000.0
train_tune_4e13c_00625_625,RNN,0.0330148229817469,0.6316602818974716,0.7332226099750869,0.08922671526670456,0.14469408988952637,7.466795796062797e-05,6.259247584239347e-06,-18944092.85776412,-0.001997118815779686,3133.499211778475,3133.4948155875827,2064128000.0
train_tune_4e13c_00626_626,RNN,0.038858397719674,0.8164337606855033,0.813755179832452,0.10025782883167267,0.2932462990283966,-0.0008041841792874038,5.621708623948507e-06,-20767100.17119426,-0.0003574227448552847,3654.795766459906,3654.7957654330967,3680832000.0
train_tune_4e13c_00627_627,RNN,0.055763134057971,0.7280895319898267,0.818084031049562,0.13730329275131226,0.40356284379959106,-0.002197190187871456,1.2995976248930674e-05,-20871392.392372586,0.0015558316372334957,2512.6585474547364,2512.659477025204,965504000.0
train_tune_4e13c_00628_628,RNN,0.030679012345679,0.7567929850234222,0.8269650448937415,0.08103110641241074,0.130584716796875,-2.568741183495149e-05,3.3300079849141184e-06,-19324373.953267146,0.0002956434618681669,3846.398252523979,3846.398250208413,6544384000.0
train_tune_4e13c_00629_629,RNN,0.0649698960043787,0.803440998511484,0.7989589232203254,0.27785807847976685,0.3963623046875,0.012701770290732384,7.71140621509403e-05,-19677758.30627739,-0.011487513780593872,257.7032367995614,257.70323703369195,4514560000.0
train_tune_4e13c_00630_630,RNN,0.065012597217658,0.7260925527337991,0.7871492628634732,0.12186791002750397,0.22387045621871948,0.00022960975184105337,8.921593689592555e-06,-19694356.378531262,-0.006407610606402159,2003.7940524891583,2003.8199908305496,634880000.0
train_tune_4e13c_00631_631,RNN,0.055763134057971,0.6788436582518776,0.7548089962302721,0.0745251253247261,0.1762058436870575,-0.0001386205985909328,6.131190730229719e-06,-19456485.203205243,-0.000257502484600991,5106.9352253486,5106.944637428811,1922944000.0
train_tune_4e13c_00632_632,RNN,0.0636263128800442,0.7885513680872552,0.832718267267805,0.0781557485461235,0.1863127052783966,-0.0001819852041080594,3.198186277586501e-06,-19771522.00031761,0.0026021283119916916,4724.347511380828,4724.346864423034,2691904000.0
train_tune_4e13c_00633_633,RNN,0.0721409083530145,0.776116084189824,0.81282446032916,0.07373074442148209,0.1755622923374176,-0.0002439295349176973,6.197566108312458e-06,-20109317.560737368,0.0036571205127984285,5127.75809417817,5127.758098166934,5749632000.0
train_tune_4e13c_00634_634,RNN,0.0330148229817469,0.711274541286875,0.8068044770612149,0.09512148052453995,0.16303947567939758,-4.222852294333279e-05,5.383187726692995e-06,-19042184.699148275,0.0005840994417667389,2934.9614738914142,2934.9614127388095,1759232000.0
train_tune_4e13c_00635_635,RNN,0.030679012345679,0.7225390244406164,0.775805493183921,0.09729401767253876,0.15994077920913696,-0.0005050692125223577,9.454381142859347e-06,-18349215.74908848,0.007215959019958973,2840.711920769969,2840.71204812857,1922304000.0
train_tune_4e13c_00636_636,RNN,0.0395608828751862,0.750513630312525,0.8015328700711368,0.1467893421649933,0.3893098831176758,-0.0013848964590579271,5.871421308256686e-06,-20672248.657915726,-0.005580199882388115,2189.2305272565886,2189.255662618054,430848000.0
train_tune_4e13c_00637_637,RNN,0.2242480318681064,0.6780454343603052,0.7458789451544207,0.08545753359794617,0.3424255847930908,-0.0010502251097932458,4.272232217772398e-06,-20930214.08641216,-0.004664961248636246,5410.223735971398,5410.2236901951665,3010752000.0
train_tune_4e13c_00638_638,RNN,0.0710488727013204,0.8128564817572582,0.8356623274025666,0.11030850559473038,0.34040510654449463,-0.001254407106898725,3.994061898993095e-06,-20699369.71533271,0.0024116334971040487,3433.9973837199996,3433.9973837535217,3718272000.0
train_tune_4e13c_00639_639,RNN,0.055763134057971,0.5983307021097068,0.644864198150589,0.321736603975296,0.5046361684799194,-0.012333680875599384,0.00020727196533698589,-20624126.28060095,0.019158847630023956,258.65566047714555,258.07754528553323,6528000.0
train_tune_4e13c_00640_640,RNN,0.0594229741192653,0.8208839958819619,0.7827176851621532,0.06996510922908783,0.12300194799900055,0.0002209197700722143,7.671410457987804e-06,-19661504.005744062,-0.005852972157299519,4178.594857344147,4178.588685858248,4622208000.0
train_tune_4e13c_00641_641,RNN,0.0666775439168978,0.8037960975191716,0.8050433467523384,0.10033824294805527,0.15927964448928833,0.00012420184793882072,1.0745187864813488e-05,-18901947.16519801,-0.00163131149020046,2351.260263327358,2351.259279389552,2147264000.0
train_tune_4e13c_00642_642,RNN,0.0330148229817469,0.6089183979376016,0.7348638834999739,0.3885088264942169,0.6363946199417114,-0.011534067802131176,4.601750697474927e-05,-21451651.273158483,0.0157784316688776,259.63465115062354,259.6346511640156,1617728000.0
train_tune_4e13c_00643_643,RNN,0.0291015140233308,0.6501015913942841,0.6932080573159455,0.0868179127573967,0.21634933352470398,-0.0005330007988959551,7.73731244407827e-06,-20229353.250834942,0.008654558099806309,4572.062685648172,4572.066333129179,1577024000.0
train_tune_4e13c_00644_644,RNN,0.055763134057971,0.2395899073843276,0.2439318452264197,0.3983958661556244,0.6263197660446167,-0.02471907250583172,8.167442138073966e-05,-19852569.96615717,0.024706458672881126,240.81912684370366,243.77018572319756,1827392000.0
train_tune_4e13c_00645_645,RNN,0.0289715670809126,0.7177056558830003,0.7912828384312297,0.1343640834093094,0.37254655361175537,-0.0020819760393351316,1.3555352779803798e-05,-20645046.002854556,0.009125933982431889,2322.1080997379277,2322.1697187285417,392384000.0
train_tune_4e13c_00646_646,RNN,0.030679012345679,0.8055443552333994,0.8263438159192563,0.0963289886713028,0.1528809517621994,-0.00014567977632395923,7.256628123286646e-06,-19135546.439824805,0.0015349722234532237,2922.78870408505,2922.7888844153463,6227328000.0
train_tune_4e13c_00647_647,RNN,0.030679012345679,0.7724600514116163,0.8138780312400492,0.0728665143251419,0.19304612278938293,-0.00017134210793301463,2.8956681035197107e-06,-20001502.231552564,-0.0005889141466468573,5567.081003182893,5567.081001692655,7779776000.0
train_tune_4e13c_00648_648,RNN,0.1296466725734319,0.6550624497855723,0.713287344275252,0.12429000437259674,0.3429754376411438,-0.001277822651900351,8.042821718845516e-06,-20727960.21376584,-0.0040949871763587,2606.4447226375464,2606.5753130574335,436032000.0
train_tune_4e13c_00649_649,RNN,0.0666775439168978,0.7932092055288759,0.8261803377300888,0.1035013198852539,0.1916877031326294,0.0008049614261835814,2.3162794605013914e-05,-20172661.83907499,-0.010044356808066368,2132.0213810182986,2132.012853958001,2544000000.0
train_tune_4e13c_00650_650,RNN,0.055763134057971,0.7465978679599874,0.8093886298849746,0.08239269256591797,0.13840709626674652,0.0001182800333481282,6.752570698154159e-06,-19086604.859848473,-0.002195185050368309,3544.7807863890525,3544.780787179535,5262912000.0
train_tune_4e13c_00651_651,RNN,0.0666775439168978,0.7835320419105593,0.8005541377740834,0.07279089838266373,0.1592569649219513,-8.486129809170961e-05,4.092699782631826e-06,-19977135.91700541,-0.0008428195724263787,4666.588138635443,4666.588166649211,3763392000.0
train_tune_4e13c_00652_652,RNN,0.0667755991285403,0.7470506642445635,0.7016797404046113,0.06877682358026505,0.16376233100891113,-8.288126264233142e-05,3.821054633590393e-06,-19781343.421002522,-0.0013316913973540068,5161.545918366134,5161.545036540854,2432448000.0
train_tune_4e13c_00653_653,RNN,0.0546494992846924,0.7772589689202664,0.8203198797811231,0.1132240742444992,0.3159047067165375,-0.0015370950568467379,1.3637400115840137e-05,-20850172.656337254,0.003761042607948184,3172.320065022789,3172.320067746208,2841024000.0
train_tune_4e13c_00654_654,RNN,0.030679012345679,0.7598338269520162,0.8333492434515509,0.08499359339475632,0.1382816582918167,-0.00035873023443855345,6.110314643592574e-06,-19011520.581408247,0.00679647596552968,3374.6315625678776,3374.631562586447,9480896000.0
train_tune_4e13c_00655_655,RNN,0.0291015140233308,0.7518304209282793,0.8063153625393298,0.19312384724617004,0.31555435061454773,-0.0036891582421958447,2.4543302060919814e-05,-19953282.76075779,0.01625339314341545,1139.792580216168,1139.792580015766,2656832000.0
train_tune_4e13c_00656_656,RNN,0.0666775439168978,0.6246627661132279,0.7187745223290313,0.09859307110309601,0.1536439061164856,0.00023063822300173342,1.8840129996533506e-05,-18956565.95232421,-0.002734831068664789,2399.7456904880078,2399.910843857484,1080320000.0
train_tune_4e13c_00657_657,RNN,0.0781246181804197,0.753781922826306,0.7952320990739431,0.08311157673597336,0.13122360408306122,0.00019292969955131412,5.529935151571408e-06,-19124472.284346826,-0.0041203973814845085,3533.643706033421,3533.7074165618114,6541760000.0
train_tune_4e13c_00658_658,RNN,0.0330148229817469,0.6999305301888997,0.731576665554711,0.08245211839675903,0.21019485592842102,-0.0001993440237129107,4.920444553135894e-06,-19862108.233940788,0.0009169180411845446,4859.843358939184,4859.84286266268,2220608000.0
train_tune_4e13c_00659_659,RNN,0.0743286369540003,0.744286547528522,0.8092697803297447,0.12206007540225983,0.3439218997955322,-0.001482084859162569,6.550056241394486e-06,-21045703.534726113,0.003242593491449952,2710.441075048413,2710.440630114458,1349312000.0
train_tune_4e13c_00660_660,RNN,0.0330148229817469,0.8282549592619497,0.8150603838651103,0.09727812558412552,0.1670699268579483,-0.0007140908855944872,1.1514564903336577e-05,-18765804.862877052,0.011838050559163094,3202.620780251401,3202.620778760015,3869312000.0
train_tune_4e13c_00661_661,RNN,0.0638095427862516,0.755413039110655,0.8080222598732436,0.12312809377908707,0.3700001835823059,-0.0017643773462623358,1.0311262485629413e-05,-21105068.24369015,0.006901083048433065,3384.205554058094,3384.205549735908,2363328000.0
train_tune_4e13c_00662_662,RNN,0.0649698960043787,0.8284141213614,0.827360795092884,0.07142649590969086,0.1209803894162178,0.0001241961435880512,1.0583016774035059e-05,-19041950.437482134,-0.0036318639758974314,5089.5171575069835,5089.524333395468,6203392000.0
train_tune_4e13c_00663_663,RNN,0.0330148229817469,0.7997668412222435,0.8375176792353658,0.09293439984321594,0.38348567485809326,-0.001313049579039216,6.9547845669148955e-06,-20768590.260333296,-0.00019537040498107672,5360.551367590749,5360.551371385811,4593152000.0
train_tune_4e13c_00664_664,RNN,0.055763134057971,0.6305851399851077,0.6760713831108761,0.25261375308036804,0.3667016923427582,-0.004319269210100174,5.1116632675984874e-05,-21058683.079886902,0.008907463401556015,583.1265355210242,584.0553038270366,32000000.0
train_tune_4e13c_00665_665,RNN,0.0330148229817469,0.7810453672680869,0.8001346852359718,0.12224985659122467,0.3337322473526001,-0.0013016685843467712,1.2707911992038134e-05,-20759744.46810723,0.003082757815718651,2747.179661879737,2747.179666750749,1808576000.0
train_tune_4e13c_00666_666,RNN,0.1111599445082468,0.7243046028051383,0.8213734854660572,0.1331428736448288,0.3400838375091553,-0.0016657409723848104,5.359620899980655e-06,-21286132.341335792,0.0032112945336848497,2290.1073241271297,2290.1073269853005,2293184000.0
train_tune_4e13c_00667_667,RNN,0.0666775439168978,0.6608866740034317,0.7383031304334229,0.08582720160484314,0.14312756061553955,2.4652599677210674e-05,7.73800456954632e-06,-18805187.19409859,-0.00010747833584900945,3387.0000518720944,3386.998669806528,1490944000.0
train_tune_4e13c_00668_668,RNN,0.0291015140233308,0.7337290009778769,0.7920560289028341,0.09661775827407837,0.19975364208221436,-0.0003976814041379839,6.346757800201885e-06,-20043797.900189616,0.006777324713766575,3269.607902694852,3269.623731848308,1641344000.0
train_tune_4e13c_00669_669,RNN,0.0649698960043787,0.7302657950125964,0.7834360597828404,0.18865357339382172,0.27840563654899597,0.004965535365045071,1.7474323612987064e-05,-19895358.091840938,-0.01568741165101528,690.3470519660455,690.3488094291424,2736704000.0
train_tune_4e13c_00670_670,RNN,0.055763134057971,0.7574875739169631,0.8204849351929729,0.06529737263917923,0.11035050451755524,-4.0193328459281474e-05,6.750908141839318e-06,-19130521.095264737,0.0012881618458777666,5306.757771363512,5306.757772531665,5586624000.0
train_tune_4e13c_00671_671,RNN,0.0666775439168978,0.6676674293005309,0.7568307023032471,0.07314898073673248,0.1750073879957199,-0.0001180177932837978,4.239412646711571e-06,-19961039.04583604,-0.0016018534079194069,4479.30825407173,4479.307145427447,2098112000.0
train_tune_4e13c_00672_672,RNN,0.0291015140233308,0.842972594327489,0.8294829729787727,0.07737647742033005,0.18057873845100403,-0.00016782170860096812,6.9429170252988115e-06,-19631343.18631231,0.00029501260723918676,5037.141741156271,5037.141709752606,4749824000.0
train_tune_4e13c_00673_673,RNN,0.0923702996132707,0.7545410604753511,0.8396706230696648,0.12194299697875977,0.38160938024520874,-0.0015768478624522686,5.273114766168874e-06,-21344988.585402645,0.00042844878043979406,3248.770963824383,3248.771401848717,1435584000.0
train_tune_4e13c_00674_674,RNN,0.0666775439168978,0.7504878127148308,0.8050079059061734,0.08057842403650284,0.17655597627162933,-0.00025395548436790705,4.2339161154814065e-06,-20000133.466011338,0.002002227818593383,4105.5988449938295,4105.59884701704,3769856000.0
train_tune_4e13c_00675_675,RNN,0.0359267521844208,0.7099475450011915,0.6825962108711109,0.10335689038038254,0.3523690104484558,-0.001514804782345891,5.021955075790174e-06,-20927766.297865026,0.013516655191779137,4632.174242861972,4632.190491862955,1391360000.0
train_tune_4e13c_00676_676,RNN,0.0307853867846137,0.7655269055127154,0.8357863975197297,0.11638284474611282,0.38731271028518677,-0.001821492100134492,4.876283583143959e-06,-21325266.244371753,0.004439386073499918,3646.918406561016,3646.9184213548774,1892352000.0
train_tune_4e13c_00677_677,RNN,0.0389948090175558,0.7971491461638043,0.8240812299084643,0.10179372876882553,0.4225764870643616,-0.0016964813694357872,5.0692488002823666e-06,-20865199.10216337,0.012671944685280323,5162.37858489582,5162.378585048611,5543552000.0
train_tune_4e13c_00678_678,RNN,0.0291015140233308,0.6028191318430486,0.6722862633474623,0.27769753336906433,0.43860554695129395,-0.0047965282574296,3.358368849148974e-05,-20981410.726510547,0.010369410738348961,474.21413565986603,474.1951464501792,58880000.0
train_tune_4e13c_00679_679,RNN,0.0306960657155209,0.6502068520996732,0.6933488063726205,0.1172548234462738,0.37674611806869507,-0.001946980832144618,7.367118996626232e-06,-20966317.57325755,0.0034943530336022377,3800.9634895407135,3800.952455171896,961664000.0
train_tune_4e13c_00680_680,RNN,0.0649698960043787,0.7668631114922766,0.8063831166577217,0.07130685448646545,0.12495764344930649,-3.224975080229342e-05,5.54199141333811e-06,-19765199.82244849,0.000633001618552953,4850.779965510454,4850.779966371566,6263744000.0
train_tune_4e13c_00681_681,RNN,0.0649698960043787,0.7537323391718984,0.8108650434007331,0.09939911961555481,0.18103966116905212,-0.00038940744707360864,1.3656658666150179e-05,-20141588.161365733,0.003544273553416133,2335.6979711902804,2335.692064122638,1014592000.0
train_tune_4e13c_00682_682,RNN,0.0792510210413404,0.6834311776444152,0.6846746277257605,0.14133495092391968,0.37216711044311523,-0.0020413906313478947,1.0891371857724153e-05,-20483867.63576294,0.004345894791185856,2375.441820358906,2375.3919857602427,361088000.0
train_tune_4e13c_00683_683,RNN,0.0330148229817469,0.6719526044727094,0.7342795700915815,0.11158408224582672,0.2182484269142151,-0.00013581210805568844,5.351747859094758e-06,-19039417.99852984,0.00043238449143245816,2304.3726960207678,2304.37269076959,1815232000.0
train_tune_4e13c_00684_684,RNN,0.0488255411794716,0.6639703982997253,0.709924539089627,0.14735563099384308,0.37894847989082336,-0.0010257071116939187,5.2396230785234366e-06,-20589530.20916922,-0.00674875732511282,2161.1752774440442,2161.1803770038773,360320000.0
train_tune_4e13c_00685_685,RNN,0.0666775439168978,0.8664321673981701,0.8349940992573144,0.07077250629663467,0.1661784052848816,7.612387707922608e-05,7.369658305833582e-06,-20065957.49961406,-0.005339860450476408,4593.69716077704,4593.697159337575,6507072000.0
train_tune_4e13c_00686_686,RNN,0.030679012345679,0.757781276598584,0.8247332468498487,0.15219809114933014,0.2474328577518463,-0.0010920484783127904,2.675957694009412e-05,-19585519.850581527,0.004596876911818981,1168.94192333006,1168.9419238150558,4561344000.0
train_tune_4e13c_00687_687,RNN,0.0666775439168978,0.7508546936644009,0.7992065974967059,0.07297773659229279,0.13216227293014526,-1.9442975826677866e-05,7.5147668212594e-06,-19250182.006465435,0.0006932552205398679,4258.8573009804895,4258.859354011375,3797120000.0
train_tune_4e13c_00688_688,RNN,0.0662255307416597,0.8079319674651959,0.8033413864304667,0.08922645449638367,0.1645764410495758,-0.00011520415137056261,8.06377374829026e-06,-19838525.34285959,0.0015311954775825143,3460.3095886721844,3460.2894332719984,2618816000.0
train_tune_4e13c_00689_689,RNN,0.1658531705238159,0.6724218893717744,0.7211678030051981,0.10021841526031494,0.41705289483070374,-0.0015182503266260028,3.4156557831011014e-06,-20936528.382920768,-0.0068417564034461975,5185.019035059511,5185.019403462154,2113088000.0
train_tune_4e13c_00690_690,RNN,0.0291015140233308,0.849702505694777,0.8160494850762298,0.07164346426725388,0.11456478387117386,-3.414151069591753e-05,8.131687536661047e-06,-18836840.761011533,-8.79649305716157e-05,4487.017641856857,4487.017681624892,8037952000.0
train_tune_4e13c_00691_691,RNN,0.0666775439168978,0.7776698283797545,0.7972170164730438,0.10920065641403198,0.1831318885087967,0.0007119031506590545,1.3447150195133872e-05,-19737407.696071263,-0.009314791299402714,2165.751077840369,2165.709181383073,1953920000.0
train_tune_4e13c_00692_692,RNN,0.0291015140233308,0.7696614335328884,0.8292831555407454,0.08779765665531158,0.15001368522644043,-0.0002725281519815326,7.279078999999911e-06,-19126249.855605323,0.004559009335935116,3324.938387573526,3324.938321175886,6509696000.0
train_tune_4e13c_00693_693,RNN,0.055763134057971,0.7671388286041791,0.8293978710932813,0.07377275824546814,0.12753178179264069,7.489135896321386e-05,7.013312824710738e-06,-18669239.218004405,-0.0019668154418468475,4324.739609766811,4324.739375401697,2332608000.0
train_tune_4e13c_00694_694,RNN,0.0330148229817469,0.790453696037494,0.7880363807472509,0.09152170270681381,0.15269967913627625,0.00019172634347341955,7.843061212042812e-06,-19740683.053625092,-0.0035098535008728504,2702.492620619755,2702.4926198615804,5901184000.0
train_tune_4e13c_00695_695,RNN,0.055763134057971,0.7754405487609078,0.8125606133959778,0.07800783216953278,0.1409493386745453,0.00010147961438633502,4.961186277796514e-06,-19317940.783556227,-0.003112172009423375,4116.217750799807,4116.217742616451,7390400000.0
train_tune_4e13c_00696_696,RNN,0.0649698960043787,0.694964344370662,0.7185333854190015,0.07859130948781967,0.13880500197410583,-9.455230610910803e-05,8.878403605194762e-06,-18206872.28427978,0.0014880988746881485,3654.499549891956,3654.499546561009,2973376000.0
train_tune_4e13c_00697_697,RNN,0.0328147097833175,0.6850862312376789,0.7644263206493566,0.2311466634273529,0.3967072367668152,-0.006573166698217392,1.7732530977809802e-05,-20923844.95291416,0.02404717169702053,823.5284850561178,823.5284812421605,865728000.0
train_tune_4e13c_00698_698,RNN,0.0330148229817469,0.843125715811014,0.8247158902187998,0.08924371004104614,0.1982598453760147,-0.00036899320548400283,7.497687875002157e-06,-19672621.385106634,0.004416544921696186,4076.613075707335,4076.6130775567954,6246912000.0
train_tune_4e13c_00699_699,RNN,0.0976636072443718,0.8064644251829071,0.8208063757097136,0.09723429381847382,0.3552144765853882,-0.001133468234911561,5.034766218159348e-06,-20933308.347255774,-0.0007785015041008592,4467.863527370675,4467.863526181103,4338560000.0
train_tune_4e13c_00700_700,RNN,0.0330148229817469,0.7904054909888947,0.7890679465938154,0.12237745523452759,0.3510504961013794,-0.0008708654204383492,1.1856973287649453e-05,-21061047.321393125,-0.011567560024559498,2681.369392238233,2681.369387736257,2101376000.0
train_tune_4e13c_00701_701,RNN,0.0683109507829291,0.7312015297501389,0.8134923262480157,0.14139220118522644,0.23897796869277954,-0.0004956754855811596,1.601424446562305e-05,-19587167.785891533,0.002797652967274189,1440.1688054901836,1440.168561856191,2131328000.0
train_tune_4e13c_00702_702,RNN,0.0666775439168978,0.5957558874709166,0.667829805742203,0.11469587683677673,0.40498095750808716,-0.0013927826657891273,1.0040166671387851e-05,-20454646.84987496,-0.008757142350077629,3726.8224415987734,3726.8114551226236,843840000.0
train_tune_4e13c_00703_703,RNN,0.055763134057971,0.7470561462011013,0.8146602118039428,0.13370777666568756,0.21722903847694397,-0.00042036405648104846,1.0981730156345293e-05,-19895569.186497465,0.0021785462740808725,1514.2674641351962,1514.2674640592904,5710336000.0
train_tune_4e13c_00704_704,RNN,0.0794659743406155,0.7533970622822218,0.8125221876447201,0.10107086598873138,0.1917610466480255,-0.00026080591487698257,6.605578619200969e-06,-20527275.964931685,0.0016718143597245216,3050.9449599077016,3050.9451099204275,2679104000.0
train_tune_4e13c_00705_705,RNN,0.036002970749984,0.6661086795703789,0.6976621110148272,0.09992880374193192,0.39945730566978455,-0.001550956629216671,8.925662768888287e-06,-21031026.194075294,0.004000353626906872,5430.095988120123,5430.091749650903,2245248000.0
train_tune_4e13c_00706_706,RNN,0.0330148229817469,0.4023836503164807,0.4372873965601946,0.31370747089385986,0.4697335362434387,-0.004102615639567375,8.4192150097806e-05,-18602016.611266058,0.002263264497742057,253.68213620861974,253.6821361520918,6297152000.0
train_tune_4e13c_00707_707,RNN,0.030679012345679,0.7769333768525017,0.7821122644477709,0.07296296209096909,0.15174973011016846,3.323384589748457e-06,5.903714281885186e-06,-20269557.00020718,-0.0027028722688555717,4685.6838508027795,4685.679421938643,2167168000.0
train_tune_4e13c_00708_708,RNN,0.030679012345679,0.7606618371891952,0.7930554615505233,0.08084903657436371,0.13632643222808838,-0.0003546985681168735,1.0006320735556073e-05,-19168372.19426602,0.009716392494738102,3930.7477398772894,3930.747727719729,2862656000.0
train_tune_4e13c_00709_709,RNN,0.055763134057971,0.7669378418654019,0.7301497989328499,0.08537352830171585,0.2026941478252411,-0.0002894990029744804,9.213590601575561e-06,-19334401.834474735,0.003051858162507415,4249.9473733403065,4249.947374216375,4293824000.0
train_tune_4e13c_00710_710,RNN,0.0291015140233308,0.8052074955369936,0.8094424862606382,0.08684927225112915,0.14426085352897644,-0.00025357905542477965,1.4755270058230963e-05,-19506873.892673578,0.005907019134610891,3970.240199320482,3970.2401986409113,4151616000.0
train_tune_4e13c_00711_711,RNN,0.030679012345679,0.7012162801085969,0.8061920501043266,0.28847527503967285,0.40383249521255493,-0.017524125054478645,4.0693576011108235e-05,-20624390.885041013,0.03691391274333,480.3841472468114,480.38414738974336,2890560000.0
train_tune_4e13c_00712_712,RNN,0.0288748137108792,0.6775783792467586,0.7223569600848648,0.14985772967338562,0.3551672101020813,-0.0018952032551169395,1.9280936612631194e-05,-21317949.952073056,0.0041485680267214775,2037.5999889013071,2037.5996741909348,825920000.0
train_tune_4e13c_00713_713,RNN,0.0330148229817469,0.7565425016600424,0.8094813076088764,0.07494543492794037,0.13631375133991241,-6.729930646542925e-06,7.129277946660295e-06,-19197083.503207274,-0.0008457721560262144,4632.357420320692,4632.357423491108,6001984000.0
train_tune_4e13c_00714_714,RNN,0.0649698960043787,0.6515857000044446,0.7438021886383291,0.18985715508460999,0.30711573362350464,1.827423693612218e-05,2.478531314409338e-05,-20559911.335189965,-0.0038889343850314617,812.6161862445894,812.6161890952251,1040576000.0
train_tune_4e13c_00715_715,RNN,0.0280216700915374,0.8018100233636499,0.8309102760360675,0.10880148410797119,0.37679144740104675,-0.0017932354239746928,7.884713340899907e-06,-20735814.065894805,0.008863321505486965,4241.998854143632,4241.998849145741,2983808000.0
train_tune_4e13c_00716_716,RNN,0.0666775439168978,0.6455637208927832,0.752441032115848,0.1514849215745926,0.2474995106458664,0.0035529262386262417,2.0463103282963857e-05,-20432077.78803502,-0.016477050259709358,913.3888196208823,913.3875106380854,523776000.0
train_tune_4e13c_00717_717,RNN,0.0667646898654903,0.786122008156159,0.8257176497986282,0.10649336129426956,0.21444791555404663,0.0005673432606272399,5.225238055572845e-06,-20233532.65821864,-0.008877097629010677,2461.2183282471433,2461.218308421904,2454272000.0
train_tune_4e13c_00718_718,RNN,0.0649698960043787,0.7932242812387894,0.8118737858688827,0.0660436600446701,0.11166685074567795,-4.557438296615146e-05,3.713287242135266e-06,-19146383.650705397,0.0010750029468908906,4567.004211398893,4567.00425083515,4711104000.0
train_tune_4e13c_00719_719,RNN,0.0649698960043787,0.8151927754564919,0.8321606156209581,0.07113867253065109,0.1290970891714096,0.00013513400335796177,6.627768925682176e-06,-19365779.186864167,-0.0038275013212114573,4360.121641505335,4360.121721585832,6584512000.0
train_tune_4e13c_00720_720,RNN,0.0289530910220565,0.7511683944889702,0.7206612101629211,0.11443004757165909,0.32517483830451965,-0.0015691342996433377,5.378154128266033e-06,-21167705.67129493,0.009204079397022724,3235.073623171831,3235.073690743826,1389824000.0
train_tune_4e13c_00721_721,RNN,0.067231652206334,0.7213370324774068,0.767627796112958,0.14656059443950653,0.3790074586868286,-0.002156644593924284,3.040706360479817e-06,-20704477.498427548,0.0037690254393965006,2130.3567311886695,2130.3658407969215,502784000.0
train_tune_4e13c_00722_722,RNN,0.0649698960043787,0.8156025786702571,0.8212210487694446,0.07223749905824661,0.18311014771461487,5.086266901344061e-05,7.157327218010323e-06,-19886745.977383338,-0.007564028259366751,4888.171932513693,4888.174142276512,2429760000.0
train_tune_4e13c_00723_723,RNN,0.0518345225373062,0.7761841666879046,0.8270993625298333,0.11850575357675552,0.35321956872940063,-0.0010691325878724456,4.866798008151818e-06,-20843782.381014887,-0.001561253215186298,3072.007349962948,3072.00735073179,2864960000.0
train_tune_4e13c_00724_724,RNN,0.0330148229817469,0.7452409188005965,0.8138681470097066,0.15376697480678558,0.22514250874519348,-0.003253540024161339,2.4302064048242755e-05,-19219288.694844577,0.02567918971180916,1429.121398882118,1429.121398217284,3862912000.0
train_tune_4e13c_00725_725,RNN,0.0291015140233308,0.7262970407495879,0.7392159729772544,0.07080455124378204,0.1700817048549652,-0.00022394058760255575,4.093564712093212e-06,-19584053.317691654,0.0018883688608184457,5132.028771752959,5132.028722366593,3653696000.0
train_tune_4e13c_00726_726,RNN,0.0962530330170103,0.8398522625812136,0.8018561563012603,0.07533811032772064,0.15323136746883392,6.347027374431491e-05,4.394709776534e-06,-19997450.456674207,-0.0025066672824323177,4793.2873639392465,4793.281785347652,3594304000.0
train_tune_4e13c_00727_727,RNN,0.0330148229817469,0.8054442395669733,0.818350892875515,0.08262373507022858,0.1448812037706375,1.1072695997427218e-05,7.159979759308044e-06,-18877010.308352016,-0.0003614758315961808,3639.0934782793706,3639.09504835457,3854912000.0
train_tune_4e13c_00728_728,RNN,0.0291015140233308,0.6914598526754974,0.7644873456225986,0.07380921393632889,0.1384749710559845,-0.00025487260427325964,4.461388925847132e-06,-19013611.927825864,0.006567224394530058,4805.749782424762,4805.749767976728,5542592000.0
train_tune_4e13c_00729_729,RNN,0.030679012345679,0.768852498360467,0.7863606670134894,0.07374033331871033,0.12207955867052078,-0.0003892089007422328,6.167174433358014e-06,-18992924.145862486,0.010378492996096611,4605.277089237465,4605.27802126875,3188288000.0
train_tune_4e13c_00730_730,RNN,0.0557915604644576,0.8295273838541424,0.829265476703488,0.0923672616481781,0.34736281633377075,-0.0009599526529200375,6.2615481510874815e-06,-21005977.06927196,-0.005103605333715677,4826.956970423678,4826.956970308,5100672000.0
train_tune_4e13c_00731_731,RNN,0.030096105209914,0.5180504215775731,0.6720881451061963,0.2245587706565857,0.3354884386062622,-0.0005651555838994682,1.8200857084593736e-05,-19913464.132296924,0.0031110018026083708,607.2932823772446,607.2932823853505,2025472000.0
train_tune_4e13c_00732_732,RNN,0.030679012345679,0.7712465370624336,0.8246707636638919,0.08665074408054352,0.1416141539812088,-0.00011071977496612817,5.607277216768125e-06,-19177667.91044992,0.002244856208562851,3555.6971852217403,3555.6971863869535,6803200000.0
train_tune_4e13c_00733_733,RNN,0.0668646211371384,0.7610106080169997,0.8061614537909253,0.06812891364097595,0.17021575570106506,-0.00010837145237019286,1.0768130778160412e-05,-20137640.626366366,-0.002218591282144189,5186.853477695704,5186.853480104657,5711552000.0
train_tune_4e13c_00734_734,RNN,0.0291015140233308,0.7364917946642772,0.8089198270708834,0.13682645559310913,0.21734938025474548,-0.0012370995245873928,1.6504178347531706e-05,-19758635.253285218,0.012120548635721207,1731.9640341788217,1731.9640335559898,4163904000.0
train_tune_4e13c_00735_735,RNN,0.0330148229817469,0.7969248307075238,0.7966576233913613,0.07447515428066254,0.12899622321128845,9.424193558515981e-05,4.5773240344715305e-06,-18739085.271340292,-0.0025797635316848755,4324.445178819151,4324.441633835304,3395584000.0
train_tune_4e13c_00736_736,RNN,0.0291015140233308,0.8429976555764668,0.8198529034232678,0.2614525854587555,0.40927764773368835,-0.006621719337999821,3.5706198104890063e-05,-18897449.97508099,0.01370572205632925,478.34142595730805,478.34142604016415,6684160000.0
train_tune_4e13c_00737_737,RNN,0.0666775439168978,0.6945746413340447,0.7265524731594027,0.20943661034107208,0.3221518099308014,-0.0017238275613635778,2.692642192414496e-05,-19715346.30452292,0.006003925111144781,708.0430539181502,708.0430538931823,1457792000.0
train_tune_4e13c_00738_738,RNN,0.0652438187025464,0.6900143064135896,0.6374481360390836,0.13166239857673645,0.3770234286785126,-0.0013696179958060384,6.579015462193638e-06,-20634700.144249547,0.00380474841222167,2832.3004489607983,2832.2977035393824,641984000.0
train_tune_4e13c_00739_739,RNN,0.055763134057971,0.6600104537116253,0.7557796348081007,0.07324898988008499,0.13005472719669342,-3.1047256925376132e-06,3.99171995013603e-06,-19656334.824935276,-0.0003210603608749807,4521.220677850728,4521.2189510664775,3952896000.0
train_tune_4e13c_00740_740,RNN,0.0291015140233308,0.7947236826665088,0.8126970000360448,0.07588204741477966,0.1378462314605713,9.1505644377321e-06,8.19564320408972e-06,-19520710.54222444,-0.0003221392980776727,3948.3685512497304,3948.377424904623,2883648000.0
train_tune_4e13c_00741_741,RNN,0.0291015140233308,0.7829083548483501,0.8295127251255242,0.09799829125404358,0.18978175520896912,3.9857273804955184e-05,4.3303120946802665e-06,-19590069.907248147,-0.003426097799092531,3215.5555536626016,3215.555981366687,1710464000.0
train_tune_4e13c_00742_742,RNN,0.055763134057971,0.6910940978393865,0.7799231479781307,0.1425716131925583,0.2052968591451645,-0.0001888521364890039,1.635483931750059e-05,-19263207.8924509,0.0011888149892911315,1252.6678796752367,1252.6679010881198,1328064000.0
train_tune_4e13c_00743_743,RNN,0.0614294984241075,0.7595321466348857,0.8290874690211515,0.10794783383607864,0.1701129674911499,-0.0006433083326555789,1.5598696336383e-05,-18944290.04525383,0.009038470685482025,2471.1286330280636,2471.1287319243056,4283456000.0
train_tune_4e13c_00744_744,RNN,0.0666884247171453,0.6792470812249377,0.7091537648505929,0.2243291586637497,0.37069380283355713,-0.0010609407909214497,2.018073428189382e-05,-20481336.976238456,-0.002675378229469061,589.9712904942002,589.9704021207746,249920000.0
train_tune_4e13c_00745_745,RNN,0.0748834015644573,0.7699755478832322,0.8199555076984216,0.1054721474647522,0.3941473960876465,-0.0015915476251393557,3.821382051683031e-06,-20862601.866545156,0.0003563155187293887,4426.465127465419,4426.465092887913,2547584000.0
train_tune_4e13c_00746_746,RNN,0.0649698960043787,0.8224322159061724,0.824936639369097,0.06972088664770126,0.1605244278907776,0.00016783952014520764,8.26014183985535e-06,-20553023.61669135,-0.010566048324108124,4866.891276291547,4866.890750321375,3047040000.0
train_tune_4e13c_00747_747,RNN,0.0324728965524212,0.8431277150164572,0.8333070528431582,0.09094385802745819,0.20134872198104858,-0.000522912829183042,1.1866268323501572e-05,-19988010.739326462,0.008176956325769424,4171.295574001216,4171.295574280146,5427008000.0
train_tune_4e13c_00748_748,RNN,0.0666775439168978,0.7686373877024314,0.8145064540142176,0.06942887604236603,0.170530304312706,0.00010275374370394275,1.0300993380951695e-05,-19676540.909849934,-0.005907142534852028,5004.480541153144,5004.4810479402295,3384448000.0
train_tune_4e13c_00749_749,RNN,0.0719197629759991,0.8255343483132703,0.8178000742924488,0.08522102981805801,0.2035006880760193,-0.0001431023410987109,4.353445092419861e-06,-20467889.53196858,-0.002407793654128909,4198.316817693638,4198.316859530742,3425152000.0
train_tune_4e13c_00750_750,RNN,0.074099198597255,0.8220544877495105,0.8185995828729807,0.08714064955711365,0.17950496077537537,-0.00018825556617230177,4.965449534211075e-06,-19806012.605180886,0.00017209583893418312,3620.57894607232,3620.5789397554654,4774464000.0
train_tune_4e13c_00751_751,RNN,0.030679012345679,0.7918728159652186,0.7817834673838577,0.12004195153713226,0.19002307951450348,-0.001133144018240273,1.2095571946701966e-05,-19178832.82507177,0.012442472390830517,2275.66075931061,2275.6607601968763,3815296000.0
train_tune_4e13c_00752_752,RNN,0.0649698960043787,0.7283379190797591,0.8106719046094334,0.22139166295528412,0.3310716450214386,0.002464578952640295,1.4378238120116293e-05,-19324997.0048036,-0.006805661600083113,595.6346361856029,595.6346361897939,3095104000.0
train_tune_4e13c_00753_753,RNN,0.0666775439168978,0.7857738621875452,0.8269100565101247,0.13279828429222107,0.2313261777162552,0.000380668236175552,1.1071811059082393e-05,-20045946.98409904,-0.0033513770904392004,1569.5447140943697,1569.5452859424067,1687232000.0
train_tune_4e13c_00754_754,RNN,0.0666775439168978,0.6479336120657624,0.7034213162261677,0.2995632290840149,0.4539303183555603,-0.001514521660283208,6.172052235342562e-05,-20413815.879958104,0.011688398197293282,364.79370093765937,364.7938396014713,266688000.0
train_tune_4e13c_00755_755,RNN,0.058883700957158,0.7912275012525316,0.803550069657135,0.08016034215688705,0.16822732985019684,-0.00012996493023820221,6.266945092647802e-06,-19696281.332184587,0.0007962376112118363,4611.931311694396,4611.930866394707,2772736000.0
train_tune_4e13c_00756_756,RNN,0.030679012345679,0.8372997717033304,0.8102851614206199,0.09713628888130188,0.20628055930137634,-0.0004906966350972652,9.96138624032028e-06,-20607701.535593666,0.00614246865734458,3420.447352859355,3420.446912758381,1742912000.0
train_tune_4e13c_00757_757,RNN,0.0291015140233308,0.8002749908408627,0.8000560604743563,0.17514704167842865,0.2515479326248169,-0.00299563305452466,3.456139165791683e-05,-19490578.550304092,0.011512159369885921,1012.5962494446605,1012.5962844373462,2669568000.0
train_tune_4e13c_00758_758,RNN,0.0330148229817469,0.6333650183424283,0.7276974432090819,0.2279760092496872,0.4200519025325775,-0.003435832913964987,6.502823089249432e-05,-20672433.120208025,0.012111426331102848,707.2796049007101,707.2796049079977,1572608000.0
train_tune_4e13c_00759_759,RNN,0.0948606310675276,0.6493877371556743,0.7215553485319387,0.11024168133735657,0.34382057189941406,-0.0009676453773863614,1.0325611583539285e-05,-20581160.353765037,-0.003058126661926508,3456.275461742277,3456.163196320872,809408000.0
train_tune_4e13c_00760_760,RNN,0.0934046345811051,0.8057945983071493,0.7866173497678409,0.08704367280006409,0.17119665443897247,0.00017736086738295853,9.213295925292186e-06,-19614349.242681973,-0.006230069324374199,3433.684013423218,3433.6840136267692,3690368000.0
train_tune_4e13c_00761_761,RNN,0.0330148229817469,0.7755722871611175,0.8084308705120641,0.11851375550031662,0.22551840543746948,-0.00027489769854582846,9.535675417282619e-06,-19717786.400142916,0.0029694093391299248,2300.0595949175827,2300.0605791972143,2841280000.0
train_tune_4e13c_00762_762,RNN,0.0330148229817469,0.771848629612105,0.8145527311480664,0.07800488919019699,0.14782631397247314,6.845079769846052e-05,8.364529094251338e-06,-19084897.84417184,-0.0023962664417922497,4394.549164853195,4394.549163281277,7096000000.0
train_tune_4e13c_00763_763,RNN,0.0330148229817469,0.7432143665622674,0.8248358544060324,0.11197223514318466,0.18489167094230652,-0.00033815851202234626,8.855741725710686e-06,-19452305.159084845,0.0037865745835006237,2264.133215114927,2264.133223233907,4605312000.0
train_tune_4e13c_00764_764,RNN,0.0291015140233308,0.77472204097678,0.8127511512408024,0.13096287846565247,0.24371692538261414,-0.0014274345012381673,1.7493921404820867e-05,-20181592.95220177,0.014653065241873264,2229.4358641752438,2229.4359257346064,2041152000.0
train_tune_4e13c_00765_765,RNN,0.0645548079917836,0.7233288410459692,0.81587703059652,0.13009850680828094,0.38932836055755615,-0.0019474909640848637,2.0047447833348997e-05,-21120886.598702177,0.0072859227657318115,2941.2853052533856,2941.2853044376347,1584192000.0
train_tune_4e13c_00766_766,RNN,0.1138744355246775,0.6447770288152199,0.6698422504539457,0.09095794707536697,0.3358527421951294,-0.0011170303914695978,5.736149887525244e-06,-20302146.397657625,0.0006038108840584755,5372.988254889487,5372.9884139814285,2034048000.0
train_tune_4e13c_00767_767,RNN,0.055763134057971,0.7756255748928131,0.8211461882325963,0.07131334394216537,0.1223115473985672,0.000258077954640612,1.1951909982599318e-05,-19688277.06912132,-0.007020940072834492,4325.082998337231,4325.0829986770605,4736768000.0
train_tune_4e13c_00768_768,RNN,0.0560082523967947,0.726396326096591,0.72820970550328,0.10435271263122559,0.35868191719055176,-0.001608252408914268,8.934808647609316e-06,-20211106.552470073,0.01003134436905384,4543.498777115159,4543.48565571332,1281920000.0
train_tune_4e13c_00769_769,RNN,0.0673976445753013,0.6810110138771686,0.7803063343301,0.10327441245317459,0.3870190382003784,-0.0014468280132859945,8.09030552773038e-06,-21420211.147592254,-0.0019593420438468456,4491.909093069895,4491.909416512788,1959744000.0
train_tune_4e13c_00770_770,RNN,0.0671478932348497,0.7494046452680841,0.7556987864279833,0.09743700176477432,0.1958191692829132,0.000934349256567657,2.3880525986896828e-05,-20290531.234748363,-0.015138822607696056,2467.682670726541,2467.6814812140883,2197376000.0
train_tune_4e13c_00771_771,RNN,0.0666775439168978,0.7787570915058472,0.7977528210376238,0.11129180341959,0.19716887176036835,0.00011905406427104026,7.622357770742383e-06,-20215809.960550584,-0.003925316035747528,2320.9173926636768,2320.9173861572426,2393920000.0
train_tune_4e13c_00772_772,RNN,0.0291015140233308,0.7172928541151817,0.8214906732188533,0.14839862287044525,0.32330572605133057,-0.0021415282972157,8.322853318531998e-06,-20471688.503084958,0.01562989503145218,1745.1127942383264,1745.1127767453854,1438272000.0
train_tune_4e13c_00773_773,RNN,0.0345215027324649,0.7493969511192073,0.7780734812714365,0.12886589765548706,0.3617759943008423,-0.0010691678617149591,6.915203812241089e-06,-20972406.57114385,-0.005039698909968138,2743.74298630064,2743.743180321191,1254528000.0
train_tune_4e13c_00774_774,RNN,0.028396927339126,0.6947344130139429,0.7960115079319624,0.11237639933824539,0.34993574023246765,-0.001295829308219254,7.891331733844709e-06,-20910772.464107934,-0.002192026935517788,3596.6427934033663,3596.642806458616,2053568000.0
train_tune_4e13c_00775_775,RNN,0.0686058018485095,0.7493940578001975,0.7684917190434523,0.12562701106071472,0.2159208506345749,-0.0009199242340400815,1.4267893675423693e-05,-19760857.094441645,0.00766190979629755,1931.9628833768625,1931.9628835046608,2803136000.0
train_tune_4e13c_00776_776,RNN,0.0412294082541302,0.68074365018363,0.7946059591233213,0.1529456377029419,0.31797513365745544,1.2657284969463944e-05,1.8746453861240298e-05,-21300752.882703364,-0.010633224621415138,1514.5708630140593,1514.5708629646417,2316864000.0
train_tune_4e13c_00777_777,RNN,0.065012597217658,0.7076411603405296,0.7932097785802495,0.08496272563934326,0.1765182465314865,7.277306576725096e-05,8.321214409079403e-06,-19411140.398248117,-0.004041255451738834,3918.043175632638,3918.021660909753,1507840000.0
train_tune_4e13c_00778_778,RNN,0.0453684643099477,0.8002061878213816,0.8173389257070219,0.07435153424739838,0.19894924759864807,-2.8285699954722077e-05,5.115170552016934e-06,-19952735.21628096,-0.004145309329032898,5529.012583593609,5529.012617490103,4240704000.0
train_tune_4e13c_00779_779,RNN,0.055763134057971,0.8273669804049288,0.8152655068549451,0.0991009771823883,0.20365402102470398,-0.00014977621322032064,1.3116460650053341e-05,-20691956.85170397,0.0009634741581976414,2943.5076264787467,2943.507674691952,2944960000.0
train_tune_4e13c_00780_780,RNN,0.0714045564754523,0.6665228827253303,0.6581602576732224,0.17228499054908752,0.3177897036075592,0.0008758500916883349,1.4519484466291033e-05,-20899583.451416407,-0.01039658673107624,944.7955846232919,944.7952170116251,323328000.0
train_tune_4e13c_00781_781,RNN,0.055763134057971,0.718910492412857,0.7641488031987137,0.15167751908302307,0.22258572280406952,-0.0008689624955877662,2.745920755842235e-05,-18963616.17513009,0.005135953892022371,1112.2030998262449,1112.2030998493947,5048896000.0
train_tune_4e13c_00782_782,RNN,0.030679012345679,0.8124315966607235,0.8126421916944128,0.06852756440639496,0.12325533479452133,-0.00022338618873618543,5.365385732147843e-06,-18933267.781510103,0.007035006769001484,5406.107696875773,5406.10769545719,8535936000.0
train_tune_4e13c_00783_783,RNN,0.0639400451748062,0.7202638338073273,0.8112340478725432,0.1372544765472412,0.3489142060279846,-0.001417236402630806,9.089771992876194e-06,-20961589.67856094,-0.0001491981092840433,2484.5932792461017,2484.5932826958624,2394560000.0
train_tune_4e13c_00784_784,RNN,0.1748525419447915,0.729136230892394,0.8389754823288246,0.11260342597961426,0.1845993548631668,0.0007685222662985325,1.8240869394503534e-05,-18747266.390074685,-0.008454743772745132,1900.0787248249026,1900.0786831147818,2687552000.0
train_tune_4e13c_00785_785,RNN,0.0649698960043787,0.689930287647174,0.7462834796972612,0.20563839375972748,0.3246297836303711,0.001814240706153214,1.1518720384628978e-05,-20065975.1815256,-0.005436590872704983,704.6990436263418,704.6990428027561,1322432000.0
train_tune_4e13c_00786_786,RNN,0.055763134057971,0.8003997814790343,0.759578867470343,0.1073751151561737,0.18661341071128845,-0.0008402701350860298,9.426682481716853e-06,-18206166.045046594,0.01064072735607624,2762.427246570269,2762.4272461807,3820416000.0
train_tune_4e13c_00787_787,RNN,0.091417458167478,0.7425655841377309,0.8167797035559975,0.08949916064739227,0.18110065162181854,6.509118975372985e-06,6.870691322546918e-06,-19951446.21328286,-0.0031561776995658875,3039.268157232752,3039.2681525595626,6142912000.0
train_tune_4e13c_00788_788,RNN,0.0666775439168978,0.7149570515458276,0.726882105913396,0.4246441125869751,0.6199501156806946,-0.038823891431093216,0.000361193175194785,-20380656.350011624,0.02003391645848751,144.923690395499,144.84307059523888,1576192000.0
train_tune_4e13c_00789_789,RNN,0.0330148229817469,0.787820279350401,0.7898180484114833,0.19237370789051056,0.3164292573928833,-0.004208107944577932,3.763963104574941e-05,-18875651.316188455,0.01698283664882183,1037.4246995807027,1037.4246960536893,7425472000.0
train_tune_4e13c_00790_790,RNN,0.0666775439168978,0.8144690758889522,0.8086547697335499,0.08554196357727051,0.1527761071920395,0.00039991579251363873,9.06362765817903e-06,-19002579.838967666,-0.006809706799685955,3146.369849138985,3146.3697426911954,4748096000.0
train_tune_4e13c_00791_791,RNN,0.030679012345679,0.6979842124834903,0.7821007225165607,0.19429989159107208,0.33763939142227173,-0.005952288396656513,2.5328496121801436e-05,-20724328.573703196,0.03153936564922333,1133.9241520122796,1133.9241525920834,1540800000.0
train_tune_4e13c_00792_792,RNN,0.0455976356406016,0.7126244585293828,0.8004579386634432,0.09072509407997131,0.17629575729370117,-0.00024040573043748736,7.341319360421039e-06,-20014363.53154906,0.0012385672889649868,3301.052746633218,3301.058745919241,1704256000.0
train_tune_4e13c_00793_793,RNN,0.0285744260211595,0.600944214689057,0.6665239764004166,0.09913713485002518,0.37848860025405884,-0.001505622873082757,5.13034774485277e-06,-20701171.599216353,-0.0030780229717493057,5166.709795137256,5166.708096586964,1940544000.0
train_tune_4e13c_00794_794,RNN,0.0664414414414414,0.77513563968196,0.8022335582575592,0.07748258113861084,0.17464329302310944,-2.8394519176799804e-05,4.099901161680464e-06,-19936173.12273592,-0.0024509825743734837,4072.3750289162917,4072.3753268511673,3588352000.0
train_tune_4e13c_00795_795,RNN,0.0282928694322309,0.759386986445954,0.7988988655485584,0.12975627183914185,0.3294335901737213,-0.0013867536326870322,4.449859261512756e-06,-20980554.271033272,-0.0006740661337971687,2476.1013765137254,2476.1013760479163,2961344000.0
train_tune_4e13c_00796_796,RNN,0.0330148229817469,0.6950234462482751,0.7748878369805539,0.2004600167274475,0.29901406168937683,-0.002968729007989168,3.110107354586944e-05,-19036078.637068287,0.011963044293224812,795.3932448035767,795.3932447542165,2135552000.0
train_tune_4e13c_00797_797,RNN,0.0291015140233308,0.6477104931720945,0.6827744169996915,0.1751226782798767,0.35485613346099854,-0.0026175747625529766,2.0218907593516633e-05,-20634806.02506875,0.01031551230698824,1336.5097403881614,1336.5096827062725,965376000.0
train_tune_4e13c_00798_798,RNN,0.0666775439168978,0.7953867249562799,0.7676363416151969,0.06480227410793304,0.12433987855911255,-4.067343252245337e-05,1.0844572898349725e-05,-20537244.539834443,0.001251879264600575,5086.828979124444,5086.8357783173415,2518656000.0
train_tune_4e13c_00799_799,RNN,0.0779245891419831,0.7747550237207516,0.8235185480336383,0.08776514232158661,0.15000617504119873,-0.00012459846038836986,7.103157258825377e-06,-18641050.117548067,0.001575611880980432,3364.8822787880626,3364.882460115471,5662528000.0
train_tune_4e13c_00800_800,CNN,0.0649698960043787,0.5245106372132706,0.4077835440447661,0.9040772914886475,3.6364822387695312,-0.3831937313079834,2.6853893359657377e-05,-2764.601943146786,-0.01358408760279417,23636969.894168124,23499074.80348064,4782642726.0
train_tune_4e13c_00801_801,CNN,0.0291015140233308,0.8456795654404576,0.8163114649918938,0.6398244500160217,1.6837308406829834,-0.21240544319152832,2.7869686164194718e-05,-8563.735054860545,-0.0030038461554795504,1312092450.4915748,1298895051.4109669,19550574030.0
train_tune_4e13c_00802_802,CNN,0.030451434670685,0.857397894801506,0.7979484531032632,1.7825573682785034,7.194133758544922,-1.7760825157165527,6.048448267392814e-05,-1695.534149200719,0.060795366764068604,1029.8043178391913,1029.8043178391913,15829062.0
train_tune_4e13c_00803_803,CNN,0.0336586586586586,0.8890140726940304,0.8571803435472267,1.1527857780456543,4.279296398162842,-0.768247127532959,2.770815626718104e-05,-2225.696067295653,0.04767553135752678,55405.92409214302,55147.989921174914,2480452406.0
train_tune_4e13c_00804_804,CNN,0.0738942341551553,0.8468838033106852,0.8342027597562317,1.3254963159561157,4.610359191894531,-0.955290675163269,3.484072658466175e-05,-1987.3376854614528,0.029806707054376602,43012.48405198727,42686.11303430783,2287588190.0
train_tune_4e13c_00805_805,CNN,0.0334450235790518,0.8747388805134967,0.8336729182686554,0.9123237133026123,3.197387218475342,-0.4153905510902405,3.6012341297464445e-05,-3287.077874890144,0.004667915403842926,32174282.945571505,33257525.303207774,3626803558.0
train_tune_4e13c_00806_806,CNN,0.043361531576122,0.8460547265259493,0.8332669753518399,0.3689218759536743,1.5071845054626465,-0.06420028209686279,4.636942321667448e-06,-5058.16434251289,-0.008538873866200447,81676625556.82848,83481949430.44604,19440263102.0
train_tune_4e13c_00807_807,CNN,0.0434061667047147,0.8690416503108304,0.8614471786079209,1.132899284362793,4.5453782081604,-0.6555845141410828,3.8043279346311465e-05,-2008.6035360066091,-0.004391948692500591,31004.02139928397,31123.98822894849,1344949478.0
train_tune_4e13c_00808_808,CNN,0.1775892725234273,0.8132188775529358,0.8064132138735394,1.1602669954299927,4.34965181350708,-0.7036703824996948,5.36904190084897e-05,-1761.7563292822012,0.019096000120043755,403.1785548299938,403.1785548299938,8637438.0
train_tune_4e13c_00809_809,CNN,0.0291015140233308,0.833689449372487,0.834062958060234,1.0139708518981934,3.371899127960205,-0.555800199508667,2.8283538995310664e-05,-4801.683809752762,0.02180204726755619,2238425054.0087194,2265140069.4673004,12241493294.0
train_tune_4e13c_00810_810,CNN,0.0291015140233308,0.8635733249050683,0.789333182112224,0.4609450399875641,1.9255119562149048,-0.10740150511264801,9.352230335935019e-06,-25786.57127619845,0.001621567877009511,2351076806805.501,2330994376643.998,20544872238.0
train_tune_4e13c_00811_811,CNN,0.0342236195675268,0.85372594061272,0.8178077850721572,0.39147430658340454,1.468593716621399,-0.07353001832962036,6.465869319072226e-06,-6392.617736232569,0.0020009062718600035,34740976998.93352,35677052776.30641,10241088782.0
train_tune_4e13c_00812_812,CNN,0.0666775439168978,0.8894777229989472,0.8214546192021444,0.6795679330825806,2.523428440093994,-0.2224614918231964,2.0367115212138742e-05,-5430.893068925131,-0.005096500739455223,3326322929.965461,3346741479.2757187,17937926598.0
train_tune_4e13c_00813_813,CNN,0.1168223415767468,0.8355873899353344,0.8413579731944555,0.6750428676605225,2.649028778076172,-0.2250939905643463,1.5974146663211286e-05,-1929.9475549238034,-0.0012219261843711138,24980.052889790968,25000.126753024924,5601269894.0
train_tune_4e13c_00814_814,CNN,0.1322520955024372,0.8022819613592738,0.824960440209176,0.4744684100151062,1.0190720558166504,-0.10862693190574646,1.4897313121764455e-05,-3092.2589007519764,0.0025603091344237328,5309878.766778504,5241038.064241836,1024248342.0
train_tune_4e13c_00815_815,CNN,0.0706486544171423,0.8514415537458887,0.7858520869447077,3.402298927307129,6.655764579772949,-11.39159870147705,0.0001979585358640179,-2323.679468687045,0.21431957185268402,746.0447449742223,746.0447449742223,1407174.0
train_tune_4e13c_00816_816,CNN,0.0500189102226756,0.8998239842438522,0.8601345485026594,0.69194495677948,2.76010799407959,-0.24906842410564423,1.3183905139158014e-05,-8117.564657180433,0.015819678083062172,51813390.804479785,50796467.73863969,13369429398.0
train_tune_4e13c_00817_817,CNN,0.0291015140233308,0.8107933199403591,0.8219371885298251,0.2862425148487091,1.1415127515792847,-0.037346117198467255,5.2830091590294614e-06,-8961.223598640789,-0.012069053947925568,5802008955.767992,5939429297.346731,8183610926.0
train_tune_4e13c_00818_818,CNN,0.0975116994202253,0.8693467361449053,0.8438568858976696,0.9929344058036804,3.979875087738037,-0.5363853573799133,3.7650657759513706e-05,-2301.874411641709,0.03250397741794586,14700.410603981045,14945.941071121,311042070.0
train_tune_4e13c_00819_819,CNN,0.0377723311546841,0.9003857335018778,0.8602203526332347,0.9064216613769531,3.8159942626953125,-0.41045814752578735,2.0454113837331533e-05,-5608.523645372521,0.0006610187701880932,141032527.53530747,138938974.60262474,21374320198.0
train_tune_4e13c_00820_820,CNN,0.0570872295681635,0.8759495756414227,0.8453291688945085,1.1795010566711426,5.063975811004639,-0.6446278095245361,4.7882738726912066e-05,-2929.813524145447,-0.015361221507191658,3355054.0633706436,3389657.237817433,23686206654.0
train_tune_4e13c_00821_821,CNN,0.055763134057971,0.8026380935966392,0.8465060193206773,0.2872788906097412,0.6492456197738647,-0.03192983567714691,1.034485103446059e-05,-12849.163694765264,-0.003639830509200692,1848177824630.3857,1828753914710.3403,21772460246.0
train_tune_4e13c_00822_822,CNN,0.030679012345679,0.8468293737264921,0.782299830346489,0.20994612574577332,0.8521596789360046,-0.01956622302532196,3.061001280002529e-06,-7572.5303242539385,-0.0017376637551933527,25383589815.699768,25801278431.90915,18359416742.0
train_tune_4e13c_00823_823,CNN,0.0330148229817469,0.8974598473389831,0.8276127536147059,0.7761075496673584,2.7296030521392822,-0.32975679636001587,2.6910589440376498e-05,-5804.647627341674,0.036325983703136444,3991850116.454418,4001372125.6994996,14334615254.0
train_tune_4e13c_00824_824,CNN,0.0673478356405185,0.6596162515640646,0.6669125293468187,0.5417777299880981,1.8357411623001099,-0.13526076078414917,9.197334293276072e-06,-2833.018413990631,-0.007152108941227198,394779836.5502713,392143185.590242,4079381198.0
train_tune_4e13c_00825_825,CNN,0.1502099238690419,0.8455649614263185,0.8139522249383901,1.3270493745803833,5.94276237487793,-0.98748379945755,3.220444705220871e-05,-1631.4839991514457,0.03118000738322735,936.6186711422755,936.6186711422755,36937526.0
train_tune_4e13c_00826_826,CNN,0.055763134057971,0.8565988549101219,0.7990609305961,0.5910319685935974,2.050779342651367,-0.16551919281482697,8.581016118114349e-06,-11050.300128435229,-0.006015231367200613,851967280100.425,879355043167.67,7345644070.0
train_tune_4e13c_00827_827,CNN,0.0330148229817469,0.8822907291104229,0.8132112186564355,0.23573839664459229,0.7859067916870117,-0.023602398112416267,4.536183951131534e-06,-19236.305170873,0.00711496826261282,147135153294.14685,143838809395.95654,28122852614.0
train_tune_4e13c_00828_828,CNN,0.055763134057971,0.8144864247608128,0.8203738426272239,0.17635996639728546,0.5230039358139038,-0.011734853498637676,5.792013325844891e-06,-10309.987462496038,-0.001359717221930623,2857217426094.622,2823913921536.6265,25897134870.0
train_tune_4e13c_00829_829,CNN,0.0250183620806854,0.7782569111421985,0.8037482028887769,0.7670751810073853,2.1708498001098633,-0.33378419280052185,2.741002754191868e-05,-2584.2290002341706,0.01206198800355196,108063372.66212343,106364802.00824983,4997817902.0
train_tune_4e13c_00830_830,CNN,0.0666775439168978,0.8019282501781002,0.8186141881631325,0.3925977945327759,0.9294601678848267,-0.0759395882487297,1.803906707209535e-05,-12987.28685422946,0.011032987385988235,2256069260947.697,2218113180539.631,37950638702.0
train_tune_4e13c_00831_831,CNN,0.055763134057971,0.8548788226899015,0.8614557155160485,0.9709382057189941,3.4699857234954834,-0.4893137216567993,3.439983265707269e-05,-2324.36821120248,0.00758740957826376,56794.0634634505,56827.284504492534,4007841782.0
train_tune_4e13c_00832_832,CNN,0.0566248358788072,0.8889862322753862,0.7989668626556292,0.6124559044837952,1.5782053470611572,-0.19939622282981873,1.622232775844168e-05,-8552.078934335505,0.004217388574033976,1312987466.1725717,1273830773.8265593,7075771846.0
train_tune_4e13c_00833_833,CNN,0.0559150772025431,0.8797552817135706,0.8683986852143631,0.7331609725952148,2.911489486694336,-0.27409446239471436,1.88244812306948e-05,-2377.3348086920078,0.0018828967586159706,42332.91402670393,42014.09378798521,7752903726.0
train_tune_4e13c_00834_834,CNN,0.1356676343862699,0.751437174016406,0.8059530536851042,2.27386474609375,4.542964935302734,-3.7341690063476562,0.00010093413584399968,-4105.427010681917,0.08710779249668121,6177.178625392725,6210.075114011284,3055502.0
train_tune_4e13c_00835_835,CNN,0.0951581492963284,0.8460788344375039,0.8229490416645309,1.2631919384002686,4.7998576164245605,-0.7330189943313599,2.9506907594623044e-05,-1706.0085817687886,-0.013239597901701927,587.6993193842641,587.6993193842641,10386262.0
train_tune_4e13c_00836_836,CNN,0.0722408815037416,0.8626752072851366,0.825695526043901,0.6993550062179565,2.9043290615081787,-0.2081715613603592,2.967272484966088e-05,-2156.5813633537855,-0.021728839725255966,40686.18515065374,40873.257786278904,9086979150.0
train_tune_4e13c_00837_837,CNN,0.2287761902310376,0.8502615380732553,0.8132852197942378,1.1466455459594727,4.921384334564209,-0.5410146117210388,4.616238220478408e-05,-1688.7836679326933,-0.04593713581562042,937.334690242278,937.334690242278,32094134.0
train_tune_4e13c_00838_838,CNN,0.0385624365253834,0.8927266233634082,0.8685836672445794,1.0936604738235474,3.123469352722168,-0.6038126349449158,2.205265627708286e-05,-2563.0260215226094,-0.01817210763692856,24415.86283851965,24583.969742938723,568642934.0
train_tune_4e13c_00839_839,CNN,0.1297630712302924,0.8051250912796184,0.8279483032885174,0.549178957939148,2.045623302459717,-0.1462980955839157,1.2939568478032015e-05,-3030.529006423214,-0.0026395078748464584,15728742.979281347,15936163.552385043,5670278542.0
train_tune_4e13c_00840_840,CNN,0.058478632676322,0.8222812378104951,0.8375441511576565,0.5081903338432312,1.3804502487182617,-0.1395561397075653,9.699677320895717e-06,-3480.318339345367,0.009502172470092773,1410806222.9607434,1427920571.1610045,10549469542.0
train_tune_4e13c_00841_841,CNN,0.0650339688801227,0.8517490829443407,0.8041091645788999,1.1483739614486694,4.540772438049316,-0.6803017854690552,3.092184488195926e-05,-1746.9200998869937,-0.01282436028122902,448.7747242004723,448.7747242004723,8640614.0
train_tune_4e13c_00842_842,CNN,0.1839007050627154,0.8462276011837245,0.8418274665011815,0.7089821100234985,2.194908618927002,-0.23268665373325348,2.461221083649434e-05,-1933.968802764828,-0.00436375942081213,19914.182787771355,19919.581521204822,2753656134.0
train_tune_4e13c_00843_843,CNN,0.1400017894353294,0.797164166286787,0.8393666742034406,0.740531325340271,2.5348002910614014,-0.2650263011455536,2.8097432732465677e-05,-3178.984745532116,0.0004139167722314596,50616515.06611608,52303185.51137559,13431854070.0
train_tune_4e13c_00844_844,CNN,0.0291015140233308,0.9066162192926602,0.8258805055052556,0.32188546657562256,1.0366394519805908,-0.048011936247348785,6.794841283408459e-06,-9587.493419371885,0.001178341917693615,2167655129040.9634,2213270170305.7065,18785867198.0
train_tune_4e13c_00845_845,CNN,0.1137806643767138,0.8708352884179957,0.8166939719312777,0.7460832595825195,2.355027914047241,-0.28634968400001526,2.1031180949648842e-05,-5205.3533197696015,0.013691732659935951,1050596502.2296003,1033345240.0366468,9303266710.0
train_tune_4e13c_00846_846,CNN,0.0312124089901867,0.8425741633042522,0.8116382814699223,0.4343845248222351,1.8050098419189453,-0.09366008639335632,5.229976522969082e-06,-2354.0440819723785,0.0003480269806459546,995511.2476240024,999779.0171466188,8426423566.0
train_tune_4e13c_00847_847,CNN,0.0330873308733087,0.8994168390151313,0.8040112993209396,0.2718321979045868,0.9727818369865417,-0.03394411504268646,5.917188445891952e-06,-60731.522652785396,0.005869145970791578,2125822949465.6929,2109278889084.4685,20601346814.0
train_tune_4e13c_00848_848,CNN,0.0666775439168978,0.8956993770710437,0.8317771835102854,0.41264957189559937,1.3646876811981201,-0.08365777879953384,6.032921191945206e-06,-6119.037018608684,0.013030046597123146,19772725.796296924,20107493.18523112,6269181414.0
train_tune_4e13c_00849_849,CNN,0.055763134057971,0.8792513705337336,0.8346922164529009,0.6789193153381348,2.7246651649475098,-0.25528210401535034,2.121380384778604e-05,-2982.1683572650086,0.024154847487807274,1746452.0102784317,1763186.501162133,10926100174.0
train_tune_4e13c_00850_850,CNN,0.030679012345679,0.8075309086984687,0.8172912153284931,0.45240795612335205,1.6627775430679321,-0.09613563865423203,8.280950169137213e-06,-28052.232069502807,-0.008739981800317764,14884470876416.71,14974447887538.766,37503433934.0
train_tune_4e13c_00851_851,CNN,0.0666775439168978,0.8569422943476824,0.85998431713612,0.5625304579734802,2.1452114582061768,-0.14777380228042603,1.2090053132851608e-05,-2365.8360794615974,-0.007159238215535879,615912.1766776736,619603.1853373002,3610490694.0
train_tune_4e13c_00852_852,CNN,0.0924587668594427,0.8672942194963325,0.8247320637498499,2.020413875579834,6.0833611488342285,-1.962157964706421,5.9561702073551714e-05,-1865.6994745565953,-0.06713656336069107,1292.4083552096417,1292.4083552096417,9147966.0
train_tune_4e13c_00853_853,CNN,0.0819130431502847,0.8044937338393586,0.7719746774139754,0.9023793935775757,1.1339902877807617,-0.4719584584236145,1.800813333829865e-05,-2520.734336236259,-0.033820100128650665,2891.8467906898177,2888.3096237455457,27264982.0
train_tune_4e13c_00854_854,CNN,0.1023237449097504,0.8390396671364244,0.844589414910156,0.8862007856369019,2.93605375289917,-0.40604138374328613,2.2538450139109045e-05,-2190.8308555548288,-0.007160939276218414,18717.90203272437,18569.503679148977,431267134.0
train_tune_4e13c_00855_855,CNN,0.055763134057971,0.8691125231642562,0.8238798468182851,0.8008480072021484,2.6832261085510254,-0.3065377473831177,1.1900403478648514e-05,-22923.771800305556,-0.007673257030546665,238710430588.46393,236258766123.6932,26955688310.0
train_tune_4e13c_00856_856,CNN,0.123248584687992,0.8139928131468513,0.8144927069920717,1.0367757081985474,4.030125141143799,-0.556359052658081,5.2696821512654424e-05,-1887.0009238370253,0.022440560162067413,28781.08508926078,28779.41131017005,3439136918.0
train_tune_4e13c_00857_857,CNN,0.0305613436888299,0.8357776927937439,0.8618402948110896,0.405180960893631,1.2239389419555664,-0.08036431670188904,6.416118594643194e-06,-4716.711403055331,0.002510293386876583,571536807069.4744,594634585891.0784,10169868262.0
train_tune_4e13c_00858_858,CNN,0.1443567539164643,0.890610596125578,0.8321390169121182,1.2396329641342163,5.411386489868164,-0.7330352663993835,3.096908767474815e-05,-1847.6915172694612,-0.031253278255462646,1135.6935093352095,1135.6935093352095,46252550.0
train_tune_4e13c_00859_859,CNN,0.1157339843410357,0.8235913731844106,0.8375908483823528,0.8333567380905151,2.841519355773926,-0.3705034852027893,2.0014955225633457e-05,-2045.906838287358,0.020183520391583443,21501.252616420934,21614.91460815256,1546398294.0
train_tune_4e13c_00860_860,CNN,0.0668986657407533,0.8953297621387059,0.815717863805538,0.5355091691017151,1.4611097574234009,-0.16230250895023346,4.595942755258875e-06,-14673.60877364106,0.018455129116773605,444038247.80716586,451954879.9999549,5166176894.0
train_tune_4e13c_00861_861,CNN,0.0666775439168978,0.9032636887997056,0.8469288554681329,0.28665637969970703,0.8483755588531494,-0.036788105964660645,1.638539833948016e-05,-23382.67841292519,-0.003936000168323517,3338291523001.698,3407150665252.724,20740428030.0
train_tune_4e13c_00862_862,CNN,0.0666775439168978,0.8480516578319204,0.8413697032370275,0.3025940954685211,0.5800339579582214,-0.03143953159451485,4.811424332729075e-06,-5470.787309378604,-0.0075781866908073425,335322410383.41394,330728707962.2923,16629652566.0
train_tune_4e13c_00863_863,CNN,0.0668520639075195,0.8929401459677506,0.8396121622602819,0.2449793815612793,0.5495928525924683,-0.020490985363721848,5.954605512670241e-06,-15820.29588396073,-0.0027407659217715263,32803028172.901318,33073150507.76792,3733859862.0
train_tune_4e13c_00864_864,CNN,0.0666775439168978,0.8191741948909281,0.808629260376791,0.34911808371543884,0.7584743499755859,-0.055508650839328766,5.529559530259576e-06,-4053.16008327402,0.008539985865354538,1874346664.336287,1905546090.349667,5005540422.0
train_tune_4e13c_00865_865,CNN,0.0217026651735684,0.8367722806208997,0.7962291104059817,1.521612286567688,6.693278789520264,-1.2892065048217773,0.00010455943993292749,-1742.241761567108,0.04137365520000458,793.5153050237197,793.5153050237197,19992662.0
train_tune_4e13c_00866_866,CNN,0.0669396669396669,0.8179632828795692,0.7846124579215186,1.015302300453186,4.2915143966674805,-0.5196350812911987,2.6426669137435965e-05,-1769.5784934951573,-0.0055070919916033745,407.1617202201967,407.1617202201967,14017662.0
train_tune_4e13c_00867_867,CNN,0.0908432881725535,0.8680916543823308,0.8238206120913395,0.6606420874595642,2.555905818939209,-0.24914348125457764,1.613097992958501e-05,-3476.236988186862,0.03401772677898407,68280755.98804018,68819019.4004964,27060503526.0
train_tune_4e13c_00868_868,CNN,0.0330148229817469,0.6337867494875821,0.5356752217270567,0.09306994825601578,0.21082188189029694,-0.0015550872776657343,1.8985256247106008e-06,-5098.912126945936,-0.0020926627330482006,9111804635.20638,9637159755.21422,6306572438.0
train_tune_4e13c_00869_869,CNN,0.0646894374133354,0.853424919920815,0.8084344714157142,1.2254619598388672,4.895248889923096,-0.7362139225006104,2.739346382440999e-05,-1791.2163738578731,-0.01734543778002262,803.644239837013,803.644239837013,22407350.0
train_tune_4e13c_00870_870,CNN,0.1498718995639252,0.8902288420252823,0.8611961697516648,0.6469501852989197,2.325392961502075,-0.17519301176071167,2.0576422684825957e-05,-2758.7340295636354,-0.029900526627898216,1208163.374071078,1194563.6749091176,6820333014.0
train_tune_4e13c_00871_871,CNN,0.1047384681629797,0.8563303249844192,0.8116912276585003,1.446012020111084,6.059141635894775,-0.9925916790962219,5.06898395542521e-05,-1744.5255703766595,-0.022259794175624847,1031.875270227047,1031.875270227047,24250662.0
train_tune_4e13c_00872_872,CNN,0.1305573229551664,0.8399070890955666,0.809695826497754,1.3883517980575562,4.575675010681152,-1.0645909309387207,4.439317126525566e-05,-1716.5555182273042,0.03383427858352661,479.2414322247671,479.2414322247671,4803302.0
train_tune_4e13c_00873_873,CNN,0.045170808435689,0.8891327882876565,0.8478004574470991,1.3622056245803833,5.343486785888672,-0.9027746319770813,5.1238930609542876e-05,-2783.7960454604486,-0.00013439776375889778,1826227.7147469018,1853273.8432203126,7146065782.0
train_tune_4e13c_00874_874,CNN,0.0051079456710524,0.8200229450442533,0.8212286388356933,0.704905092716217,2.6480493545532227,-0.24580618739128113,3.1192445021588355e-05,-1934.5201417690953,0.0036470862105488777,26234.421352608144,26231.682207773927,3274117734.0
train_tune_4e13c_00875_875,CNN,0.055763134057971,0.72198578471916,0.8102034558453396,0.13569112122058868,0.3735507130622864,-0.004841522313654423,4.435878508957103e-06,-9872.459205363011,0.0008174343965947628,1171738912.9879792,1168594467.6815464,4120059614.0
train_tune_4e13c_00876_876,CNN,0.1065257972362873,0.8378366919011667,0.8310764649337936,1.0040749311447144,4.366283893585205,-0.4956671893596649,4.0963568608276546e-05,-1943.6649803035061,-0.008471980690956116,29134.57259162011,28938.393043615564,1960421606.0
train_tune_4e13c_00877_877,CNN,0.1252160000416032,0.857157534813484,0.8397190796782587,1.101039171218872,4.322927474975586,-0.6282370090484619,2.1448606275953352e-05,-1837.5210813804727,0.005586764309555292,827.3596031161524,827.3596031161524,29815262.0
train_tune_4e13c_00878_878,CNN,0.062220283127847,0.8503527874726075,0.811595307972702,1.543066143989563,5.738950729370117,-1.1607658863067627,7.466203533113003e-05,-1677.0732251820696,0.005410287529230118,1025.6105394270996,1025.6105394270996,17863190.0
train_tune_4e13c_00879_879,CNN,0.0475228475228475,0.8868484501897419,0.8542027773143902,1.2323112487792969,4.1800150871276855,-0.9626308679580688,5.294183938531205e-05,-2498.7076560714545,0.0815439447760582,59360.76592949299,58851.183599202326,3387755694.0
train_tune_4e13c_00880_880,CNN,0.0570338064001213,0.8329553242786275,0.8213860829691315,0.4142255485057831,0.7533770799636841,-0.08442804962396622,9.027294254337903e-06,-2473.145549782216,0.02910427190363407,9363228.57758985,9446527.523254694,10395558918.0
train_tune_4e13c_00881_881,CNN,0.0899681695227349,0.8423535557822129,0.7905313138476654,1.1126127243041992,4.496588706970215,-0.5675783157348633,4.026106762466952e-05,-1840.6344715174089,-0.01684979721903801,574.7692307014338,574.7692307014338,14122918.0
train_tune_4e13c_00882_882,CNN,0.030679012345679,0.8335631493987016,0.8139477350895264,0.5898529291152954,2.1616268157958984,-0.17651572823524475,1.8566643120720983e-05,-4874.47146227151,0.020123809576034546,605689789.672342,573255705.2487036,5601198590.0
train_tune_4e13c_00883_883,CNN,0.0469785718123484,0.8900280699897932,0.828071469420605,0.3794117569923401,1.4969233274459839,-0.07165849208831787,7.323101272049826e-06,-21091.754248201945,-0.0011152399238198996,230794540336.1565,230819861427.4685,24580281654.0
train_tune_4e13c_00884_884,CNN,0.0307017543859649,0.8661610244749033,0.8225855289248433,0.8244402408599854,3.6757707595825195,-0.3277738690376282,1.9355773474671878e-05,-1812.930910730555,-0.028223630040884018,710.9567583210138,710.9567583210138,50880006.0
train_tune_4e13c_00885_885,CNN,0.0649698960043787,0.8324589059768922,0.8260912783092683,0.3595445156097412,0.672346830368042,-0.058860380202531815,1.7714954083203338e-05,-3797.352687517702,0.011602859944105148,170533202.41053635,172035714.58276772,3866289670.0
train_tune_4e13c_00886_886,CNN,0.0658605964400817,0.8624379031272519,0.8381895956579474,0.5341886281967163,1.8693187236785889,-0.1533089280128479,1.0816859685292002e-05,-3370.356484454064,0.020036766305565834,19474772.942358956,19543377.84769239,5119894758.0
train_tune_4e13c_00887_887,CNN,0.030679012345679,0.8669732440097594,0.8145856568624938,0.13731983304023743,0.43781816959381104,-0.006399412639439106,1.6398554407714983e-06,-22778.290941834697,-0.0019778264686465263,1167867597641.5444,1156280450032.2458,14304823022.0
train_tune_4e13c_00888_888,CNN,0.0558200158676187,0.8157269653957786,0.8208486255600396,0.5039737224578857,1.5385732650756836,-0.11159411817789078,1.634876025491394e-05,-11485.610026422548,-0.022082306444644928,165811184061.7818,166667099147.6138,23621781590.0
train_tune_4e13c_00889_889,CNN,0.0540113685028811,0.9113133148670766,0.8284665829651628,0.4171156883239746,1.3081732988357544,-0.08692900836467743,3.6235223888070323e-06,-15198.803145219983,0.011260544881224632,614443975.7349069,624022049.4529337,3361881454.0
train_tune_4e13c_00890_890,CNN,0.0328147097833175,0.5551161745725444,0.5301627859522675,0.44925594329833984,1.8402873277664185,-0.10399302840232849,6.793721695430577e-06,-2719.268273644157,0.008883651345968246,7231873.948547119,7081280.711456297,2821626750.0
train_tune_4e13c_00891_891,CNN,0.0364720652856246,0.7358978662963689,0.6707349700219053,0.48982059955596924,1.8986846208572388,-0.11762852966785431,7.993223334779032e-06,-4805.5171191566915,-0.0008037704974412918,682615769.233543,676986451.0668498,8192173502.0
train_tune_4e13c_00892_892,CNN,0.0253905318675382,0.8264895151437663,0.8199120292421482,0.609917402267456,2.1303913593292236,-0.18631380796432495,1.9032742784474976e-05,-2136.866237734097,0.00420046504586935,844465.8455661976,841019.5729588389,7714265038.0
train_tune_4e13c_00893_893,CNN,0.0443364928866655,0.8673525750784941,0.8546200936951,0.8068928718566895,2.3773131370544434,-0.34221595525741577,2.2716156308888458e-05,-2152.818260347015,-0.00687886169180274,26061.722723445822,26116.45050597024,1155329926.0
train_tune_4e13c_00894_894,CNN,0.0953721743970854,0.8728519948055903,0.8212175148014101,0.8594808578491211,2.8205771446228027,-0.31840062141418457,2.078662146232091e-05,-2545.371064203302,-0.011224220506846905,684517.3958400692,682399.0837331859,3317042550.0
train_tune_4e13c_00895_895,CNN,0.0738021554197468,0.8589674147261466,0.8011841692702312,1.1438690423965454,4.498749732971191,-0.5723844170570374,2.9440492653520778e-05,-1691.262136031269,-0.028895093128085136,795.0857384909771,795.0857384909771,21801926.0
train_tune_4e13c_00896_896,CNN,0.2017111818568531,0.8545351143835876,0.8440374920640995,1.3741849660873413,4.323647499084473,-1.0360263586044312,5.157688428880647e-05,-1949.9741116335786,0.009621801786124706,735.5521023451463,735.5521023451463,9545414.0
train_tune_4e13c_00897_897,CNN,0.0667101969746436,0.8805803496250864,0.7981304346544732,0.44376182556152344,1.7905974388122559,-0.09691508114337921,6.321281944110524e-06,-3928.3793479627675,-0.004128704313188791,124459080.70151594,124068152.96354963,32006492846.0
train_tune_4e13c_00898_898,CNN,0.0300685739874236,0.8034653519305941,0.8111012777416028,1.2763745784759521,4.547191143035889,-0.904700756072998,3.58234865416307e-05,-1747.2242180179971,0.05061473697423935,361.699504820567,361.699504820567,4602270.0
train_tune_4e13c_00899_899,CNN,0.1308490587674077,0.8649285329948085,0.8235679053346224,0.8123407363891602,3.281712532043457,-0.30328524112701416,1.9468276150291786e-05,-2616.7428176722347,-0.018365763127803802,1567663.921217257,1568827.8116765036,14704598350.0
train_tune_4e13c_00900_900,CNN,0.049149785554656,0.8838670550535642,0.839363708580044,0.8329192399978638,2.267188549041748,-0.36143434047698975,2.0187460904708132e-05,-7879.514705697535,-0.01036323606967926,115272789.87311375,113894601.93102202,13092505686.0
train_tune_4e13c_00901_901,CNN,0.0805685495117305,0.816769968813587,0.8269413030175069,0.6925172805786133,2.7879743576049805,-0.24160879850387573,1.8452285075909458e-05,-6363.365928421288,-0.001261971890926361,10442964903123.098,10664588993473.416,41947385262.0
train_tune_4e13c_00902_902,CNN,0.0754531524605991,0.8121967316004856,0.8274792868803306,0.9595344066619873,4.0911126136779785,-0.41661185026168823,2.666069849510677e-05,-1698.5475497092016,-0.021937785670161247,22670.622716714908,22528.147302059417,5530857638.0
train_tune_4e13c_00903_903,CNN,0.1183933863726858,0.8100709986624337,0.8010888344417094,1.5594754219055176,6.509952068328857,-1.2959614992141724,7.148634176701307e-05,-1662.2604472518942,0.023527290672063828,648.6620448096353,648.6620448096353,11663814.0
train_tune_4e13c_00904_904,CNN,0.1929866211541815,0.8712034097612872,0.8339558667546455,1.7066128253936768,6.253091335296631,-1.4757978916168213,4.734249523608014e-05,-1887.106760839483,0.003954892046749592,1398.635852293527,1398.635852293527,21350918.0
train_tune_4e13c_00905_905,CNN,0.0649698960043787,0.8940077657179692,0.8415381873275463,0.39116978645324707,1.302368402481079,-0.07374810427427292,1.4149656635709107e-05,-3091.6882463986053,0.004217724781483412,25114329.590210326,25045721.04963483,6613242158.0
train_tune_4e13c_00906_906,CNN,0.030679012345679,0.8202007939055113,0.7701696377431492,0.5467901229858398,1.987099528312683,-0.14331836998462677,1.0226583981420845e-05,-11681.396073359074,-0.0017180975992232561,52115107185.73045,51349254708.94968,14804950134.0
train_tune_4e13c_00907_907,CNN,0.065616362631288,0.5948070062054599,0.6036263381712387,0.19175925850868225,0.7856717109680176,-0.016990087926387787,2.127228526660474e-06,-11923.965104644909,0.0007468400290235877,361820322234.6388,370752749106.5604,8653878198.0
train_tune_4e13c_00908_908,CNN,0.0666775439168978,0.5918800316558164,0.560232542502252,0.23321563005447388,0.8362167477607727,-0.024385154247283936,3.1652987217967166e-06,-5478.644480239448,0.002788625191897154,371089463399.2157,359376172270.6172,19185623022.0
train_tune_4e13c_00909_909,CNN,0.0432907763910094,0.8807789929992188,0.8663924221337299,0.7309909462928772,2.8531687259674072,-0.295732319355011,1.0778351679618936e-05,-1858.3277018331476,0.025024577975273132,25097.007853983323,25096.820450509367,7042012702.0
train_tune_4e13c_00910_910,CNN,0.0437446626273684,0.8915702927390451,0.8221609847757806,1.9582709074020386,7.2298264503479,-2.212617874145508,0.00010358083818573505,-2351.1243822315982,0.0651811808347702,21031.662245969157,20373.83644490408,229417126.0
train_tune_4e13c_00911_911,CNN,0.093051606248257,0.8087050979172726,0.7775733034453259,1.3274133205413818,5.50541353225708,-0.8146734833717346,7.653961074538529e-05,-2116.724985424816,-0.0125983115285635,656418.7395398493,657537.5733707466,3147247902.0
train_tune_4e13c_00912_912,CNN,0.0252764612954186,0.8533189374924351,0.8359881913859787,0.3678436875343323,1.3747875690460205,-0.06620247662067413,8.495115253026597e-06,-16090.121319816513,0.002814409788697958,6167628128631.752,6264754761625.805,30102785062.0
train_tune_4e13c_00913_913,CNN,0.0311052697459006,0.7395379004114065,0.7944643880019804,0.40668103098869324,1.3142684698104858,-0.07555858045816422,3.808632754953578e-06,-2517.510618638861,-0.009964726865291595,10885162.144179802,11186296.639318828,3109480494.0
train_tune_4e13c_00914_914,CNN,0.0649698960043787,0.8510001965709474,0.8050271458497779,0.1651397943496704,0.6178465485572815,-0.011548446491360664,2.2331182663037907e-06,-17534.14205181203,0.001191210001707077,442891243728.3819,447340958976.4716,15574169662.0
train_tune_4e13c_00915_915,CNN,0.0967392882850218,0.9052338240183364,0.8495200238098389,1.3132305145263672,5.4227705001831055,-0.9419430494308472,4.71361490781419e-05,-3723.1141402683756,0.022059861570596695,325493.7505634933,332065.3598219553,1444359862.0
train_tune_4e13c_00916_916,CNN,0.0289315204569441,0.8798351777703207,0.8287661018447974,0.21965712308883667,0.5436358451843262,-0.016081366688013077,2.4633895918668713e-06,-7008.202796888096,0.005357350222766399,23493908.666894168,24293675.19536508,1823054886.0
train_tune_4e13c_00917_917,CNN,0.084915219342219,0.8640561642297562,0.8418028522766576,0.5375791788101196,1.8452460765838623,-0.14540554583072662,1.103011345549021e-05,-2504.4317622523104,0.0027076969854533672,1223113.2690285314,1221381.1940450827,7139152662.0
train_tune_4e13c_00918_918,CNN,0.0666775439168978,0.8861867493536154,0.8107241221439107,0.40532898902893066,1.67548406124115,-0.07550429552793503,7.308919975912431e-06,-3557.7950731367614,-0.01244182325899601,910439982.9278157,911058057.1562853,15970115438.0
train_tune_4e13c_00919_919,CNN,0.107753828177559,0.8532756815314467,0.8019431137272046,0.9588428139686584,4.135189056396484,-0.4545380175113678,1.788547888281755e-05,-1763.940245987943,-0.009428240358829498,631.8845634027365,631.8845634027365,28461590.0
train_tune_4e13c_00920_920,CNN,0.0627342563302085,0.808628566220516,0.8308726547196571,0.2844102382659912,1.0110478401184082,-0.03849734738469124,4.699686996900709e-06,-26242.787973678973,0.0050224727019667625,50243972730.29523,50246128071.25757,15399171750.0
train_tune_4e13c_00921_921,CNN,0.065120907828784,0.8586923285093331,0.8414197703681631,0.3510904908180237,1.3816916942596436,-0.05586117133498192,5.542988219531253e-06,-3127.412925997185,-0.015920797362923622,22840511.143740255,23140315.39532584,15299127822.0
train_tune_4e13c_00922_922,CNN,0.1566816513351515,0.8950479214638447,0.8521162619125402,1.4921013116836548,4.1865081787109375,-1.5096508264541626,5.1977625844301656e-05,-4078.643988495894,0.051544010639190674,2257706.054277899,2271594.270498691,3983712054.0
train_tune_4e13c_00923_923,CNN,0.1364891016202019,0.8857843216005383,0.8504375855229086,0.34637677669525146,1.377445936203003,-0.056037984788417816,8.766808605287224e-06,-5542.9395211527335,-0.009121796116232872,922998923.3458054,925025450.657167,7264587430.0
train_tune_4e13c_00924_924,CNN,0.0666775439168978,0.4939724532682592,0.4941485825323671,0.5703473091125488,2.3714759349823,-0.1674608588218689,1.1518064638949e-05,-2709.0399852006244,0.004704684019088745,7894380.124392999,8014965.682685129,2016219982.0
train_tune_4e13c_00925_925,CNN,0.0618553554120564,0.8732944670971351,0.8498098582095314,1.0770995616912842,3.5705018043518066,-0.7012519836425781,3.0197705200407654e-05,-2133.954854697665,0.054005883634090424,46317.541276235606,46516.5535512178,2120215590.0
train_tune_4e13c_00926_926,CNN,0.095204623555139,0.8549952967519077,0.8332751931627863,0.8882868885993958,3.584913492202759,-0.38130658864974976,2.8806143745896406e-05,-1974.607944049093,-0.0013034886214882135,46910.63200992998,46906.69560108147,3662790390.0
train_tune_4e13c_00927_927,CNN,0.1229185259717753,0.8737724687200877,0.8568504941387651,1.5490920543670654,6.622122764587402,-1.3095518350601196,0.00010567657591309398,-3058.90802142659,0.02981736697256565,1467946.8165008929,1438299.140941821,3673227494.0
train_tune_4e13c_00928_928,CNN,0.0666775439168978,0.89790942656578,0.8130376767582144,0.2247868776321411,0.8404407501220703,-0.02374126762151718,3.1250453957909485e-06,-8403.40962778844,0.009485580027103424,327821555.1703106,337877525.1735517,9493869182.0
train_tune_4e13c_00929_929,CNN,0.0503667764107895,0.8864366334577566,0.8490864663530221,0.6902984380722046,2.0099968910217285,-0.2504337430000305,1.641118069528602e-05,-2269.7355035511982,0.009268539026379585,683048.038073482,678994.1779450208,5159586758.0
train_tune_4e13c_00930_930,CNN,0.184600152526269,0.8938001442949268,0.8476758986567104,1.495626449584961,5.279488563537598,-1.412927508354187,0.0001127192736021243,-2464.4738843201085,0.08463254570960999,346311.2481873708,351517.5460117508,2510094406.0
train_tune_4e13c_00931_931,CNN,0.0689074654591895,0.8509945217213736,0.8273011616982756,0.10621882975101471,0.37884336709976196,-0.003980372101068497,3.3257251743634697e-06,-4349.199519320815,-0.00021159823518246412,77695786.70893544,76797114.73139988,8249652774.0
train_tune_4e13c_00932_932,CNN,0.0217495438597567,0.8376752509565354,0.8202177466915851,1.291745662689209,5.3966498374938965,-1.0146183967590332,5.3939013014314696e-05,-1807.3575731231867,0.07220970839262009,47086.49497453278,47737.46303668389,8806304470.0
train_tune_4e13c_00933_933,CNN,0.0857452678460168,0.886237043738971,0.8416089500948712,1.2352583408355713,4.907312870025635,-0.7140236496925354,7.008879038039595e-05,-2280.076706091512,-0.013014585711061954,748314.8712714219,743049.3599128126,7830813054.0
train_tune_4e13c_00934_934,CNN,0.1749838045896626,0.6341055355294815,0.6697059251832131,0.4309098422527313,1.480819821357727,-0.09048835188150406,6.8978533818153664e-06,-53248.991634583595,0.0017773890867829323,5334446161931.33,5225228438237.665,18246018174.0
train_tune_4e13c_00935_935,CNN,0.030679012345679,0.8088897680180067,0.801088911512242,1.0469255447387695,2.420775890350342,-0.8565014600753784,6.519511225633323e-05,-2624.507399142456,0.0656154602766037,19606725.02202534,19525341.34113386,8249213678.0
train_tune_4e13c_00936_936,CNN,0.068591249860132,0.8412441519315611,0.8362869449051106,0.2654719352722168,0.8206239938735962,-0.03100525587797165,7.992929567990359e-06,-5570.231930981654,0.009248577989637852,287594394.6021144,283367096.74644315,11289533566.0
train_tune_4e13c_00937_937,CNN,0.049956321344207,0.8337717452336083,0.8260549283662987,0.9815336465835571,1.635643482208252,-0.6486244797706604,4.443449870450422e-05,-2240.458437426465,0.0015386780723929405,8378.256484456073,8474.95370669122,28866134.0
train_tune_4e13c_00938_938,CNN,0.1134842895971863,0.8428464244072882,0.8324240285305672,0.5468575954437256,2.1263206005096436,-0.1443396359682083,9.849055459199008e-06,-3541.7354856269076,-0.0016531262081116438,69859157.11471339,69199915.16093381,15965021846.0
train_tune_4e13c_00939_939,CNN,0.0667646898654903,0.8521683352896153,0.8017087350117943,1.1917120218276978,3.9026739597320557,-0.43003785610198975,0.00012811628403142095,-1821.0113975560616,-0.06797769665718079,698.7292802361916,698.7292802361916,6666326.0
train_tune_4e13c_00940_940,CNN,0.1084592265391153,0.8477443760639733,0.8223647981643646,0.9324396848678589,4.154726028442383,-0.4860195815563202,3.0388215236598626e-05,-2012.6444460928274,0.021359995007514954,44676.61551611312,44724.603078710876,9125071198.0
train_tune_4e13c_00941_941,CNN,0.030679012345679,0.8831049356160464,0.8417367759478142,0.7988581657409668,2.854490041732788,-0.3804166913032532,2.9749351597274654e-05,-4078.6546094393025,0.05511084944009781,3048873.6478820033,3067392.2445084313,20821937598.0
train_tune_4e13c_00942_942,CNN,0.0649698960043787,0.903725738113064,0.8514613139209185,0.11642684042453766,0.38771334290504456,-0.004599088337272406,4.023950623377459e-06,-15442.618633580118,0.0014229194493964314,488117443665.8545,507073651642.10803,29075112006.0
train_tune_4e13c_00943_943,CNN,0.0879710991769995,0.8781965617494425,0.8461613674025816,1.2795557975769043,4.690491199493408,-0.9828474521636963,4.586240174830891e-05,-2674.4516729945963,0.06174035370349884,1573560.212869246,1593798.6696062325,10472160486.0
train_tune_4e13c_00944_944,CNN,0.0316119536699302,0.8397659247302238,0.8297538555560195,0.5439767837524414,1.2855521440505981,-0.17121219635009766,8.975058335636277e-06,-11358.009018468363,0.01733436807990074,5036318081.140705,5120374491.92024,28469556990.0
train_tune_4e13c_00945_945,CNN,0.0666775439168978,0.7709112766671429,0.8379741542668335,0.20509299635887146,0.6553484201431274,-0.017738744616508484,4.487002115638461e-06,-14547.557723701713,0.007601598277688026,565003125395.4756,555815714063.7704,15374341782.0
train_tune_4e13c_00946_946,CNN,0.0973936836721646,0.7550417105723843,0.6339994038329532,0.826465904712677,2.7666573524475098,-0.37407374382019043,2.6632977096596733e-05,-5253.21821902473,0.025155410170555115,13527257.13019808,13181132.193249822,3085922270.0
train_tune_4e13c_00947_947,CNN,0.0303817833054885,0.8821018525031086,0.8119118862260732,0.20755614340305328,0.6532925367355347,-0.017054498195648193,3.5847742765326984e-06,-2929.93834296329,-0.0008015288040041924,43399.65052926618,42484.98885312893,111585190.0
train_tune_4e13c_00948_948,CNN,0.1482486129959828,0.8622075653144071,0.8597894354668475,0.8071351051330566,2.9766151905059814,-0.2722599506378174,2.2507287212647498e-05,-2204.3523063953917,-0.03385074436664581,37694.4274525977,37520.52224447942,3394613094.0
train_tune_4e13c_00949_949,CNN,0.167039162880423,0.8514809876477395,0.7966681178727101,0.8700742721557617,3.617227077484131,-0.35976070165634155,2.2125041141407564e-05,-1712.5799126756292,-0.01952439546585083,518.4619943894497,518.4619943894497,26370846.0
train_tune_4e13c_00950_950,CNN,0.1053984859022871,0.8603863816886848,0.8234291611865876,1.3774569034576416,4.7186665534973145,-1.1033048629760742,4.6093126002233475e-05,-1821.8011170004436,0.07095339149236679,766.1546618958628,766.1546618958628,14680838.0
train_tune_4e13c_00951_951,CNN,0.0422877968704912,0.8021590828377575,0.8064623903097918,0.7483891248703003,3.215914726257324,-0.2617399990558624,1.7430031221010722e-05,-2006.1852413140145,-0.012484556064009666,890023.0314135588,902855.7906921976,5498928262.0
train_tune_4e13c_00952_952,CNN,0.0308331782368633,0.8732182307576459,0.854523328203071,0.8844603300094604,3.6105055809020996,-0.40434718132019043,2.353176569158677e-05,-2134.1784942355434,0.011122625321149826,41014.16196091079,41296.03109815165,6364034534.0
train_tune_4e13c_00953_953,CNN,0.030679012345679,0.865004974263586,0.8398684854031897,0.7909364700317383,3.040794849395752,-0.3082958459854126,1.8434457160765305e-05,-2230.1554053982663,-0.004430793225765228,1071811.4194597066,1060767.2600071868,5207030454.0
train_tune_4e13c_00954_954,CNN,0.055763134057971,0.9129362508437928,0.8171756564997948,0.36842018365859985,1.4018000364303589,-0.06747806072235107,5.803548447147477e-06,-52191.16560603883,0.0014805785613134503,2339038175377.666,2339985580226.449,19851335958.0
train_tune_4e13c_00955_955,CNN,0.055763134057971,0.8393567900972941,0.7840673032047539,0.43283647298812866,1.7364119291305542,-0.08634564280509949,6.899955224071164e-06,-7181.658644560329,-0.00911775417625904,8466343409.7116165,8813596000.10109,6443049966.0
train_tune_4e13c_00956_956,CNN,0.143286225533158,0.7944637848347368,0.8065750489123378,0.5819733142852783,2.23822021484375,-0.17768801748752594,1.101326233765576e-05,-4840.92140433441,0.01408256497234106,1921165410483.3425,1916447785795.0288,17327791774.0
train_tune_4e13c_00957_957,CNN,0.0330148229817469,0.8434416435203232,0.7896727348000967,1.1616735458374023,5.039246559143066,-0.7255846261978149,3.428527634241618e-05,-1683.4658587862104,0.021349674090743065,568.2065319372065,568.2065319372065,18074006.0
train_tune_4e13c_00958_958,CNN,0.030679012345679,0.82638801937401,0.792092478282366,0.5319231748580933,1.698934555053711,-0.14619356393814087,1.4561441275873221e-05,-11459.735570215138,0.010625647380948067,73929416240.04385,71465645217.16312,11815879286.0
train_tune_4e13c_00959_959,CNN,0.0062624316916173,0.8326777813774493,0.8339217344217512,0.8121695518493652,3.48078989982605,-0.3056809604167938,2.0621708245016634e-05,-2121.0560950915988,-0.024390246719121933,823945.3668284974,818812.0888419703,13885245974.0
train_tune_4e13c_00960_960,CNN,0.030679012345679,0.8511268227776007,0.8193742731558532,0.34744444489479065,1.2935267686843872,-0.05811242386698723,8.811989573587198e-06,-6819.836371843102,0.002892538905143738,134796674984.52264,135974317231.7059,33757999558.0
train_tune_4e13c_00961_961,CNN,0.0330148229817469,0.884347604992958,0.8170623006412069,0.45120733976364136,1.7748427391052246,-0.10272170603275299,9.381561540067196e-06,-5020.90882346428,0.0045005278661847115,505675270.3786528,509374988.7414539,4793222486.0
train_tune_4e13c_00962_962,CNN,0.1076464009150613,0.8106738954301309,0.8158387838875628,0.8215039968490601,2.3212809562683105,-0.32842376828193665,1.9126875486108474e-05,-1957.0419906007962,-0.017025258392095566,13360.812517259983,13292.095161134597,1128212934.0
train_tune_4e13c_00963_963,CNN,0.0666775439168978,0.8823921342339792,0.8457731878445099,0.7032944560050964,2.710470199584961,-0.19061514735221863,3.2735017157392576e-05,-3201.5257779731746,-0.04059946537017822,1184891.880070508,1186476.1455222426,5495277126.0
train_tune_4e13c_00964_964,CNN,0.05216837473221,0.8166299316243713,0.8172557782441178,0.8501442074775696,3.193007707595825,-0.41813474893569946,1.7180591385113075e-05,-1760.7813273759086,0.04474978148937225,12391.2908774776,12386.827323471338,1721850750.0
train_tune_4e13c_00965_965,CNN,0.1096210432620513,0.841644467924248,0.800877941212676,1.4611153602600098,5.007275104522705,-1.2161004543304443,3.9280108467210084e-05,-1849.1913366571055,0.03746095672249794,722.9311862271519,722.9311862271519,9693446.0
train_tune_4e13c_00966_966,CNN,0.0879582048646796,0.8946313152954902,0.8350335596405576,0.42933928966522217,1.8516532182693481,-0.08162739872932434,1.3722195035370532e-05,-2385.665668671664,-0.01657046563923359,1272229.6634969763,1265292.5724881908,9540341638.0
train_tune_4e13c_00967_967,CNN,0.0846919013416752,0.8106016837949447,0.8164647069623269,0.8785072565078735,3.4979212284088135,-0.3309820294380188,4.596591315930709e-05,-1755.6661345952502,-0.026961619034409523,24916.35844491379,24895.576393707783,4909351158.0
train_tune_4e13c_00968_968,CNN,0.0227570909492481,0.8475508243056473,0.8188896654126115,0.39923977851867676,1.3693650960922241,-0.0786183625459671,1.2072654499206692e-05,-2358.438875152803,0.012678875587880611,315757.8271938737,318566.51774142124,995807446.0
train_tune_4e13c_00969_969,CNN,0.0892262847730027,0.8507139408153693,0.8090589981748626,1.6199300289154053,6.724825382232666,-1.3224453926086426,5.3449701226782054e-05,-1739.1963468927943,0.014302913099527359,937.8226413132672,937.8226413132672,18482350.0
train_tune_4e13c_00970_970,CNN,0.0330148229817469,0.9020833767197862,0.8236467378116815,0.5759133100509644,1.2607269287109375,-0.1956266164779663,1.342576251772698e-05,-12960.94122985301,0.014064726419746876,59291907922.07074,61497383273.98729,24285224894.0
train_tune_4e13c_00971_971,CNN,0.0649698960043787,0.8819110701090226,0.8455085985450866,0.8841363191604614,2.782590389251709,-0.4631097614765167,3.353563806740567e-05,-2512.6079143446946,0.04611311852931976,34595.224705792374,34270.61329121791,1514511790.0
train_tune_4e13c_00972_972,CNN,0.0649698960043787,0.8195381239461274,0.8322181316220059,0.6291555166244507,2.7159194946289062,-0.20055371522903442,1.3030956324655563e-05,-1994.1955577948402,-0.004598542116582394,402023.229483325,400275.1604467822,2821972158.0
train_tune_4e13c_00973_973,CNN,0.0597743843719906,0.8449410353238006,0.8210361003999074,2.2142295837402344,5.786561489105225,-3.69199275970459,0.00021925929468125105,-1885.1092792139023,0.16112610697746277,889.8953738308783,889.8953738308783,5173486.0
train_tune_4e13c_00974_974,CNN,0.0309180576631259,0.7534049039182339,0.7740135352713028,5.052515506744385,6.509958267211914,-34.983882904052734,0.0007566058193333447,-6161.860060672551,0.4838085472583771,668.8925431044245,668.8925431044245,451334.0
train_tune_4e13c_00975_975,CNN,0.0330148229817469,0.5898157415151514,0.5774595878420589,0.2887697219848633,0.9889733791351318,-0.03695540502667427,4.324647761677625e-06,-3116.6455893793927,-0.00552552193403244,6463387.770021025,6367817.620151901,5160647182.0
train_tune_4e13c_00976_976,CNN,0.0306960657155209,0.8364620873737277,0.8260060267247972,0.30970051884651184,0.868662416934967,-0.04588846117258072,5.183764642424649e-06,-3533.494571865299,0.01739930361509323,1650006696.5696337,1635759541.9340289,24499470646.0
train_tune_4e13c_00977_977,CNN,0.0285909627695941,0.8746103799474972,0.8472388784831391,1.4670090675354004,5.672132968902588,-1.2087068557739258,6.119004683569074e-05,-2561.7637621271774,0.04008973389863968,1950235.6387382774,1944138.7823021295,10323071246.0
train_tune_4e13c_00978_978,CNN,0.0649698960043787,0.8082383006530183,0.7644602945341679,0.2775610089302063,0.28984999656677246,-0.007472680881619453,1.4010985978529789e-05,-9202.85454682725,0.002442261902615428,9550679968.72211,10101385357.149633,2722956190.0
train_tune_4e13c_00979_979,CNN,0.0680090974649137,0.8681488811524534,0.8240625276961904,0.4731985926628113,0.9934525489807129,-0.09821289032697678,8.381322913919576e-06,-4677.388181203137,-0.025830449536442757,21072574.906149555,21306936.23605428,2302070942.0
train_tune_4e13c_00980_980,CNN,0.1463541519355305,0.869031437886251,0.8260556370542395,0.28948143124580383,0.9965435862541199,-0.03706339746713638,2.380265414103633e-06,-31457.55015270325,0.008389378897845745,166296881973.46783,163585585936.49506,23201065990.0
train_tune_4e13c_00981_981,CNN,0.0667428820295062,0.6139725552440691,0.5769834279502236,0.42170339822769165,1.7619047164916992,-0.08818928897380829,6.105447937443387e-06,-6296.552087429791,0.0007201749831438065,268667000.6637156,263629366.02298477,3889580966.0
train_tune_4e13c_00982_982,CNN,0.034313725490196,0.8645811203154325,0.7807693371948957,0.3706231117248535,1.0989018678665161,-0.07120475172996521,6.095500793890096e-06,-5436.730293734205,0.02182130515575409,414173703.89879227,421007748.73046064,2806267846.0
train_tune_4e13c_00983_983,CNN,0.1662036568578513,0.891272628106607,0.8227370219076332,0.40674424171447754,1.3200783729553223,-0.07487638294696808,7.0392211455327924e-06,-9086.603836670944,-0.00830819457769394,1952132738.2241392,1942694629.5679088,12017227814.0
train_tune_4e13c_00984_984,CNN,0.0814312088635974,0.8869804779198022,0.8567700268625448,1.3326213359832764,5.4196882247924805,-0.7123542428016663,4.347974027041346e-05,-2026.8459887679846,-0.03919888287782669,45044.19052601419,45708.22880800078,3514632134.0
train_tune_4e13c_00985_985,CNN,0.0544382778746902,0.888667933062479,0.8498534044187105,1.053968906402588,3.947359323501587,-0.5437982082366943,3.348314203321934e-05,-2765.317181692591,0.011481995694339275,57510.098452239574,57724.86556079686,2928165830.0
train_tune_4e13c_00986_986,CNN,0.055763134057971,0.7092718933407741,0.8171542465091642,0.4945099949836731,1.4326058626174927,-0.11784306168556213,4.4631560740526766e-06,-27000.416413111026,-0.01049741916358471,6304526650385.86,6420855783101.245,25426424750.0
train_tune_4e13c_00987_987,CNN,0.1698357100215144,0.8785361771818853,0.845336329615943,1.6027758121490479,6.897449493408203,-1.2861911058425903,7.5239957368467e-05,-1804.9926853147363,0.000850495882332325,1322.269191158087,1322.269191158087,32199950.0
train_tune_4e13c_00988_988,CNN,0.0605066434712452,0.8567254699171286,0.8524390743170369,0.8556032180786133,2.2530415058135986,-0.4380039572715759,1.5932444512145594e-05,-1964.9902952879204,0.033373650163412094,24054.308638530765,23994.506529745915,1398315638.0
train_tune_4e13c_00989_989,CNN,0.0302319520458691,0.8458796481787062,0.8231451526634413,0.472389280796051,1.342608094215393,-0.12037087976932526,7.921076758066192e-06,-20074.220906829625,0.024654388427734375,135199409775.80347,133009187498.93784,24828785374.0
train_tune_4e13c_00990_990,CNN,0.0291015140233308,0.8972663732116635,0.8343524512456751,0.4081519842147827,1.6369045972824097,-0.08171184360980988,7.375299901468679e-06,-6873.678015674081,0.0010364842601120472,189269055.7956154,187946484.51266843,29921248294.0
train_tune_4e13c_00991_991,CNN,0.0666775439168978,0.8924829134022486,0.8364936595092177,0.28182631731033325,0.9411946535110474,-0.03593513369560242,4.5014953684585635e-06,-19439.21492606469,-0.010786892846226692,296175187529.378,288698750409.46936,6331394782.0
train_tune_4e13c_00992_992,CNN,0.0560114472863874,0.8809515554896815,0.8639061999228196,0.7969216108322144,2.7631452083587646,-0.3439456522464752,3.9145095797721297e-05,-3403.0337373925186,0.019187040627002716,2058784.0301141348,2049442.303819521,11479301286.0
train_tune_4e13c_00993_993,CNN,0.055763134057971,0.7885411917433234,0.8631145213493335,0.8608133792877197,3.4091715812683105,-0.41244691610336304,3.8136447983561084e-05,-11351.570931100849,0.032815732061862946,131705842198.63174,127170832613.6211,23954411630.0
train_tune_4e13c_00994_994,CNN,0.1753897808596266,0.8528541109555573,0.796478529218565,0.38623353838920593,1.403643250465393,-0.07629775255918503,7.476760401914362e-06,-10534.355598777853,0.0159967839717865,13877245910.787422,14631862315.323057,10803001662.0
train_tune_4e13c_00995_995,CNN,0.0666775439168978,0.8700314887204902,0.7789097461737473,0.45474785566329956,1.7651667594909668,-0.10504955053329468,6.708020009682514e-06,-7311.612580480645,0.00914027076214552,120214339570.03539,123143670367.52554,14173915662.0
train_tune_4e13c_00996_996,CNN,0.1895977601800768,0.8880360760424671,0.819000022971906,0.5718438029289246,2.212455987930298,-0.1513613909482956,1.0187854968535248e-05,-2701.591892514114,-0.009371872991323471,952671.8755559183,933488.1798240189,5118042054.0
train_tune_4e13c_00997_997,CNN,0.030679012345679,0.7887644466328996,0.8279339450783448,1.126185655593872,4.447298526763916,-0.6494055986404419,6.196906178956851e-05,-2510.082213445529,0.008333433419466019,62195543.95739033,62285923.03686987,10286216038.0
train_tune_4e13c_00998_998,CNN,0.187187059039769,0.8753753030733664,0.8298152859889276,1.7304054498672485,6.327765464782715,-1.3115613460540771,8.135914686135948e-05,-2027.4172202054306,-0.019823484122753143,1391.1640844214144,1391.1640844214144,20461574.0
train_tune_4e13c_00999_999,CNN,0.0291015140233308,0.8239231400564838,0.8371918149064386,0.4813779294490814,1.4514057636260986,-0.12053090333938599,6.370687060552882e-06,-17210.380632155437,0.01115383394062519,1159246123108.663,1139346571491.3857,7970216934.0
train_tune_4e13c_01000_1000,CNN,0.0423196858362905,0.885502574789698,0.7982131290001183,0.3200826644897461,1.238214373588562,-0.04813164845108986,5.847551619808655e-06,-17430.94282813363,-0.006459452211856842,336693190010.2637,337936541059.8019,30255585326.0
train_tune_4e13c_01001_1001,CNN,0.0696490855041122,0.7748541174187561,0.8103318651618209,0.3923097848892212,1.0072684288024902,-0.07129278033971786,2.976976702484535e-06,-2856.2958928905855,-0.011975649744272232,224690621.4245519,224247184.2370298,4668230910.0
train_tune_4e13c_01002_1002,CNN,0.0267509727992554,0.8543246798163415,0.8609554060121772,1.0560247898101807,4.403705596923828,-0.5594658255577087,4.128380896872841e-05,-2249.7280041435683,0.0072758812457323074,23680.588684684175,23598.44341244792,1597694806.0
train_tune_4e13c_01003_1003,CNN,0.104721414289609,0.8130276952539742,0.8141220534872723,0.6110138893127441,2.162545919418335,-0.15470951795578003,1.3096852853777818e-05,-2344.6331981665912,-0.02769589051604271,34202896.28263933,34340385.21284893,7852435030.0
train_tune_4e13c_01004_1004,CNN,0.055763134057971,0.842617824631211,0.8196088858166045,0.8223395347595215,3.4867866039276123,-0.3763841688632965,2.2866959625389427e-05,-2143.9856419406756,0.02813989296555519,33122.37025283102,33071.670220121356,6093310054.0
train_tune_4e13c_01005_1005,CNN,0.055763134057971,0.7444037589110472,0.8502418302525242,0.5471939444541931,1.2488021850585938,-0.19724220037460327,3.234186806366779e-05,-6377.735066245773,0.05275291949510574,264487936702.1211,272486298558.4866,16538787814.0
train_tune_4e13c_01006_1006,CNN,0.030679012345679,0.9014470684090148,0.8337008041195454,0.6358180642127991,1.9474492073059082,-0.21851962804794312,1.1757188985939138e-05,-4075.754170968693,0.022782307118177414,40303152.69607489,40825074.05843757,5413553014.0
train_tune_4e13c_01007_1007,CNN,0.0203625686199412,0.8656973092820898,0.8120794650306654,0.36770889163017273,1.2293832302093506,-0.06425093114376068,3.6319054288469488e-06,-11906.877350905517,0.00579849723726511,6216773824.108507,6280024710.438426,24486334070.0
train_tune_4e13c_01008_1008,CNN,0.0985122116199194,0.8331127436273321,0.835267638953637,0.35490041971206665,0.684909462928772,-0.05270930752158165,6.9734815042465925e-06,-4363.289035966801,-0.0068754767999053,22728967150.770473,22325778831.45355,11726067574.0
train_tune_4e13c_01009_1009,CNN,0.0412446790005546,0.7060957696139759,0.7005390213316116,0.41291677951812744,1.546501874923706,-0.0805627852678299,6.5273770815110765e-06,-10597.994132487716,-0.0008576232939958572,47040249898.80811,45347030635.12429,12131717670.0
train_tune_4e13c_01010_1010,CNN,0.0666775439168978,0.840474220877144,0.8220478454258376,0.9869126081466675,4.3943705558776855,-0.4745849072933197,4.619082756107673e-05,-1815.7105600057196,-0.010906312614679337,496.86532609818016,496.86532609818016,18713558.0
train_tune_4e13c_01011_1011,CNN,0.033033033033033,0.8515442311224949,0.8141880383672745,1.3523313999176025,5.941198825836182,-0.9940880537033081,3.639334317995235e-05,-1761.4909732255824,0.01860017701983452,785.7219384287138,785.7219384287138,23464558.0
train_tune_4e13c_01012_1012,CNN,0.0302766199707328,0.8435730299709698,0.8279245847156469,1.8418046236038208,6.60483455657959,-2.0421066284179688,0.00016047913231886923,-1856.8951225512346,0.12762698531150818,778.312517092452,778.312517092452,11009038.0
train_tune_4e13c_01013_1013,CNN,0.0263139737263676,0.888451967123662,0.8396282071115114,1.1652641296386719,4.53973388671875,-0.7664141654968262,3.535383439157158e-05,-2793.869585507065,0.034660547971725464,2048263.7001361223,2049475.3874190934,10497539638.0
train_tune_4e13c_01014_1014,CNN,0.0649912395970214,0.8605400540147056,0.8320438200937835,0.6977627277374268,1.2608158588409424,-0.2378716915845871,3.671652666525915e-05,-2700.24007892826,-0.003476829966530204,18749.686956805803,18722.272590797198,263151958.0
train_tune_4e13c_01015_1015,CNN,0.055763134057971,0.8578953424727563,0.8242888550364736,0.306875079870224,0.6661608815193176,-0.03727045655250549,4.132387402933091e-06,-28129.813285303506,0.0012226987164467573,231106378275.4613,225677664212.61432,7413218062.0
train_tune_4e13c_01016_1016,CNN,0.0649698960043787,0.8171833131733109,0.8356073269411106,0.14505326747894287,0.5490049719810486,-0.00850110873579979,2.0963616407243535e-06,-23628.055333370434,-0.0021469653584063053,813423998884.3228,780007102244.7106,12666687446.0
train_tune_4e13c_01017_1017,CNN,0.0291015140233308,0.8750348271279728,0.797307275586438,0.5338543057441711,1.7626090049743652,-0.14144015312194824,7.980974260135554e-06,-21651.857977027823,0.005171128548681736,5908428045574.768,6001354423476.936,22260761350.0
train_tune_4e13c_01018_1018,CNN,0.0290448706013777,0.842615858893768,0.8510248230470031,0.29421550035476685,1.1674975156784058,-0.041226860135793686,7.290653229574673e-06,-7343.946746439616,0.0015376635128632188,530458519.3538259,518397135.75110453,5786074662.0
train_tune_4e13c_01019_1019,CNN,0.1902634545157405,0.838121049781881,0.8375426118605723,1.383985161781311,4.150713920593262,-0.7251693606376648,5.7848817959893495e-05,-2000.6823721212568,-0.07379133254289627,815.0625465998228,815.0625465998228,6365830.0
train_tune_4e13c_01020_1020,CNN,0.0052901093598855,0.5971417527877997,0.731769059250873,8.110570907592773,10.185117721557617,-101.16213989257812,0.0007036400493234396,-3049.4759514022994,0.5271761417388916,821.2066044796252,821.2066044796252,309374.0
train_tune_4e13c_01021_1021,CNN,0.030679012345679,0.8646180362995167,0.8353474206464084,1.2527090311050415,4.724288463592529,-0.8992507457733154,4.611533222487196e-05,-1931.036340559673,0.05999687314033508,814.600960128706,814.600960128706,23853542.0
train_tune_4e13c_01022_1022,CNN,0.0761631361144246,0.612464130618575,0.5838583503121483,0.5963630676269531,2.3558037281036377,-0.17778870463371277,1.6848860468599014e-05,-4818.585467322508,-0.00028272648341953754,50712507988.50992,49776333437.59213,20290281966.0
train_tune_4e13c_01023_1023,CNN,0.0726246481821808,0.8765762980991066,0.8386020921246186,1.6679813861846924,5.114559650421143,-1.540611743927002,7.528368587372825e-05,-2567.43434583927,0.026606114581227303,9966.434347748082,9666.04665089771,49128734.0
train_tune_4e13c_01024_1024,CNN,0.030679012345679,0.4905077165216698,0.4343424340978495,0.6150590181350708,2.3342204093933105,-0.14941248297691345,1.050720220518997e-05,-18064.789561845122,-0.03763730823993683,378604741555.1252,341676817704.21094,4073393110.0
train_tune_4e13c_01025_1025,CNN,0.0366644315250967,0.8829488758067606,0.8432538674277014,1.3402308225631714,5.3938398361206055,-0.9834179282188416,4.7436544264201075e-05,-2203.334596837469,0.019159134477376938,51536.109415754996,51299.34730938169,5532491950.0
train_tune_4e13c_01026_1026,CNN,0.1008626988225916,0.8428248607492512,0.8288076125556749,0.36492598056793213,1.4274317026138306,-0.06202057749032974,5.507396963366773e-06,-2876.559460217622,-0.0039046809542924166,37808579.947921686,37395212.64517642,12012798598.0
train_tune_4e13c_01027_1027,CNN,0.0330148229817469,0.9014795943895396,0.811509947440328,0.2340792715549469,0.8457789421081543,-0.023983918130397797,4.36590016761329e-06,-15747.752594356876,-0.0016874377615749836,1171642675806.391,1142672814285.0615,17238091038.0
train_tune_4e13c_01028_1028,CNN,0.0689151208544125,0.8614918111727157,0.7936626513865553,0.5012557506561279,1.9846951961517334,-0.12570121884346008,1.0414374628453515e-05,-7873.616687327458,-0.003316800110042095,98169717941.25327,98936254268.29575,17664676382.0
train_tune_4e13c_01029_1029,CNN,0.0330208907676285,0.8705585250932358,0.8542146770768886,0.5744606852531433,1.5642013549804688,-0.16655386984348297,1.141685697803041e-05,-2895.0613003278004,-0.00988352857530117,897326.639844817,894065.5862671216,4016884046.0
train_tune_4e13c_01030_1030,CNN,0.030679012345679,0.8574115320967165,0.7881850856998813,0.37819352746009827,1.4738181829452515,-0.07118763029575348,8.141771104419604e-06,-5807.427595981305,0.007607803680002689,5581749753.927559,5613934254.582966,3932625094.0
train_tune_4e13c_01031_1031,CNN,0.0535187880021482,0.7869793761093288,0.8117922137263435,1.2187707424163818,2.128688335418701,-1.062095046043396,0.00016613685875199735,-1884.296616889815,0.0007020002231001854,6385.296952735568,6312.657299961753,49420486.0
train_tune_4e13c_01032_1032,CNN,0.0843211801199147,0.8866096259749533,0.8348432134671665,0.8204703330993652,2.471745014190674,-0.3336642384529114,1.683636219240725e-05,-7185.218587857474,-0.006580352783203125,28937927.988812234,28929202.484048348,2504826654.0
train_tune_4e13c_01033_1033,CNN,0.030392156862745,0.8922631988235771,0.8015892398043899,0.6397466659545898,2.0478529930114746,-0.21622487902641296,1.152508230006788e-05,-4386.814714853168,0.017488067969679832,26465680.955920145,27511345.391590632,5735811014.0
train_tune_4e13c_01034_1034,CNN,0.188523786505682,0.8532923824642472,0.8415193497367546,0.6042063236236572,2.023247718811035,-0.16464956104755402,1.0469208064023405e-05,-1983.232749932551,-0.027459898963570595,29311.52773161751,29348.627333428867,2230071398.0
train_tune_4e13c_01035_1035,CNN,0.051352173530882,0.8726965181042008,0.8428036477045979,0.41873669624328613,1.7766927480697632,-0.08937011659145355,7.89390287536662e-06,-20265.280452237443,0.004635718651115894,211076591356.3093,212568699067.80392,33229504086.0
train_tune_4e13c_01036_1036,CNN,0.0666775439168978,0.7975726873856144,0.8316822268590913,0.3724743127822876,1.2983750104904175,-0.06689003109931946,3.5743451007874683e-06,-10098.757075039633,0.004945832304656506,107473457320.19046,109233308287.29306,30085805086.0
train_tune_4e13c_01037_1037,CNN,0.0282203763468962,0.8390521568926901,0.8294520119002836,1.001488208770752,2.8803482055664062,-0.5497646927833557,2.8209238735144027e-05,-2130.3449309074167,0.011529365554451942,630340.363762572,625542.6334684978,3070693126.0
train_tune_4e13c_01038_1038,CNN,0.0764329453751785,0.8145894759330558,0.8187713633607293,1.0357327461242676,3.855659008026123,-0.4925145208835602,5.591192893916741e-05,-1911.330021277627,-0.008994982577860355,629554.0500866984,622905.135593687,3015893926.0
train_tune_4e13c_01039_1039,CNN,0.1551589625528944,0.5888830105366111,0.5311630798075955,0.26411426067352295,0.9861552715301514,-0.0321008563041687,2.6497291401028633e-06,-3406.9190424584317,0.0032781194895505905,132677491.8908433,133943861.28388822,14676787566.0
train_tune_4e13c_01040_1040,CNN,0.0915016972361315,0.8902213958889454,0.8285327555191122,1.0828089714050293,3.1854655742645264,-0.6127722263336182,2.011900687648449e-05,-3347.975035494103,0.002819082699716091,221011.26374539218,222659.20766335967,353464150.0
train_tune_4e13c_01041_1041,CNN,0.0332223865877712,0.8939553854778879,0.8339779757291826,0.6959245204925537,1.2963433265686035,-0.2705317437648773,1.898455957416445e-05,-4079.961841019769,0.0017135199159383774,16989999.481468543,17097770.3042757,3494897022.0
train_tune_4e13c_01042_1042,CNN,0.030679012345679,0.601441939593908,0.6448829051228746,0.5302389860153198,2.0421018600463867,-0.14807896316051483,1.4072469639359042e-05,-20654.212717802828,0.017872348427772522,948180788542.972,955337030218.908,10139539982.0
train_tune_4e13c_01043_1043,CNN,0.0503898079482791,0.8079651370647488,0.8134945408024015,0.47132766246795654,1.760079026222229,-0.11262194812297821,1.2763362974510528e-05,-5276.875322044015,0.0012259981594979763,74583480411.27185,76010665539.3041,19639926830.0
train_tune_4e13c_01044_1044,CNN,0.0886870837122484,0.8650219493318922,0.8435427529853831,1.178249478340149,4.739715576171875,-0.6835298538208008,4.260662535671145e-05,-2032.1462360742235,0.01749011129140854,30756.017437509676,30504.572243483115,1322561270.0
train_tune_4e13c_01045_1045,CNN,0.0666775439168978,0.8661862329339095,0.8313194943532242,0.9521812796592712,3.918874979019165,-0.44729822874069214,2.420735836494714e-05,-1776.2837302060573,-0.006226072087883949,714.6950467362656,714.6950467362656,28225470.0
train_tune_4e13c_01046_1046,CNN,0.1683324136989099,0.8349004050351239,0.8019518694958373,2.0734477043151855,6.162790298461914,-2.529862403869629,0.00015946096391417086,-1766.275287011349,0.04962797462940216,914.1666993205289,914.1666993205289,6060902.0
train_tune_4e13c_01047_1047,CNN,0.0799759004587841,0.8145211356955064,0.7808033695271259,3.1561472415924072,8.001194953918457,-8.11281681060791,0.00026443100068718195,-1803.0513189982305,0.2259070724248886,715.2063315805576,715.2063315805576,1874990.0
train_tune_4e13c_01048_1048,CNN,0.0649698960043787,0.8750082034330454,0.8079582419980542,0.35206395387649536,1.220740795135498,-0.059660449624061584,7.574692972411867e-06,-7947.808256321526,0.001441044732928276,13975843099.425606,13833279722.782679,6280957598.0
train_tune_4e13c_01049_1049,CNN,0.0666775439168978,0.7998370550678914,0.7947447518026105,0.40584880113601685,0.7785332202911377,-0.0722317174077034,5.651512765325606e-06,-7675.428459013358,-0.018252383917570114,176680498172.24783,177293818661.0056,5615357686.0
train_tune_4e13c_01050_1050,CNN,0.1299836706919892,0.7716846406844446,0.8197936453842001,0.35672739148139954,1.4677925109863281,-0.06269585341215134,7.45406487112632e-06,-3530.7102174535903,-0.000387425534427166,288471689.9160547,302959127.65346825,11373694070.0
train_tune_4e13c_01051_1051,CNN,0.0366909244511894,0.8620298855817162,0.8445767177567262,1.4557113647460938,4.513522148132324,-1.0354002714157104,8.869252633303404e-05,-1883.4036495481596,-0.04345354437828064,821.0430168403753,821.0430168403753,7955622.0
train_tune_4e13c_01052_1052,CNN,0.030679012345679,0.894503596887667,0.8128270765335516,1.3652323484420776,3.111798048019409,-1.483655571937561,5.36545121576637e-05,-6534.662224879949,0.10419950634241104,10744246.892482234,9984211.691337561,1503100862.0
train_tune_4e13c_01053_1053,CNN,0.030679012345679,0.8076184767602799,0.849091254318798,0.26454612612724304,1.067562222480774,-0.034114956855773926,5.00515761814313e-06,-4066.6195397249035,0.007627265993505716,727397591.6431623,737090763.7900422,11957332590.0
train_tune_4e13c_01054_1054,CNN,0.1656537717385521,0.8269245581234479,0.8041290239117328,1.2048604488372803,3.7906153202056885,-0.6525036096572876,2.811358899634797e-05,-1898.068833838442,-0.02431451715528965,23516.164169637144,23365.939257281927,1026364958.0
train_tune_4e13c_01055_1055,CNN,0.0649698960043787,0.8425167045042086,0.8061365752211267,0.3267447054386139,0.9764010310173035,-0.04687437415122986,3.646737695817137e-06,-6012.030961908607,-0.009151462465524673,13965460725.09591,13768751643.180542,6597930750.0
train_tune_4e13c_01056_1056,CNN,0.0788257963369622,0.8485931800644798,0.8023005161804626,2.1200108528137207,6.696946620941162,-2.4574837684631348,0.00014903375995345414,-1690.8957396256528,0.06151247397065163,1135.3245768969728,1135.3245768969728,8179886.0
train_tune_4e13c_01057_1057,CNN,0.0668411296478028,0.798705506506078,0.8133053511395382,0.2995700240135193,1.0747830867767334,-0.04366043955087662,4.31694024882745e-06,-2469.7580296991327,0.006546268239617348,6518992.7298129,6323635.81481984,3919595094.0
train_tune_4e13c_01058_1058,CNN,0.081758477415896,0.8533443641192487,0.8327221413659714,1.2739331722259521,5.77413272857666,-0.5115691423416138,7.56774825276807e-05,-1801.223779040755,-0.07997175306081772,1207.005534244728,1207.005534244728,39220998.0
train_tune_4e13c_01059_1059,CNN,0.1083472932209634,0.7135043358341783,0.6187701433001566,0.3279029130935669,1.1067686080932617,-0.049300115555524826,5.469479674502509e-06,-20786.090399407203,-0.006515896413475275,2028910638001.9583,1978194847493.0376,15273221878.0
train_tune_4e13c_01060_1060,CNN,0.0666775439168978,0.8474936129532341,0.8434288697365351,0.5077899694442749,1.014950156211853,-0.15576590597629547,6.695574847981334e-05,-4453.159212911859,0.03469381853938103,116026932.68586218,116638976.56089464,5595718702.0
train_tune_4e13c_01061_1061,CNN,0.0388422182351447,0.688606885207089,0.6700715747325564,0.4629530906677246,1.3304510116577148,-0.11106565594673157,1.0707502042350825e-05,-6567.387443558263,0.011390097439289093,44165071809.91799,45413966410.086395,23349275894.0
train_tune_4e13c_01062_1062,CNN,0.0330148229817469,0.8305117071760483,0.840834902822912,0.4183955192565918,1.7994176149368286,-0.08266407251358032,7.333207577175926e-06,-5358.276648598174,-0.014223547652363777,1452306734.9897044,1475794105.0914364,16849750054.0
train_tune_4e13c_01063_1063,CNN,0.0785752424946647,0.8847765244800988,0.8314385267356729,0.7728086709976196,2.6496942043304443,-0.31010347604751587,1.577573493705131e-05,-2568.804914853213,0.0103008933365345,1631556.6038277007,1630052.981179311,6963705494.0
train_tune_4e13c_01064_1064,CNN,0.0330148229817469,0.8527698749864471,0.8081051071586751,0.34869664907455444,1.2325071096420288,-0.061575278639793396,7.939980605442543e-06,-11162.881226502534,0.019478345289826393,147305505192.5786,149706764371.91656,27619539342.0
train_tune_4e13c_01065_1065,CNN,0.1626849501105211,0.7235364333994675,0.7352899172512419,0.30213701725006104,1.2181625366210938,-0.04359763488173485,3.95903225580696e-06,-19204.838356490727,-0.004198506474494934,5124382489730.182,5254535482551.569,22948736478.0
train_tune_4e13c_01066_1066,CNN,0.0678020014761025,0.8828209065880172,0.8746063390180416,0.8179501295089722,3.0941648483276367,-0.26944664120674133,2.83971330645727e-05,-2552.986984296945,-0.02542876824736595,47630.74089921619,47614.014481275895,6822508742.0
train_tune_4e13c_01067_1067,CNN,0.0389585276666384,0.8553631857994293,0.8324062859047677,2.755772113800049,6.923594951629639,-5.281103134155273,0.00010045374801848084,-1950.7380528886965,0.09826014935970306,1080.4861733397304,1080.4861733397304,4008710.0
train_tune_4e13c_01068_1068,CNN,0.0330391075150177,0.8600884725446448,0.8063374801545584,0.5320823788642883,2.0783944129943848,-0.14438068866729736,7.93141225585714e-06,-5343.817052225683,0.003717985237017274,613439424.0757309,614520582.8995031,7103884558.0
train_tune_4e13c_01069_1069,CNN,0.1321265268574299,0.8244557728970817,0.7981737314347511,1.1552362442016602,4.055868148803711,-0.6725065112113953,2.9109452952980064e-05,-1712.5919835579837,-0.0017921649850904942,359.2971276348487,359.2971276348487,5835238.0
train_tune_4e13c_01070_1070,CNN,0.0427361741496374,0.8303967231078503,0.8143965954988307,1.1199318170547485,3.671211004257202,-0.6800787448883057,3.580246993806213e-05,-1667.8377534760734,0.02638757973909378,17703.76473922844,17682.404044737093,575021790.0
train_tune_4e13c_01071_1071,CNN,0.1131362331828321,0.8656534478054577,0.8551016520647803,0.8811801671981812,3.2496094703674316,-0.33689820766448975,5.04999297845643e-05,-2444.483592796793,-0.02447633072733879,44816.69620832654,44602.41848383905,7801547614.0
train_tune_4e13c_01072_1072,CNN,0.116439764948803,0.8536683499733982,0.8101622952596763,0.4730195999145508,1.838552713394165,-0.1209552213549614,1.1968851140409242e-05,-8263.614415645096,0.02976621314883232,147247547551.15735,143723222459.76978,28569636742.0
train_tune_4e13c_01073_1073,CNN,0.0852324203777266,0.8942847462831502,0.8568479708440586,0.7932090759277344,2.9780728816986084,-0.2705511450767517,2.7658421458909288e-05,-2824.6351826958025,-0.02539922297000885,2036716.599782426,2050326.185212804,8884640046.0
train_tune_4e13c_01074_1074,CNN,0.0591551612419036,0.8863942118309688,0.8507035006887569,0.8815516233444214,3.2100255489349365,-0.4218696355819702,2.810443220369052e-05,-4600.539291344231,0.014465389773249626,1730341.2991411542,1793556.283366828,12388231838.0
train_tune_4e13c_01075_1075,CNN,0.12666545950713,0.7793716302691643,0.8063593777404824,0.14695259928703308,0.4981592297554016,-0.007962258532643318,2.7176997718925122e-06,-55594.26937206148,0.003797556972131133,559620940252.1536,615482691148.2379,21122448574.0
train_tune_4e13c_01076_1076,CNN,0.0464164119246569,0.8700460855774702,0.796364171692323,0.5724024176597595,1.321286916732788,-0.20074939727783203,1.5551902833976783e-05,-2966.071275094886,0.019986232742667198,30106379.571481735,29699175.085999545,10882573478.0
train_tune_4e13c_01077_1077,CNN,0.0330148229817469,0.8044368844513499,0.8347316460145371,0.46575912833213806,1.4343290328979492,-0.1068938821554184,5.672168299497571e-06,-4418.708820834272,0.0021782969124615192,1069186548706.8914,1064749723589.004,16714644406.0
train_tune_4e13c_01078_1078,CNN,0.0527082505628393,0.8797324250835366,0.8209891235367429,0.37173569202423096,1.519923448562622,-0.07246043533086777,4.849956894759089e-06,-2986.9909271239303,0.013742510229349136,466863.9877078094,469275.61055871774,1243260054.0
train_tune_4e13c_01079_1079,CNN,0.055763134057971,0.8706675605596681,0.8500315468186047,0.5676397085189819,2.375155210494995,-0.16050074994564056,9.060433512786403e-06,-6975.74620921331,0.0005118504632264376,4845704472.124121,4876335229.737469,23458966134.0
train_tune_4e13c_01080_1080,CNN,0.0330148229817469,0.870043300917268,0.8015945109496617,0.4509175717830658,1.124213695526123,-0.10133418440818787,1.4102030945650768e-05,-5132.088288305827,0.0035496759228408337,2645016256.810576,2696299322.740366,6372988486.0
train_tune_4e13c_01081_1081,CNN,0.0195914299950174,0.8192467200812863,0.8186914883714428,0.9340947270393372,3.8181991577148438,-0.44394975900650024,1.813454946386628e-05,-1897.301931893223,-0.0020753995049744844,15071.908998099221,15156.926630673752,757876598.0
train_tune_4e13c_01082_1082,CNN,0.0666775439168978,0.8365575214490818,0.8314652623339543,0.6596626043319702,2.59092378616333,-0.2063879370689392,1.7600083083380014e-05,-4916.019321945929,-0.013933070003986359,1594685097.0876033,1520565716.735356,9739701582.0
train_tune_4e13c_01083_1083,CNN,0.0476267369271183,0.8778625537233221,0.832028324625577,0.5407072305679321,1.3494317531585693,-0.15732569992542267,1.0261535862809978e-05,-9072.70196212285,0.005687144584953785,2062523357.8878803,2081989202.962996,15709608862.0
train_tune_4e13c_01084_1084,CNN,0.0427371805891279,0.8438623694740972,0.8049423253794687,1.9597786664962769,6.151725769042969,-1.6444827318191528,0.00012162992061348632,-1795.211518141425,-0.042135439813137054,1006.946572540623,1006.946572540623,5876262.0
train_tune_4e13c_01085_1085,CNN,0.055763134057971,0.6891446858948559,0.6970560821090365,0.5997599959373474,2.053870916366577,-0.16788271069526672,8.342531145899557e-06,-5333.269381237854,-0.00901557132601738,83057418575.18321,83689654012.77438,20396618398.0
train_tune_4e13c_01086_1086,CNN,0.0509422527469026,0.8676114581625977,0.7935652553865755,0.4389481544494629,1.7039583921432495,-0.09276515245437622,8.46338843984995e-06,-5760.275988628736,-0.01024625450372696,125061774747.51436,126959506826.89796,34165382182.0
train_tune_4e13c_01087_1087,CNN,0.0666775439168978,0.8256744867217187,0.8146487527223701,0.1851041615009308,0.6798335909843445,-0.015103100799024105,2.73128262051614e-06,-10932.816421645579,-0.00222823116928339,21287237006.856194,21077357456.053005,6868938030.0
train_tune_4e13c_01088_1088,CNN,0.0767808569059385,0.8665771309862652,0.8090660043203756,1.2373887300491333,5.243645191192627,-0.6715155839920044,4.309272117097862e-05,-1774.737279422408,-0.02446398325264454,852.2444548002154,852.2444548002154,22209062.0
train_tune_4e13c_01089_1089,CNN,0.1420376971950164,0.8780672290284652,0.8358514305149426,1.962498664855957,5.313183784484863,-1.9946259260177612,7.062061922624707e-05,-1895.3033976061224,0.006554823834449053,1110.0486653640248,1110.0486653640248,5787398.0
train_tune_4e13c_01090_1090,CNN,0.0666775439168978,0.730280116367782,0.766645495412372,0.5483755469322205,1.442732572555542,-0.15178978443145752,8.716647244000342e-06,-2530.0324239396246,-0.009448067285120487,119166061.67587942,117036515.40480468,1886217270.0
train_tune_4e13c_01091_1091,CNN,0.1115604141389718,0.8462334438293166,0.8012668287359231,1.0029523372650146,4.509943008422852,-0.4949254095554352,1.800489735614974e-05,-1735.9340916324393,-0.006396569311618805,585.7644263728292,585.7644263728292,24917702.0
train_tune_4e13c_01092_1092,CNN,0.0422491199063177,0.8590677970549306,0.8483155872035044,0.5244070291519165,1.8354343175888062,-0.12386828660964966,8.491531843901612e-06,-4049.108590302669,-0.016657575964927673,2115514.1867560605,2092871.4775626475,13412973358.0
train_tune_4e13c_01093_1093,CNN,0.0794501013961061,0.8821437806767077,0.844224798738639,0.5450844764709473,1.368395447731018,-0.1781105399131775,2.2779329810873605e-05,-2344.143183581938,0.025792647153139114,18293.76284448572,18288.828432194092,1682719334.0
train_tune_4e13c_01094_1094,CNN,0.0871938185468449,0.8685205206338248,0.8509587081379615,0.5247935056686401,2.0745291709899902,-0.13284681737422943,1.4044922863831744e-05,-3768.9680835840586,-0.002093117916956544,3703762.7744533992,3692783.9691860564,24356786430.0
train_tune_4e13c_01095_1095,CNN,0.0666775439168978,0.6639632830177954,0.5885383636026064,0.43578600883483887,1.8823703527450562,-0.08927936851978302,8.914375030144583e-06,-2214.1127735429786,-0.014587758108973503,4150058.322497708,4182863.944859461,1784097430.0
train_tune_4e13c_01096_1096,CNN,0.1510403952530604,0.8374892740326283,0.8115873681771845,1.2618541717529297,4.2597975730896,-0.9937743544578552,3.4074771974701434e-05,-1850.6349046022558,0.06957194954156876,625.6545394909554,625.6545394909554,12115142.0
train_tune_4e13c_01097_1097,CNN,0.0291015140233308,0.8991112775784739,0.8278248305821797,0.2511049807071686,0.9362199306488037,-0.029149679467082024,3.4196068554592784e-06,-53888.37732654025,0.0005850477027706802,6910921921848.008,6945847942828.145,28522835734.0
train_tune_4e13c_01098_1098,CNN,0.0445284325445183,0.8412857828826489,0.8599708560988323,0.594151496887207,2.3625659942626953,-0.17169514298439026,1.039902326738229e-05,-4819.872873689169,-0.011081635020673275,17440840467.598877,17775382342.41119,9889656566.0
train_tune_4e13c_01099_1099,CNN,0.0711281008986098,0.861185196497923,0.8381242172087856,1.1094111204147339,4.520158290863037,-0.609410285949707,3.971920159528963e-05,-2630.5022462769057,-0.00410272553563118,1282232.0261518818,1308206.0700422223,3212749982.0
train_tune_4e13c_01100_1100,CNN,0.2114007969393117,0.843995796379831,0.8122011644833483,1.2989362478256226,5.665401935577393,-0.8373400568962097,5.7146760809700936e-05,-1776.2054211294192,-0.015716981142759323,9273.086805006325,9225.083848380627,330290086.0
train_tune_4e13c_01101_1101,CNN,0.0694160418086798,0.8324177463580215,0.7127656897190402,0.5467483997344971,2.0770723819732666,-0.15146780014038086,1.6829992091516033e-05,-5247.322736568065,0.008578386157751083,27412966.935906414,27904565.636459857,7952865550.0
train_tune_4e13c_01102_1102,CNN,0.0570419272643039,0.8768453437753658,0.8403819314902119,0.8823776245117188,2.0933165550231934,-0.5306596159934998,2.170644984289538e-05,-2185.1186002678533,0.03879053145647049,14865.72444749554,15081.232301407803,452015158.0
train_tune_4e13c_01103_1103,CNN,0.1135979467978705,0.8760401856391407,0.8246533159665733,1.8630001544952393,6.961276054382324,-1.9045414924621582,6.610522541450337e-05,-1831.3334344935665,0.027214303612709045,1319.2441716588637,1319.2441716588637,20673958.0
train_tune_4e13c_01104_1104,CNN,0.0666775439168978,0.8632453109113172,0.8552423883451269,0.7902162671089172,3.0572173595428467,-0.28753387928009033,2.5770124921109527e-05,-2307.3201026017555,-0.022861581295728683,70302.41385576912,70344.31210276665,6636634470.0
train_tune_4e13c_01105_1105,CNN,0.0797694176839796,0.8807119369458741,0.7834516285000105,0.8431847095489502,2.3132433891296387,-0.4314468502998352,3.785705484915525e-05,-17361.67143727362,0.03454776108264923,71529619289.08383,72006893191.31342,10173211926.0
train_tune_4e13c_01106_1106,CNN,0.0330148229817469,0.851000182611043,0.8410357454137611,0.31060558557510376,0.8896965384483337,-0.04217037558555603,2.9239731702546123e-06,-6044.082246228886,-0.008407801389694214,5783438779.322012,5855383491.9967,8304270534.0
train_tune_4e13c_01107_1107,CNN,0.0270616177455468,0.8857143891077417,0.8646775562033336,1.0688625574111938,4.4027509689331055,-0.6311163902282715,2.7896508981939405e-05,-2154.5311727168746,0.03394657373428345,29848.748801914935,29860.571015566296,2520525646.0
train_tune_4e13c_01108_1108,CNN,0.0453676648035306,0.892749126350736,0.8153007656411247,0.14438360929489136,0.4744592308998108,-0.0069550625048577785,4.768808139488101e-06,-11715.157007567374,-0.003624650416895747,18509387334.716026,18231094890.46659,8638410078.0
train_tune_4e13c_01109_1109,CNN,0.055763134057971,0.8418288761009914,0.8178484756146923,0.5247446298599243,1.9117929935455322,-0.134590744972229,9.846376997302286e-06,-3347.7270092504627,-0.0014469143934547901,24171233.916058898,24469365.655670352,6761675574.0
train_tune_4e13c_01110_1110,CNN,0.0649698960043787,0.8513871395537089,0.8114619961980035,0.31972265243530273,1.2743303775787354,-0.050159044563770294,5.069614417152479e-06,-5834.894428464517,0.004459037445485592,641897505.7500393,661612757.0484858,9458175518.0
train_tune_4e13c_01111_1111,CNN,0.030679012345679,0.8688444073248892,0.8346273578437359,0.20882077515125275,0.5293088555335999,-0.01464539859443903,2.097338210660382e-06,-56704.875922283114,-0.0033842860721051693,2638987447594.8896,2642998386242.619,16587416486.0
train_tune_4e13c_01112_1112,CNN,0.1868259811565887,0.8617329152382508,0.8130258258902027,0.8829281330108643,3.482539176940918,-0.3810924291610718,3.514262425596826e-05,-2226.729348571931,-0.0047391122207045555,723331.5953696935,725271.7880608347,14536848718.0
train_tune_4e13c_01113_1113,CNN,0.1335951548631191,0.8499867864447141,0.8172761312919002,1.0811684131622314,3.5269060134887695,-0.6679412126541138,3.2546471629757434e-05,-2185.3993255381097,0.03653808683156967,627893.1097665478,617111.5053029532,1464012502.0
train_tune_4e13c_01114_1114,CNN,0.0564497712621728,0.8482742070061885,0.8623364950507343,0.6963651776313782,2.6650476455688477,-0.243431955575943,9.937501999957021e-06,-1947.2861311556667,0.003938294481486082,24751.056934327768,24709.439435670312,6395950742.0
train_tune_4e13c_01115_1115,CNN,0.0663699690402476,0.8494143811442937,0.8045771835314314,1.5818352699279785,6.890726566314697,-1.4789302349090576,5.313989822752774e-05,-1847.7859585091246,0.056436531245708466,926.9032446540639,926.9032446540639,23879742.0
train_tune_4e13c_01116_1116,CNN,0.0666775439168978,0.81288905239622,0.813449225306397,0.2136135697364807,0.6374281644821167,-0.016249779611825943,3.967360498791095e-06,-14148.40360822837,-0.004912422504276037,50863228249.557396,50899846940.34692,12113695622.0
train_tune_4e13c_01117_1117,CNN,0.0361866398120174,0.869692559130078,0.8329183915981745,0.577863872051239,1.7878249883651733,-0.15792152285575867,1.642822644498665e-05,-3118.639688513116,-0.012085793539881706,25651374.549532764,24863444.79261709,3963521750.0
train_tune_4e13c_01118_1118,CNN,0.2509261268888632,0.9180181430251596,0.8340857081135455,0.6713588237762451,1.2978094816207886,-0.2800920903682709,1.9419125237618573e-05,-6628.383400779375,0.009513715282082558,27560869.657102894,28464959.74023634,918569382.0
train_tune_4e13c_01119_1119,CNN,0.0337088929187498,0.8648887433388511,0.847830014668352,0.821794867515564,3.0477495193481445,-0.33327236771583557,3.885084151988849e-05,-2271.572045534899,-0.004178470466285944,40989.922889972564,41172.81751017971,4464414182.0
train_tune_4e13c_01120_1120,CNN,0.0539506349539013,0.8817180731027873,0.8323047065720707,0.8651522994041443,3.402801036834717,-0.40772512555122375,1.8794893549056724e-05,-3167.227314411179,0.021899303421378136,1705318.9195220473,1704430.4961602683,10861534406.0
train_tune_4e13c_01121_1121,CNN,0.0917546324195873,0.884345140733421,0.8597127967185227,0.6398719549179077,2.179666519165039,-0.1955854594707489,1.1504653230076656e-05,-2872.905562974318,-0.0015898984856903553,465312.25854880374,459198.1322044263,2680777622.0
train_tune_4e13c_01122_1122,CNN,0.0774130768398419,0.8538663864079599,0.7854296789094667,1.298522710800171,5.43429708480835,-0.854664146900177,3.36250159307383e-05,-1631.1244161399873,0.0013424365315586329,774.5612834445027,774.5612834445027,20143086.0
train_tune_4e13c_01123_1123,CNN,0.0724899528714503,0.8951101673554694,0.8621630786714015,1.6590224504470825,6.475376605987549,-1.631280779838562,5.629803490592167e-05,-2277.585295071757,0.044889383018016815,26057.847959708277,25683.187325483348,570192246.0
train_tune_4e13c_01124_1124,CNN,0.0649698960043787,0.8548500017353708,0.833461249981402,0.9200661182403564,2.3917555809020996,-0.5084031820297241,4.813316627405584e-05,-3028.170063031164,0.0398113951086998,31900067.83251526,32057487.5244964,7643680214.0
train_tune_4e13c_01125_1125,CNN,0.0650439134991591,0.8661556008642969,0.8655086132168067,0.7240950465202332,3.1816654205322266,-0.2572222948074341,1.4068580640014261e-05,-2717.559702790306,0.0007455188315361738,1964890.6871299152,1937263.3288159186,9510927910.0
train_tune_4e13c_01126_1126,CNN,0.0480979441275538,0.8699281706212222,0.8268938746533911,0.8479787111282349,3.0864338874816895,-0.39884766936302185,1.3038710676482879e-05,-2281.5045335522327,0.030521338805556297,833939.3907536912,832053.6755289449,4621210358.0
train_tune_4e13c_01127_1127,CNN,0.0633160171324645,0.8596528430715992,0.8277151100256565,0.9199225902557373,2.6850287914276123,-0.5401274561882019,2.365111322433222e-05,-3475.5615814723637,0.04648137092590332,34499415.56846449,33941836.018319316,6808193710.0
train_tune_4e13c_01128_1128,CNN,0.0435604279059453,0.8849579475138941,0.8320076268695239,1.5221576690673828,6.264850616455078,-1.2272518873214722,4.331196760176681e-05,-1886.575637195192,0.024127021431922913,1385.6202160132261,1385.6202160132261,36025094.0
train_tune_4e13c_01129_1129,CNN,0.0491706543647666,0.840516437537436,0.7816280151282767,0.5820580720901489,2.1450653076171875,-0.14618927240371704,2.0742521883221343e-05,-2898.0361699551927,-0.021608497947454453,35732509.57490484,35727383.705696166,13392893278.0
train_tune_4e13c_01130_1130,CNN,0.030679012345679,0.8202826272508023,0.8060099584558943,0.2793769836425781,1.1477880477905273,-0.03828471153974533,4.122737209399929e-06,-9760.507133798175,0.006942523643374443,1210910705626.234,1170755099470.5474,19731427294.0
train_tune_4e13c_01131_1131,CNN,0.0570730438192007,0.8720169503695189,0.8478124534539605,0.5717378854751587,2.2185914516448975,-0.1648103892803192,1.625653385417536e-05,-2543.2757866637085,0.007839151658117771,475363.6572787768,475329.38549204497,3475295222.0
train_tune_4e13c_01132_1132,CNN,0.1243298543438796,0.8186363166303933,0.805751808110923,1.0153604745864868,4.159456253051758,-0.5478698015213013,2.1642506908392534e-05,-1766.7297427460155,0.017378592863678932,369.8633944366204,369.8633944366204,10655022.0
train_tune_4e13c_01133_1133,CNN,0.0325627641063882,0.8274939472075199,0.8039379832117478,1.7495578527450562,6.58938455581665,-1.8704795837402344,7.66655575716868e-05,-1938.3959482236478,0.08823530375957489,19740.039722767302,19383.033193965093,1663683902.0
train_tune_4e13c_01134_1134,CNN,0.0349435801686206,0.8814917216180483,0.8116404263314488,0.78598552942276,3.035688638687134,-0.2992090582847595,1.808445085771382e-05,-2718.4980936343854,-0.007465089205652475,638728.2500060517,634024.1249595264,1329614334.0
train_tune_4e13c_01135_1135,CNN,0.0649805660480648,0.875304923550695,0.8464799979394401,1.9684696197509766,7.575999736785889,-1.9782721996307373,0.00012999752652831376,-2623.7992670366,0.03563545644283295,12000.370126846621,12019.545557233261,116884942.0
train_tune_4e13c_01136_1136,CNN,0.0693261362916941,0.8534758348942911,0.8334890660015848,0.6050214171409607,2.480930805206299,-0.17306262254714966,2.1043299057055265e-05,-4294.936868675446,-0.008576082065701485,63097442.6701359,61775988.88040603,13182492150.0
train_tune_4e13c_01137_1137,CNN,0.0199749752442204,0.8868042536456943,0.8114239019491324,0.5977163910865784,2.2892541885375977,-0.18156486749649048,1.0839499736903235e-05,-13974.025130578664,0.012378272600471973,37867729902.893814,39339359571.57877,10455075838.0
train_tune_4e13c_01138_1138,CNN,0.0666775439168978,0.8390576141371792,0.8458083841921443,0.4427398443222046,1.8090641498565674,-0.09974069893360138,6.401805876521394e-06,-6119.867377578511,0.002896710531786084,102299864897.5934,102916776304.87001,15711275166.0
train_tune_4e13c_01139_1139,CNN,0.0701389701509348,0.8491201077785812,0.8110358902511786,1.1194833517074585,4.936309337615967,-0.6392790079116821,2.5283692593802698e-05,-1574.3037851943945,-0.0053040278144180775,659.1837851092125,659.1837851092125,24294926.0
train_tune_4e13c_01140_1140,CNN,0.0652246145667198,0.8932690989591882,0.8609481143294588,1.091180443763733,4.526711463928223,-0.5289630889892578,5.9968442656099796e-05,-2844.77315914501,-0.020390775054693222,25189485.641531207,24283221.904101573,20159630054.0
train_tune_4e13c_01141_1141,CNN,0.0396215038794478,0.8418222982538666,0.8230722211539604,0.4362020492553711,1.2553019523620605,-0.09503103792667389,4.383849955047481e-06,-9605.56664425343,0.003125266171991825,50880544800.59108,52407480610.50644,14135222478.0
train_tune_4e13c_01142_1142,CNN,0.0330148229817469,0.7375639957600515,0.6708299853374838,0.25955572724342346,1.0515167713165283,-0.033166203647851944,3.500008688206435e-06,-6330.393714034225,0.005028476472944021,1199400257.3930528,1200116616.7801929,11308555246.0
train_tune_4e13c_01143_1143,CNN,0.0345379982058182,0.8713710906989887,0.8069479950078328,0.5782694220542908,1.5012233257293701,-0.17998191714286804,1.3748203855357133e-05,-4943.651243589025,-0.004152425564825535,93001685.84803757,93447247.78817025,18930008518.0
train_tune_4e13c_01144_1144,CNN,0.1654166146521453,0.8771566140891779,0.8201109322948713,1.1309573650360107,2.4776618480682373,-0.7825517058372498,3.43941937899217e-05,-2787.309739849758,-0.0050956811755895615,22295.7003634024,22359.8547621328,333411006.0
train_tune_4e13c_01145_1145,CNN,0.0707292082471077,0.8395518626410846,0.7803997003334254,0.33696359395980835,1.41482412815094,-0.05667731910943985,3.7980123579473e-06,-9344.865753401979,0.001556049450300634,1248878372.2436647,1257878218.7980595,15618643390.0
train_tune_4e13c_01146_1146,CNN,0.055763134057971,0.834116376120429,0.6647387489232682,0.1583338975906372,0.5636247396469116,-0.010066242888569832,3.0776695894019213e-06,-6163.330982351352,0.0033411949407309294,5691998528.126177,5741137301.095596,10294184414.0
train_tune_4e13c_01147_1147,CNN,0.0314202457874065,0.8396836904267336,0.8019968466055243,0.42416656017303467,1.6590970754623413,-0.08473876118659973,6.562273028976051e-06,-11245.60955356414,-0.00573482271283865,135523679599.52565,133192662319.06276,20477677366.0
train_tune_4e13c_01148_1148,CNN,0.0676998163051921,0.8964922309430824,0.853941639552995,0.8206436634063721,3.183624029159546,-0.31369003653526306,2.8003723855363205e-05,-3595.6975515127956,-0.009640848264098167,1100686.5695109516,1106172.9704422373,2769071694.0
train_tune_4e13c_01149_1149,CNN,0.0419574163535516,0.9081666332697074,0.8566486496492649,0.669216513633728,2.2290430068969727,-0.19967320561408997,1.662402428337373e-05,-3168.8003356603476,-0.017225798219442368,1683281.0565379069,1671536.2869891343,9948473926.0
train_tune_4e13c_01150_1150,CNN,0.1067281305525272,0.7933368893163939,0.7991399798873263,1.380113124847412,4.616171360015869,-1.0782006978988647,8.111293573165312e-05,-1617.6977731345016,0.050759896636009216,396.21358666317076,396.21358666317076,3817654.0
train_tune_4e13c_01151_1151,CNN,0.0610504446692524,0.8309081565822964,0.8247052784029946,0.7825992703437805,2.750619649887085,-0.3005955219268799,1.2194314876978751e-05,-1957.8585723893607,0.002443762728944421,29241.50191374011,29203.835458496054,1852263446.0
train_tune_4e13c_01152_1152,CNN,0.0330148229817469,0.758489034424811,0.7907216193157217,0.6722155809402466,2.784639358520508,-0.23421284556388855,2.0090821635676548e-05,-5620.4308355321855,0.005937192589044571,70784173781.04126,71455799257.99783,25755521214.0
train_tune_4e13c_01153_1153,CNN,0.0291015140233308,0.8183320215089988,0.8190614669877748,0.5417367219924927,2.2493011951446533,-0.13587479293346405,1.4030265447217971e-05,-10833.47024747317,-0.015429229475557804,274171372500.9277,269337342935.54355,34808239230.0
train_tune_4e13c_01154_1154,CNN,0.055763134057971,0.8602205958675723,0.8608737824315624,0.1634896844625473,0.6040974855422974,-0.01191203948110342,4.534491381491534e-06,-17719.806804079515,0.011004475876688957,575722382013.6658,581208789710.1838,28061844406.0
train_tune_4e13c_01155_1155,CNN,0.030679012345679,0.6320939404832328,0.743702517121045,0.3143182396888733,1.1778322458267212,-0.04516932740807533,6.947750989638735e-06,-2755.56101442909,-0.005541627295315266,7512020753.164299,7317769470.596833,10168651158.0
train_tune_4e13c_01156_1156,CNN,0.1328484891634123,0.8892526970175468,0.8139679649535368,0.3401462435722351,0.8719457387924194,-0.0479031577706337,6.979623776715016e-06,-4392.782369757444,-0.009792203083634377,684102396.7635581,673226543.2136346,16875156606.0
train_tune_4e13c_01157_1157,CNN,0.0471497967693409,0.8577644291718055,0.8548203156736941,0.7236597537994385,3.0905494689941406,-0.2839358448982239,1.2526190403150395e-05,-2208.2953750317993,0.02313860133290291,31567.19275167348,31570.41580092366,8671280278.0
train_tune_4e13c_01158_1158,CNN,0.0649698960043787,0.8098130535402438,0.8185719157209222,0.48501235246658325,2.050790309906006,-0.11784091591835022,1.5660662029404193e-05,-17015.385305406184,0.00388969574123621,214334428246.6136,216385110023.97906,25633816094.0
train_tune_4e13c_01159_1159,CNN,0.0548468045245357,0.8469593039033253,0.8126899170717176,1.0624194145202637,4.598243713378906,-0.617111086845398,2.2628160877502523e-05,-1699.1456734553701,0.04426289349794388,706.5666349808572,706.5666349808572,29672438.0
train_tune_4e13c_01160_1160,CNN,0.0656897859062208,0.8784867696920061,0.8498372250166631,1.1884812116622925,3.856210708618164,-0.7100619077682495,4.671287751989439e-05,-2227.8603695792635,0.002612082054838538,47770.992268806775,47902.197951829294,4488695366.0
train_tune_4e13c_01161_1161,CNN,0.0330148229817469,0.8986187276973405,0.7838923129421569,0.706368088722229,2.887113094329834,-0.24789562821388245,1.9147226339555345e-05,-14362.263818539172,-0.006920413114130497,24140996242.854,24183587625.966835,13391522966.0
train_tune_4e13c_01162_1162,CNN,0.0982108814076027,0.8522935299926045,0.8339294020227358,0.5465617179870605,1.4957983493804932,-0.14904507994651794,9.183107067656238e-06,-8489.017867362862,-0.00251411902718246,24038551754.065697,24720245273.935196,12609951710.0
train_tune_4e13c_01163_1163,CNN,0.055763134057971,0.7226934502684768,0.7772449224702731,0.27865877747535706,1.0058757066726685,-0.03529663383960724,4.992305093765026e-06,-31197.084286263747,-0.005995060782879591,4033420217011.0137,3971746122966.045,20680169502.0
train_tune_4e13c_01164_1164,CNN,0.0291015140233308,0.8815164698172443,0.8272903052764559,0.515997052192688,2.2156760692596436,-0.13874676823616028,1.0399222446721978e-05,-8332.99935981751,0.008914932608604431,5780660773.773039,5763492602.446866,16013250646.0
train_tune_4e13c_01165_1165,CNN,0.0883606535876746,0.6393623576501771,0.5535040516604836,0.3667965829372406,1.343040943145752,-0.060695525258779526,6.898374522279482e-06,-3868.622038135009,-0.009464234113693237,6542182.969291686,6437521.976873026,1124238862.0
train_tune_4e13c_01166_1166,CNN,0.080084487895476,0.8727899213896171,0.8216068992062532,1.0579661130905151,4.6263322830200195,-0.5309428572654724,3.244561594328843e-05,-1753.943597100781,-0.011726763099431992,928.0787503244385,928.0787503244385,44520838.0
train_tune_4e13c_01167_1167,CNN,0.0871403315396081,0.840311953825462,0.8266116572751483,0.46829766035079956,1.919621467590332,-0.10574421286582947,7.686521712457761e-06,-2863.383070910688,-0.005282217636704445,5278196.978184739,5414205.618870223,2321810518.0
train_tune_4e13c_01168_1168,CNN,0.0616287617718069,0.8746327924440743,0.8534354377517991,0.8988922834396362,3.4610748291015625,-0.392039954662323,2.038876300503034e-05,-2570.723527722384,-0.004265904426574707,2562106.677030412,2525545.0103911804,11474351670.0
train_tune_4e13c_01169_1169,CNN,0.0933125377219244,0.7807067988246464,0.6860884444520695,0.4646361768245697,1.9314321279525757,-0.10844717919826508,1.1847728274005931e-05,-3309.258136826577,-0.00035022757947444916,1241186085.6252537,1265630087.2420278,14534566822.0
train_tune_4e13c_01170_1170,CNN,0.0649698960043787,0.8664573048685225,0.7880219903323779,0.49244627356529236,1.935821533203125,-0.12419439107179642,1.1787894436565693e-05,-12726.41680504135,0.00606897147372365,2686891468309.4824,2804096692829.907,22195911422.0
train_tune_4e13c_01171_1171,CNN,0.0891420627039969,0.851653093703361,0.8225183203947536,2.162757396697998,6.951644420623779,-2.4519190788269043,8.77882557688281e-05,-1898.7420337368562,0.020925479009747505,1007.1065210233534,1007.1065210233534,7152262.0
train_tune_4e13c_01172_1172,CNN,0.0579300555788894,0.8354795777354044,0.8026664311984325,0.36706095933914185,1.0351507663726807,-0.06783725321292877,6.032205419614911e-06,-6315.986348448808,0.011431073769927025,463739014.44785213,467211401.56702125,2996663190.0
train_tune_4e13c_01173_1173,CNN,0.0272784019975031,0.885229961231253,0.8474853339055962,0.6337109208106995,2.650240898132324,-0.21124985814094543,1.4826960978098214e-05,-3081.3223558003056,0.009669193997979164,49723420.896634944,49745501.51691178,14168444998.0
train_tune_4e13c_01174_1174,CNN,0.1901760664547921,0.8723431502120939,0.869207603123209,0.7690988779067993,2.9214718341827393,-0.2914978265762329,2.5356956030009314e-05,-2748.0186137536925,-0.0030299657955765724,45044.73714193188,45356.30869166549,8014136454.0
train_tune_4e13c_01175_1175,CNN,0.0335887585112931,0.8664248295925331,0.8327701020077942,1.2074618339538574,5.413110733032227,-0.7391656041145325,2.932813913503196e-05,-1893.391917259375,0.002576557919383049,1080.1538839557666,1080.1538839557666,48097870.0
train_tune_4e13c_01176_1176,CNN,0.0231143378121033,0.8944642214225156,0.8336988432803353,1.1146464347839355,4.479001522064209,-0.6748005151748657,3.5147568269167095e-05,-7963.870074467963,0.023798497393727303,106008803186.01025,101244204330.55331,22750791414.0
train_tune_4e13c_01177_1177,CNN,0.2782046939730306,0.8184893588901575,0.8061371701450933,0.9334664344787598,3.6643261909484863,-0.41252124309539795,2.8342450605123304e-05,-1652.6479181894724,-0.029871761798858643,368.47034055037864,368.47034055037864,9197878.0
train_tune_4e13c_01178_1178,CNN,0.0291015140233308,0.8688035938994475,0.8071069588022503,0.30744248628616333,0.6657689809799194,-0.036739666014909744,4.0023442124947906e-06,-14041.864820553017,0.011190655641257763,15438878938.575829,15764976872.930431,7360942150.0
train_tune_4e13c_01179_1179,CNN,0.0649698960043787,0.8655368211417813,0.8341363328838657,0.6182622313499451,2.2692792415618896,-0.17250502109527588,3.037693204532843e-05,-6510.551731735463,-0.011403217911720276,8589570328.176246,8533376731.57856,31755038862.0
train_tune_4e13c_01180_1180,CNN,0.0952286364330576,0.8498616018640132,0.8422942659600285,0.6249209642410278,1.9514752626419067,-0.19484086334705353,1.3726653378398623e-05,-3569.257809365623,0.003447543364018202,12298009.84989342,12267497.506403372,2365635734.0
train_tune_4e13c_01181_1181,CNN,0.055763134057971,0.8431885304740264,0.8761117023450461,0.9901247620582581,1.602015495300293,-0.8237062692642212,8.649796654935926e-05,-5642.443119625551,0.1057586744427681,483056230.6147118,489172026.2515048,13461483542.0
train_tune_4e13c_01182_1182,CNN,0.0542251111871365,0.8618140815280043,0.7937717450454347,1.0876789093017578,4.463438034057617,-0.7587794065475464,3.2993892091326416e-05,-2789.035796839835,0.07488371431827545,8116613.301731385,8092993.659920994,2414593462.0
train_tune_4e13c_01183_1183,CNN,0.0666993090691474,0.8602269533468133,0.8211186680352016,0.48261576890945435,1.9688198566436768,-0.11852335184812546,8.06017760623945e-06,-3100.291095565004,0.003733728313818574,63697132.3773323,63147048.638786905,15439441422.0
train_tune_4e13c_01184_1184,CNN,0.0562310897984814,0.8086028517265897,0.7168159373609252,0.992914080619812,4.023431777954102,-0.5311866998672485,2.7146870706928894e-05,-2302.678232653886,0.009523816406726837,181511.92769729786,177186.08283250616,213703782.0
train_tune_4e13c_01185_1185,CNN,0.0337338840906246,0.8261745998362727,0.7946285780858795,0.3685847520828247,1.4127429723739624,-0.06812604516744614,5.584612154052593e-06,-4444.871946409996,0.002864498645067215,1490463010.3366964,1500238794.2759569,15545085422.0
train_tune_4e13c_01186_1186,CNN,0.1081826730421275,0.8833093952203336,0.819192101715081,0.5858191251754761,1.8392541408538818,-0.1910698413848877,1.3303064406500198e-05,-2739.1367647704046,0.017269574105739594,30707791.266606554,30296966.981800128,5803557462.0
train_tune_4e13c_01187_1187,CNN,0.0712537084196005,0.7868312774704079,0.7985999244360277,0.21099892258644104,0.7047842741012573,-0.018308769911527634,4.351617462816648e-06,-23013.994745979497,0.0017113733338192105,972994187812.7756,980352012556.9442,18454605318.0
train_tune_4e13c_01188_1188,CNN,0.1547045438051121,0.8409663662183687,0.651048636955761,0.8223152756690979,2.912173271179199,-0.3367529511451721,1.5940864614094608e-05,-4237.389907887175,0.004526004195213318,2759772584.901573,2788957916.550128,18719306750.0
train_tune_4e13c_01189_1189,CNN,0.030679012345679,0.8278967961656151,0.8318086169104046,0.8097401857376099,3.4694156646728516,-0.3198315501213074,1.856929884525016e-05,-2356.032088265227,-0.014171933755278587,1222082.065328892,1205826.036167429,4875678974.0
train_tune_4e13c_01190_1190,CNN,0.0341052898000506,0.855998936891098,0.8294892818125562,0.46903055906295776,1.212184190750122,-0.10324695706367493,1.1393657587177586e-05,-6354.426771735467,-0.014923387207090855,54808173055.40204,55828952651.30202,17267344262.0
train_tune_4e13c_01191_1191,CNN,0.030679012345679,0.8901485431154517,0.7630054217708807,0.5093839168548584,1.7311958074569702,-0.13338051736354828,7.765637747070286e-06,-52552.469268666515,0.019116153940558434,1117211602987.0571,1131577603587.5266,14818046150.0
train_tune_4e13c_01192_1192,CNN,0.044913898553157,0.848354928352986,0.8183935062700121,0.3461897671222687,1.370934009552002,-0.05781562626361847,5.497167421708582e-06,-4977.5419263988315,-0.005374358966946602,4848479.214245347,4688818.703722,616504550.0
train_tune_4e13c_01193_1193,CNN,0.0282496422126812,0.881998698112172,0.822375658624105,0.2721247375011444,0.7757529020309448,-0.03139128163456917,3.796856390181347e-06,-17321.67324998664,0.003334137611091137,39071027391.70292,39878772544.26941,14560119614.0
train_tune_4e13c_01194_1194,CNN,0.0889069724917083,0.8823387454423561,0.8591306782233046,0.7444294691085815,2.971099853515625,-0.2779046893119812,3.217483026674017e-05,-2815.8027158871996,0.0033161435276269913,2126792.8238237794,2129090.8393133087,9728105566.0
train_tune_4e13c_01195_1195,CNN,0.1320500810596155,0.8795893536820701,0.8665473005376111,0.9251327514648438,3.6510868072509766,-0.4487570822238922,2.1600273612421006e-05,-2699.9133176353344,0.016139086335897446,65230.42987468922,66306.33733916897,5283074054.0
train_tune_4e13c_01196_1196,CNN,0.0481311802440614,0.8522493978524902,0.853850519681055,0.9492146372795105,3.9242069721221924,-0.5235546827316284,2.6456531486473978e-05,-2456.1799865323896,0.03519308567047119,18620.954325352577,18577.522806012643,1340671166.0
train_tune_4e13c_01197_1197,CNN,0.0330148229817469,0.8097155181384453,0.831967626264566,0.2846287190914154,0.8262704014778137,-0.035342659801244736,6.543391009472543e-06,-32990.75219173218,0.004699374083429575,504314408810.4949,472315937331.51904,6091052086.0
train_tune_4e13c_01198_1198,CNN,0.1114812097410668,0.8219640516168649,0.8095060454138111,0.36232805252075195,1.2213952541351318,-0.06108909845352173,7.135722626117058e-06,-2021.5265669132357,-0.0021564033813774586,125696.32441149098,125705.71363100578,507972166.0
train_tune_4e13c_01199_1199,CNN,0.0597691861702226,0.8975838438134648,0.8476416207606564,1.5631325244903564,6.1133904457092285,-1.3358595371246338,7.128258584998548e-05,-1991.507397742564,0.03598913550376892,37241.16570021996,37489.376208388174,1076007022.0
train_tune_4e13c_01200_1200,CNN,0.0330148229817469,0.813487203932946,0.8418640664204474,0.3643587827682495,1.3432483673095703,-0.06334976851940155,8.289191100629978e-06,-14606.9509667923,-0.0011078871320933104,38317660491.32716,38563615736.04703,10240409606.0
train_tune_4e13c_01201_1201,CNN,0.030679012345679,0.9002181373445696,0.8209895008364883,0.2469559609889984,0.9022624492645264,-0.027463722974061966,3.007224677276099e-06,-28445.756273065614,0.0024857204407453537,2853319931164.8735,2823180201239.958,17524708158.0
train_tune_4e13c_01202_1202,CNN,0.030718833055195,0.845496187133309,0.7956761988171127,1.1052577495574951,4.577758312225342,-0.6418387293815613,3.761658081202768e-05,-1741.2149626164903,0.013049997389316559,581.0153263113572,581.0153263113572,17029206.0
train_tune_4e13c_01203_1203,CNN,0.1346485088209988,0.8696907431522488,0.7468085760274921,0.39556825160980225,0.7358886003494263,-0.07963111996650696,5.30877605342539e-06,-32453.129562729748,0.020884646102786064,1437718147670.0166,1452713578150.953,15992324662.0
train_tune_4e13c_01204_1204,CNN,0.0649698960043787,0.8805625780868539,0.8174894668754699,0.16019299626350403,0.3718726634979248,-0.006703979801386595,3.884642410412198e-06,-30764.317148523118,-0.0034934531431645155,1030097221658.4816,1036139932107.0978,27576893982.0
train_tune_4e13c_01205_1205,CNN,0.0414538706674212,0.839826474187784,0.8163547244630603,0.5538950562477112,0.9516016244888306,-0.17556746304035187,6.394711817847565e-06,-5421.001452797463,-0.008743580430746078,314959280.0604794,311506685.49909294,7946270470.0
train_tune_4e13c_01206_1206,CNN,0.0860932009322068,0.8800107397230987,0.8267213357962322,1.5070163011550903,6.318910121917725,-1.1105842590332031,4.5319495256990194e-05,-1952.668118707864,-0.0061912983655929565,1386.645814568239,1386.645814568239,38248454.0
train_tune_4e13c_01207_1207,CNN,0.0875766096976951,0.8593251584457337,0.8169519167139744,1.254109263420105,5.131420135498047,-0.8834788799285889,3.557437230483629e-05,-1771.687839116578,0.03795887529850006,800.8111431816686,800.8111431816686,27250742.0
train_tune_4e13c_01208_1208,CNN,0.0561269078586751,0.8329577184227817,0.7991118889399219,0.47351107001304626,1.2925589084625244,-0.11904019117355347,1.303400767938001e-05,-3206.203136777173,0.02496030554175377,164664802.265405,163886753.4148236,3304789574.0
train_tune_4e13c_01209_1209,CNN,0.0557915604644576,0.8219545125236287,0.8284691245593804,0.5252339243888855,1.59911048412323,-0.12753964960575104,1.117858391808113e-05,-3407.6422345565024,-0.01347590796649456,19216751.88046306,18832340.052419215,5421216038.0
train_tune_4e13c_01210_1210,CNN,0.067483621378277,0.8809495103864847,0.819378477331377,0.23167738318443298,0.9175906181335449,-0.0242158155888319,3.994653525296599e-06,-8200.524232357428,-0.00932489987462759,2060497597.6204767,2049286318.8490717,15444443894.0
train_tune_4e13c_01211_1211,CNN,0.0666884247171453,0.8908350215469952,0.8354047758342489,0.6662001609802246,2.407036066055298,-0.189919114112854,2.286332346557174e-05,-2495.272343680215,-0.018250586465001106,965183.4954661399,961392.8277989232,3968631678.0
train_tune_4e13c_01212_1212,CNN,0.1103296126502632,0.8416679460799759,0.8260765244153143,0.43678906559944153,1.4354045391082764,-0.09041465818881989,6.133580427558627e-06,-3104.095578198009,-0.007367000915110111,8335613.404260812,8444552.415288856,1493247254.0
train_tune_4e13c_01213_1213,CNN,0.0291015140233308,0.8350756400826929,0.7875557160765784,0.23379388451576233,0.4506951570510864,-0.017084823921322823,7.685847776883747e-06,-10277.290834773206,0.008927599526941776,385897154747.80945,390154653265.1297,7493684646.0
train_tune_4e13c_01214_1214,CNN,0.0327040696733097,0.8526727491213686,0.8102586731296425,0.861127495765686,3.140204906463623,-0.34793567657470703,4.1655755921965465e-05,-4087.7892982158514,-0.008021276444196701,740837498.0444357,744528140.0594144,10717414694.0
train_tune_4e13c_01215_1215,CNN,0.0567367436008781,0.834335589311405,0.8259286203021036,0.8399150371551514,3.461122989654541,-0.3422205448150635,2.305446469108574e-05,-1879.5710333825489,-0.007870189845561981,52202.78614682676,52247.568684243844,7718930678.0
train_tune_4e13c_01216_1216,CNN,0.0304510678921129,0.7834949575881968,0.8067210078982358,0.7978925704956055,2.283839225769043,-0.30174365639686584,1.8881401047110558e-05,-1888.8030170231164,-0.020815065130591393,9504.737168125703,9659.821426815939,183371166.0
train_tune_4e13c_01217_1217,CNN,0.0677744923832616,0.8946049200984665,0.8407431004695017,0.6500436663627625,2.5419673919677734,-0.20844127237796783,2.0673523977166042e-05,-3994.6050293673215,-0.0042803348042070866,2917222.19550834,2900623.739609538,17182269822.0
train_tune_4e13c_01218_1218,CNN,0.0649698960043787,0.8863418499469375,0.8448940463989828,1.154404878616333,4.461205959320068,-0.634065568447113,4.5481749111786485e-05,-3003.044416974307,-0.004485290497541428,1528865.3443104115,1519118.0797976232,12474295726.0
train_tune_4e13c_01219_1219,CNN,0.0558390022675736,0.829812250456134,0.813349486605962,0.4593583047389984,1.8644124269485474,-0.10532812774181366,8.939950021158438e-06,-8689.973618283151,0.0020097061060369015,112274201236.87668,112994064877.07266,33978756430.0
train_tune_4e13c_01220_1220,CNN,0.091290044615501,0.8739189258189578,0.8675383385533673,0.9380950927734375,3.7971878051757812,-0.4421764016151428,3.0651306587969884e-05,-2056.668226709107,0.0020135047379881144,48586.03775981863,48852.73852441138,13065909238.0
train_tune_4e13c_01221_1221,CNN,0.114081649618563,0.8798419352597041,0.8294698235359909,0.5477149486541748,1.1381653547286987,-0.1798856109380722,1.733697899908293e-05,-6371.950994830655,0.024849269539117813,1259532889.6401196,1257942304.9881332,13467496406.0
train_tune_4e13c_01222_1222,CNN,0.0649698960043787,0.8474699444375168,0.7161026520308166,0.42429056763648987,1.6566858291625977,-0.09101156890392303,6.8479671426757704e-06,-9232.799928532735,0.006466674618422985,375275831.94820213,380949026.3748307,3833241702.0
train_tune_4e13c_01223_1223,CNN,0.1041021151879152,0.8313495063565005,0.835240888686395,0.5884803533554077,2.11061429977417,-0.19106756150722504,1.2198675904073752e-05,-9896.519162077957,0.0287680272012949,152405132421.51932,153190179415.69922,22755488950.0
train_tune_4e13c_01224_1224,CNN,0.1273274091121667,0.8073293375100121,0.8085916827193605,1.5152682065963745,6.535102844238281,-1.1587328910827637,4.8513094952795655e-05,-1737.6625874189479,-0.01703408546745777,660.7498673326079,660.7498673326079,14353926.0
train_tune_4e13c_01225_1225,CNN,0.2450052772169905,0.8843131517852797,0.8398885369007577,0.9148101806640625,2.3430750370025635,-0.4922091066837311,2.553406920924317e-05,-2128.8072307610487,0.014507466927170753,538263.533632308,546557.3247136283,1482263286.0
train_tune_4e13c_01226_1226,CNN,0.0330148229817469,0.8680077980693705,0.8311494388955841,0.37091535329818726,0.6934205293655396,-0.06556950509548187,9.679421964392532e-06,-5015.369983463504,0.017001036554574966,273243737.04758406,267274745.14265448,3918697630.0
train_tune_4e13c_01227_1227,CNN,0.0330148229817469,0.8434416435203232,0.7896727348000967,1.1616735458374023,5.039246559143066,-0.7255846261978149,3.428527634241618e-05,-1683.4658567059137,0.021349674090743065,568.2065319372065,568.2065319372065,18074006.0
train_tune_4e13c_01228_1228,CNN,0.030679012345679,0.8606148558466051,0.7819672537951136,0.1890314519405365,0.7010504603385925,-0.015844039618968964,9.241347470378969e-06,-9523.993761188322,0.008344892412424088,12137192860.992207,11668287912.230885,14804681830.0
train_tune_4e13c_01229_1229,CNN,0.0763219773666188,0.8542378747500519,0.8465690276692612,0.725287914276123,3.0546348094940186,-0.2630176544189453,1.9983126549050212e-05,-2305.3252175509247,-0.0004690232453867793,722133.3399203775,717376.7635288304,2309613862.0
train_tune_4e13c_01230_1230,CNN,0.0241064006650041,0.7945916006694879,0.8259885935629856,0.6320366263389587,2.455030679702759,-0.20542672276496887,1.2611892088898458e-05,-4172.122273769869,0.009243397042155266,32426506570.796234,31964410531.013206,16268859350.0
train_tune_4e13c_01231_1231,CNN,0.0291015140233308,0.7894949487074318,0.7921049532495266,0.13640254735946655,0.4760887026786804,-0.005887806415557861,1.3350826293390128e-06,-34676.12031231773,-0.007051981054246426,2203509138.135388,2179415725.285838,2239308766.0
train_tune_4e13c_01232_1232,CNN,0.0666775439168978,0.8585525676155874,0.8353387337710002,0.5114188194274902,1.8673579692840576,-0.12462768703699112,1.9472789063001983e-05,-3471.485847849396,-0.0005289854016155005,32553604.52031789,31984339.354235083,6492049558.0
train_tune_4e13c_01233_1233,CNN,0.0666775439168978,0.856861659929601,0.7908805436536269,0.3798474967479706,1.4127097129821777,-0.07195668667554855,4.098814315511845e-06,-6080.026416545487,0.0023094473872333765,21584306561.772118,21298625621.629395,11539063710.0
train_tune_4e13c_01234_1234,CNN,0.0439850669208467,0.7183295904003096,0.6775459887021871,1.2012492418289185,4.35347843170166,-0.8263116478919983,4.078327037859708e-05,-2235.7793787787105,0.04950299859046936,5431064.757749209,5415124.704491126,1368488966.0
train_tune_4e13c_01235_1235,CNN,0.0649698960043787,0.871635334240351,0.8081454669581803,1.239695429801941,4.72001314163208,-0.668649435043335,5.739774496760219e-05,-2418.747395765091,-0.021617751568555832,490202.220101075,491790.0668400532,1465488630.0
train_tune_4e13c_01236_1236,CNN,0.053116718515958,0.8111188194757352,0.7981869790138368,1.3166518211364746,4.746167182922363,-0.9624413847923279,3.390879282960668e-05,-1761.863299558106,0.02761351875960827,398.4981077880292,398.4981077880292,5498974.0
train_tune_4e13c_01237_1237,CNN,0.0280216700915374,0.8525388420237073,0.8348136003827763,0.22585156559944153,0.7400164604187012,-0.021747417747974396,3.846360414172523e-06,-17569.52666654695,0.0070442259311676025,382994608852.62494,399481226686.3529,12842518438.0
train_tune_4e13c_01238_1238,CNN,0.030679012345679,0.8805688425033352,0.8529337812734572,0.8416719436645508,2.0097687244415283,-0.4579092264175415,1.4312549865280744e-05,-2094.2158686586763,0.027226872742176056,19716.122399208754,19678.287333652297,385833062.0
train_tune_4e13c_01239_1239,CNN,0.056087006035759,0.7918853770557641,0.8170792089112803,0.5859616994857788,1.1864036321640015,-0.19568637013435364,1.4357653526531067e-05,-3309.2912411226653,0.007599455304443836,109311787.53508991,108823432.07782474,2609598534.0
train_tune_4e13c_01240_1240,CNN,0.1999115694047449,0.8815711095004235,0.8426279131998924,1.6214838027954102,4.615377902984619,-1.495481014251709,6.600737833650783e-05,-2189.3934363776557,0.00017401296645402908,12695.259944899073,12464.790327685681,50629262.0
train_tune_4e13c_01241_1241,CNN,0.0587941550311389,0.8530444678565169,0.814987463536081,0.5180528163909912,1.4805338382720947,-0.14415249228477478,7.555236152256839e-06,-2812.5532419670576,0.02081052027642727,12952384.896289833,12833593.045279633,2890071278.0
train_tune_4e13c_01242_1242,CNN,0.055763134057971,0.886049729278013,0.8428967179184749,0.28062188625335693,0.8648231625556946,-0.03503476828336716,5.713661266781855e-06,-10604.535704126429,-0.005802524276077747,160837213872.12744,160598055032.8246,29796558486.0
train_tune_4e13c_01243_1243,CNN,0.0706680701492247,0.8806649086447474,0.8528603243915067,0.6489422917366028,2.195716381072998,-0.21418878436088562,8.462920959573239e-06,-2523.3971356287734,0.007226364221423864,1169512.1049215763,1167706.9028605702,8966065254.0
train_tune_4e13c_01244_1244,CNN,0.0661541700818906,0.8937718252609822,0.8563072379043793,1.3143941164016724,5.564129829406738,-0.868009090423584,3.79617304133717e-05,-2160.261926551979,0.0056904396042227745,60618.683699321584,60922.67563272637,9740324566.0
train_tune_4e13c_01245_1245,CNN,0.1213249650753873,0.8677716829827705,0.7887002742134862,1.2825655937194824,5.0471601486206055,-0.949675977230072,6.476690759882331e-05,-2856.3722741350725,0.021846629679203033,57431044.26287002,58023735.33917116,6587920678.0
train_tune_4e13c_01246_1246,CNN,0.0698336050329626,0.8886333485544026,0.8461949132446822,0.7317368984222412,2.8008244037628174,-0.26408401131629944,1.4331735656014644e-05,-3634.2895264145995,-0.004226246848702431,2236546.531907253,2238025.544754901,11774460110.0
train_tune_4e13c_01247_1247,CNN,0.0408544075036276,0.8569756372966494,0.8174590302946371,1.6149070262908936,5.863338470458984,-1.485071063041687,5.799955397378653e-05,-1784.0369574033623,0.03942485898733139,1017.498990854197,1017.498990854197,16462678.0
train_tune_4e13c_01248_1248,CNN,0.055763134057971,0.850226752786775,0.779338571663589,0.16553884744644165,0.39746636152267456,-0.006382892839610577,5.936502930126153e-06,-19317.85341982706,0.003001838456839323,760769515429.3364,763801934990.472,16962352350.0
train_tune_4e13c_01249_1249,CNN,0.1294514049349826,0.8328752742365669,0.8038571064345611,0.8015472888946533,3.165513515472412,-0.34975466132164,1.5309184163925238e-05,-2131.3243353989296,0.02028842270374298,690093.1493405967,696240.1444185802,3161837270.0
train_tune_4e13c_01250_1250,CNN,0.0291015140233308,0.821445150570531,0.7879041887563415,0.24506938457489014,0.8858204483985901,-0.027053352445364,3.94144171877997e-06,-11953.519886213113,-0.00039024208672344685,241560513609.36682,246568760170.7909,6198474454.0
train_tune_4e13c_01251_1251,CNN,0.0303336741604316,0.8445765652440954,0.8006493436071903,0.5066127777099609,1.8720340728759766,-0.11419789493083954,1.0385600944573525e-05,-5003.833640147653,-0.019557155668735504,371827872.56250185,382827130.07807195,4964325470.0
train_tune_4e13c_01252_1252,CNN,0.0291015140233308,0.8145390632496713,0.8262863502843167,0.3209582567214966,0.3932759165763855,-0.020958784967660904,1.2824874829675537e-05,-7861.874386127251,0.011429714038968086,114950483728.5339,117837781082.29672,7252877110.0
train_tune_4e13c_01253_1253,CNN,0.1141214570814956,0.7924918764075636,0.8023446052715575,0.5358066558837891,1.6603617668151855,-0.15321630239486694,1.0077683327835985e-05,-1666.6688415241258,0.018662355840206146,13331.427554058857,13272.10638003724,1070428678.0
train_tune_4e13c_01254_1254,CNN,0.0666775439168978,0.5975871098398411,0.5802175566997366,0.10292660444974899,0.33647140860557556,-0.0030314878094941378,2.149769898096565e-06,-28472.420259760736,-0.001189207541756332,287090810042.46277,285336914950.20416,22761242686.0
train_tune_4e13c_01255_1255,CNN,0.0826339334376737,0.8570422031869719,0.8432686242655492,0.9051011800765991,2.4931960105895996,-0.4235309362411499,1.45311123560532e-05,-3977.626571615793,-0.007147890981286764,52736450.773361474,53035478.98520336,4905353070.0
train_tune_4e13c_01256_1256,CNN,0.055763134057971,0.8946450053639518,0.8210267109722106,1.1460586786270142,4.175915718078613,-0.8251464366912842,4.472202999750152e-05,-5319.283298166503,0.07698554545640945,128549561.34861824,126873202.90707067,11679123086.0
train_tune_4e13c_01257_1257,CNN,0.0780997139848482,0.8732897931339663,0.8563602223892293,0.9647688865661621,3.3988962173461914,-0.32359611988067627,3.746919537661597e-05,-2318.978173177372,-0.04939544200897217,605813.4693951971,612881.5780394449,5054531654.0
train_tune_4e13c_01258_1258,CNN,0.1653800357537023,0.8439124340663132,0.8079825371494881,2.2127022743225098,6.576148509979248,-2.956801414489746,0.00011094439105363563,-1747.5975692024558,0.05893747881054878,1025.0371283443938,1025.0371283443938,7009222.0
train_tune_4e13c_01259_1259,CNN,0.0643388483451736,0.8107862997612508,0.8255747381026611,1.7469995021820068,2.2631983757019043,-2.944218635559082,0.0001431507698725909,-2804.2501165012272,0.08966715633869171,11194.251673464323,11242.10030032192,36543598.0
train_tune_4e13c_01260_1260,CNN,0.0520940906483075,0.8084134296282212,0.8503284242156374,0.7209669351577759,2.864793539047241,-0.2750394344329834,2.2302814613794908e-05,-2203.306123579171,0.011303954757750034,26883.431010047236,26702.198242913575,3091057302.0
train_tune_4e13c_01261_1261,CNN,0.068114737236168,0.7022372457983037,0.8010558296436222,0.2310970276594162,0.8478214740753174,-0.02301611378788948,3.264847237005597e-06,-3609.996382837041,-0.00468865130096674,3521018952.318059,3573391353.9463367,5512066958.0
train_tune_4e13c_01262_1262,CNN,0.0649698960043787,0.8618175874717618,0.8246198759790845,0.7833402752876282,3.251108169555664,-0.27615317702293396,2.054023207165301e-05,-7437.151095905351,-0.021296247839927673,1273792900.605545,1278121904.6805768,12662651198.0
train_tune_4e13c_01263_1263,CNN,0.030679012345679,0.8332756701825522,0.8389549602114634,0.3621613383293152,0.999793529510498,-0.06286415457725525,2.9252105377963744e-06,-5687.752528811728,0.0004909157287329435,17747287920.935177,17964533750.838028,10454889822.0
train_tune_4e13c_01264_1264,CNN,0.1018216481046557,0.8655175213809652,0.7980422592558568,1.0026323795318604,4.538309574127197,-0.4241049289703369,4.9569582188269123e-05,-1849.457450349489,-0.034430064260959625,729.2819092302891,729.2819092302891,31396262.0
train_tune_4e13c_01265_1265,CNN,0.0666775439168978,0.8820762223575613,0.8393658561750198,0.7818245887756348,3.2394285202026367,-0.24448105692863464,3.701335299410857e-05,-3307.2535390169023,-0.03130358085036278,1812189.5014893177,1800612.9546020785,5712421014.0
train_tune_4e13c_01266_1266,CNN,0.0330148229817469,0.7795227639630401,0.8232180345765406,0.5052467584609985,1.8513002395629883,-0.11939666420221329,8.126213288051076e-06,-13194.154377720484,-0.00835389830172062,3820537625411.4883,3872797291878.663,28536794958.0
train_tune_4e13c_01267_1267,CNN,0.1142981956110526,0.8711271610808998,0.8332917737782263,0.9737895727157593,3.9511547088623047,-0.3681933879852295,2.841278546839021e-05,-1840.5429870905768,-0.05420215427875519,864.516357607636,864.516357607636,30244358.0
train_tune_4e13c_01268_1268,CNN,0.0824071232562489,0.8448271376300162,0.7988391968044194,1.1763393878936768,4.060000896453857,-0.6800287365913391,2.398153446847573e-05,-2003.190624010298,0.0006267274729907513,434.2894964054351,434.2894964054351,6881846.0
train_tune_4e13c_01269_1269,CNN,0.0609698114218364,0.8685095126601978,0.8458205414355534,0.7380139827728271,2.740828275680542,-0.27431178092956543,1.6973855963442475e-05,-3136.035224481654,0.003991059958934784,46677406.58268458,47579377.66991426,12592156118.0
train_tune_4e13c_01270_1270,CNN,0.0291015140233308,0.7969406609842257,0.8400478084317332,0.9774865508079529,1.1765825748443604,-0.5524196028709412,7.351483509410173e-05,-3545.0051511507386,0.04489981383085251,2248642.3788677687,2301633.4565099217,1281021470.0
train_tune_4e13c_01271_1271,CNN,0.1354112981159647,0.8074136034841253,0.8078413091671778,1.2368218898773193,4.990696907043457,-0.8760039806365967,3.6092613299842924e-05,-1774.3474582163367,0.0416436493396759,407.4932788109289,407.4932788109289,9534142.0
train_tune_4e13c_01272_1272,CNN,0.2171969174143087,0.8935577790262476,0.8614726787599626,1.2893400192260742,5.425552845001221,-0.8385317325592041,6.518235022667795e-05,-2484.978486589834,0.004656726960092783,97878.58052161285,98102.4907959886,18655959558.0
train_tune_4e13c_01273_1273,CNN,0.068114737236168,0.8467847848917041,0.8483137285462301,1.6751604080200195,7.242458820343018,-0.7831189632415771,0.00013537589984480292,-2534.4309984248225,-0.06803062558174133,385591.1258489422,404754.53011171473,1997005014.0
train_tune_4e13c_01274_1274,CNN,0.0557820817759655,0.8794828038859351,0.844267320619291,0.8617849349975586,3.5533227920532227,-0.4142068922519684,2.5831388484220952e-05,-3793.870982073309,0.019470635801553726,3602454.866995169,3583233.887951807,2702699766.0
train_tune_4e13c_01275_1275,CNN,0.0596511262458703,0.8287710557005914,0.82423406821753,0.6600608825683594,2.4351940155029297,-0.1958794891834259,1.0857515007955953e-05,-2509.6096152526125,-0.022590208798646927,34008492.1252013,34167977.42028898,16484191238.0
train_tune_4e13c_01276_1276,CNN,0.0331610680447889,0.8942915831502695,0.8505619348668437,1.2124204635620117,4.683101654052734,-0.8153107166290283,3.3419622923247516e-05,-2606.8693404218993,0.0355696976184845,64916.47274738342,65512.39572030661,7163148262.0
train_tune_4e13c_01277_1277,CNN,0.2026238499365789,0.8425746748001672,0.7913765325614625,1.0433460474014282,4.240723133087158,-0.513881504535675,3.260049197706394e-05,-1770.2840919234852,-0.021389862522482872,573.8332498617941,573.8332498617941,18689942.0
train_tune_4e13c_01278_1278,CNN,0.0330451842315002,0.8358670501184475,0.8259482365851886,0.7030012011528015,2.0271551609039307,-0.2456851601600647,2.9957000151625834e-05,-9130.364436873137,-0.010414524003863335,2194386990.8682194,2211484581.2167687,11064666398.0
train_tune_4e13c_01279_1279,CNN,0.2094307805019382,0.8789900150062685,0.8540148814608449,1.0152231454849243,4.33296012878418,-0.4783167243003845,3.120309338555671e-05,-1967.6439600270944,-0.017965659499168396,57810.82628471423,57673.81884967213,8937325214.0
train_tune_4e13c_01280_1280,CNN,0.0291015140233308,0.8466920374403105,0.8008192747806452,0.7873314619064331,3.3638195991516113,-0.323445588350296,3.0079983844188973e-05,-2060.065467438556,0.005183565430343151,27143.237186747683,27251.78731108393,3046915110.0
train_tune_4e13c_01281_1281,CNN,0.0691730624914963,0.8891420014816148,0.7822650517012764,0.6319210529327393,2.4103822708129883,-0.22123953700065613,1.6274670997518115e-05,-13007.519577398007,0.03201744705438614,72349844360.75122,71567470604.63391,13512380918.0
train_tune_4e13c_01282_1282,CNN,0.0314594902666027,0.8856476704717265,0.8236644483655738,0.5528051257133484,1.9707614183425903,-0.16332457959651947,1.4469208508671727e-05,-7709.67458391685,0.02463839203119278,1293405459.9811854,1291250224.3121622,7041447790.0
train_tune_4e13c_01283_1283,CNN,0.0340794132524026,0.8855484253611342,0.8348038844864125,0.9791675806045532,2.0808825492858887,-0.5970848202705383,3.3299776987405494e-05,-4730.095129081815,-0.0018759788945317268,29833690.14015447,29974076.921310186,8249920494.0
train_tune_4e13c_01284_1284,CNN,0.0669067889107181,0.8699241917895938,0.8215121407790799,0.5961517691612244,2.333259344100952,-0.16825376451015472,1.9810246158158407e-05,-4948.851831953358,-0.0073561156168580055,1457437721.5553112,1417270269.3238635,8209789454.0
train_tune_4e13c_01285_1285,CNN,0.0666775439168978,0.7332235277025757,0.8229381353194197,0.1581733524799347,0.5086157321929932,-0.009084653109312057,3.5490297705109697e-06,-14555.06782093689,-0.0010742596350610256,150183507741.89948,151482664179.51926,6663347278.0
train_tune_4e13c_01286_1286,CNN,0.0358950233748074,0.9001489847415606,0.8368155103534799,0.4097082018852234,1.4242141246795654,-0.08219343423843384,1.0405176908534486e-05,-3627.5384279416044,0.0015945006161928177,1058955.1290192471,1037427.3118385447,3761677670.0
train_tune_4e13c_01287_1287,CNN,0.041246025261566,0.7667453975254589,0.7555994562156684,0.7125533223152161,1.7589666843414307,-0.27490121126174927,2.3540038455394097e-05,-4667.382752526514,-0.008041620254516602,701540183.6713247,690034149.2082295,5911963214.0
train_tune_4e13c_01288_1288,CNN,0.0299281474539206,0.904279300954296,0.830261164048158,1.171280860900879,4.371356010437012,-0.7400739789009094,3.284163540229201e-05,-5584.1236712135615,0.026187513023614883,63024024.34753126,62085415.422964625,11743412262.0
train_tune_4e13c_01289_1289,CNN,0.0666775439168978,0.8820430874525909,0.7895777584205503,0.5277717113494873,2.1038897037506104,-0.15042050182819366,8.118793630274013e-06,-11371.202575100657,0.021381372585892677,70641115771.68088,69228737862.0065,10673744454.0
train_tune_4e13c_01290_1290,CNN,0.0666884247171453,0.8377413715548178,0.8125586925486309,0.30627307295799255,0.7823493480682373,-0.038802433758974075,4.839360371988732e-06,-6689.595697929919,-0.003833540715277195,21811669596.707096,22201383545.34969,9859274302.0
train_tune_4e13c_01291_1291,CNN,0.1121212695353734,0.8840596074508006,0.7976274362653345,0.45846080780029297,1.5602222681045532,-0.09772995859384537,7.423489478242118e-06,-5709.988239351443,-0.004480769857764244,2031997500.8849492,2034086963.2982287,16771088790.0
train_tune_4e13c_01292_1292,CNN,0.055763134057971,0.8795853913564126,0.8416163843336735,0.3635249435901642,1.468221664428711,-0.06310030817985535,6.862292593723396e-06,-31581.919979902712,-0.005536217242479324,8963412981081.787,8857042727551.941,36475570750.0
train_tune_4e13c_01293_1293,CNN,0.069396847155586,0.8756577290070867,0.8116179832852529,1.0425854921340942,3.5861120223999023,-0.5717458128929138,2.5550913051120006e-05,-2168.306736147655,0.01410066056996584,1306899.2114877468,1302786.4372854726,7728662758.0
train_tune_4e13c_01294_1294,CNN,0.0311344985278456,0.8938488923968068,0.8418351702652513,0.42009246349334717,1.3625019788742065,-0.08287311345338821,7.955684850458056e-06,-4041.735762657178,-0.004826278425753117,45719911.06200345,45671778.00151623,8891442206.0
train_tune_4e13c_01295_1295,CNN,0.037270059414239,0.8591178424343341,0.8361992300324732,0.31058698892593384,0.819999098777771,-0.04526637867093086,4.608230483427178e-06,-16836.92734109525,0.008069183677434921,1433907801.5326905,1428017173.3433328,16748782942.0
train_tune_4e13c_01296_1296,CNN,0.0666775439168978,0.8523936612444082,0.8399376233961645,0.4178411364555359,1.077325463294983,-0.09376388788223267,1.1646898201433942e-05,-2598.82478346355,0.0037373537197709084,434512144.9146096,429849834.3335881,9996087414.0
train_tune_4e13c_01297_1297,CNN,0.023976276105748,0.8974715705040799,0.8385715865683899,0.6697574257850647,2.5286705493927,-0.23227578401565552,1.0931298675131984e-05,-4649.722642999533,0.0104527547955513,106530973.61345658,106976760.77397352,16561413590.0
train_tune_4e13c_01298_1298,CNN,0.0291015140233308,0.8467737310327332,0.8279028082662451,0.16562902927398682,0.5811319351196289,-0.010992285795509815,3.0245910238591023e-06,-14485.968730550156,0.0014446519780904055,211095920738.40732,200596234302.7105,12988869662.0
train_tune_4e13c_01299_1299,CNN,0.0791766116592741,0.8205691506124801,0.8475643433574652,0.547050416469574,1.70005202293396,-0.1530965268611908,8.226194950111676e-06,-3654.2581157408595,0.00923259649425745,53716300659.74157,54829191605.91969,16609037726.0
train_tune_4e13c_01300_1300,CNN,0.0234598952504363,0.8607842856310569,0.8180388996389465,1.4897395372390747,5.395881652832031,-1.144161581993103,4.1753362893359736e-05,-1829.292350144906,0.01629069447517395,1024.0567218203687,1024.0567218203687,18563446.0
train_tune_4e13c_01301_1301,CNN,0.1530653079160154,0.8422681597556565,0.6533065745991374,0.9633136987686157,2.725954055786133,-0.49193528294563293,4.3584994273260236e-05,-14291.101047583414,-0.004770814441144466,972159676.6754014,967031483.0839407,3212236438.0
train_tune_4e13c_01302_1302,CNN,0.1929866211541815,0.8673555256331996,0.834231011875385,1.057470440864563,3.835310935974121,-0.5678158402442932,1.7482507246313617e-05,-2000.1822495096137,0.0018694456666707993,777.8201127923094,777.8201127923094,21350918.0
train_tune_4e13c_01303_1303,CNN,0.0394829178208679,0.8810357800697773,0.8044574048358224,0.26443275809288025,0.9343633651733398,-0.03078377991914749,2.180206593038747e-06,-3539.216052539556,0.0008221438620239496,7510231.18531899,7728272.99059558,2002042430.0
train_tune_4e13c_01304_1304,CNN,0.0237382804707759,0.8522484792870042,0.7954068072041504,0.812512218952179,3.354684591293335,-0.33558958768844604,1.9852639525197446e-05,-4218.218142333947,0.007324669044464827,192093461.01209366,193487469.21349397,37403634950.0
train_tune_4e13c_01305_1305,CNN,0.0330148229817469,0.912505612857812,0.8598079760507783,1.177877426147461,4.214487552642822,-0.683657169342041,4.179432289674878e-05,-4321.377871520278,-0.0014118151739239693,43379153.46023868,43681023.12539162,16541926750.0
train_tune_4e13c_01306_1306,CNN,0.0627145767690886,0.8420742089749381,0.8012032837725486,0.9921833276748657,4.151324272155762,-0.5065358877182007,2.63503025053069e-05,-2267.4097615248684,0.011524084955453873,650630.600551208,644565.9394288498,2368116342.0
train_tune_4e13c_01307_1307,CNN,0.0386629366616455,0.8814391189467076,0.823750625097554,0.84880530834198,3.1724538803100586,-0.34802576899528503,2.697643867577426e-05,-2619.011208630567,-0.0073052821680903435,1621665.5982695818,1618601.7378504812,8246090974.0
train_tune_4e13c_01308_1308,CNN,0.0782240623042287,0.8441368210682599,0.7990091660058644,1.3747682571411133,5.795231342315674,-1.0585163831710815,3.3954085665754974e-05,-1686.271979887482,0.03811284899711609,779.903068101834,779.903068101834,20350678.0
train_tune_4e13c_01309_1309,CNN,0.0330148229817469,0.8332822951272368,0.8279668951404081,0.3101223111152649,1.2570106983184814,-0.0482432097196579,5.767077709606383e-06,-5624.995228489769,0.008111671544611454,69743885774.75677,69940747181.14221,21568806230.0
train_tune_4e13c_01310_1310,CNN,0.0291177748804867,0.84558944855432,0.8380487043883216,1.2427163124084473,4.3806986808776855,-0.7660089731216431,5.84436311328318e-05,-1870.794810568364,-0.0003288686275482178,817.5159684183745,817.5159684183745,18289270.0
train_tune_4e13c_01311_1311,CNN,0.0285155886220017,0.861011795312585,0.8130086374979338,1.133116364479065,4.884454250335693,-0.6488096714019775,2.677309930732008e-05,-1822.0034806541792,-0.010126692242920399,811.113366149375,811.113366149375,30883286.0
train_tune_4e13c_01312_1312,CNN,0.0704663755049022,0.8819928352935671,0.8429396191671601,1.1724697351455688,4.1449432373046875,-0.6137087345123291,2.8656975700869225e-05,-2068.927859305153,-0.02414577826857567,8510.493019384849,8430.507721840946,68555318.0
train_tune_4e13c_01313_1313,CNN,0.0988092920690135,0.8734299461209919,0.7791666785147867,0.5037146806716919,1.8210322856903076,-0.1275542825460434,1.0048823241959326e-05,-4990.946577509148,0.009814385324716568,3304279797.2673607,3294845243.093125,19079222598.0
train_tune_4e13c_01314_1314,CNN,0.0573816989974113,0.814373254512208,0.8028489781991507,1.2435779571533203,4.553442001342773,-0.7716171741485596,4.6538196329493076e-05,-1703.885306284791,0.018723033368587494,467.7333608622227,467.7333608622227,8301174.0
train_tune_4e13c_01315_1315,CNN,0.0513517655153455,0.8407376732208812,0.8463412628745779,0.9232626557350159,2.4101858139038086,-0.39237210154533386,4.188477760180831e-05,-2332.4519875330416,-0.03106353059411049,19288.027434972362,19164.452122256596,287312454.0
train_tune_4e13c_01316_1316,CNN,0.081122819665295,0.8555992817250729,0.826038555208911,0.7976042628288269,3.1368932723999023,-0.3039836287498474,2.415190829196945e-05,-2143.5344421383243,-0.016629889607429504,38579.83961439869,38896.62046625397,4825096750.0
train_tune_4e13c_01317_1317,CNN,0.0285909627695941,0.9098262647313552,0.8285282020122059,0.8177995085716248,2.7845423221588135,-0.35366135835647583,1.528645952930674e-05,-2927.284557446138,0.022679440677165985,40571026.66711721,39192249.72872445,6849770542.0
train_tune_4e13c_01318_1318,CNN,0.0702834614699681,0.8552538108722033,0.8490804585352737,0.8355029225349426,3.214048385620117,-0.28329628705978394,2.2446045477408916e-05,-2314.165340302664,-0.03437017276883125,931933.5167653945,920153.0107751829,2718763582.0
train_tune_4e13c_01319_1319,CNN,0.0291015140233308,0.8496669056618242,0.869525955345369,0.6494734287261963,2.4219279289245605,-0.21505868434906006,1.5048330169520341e-05,-2159.9449983870977,0.019302157685160637,36771.54497318688,36811.109478507584,3908263670.0
train_tune_4e13c_01320_1320,CNN,0.0529647612475311,0.8141076537417219,0.8360766583511622,0.5228959321975708,1.9975879192352295,-0.1318177431821823,7.338157047342975e-06,-3616.740657488022,-0.006222498137503862,1392676030.9966917,1461751653.6851003,9329702822.0
train_tune_4e13c_01321_1321,CNN,0.0470670312551381,0.8613461374899614,0.8303188564487535,1.296135425567627,5.547459125518799,-0.8885811567306519,3.676772757899016e-05,-1841.1878767051717,0.004195169545710087,1011.4246827261575,1011.4246827261575,36069846.0
train_tune_4e13c_01322_1322,CNN,0.0901211913672776,0.8567054497356484,0.8018138414587894,1.0078524351119995,3.5543923377990723,-0.45028156042099,2.7294434403302148e-05,-2475.2079830687135,-0.02462795563042164,1299533.3469916298,1296770.3557353786,6919844918.0
train_tune_4e13c_01323_1323,CNN,0.055763134057971,0.8152325437165472,0.7607471977526524,0.406362920999527,1.5707273483276367,-0.07757607102394104,5.0802195801225025e-06,-5128.3744321262075,-0.005948124453425407,15077381834.902664,14851520085.772585,14957496302.0
train_tune_4e13c_01324_1324,CNN,0.0345657968898288,0.8826210058214428,0.8153075348358199,1.0766420364379883,4.242312908172607,-0.48159903287887573,2.8652400942519307e-05,-2097.9335596241244,-0.03773017227649689,714038.536003256,716707.5390770888,4845739998.0
train_tune_4e13c_01325_1325,CNN,0.1208261134452119,0.8934225907594716,0.8246088287246804,0.48867419362068176,1.5592519044876099,-0.11354978382587433,9.941022653947584e-06,-6919.61200510306,-0.005116987507790327,1822041056.5533016,1816787376.6237867,6710283270.0
train_tune_4e13c_01326_1326,CNN,0.065012597217658,0.8796098253360859,0.8395194816085946,1.1535780429840088,4.815012454986572,-0.5648782253265381,3.95125025534071e-05,-4370.926843948954,-0.021304680034518242,6200074.1192766605,6267030.770830532,23175544502.0
train_tune_4e13c_01327_1327,CNN,0.0633723775060324,0.8725100768311721,0.8562523397901542,1.4633829593658447,4.93151330947876,-1.1735761165618896,6.347778253257275e-05,-2116.867720126621,0.008288673125207424,24448.32407668177,24443.871981952696,1154690406.0
train_tune_4e13c_01328_1328,CNN,0.0649698960043787,0.8777923194378734,0.8334695046237521,1.1551023721694946,2.2345309257507324,-0.8637901544570923,7.560764788649976e-05,-2275.7750720810877,0.003435650607571006,24468.015129228865,24284.25601576564,325532222.0
train_tune_4e13c_01329_1329,CNN,0.1802190930520678,0.8515082740386624,0.8045041713369212,1.4863425493240356,5.7063422203063965,-1.0476195812225342,5.61179913347587e-05,-1674.0982472772525,-0.001027143793180585,929.0098849060703,929.0098849060703,18169382.0
train_tune_4e13c_01330_1330,CNN,0.1385614989353791,0.8426114423302552,0.8345028392233109,0.6585742235183716,2.314425468444824,-0.2272375375032425,1.222478113049874e-05,-2230.070748468061,0.014138685539364815,31368.24952764326,31358.551590287898,2288632206.0
train_tune_4e13c_01331_1331,CNN,0.0653023051108543,0.8248780066173068,0.8433787154287661,0.6323055624961853,2.279590606689453,-0.21697643399238586,2.1494877728400752e-05,-5788.222526339992,0.025962406769394875,78595336694.5002,78614915876.82506,16244730782.0
train_tune_4e13c_01332_1332,CNN,0.0330148229817469,0.8698502474219499,0.8121907048204217,0.31494319438934326,1.0634821653366089,-0.04845503717660904,1.0134865078725852e-05,-8184.259672323202,0.01907801255583763,6874334178.796539,6857924009.364212,36760255030.0
train_tune_4e13c_01333_1333,CNN,0.1206861634551551,0.8839238761864495,0.8439930436963454,0.9388943314552307,3.774742603302002,-0.5178385376930237,2.6338357201893814e-05,-2821.8188963787197,0.0463404506444931,1318031.966351613,1311358.8277265313,4851572990.0
train_tune_4e13c_01334_1334,CNN,0.0250267245173866,0.8222913860905415,0.8003146875137235,0.709797203540802,2.2325198650360107,-0.25425487756729126,1.2373041499813553e-05,-4741.620981459353,-0.006343018263578415,1086674404.319447,1052131939.596623,9510361510.0
train_tune_4e13c_01335_1335,CNN,0.0441648734175788,0.8937719104673927,0.8220749457905262,0.45269471406936646,1.5818759202957153,-0.09965144097805023,5.792191132059088e-06,-4014.3404480468985,0.009185874834656715,4206040.057415826,4165910.481865529,537510662.0
train_tune_4e13c_01336_1336,CNN,0.0653346543372963,0.8840708047090734,0.7736815934067072,1.0861433744430542,3.7972311973571777,-0.7277990579605103,3.353926513227634e-05,-4710.4732884719015,0.06148669496178627,1040334466.5196401,1078960228.9732165,4567595110.0
train_tune_4e13c_01337_1337,CNN,0.0666775439168978,0.8603924405870664,0.8738453716504342,0.4523282051086426,1.5092400312423706,-0.0922534167766571,1.1155176252941601e-05,-5229.029265993632,-0.008906249888241291,5998136866.338467,6035241077.801483,29387569566.0
train_tune_4e13c_01338_1338,CNN,0.0286604361370716,0.8495285702336325,0.8117595077693337,0.47941017150878906,1.8836352825164795,-0.11704905331134796,9.372844942845404e-06,-3756.3039531556597,0.0012495700502768159,2164068493.2357655,2172431503.7320414,16976473206.0
train_tune_4e13c_01339_1339,CNN,0.0381675569373572,0.8921144985475676,0.8510009918530578,1.0803475379943848,4.23018741607666,-0.5224555730819702,3.929140802938491e-05,-2285.9647468795647,-0.016539521515369415,70054.43592490145,70765.11191639991,6022709702.0
train_tune_4e13c_01340_1340,CNN,0.030679012345679,0.8207567358467833,0.7910426223007817,0.5940918326377869,1.7143943309783936,-0.1710144579410553,6.3171019064611755e-06,-4821.726849720636,-0.000954165356233716,1370542358.810309,1363613272.1489897,17435451934.0
train_tune_4e13c_01341_1341,CNN,0.0784068856323834,0.848722571281947,0.8101928272012305,1.1138635873794556,4.87074089050293,-0.6339749097824097,3.0250497729866765e-05,-1718.6388550429624,-0.004309358075261116,666.2879295964901,666.2879295964901,25955662.0
train_tune_4e13c_01342_1342,CNN,0.0666775439168978,0.899184577908651,0.8189764935256578,0.29239991307258606,1.130373477935791,-0.03784786909818649,4.330617230152711e-06,-17334.095894902573,-0.013679085299372673,62793837944.380356,61808060824.92494,23094614974.0
train_tune_4e13c_01343_1343,CNN,0.0649698960043787,0.602433015699913,0.5780017607554861,0.21970483660697937,0.4631524085998535,-0.01309335045516491,4.007203187939012e-06,-5962.468079897753,-0.0023913078475743532,1329356568.102622,1101066519.8888278,10141953070.0
train_tune_4e13c_01344_1344,CNN,0.1028944949536316,0.8411403720202472,0.8138054573215675,1.730216383934021,7.072079658508301,-1.7026231288909912,5.5530785175506026e-05,-1708.4184018100086,0.050601985305547714,800.6741877390077,800.6741877390077,12477926.0
train_tune_4e13c_01345_1345,CNN,0.0273237997957099,0.8485053455686761,0.8384691567480078,1.5608352422714233,5.119295597076416,-1.5308140516281128,8.381767838727683e-05,-1967.3342201141063,0.0777103453874588,888.8852502065596,888.8852502065596,13791494.0
train_tune_4e13c_01346_1346,CNN,0.0520574460930259,0.8250972313501054,0.8256039310872542,0.5330132246017456,1.9021761417388916,-0.15121449530124664,1.4083100722928066e-05,-3430.350300058858,0.024829912930727005,31470363.88011063,31240099.755719304,7210427126.0
train_tune_4e13c_01347_1347,CNN,0.1268957068174643,0.8147835438265537,0.8183083427490941,0.14131039381027222,0.5275033116340637,-0.007941680029034615,2.0814507024624618e-06,-8072.437470456986,0.0031416534911841154,1092270991546.5632,1081271641588.2927,20265067022.0
train_tune_4e13c_01348_1348,CNN,0.2645580344791151,0.8310590284071199,0.8287339804147619,1.5181986093521118,4.261837959289551,-1.3475255966186523,3.181615466019139e-05,-1858.3069046484222,0.001706412062048912,596.6731787495531,596.6731787495531,4244630.0
train_tune_4e13c_01349_1349,CNN,0.055763134057971,0.861166718814215,0.8094775864937523,0.229213684797287,0.8173611760139465,-0.02304130792617798,2.805570147756953e-06,-15210.464183404672,-0.005149839911609888,3351632237167.683,3291263809066.0225,19223995334.0
train_tune_4e13c_01350_1350,CNN,0.030679012345679,0.8968136346054728,0.8301276124288721,0.22637313604354858,0.8871844410896301,-0.024149581789970398,5.693045750376768e-06,-6599.248734126508,0.001879710122011602,1497639808.8208187,1488448686.5260625,14216266134.0
train_tune_4e13c_01351_1351,CNN,0.0291015140233308,0.9120926941623088,0.8540970555425401,0.24984800815582275,0.7121624946594238,-0.02460061013698578,2.305324414919596e-06,-41933.98076489879,-0.007918799296021461,1631930244000.2407,1659702639628.4182,12159424822.0
train_tune_4e13c_01352_1352,CNN,0.0651947053331136,0.7200250905479662,0.6838207393505291,0.651596188545227,2.489058494567871,-0.21785639226436615,2.1443658624775708e-05,-3532.3647308957766,0.011273819953203201,22048455.474242404,22218363.38554117,3204881750.0
train_tune_4e13c_01353_1353,CNN,0.0291015140233308,0.8202844946875265,0.8455189601513354,0.17521627247333527,0.5178741812705994,-0.011556041426956654,3.819963239948265e-06,-17264.94362863089,0.005239488556981087,707665009489.9163,718415289770.3677,13234153478.0
train_tune_4e13c_01354_1354,CNN,0.1204794667561389,0.8506053172918701,0.8656784696018801,0.7614834308624268,3.0349907875061035,-0.2897598147392273,2.1469941202667542e-05,-2246.035010955351,-0.005059103947132826,33525.99857498445,33477.77287250542,5515384830.0
train_tune_4e13c_01355_1355,CNN,0.1630800896903506,0.8859419170403283,0.8623161420507829,1.1010876893997192,4.629237651824951,-0.5968273282051086,5.5645556130912155e-05,-1897.5422461536884,-0.009612180292606354,31390.284296813796,31842.29242387136,7431589622.0
train_tune_4e13c_01356_1356,CNN,0.0311579211334712,0.8755307917279648,0.827175983614151,0.5286544561386108,1.92863929271698,-0.13841965794563293,8.273562343674712e-06,-3706.9514817702766,0.011384312063455582,60292535.35714221,58800348.776483744,14024121606.0
train_tune_4e13c_01357_1357,CNN,0.030679012345679,0.8842353746397001,0.8104077644004583,0.5804881453514099,2.096287250518799,-0.1772489845752716,1.998466905206442e-05,-10367.83441465707,0.02137516811490059,2236700506.423366,2241182845.924488,11410939326.0
train_tune_4e13c_01358_1358,CNN,0.0649698960043787,0.9083881485451768,0.820446317568813,0.5108315944671631,1.9631736278533936,-0.11777849495410919,1.1511265256558545e-05,-6712.527953083454,-0.012091277167201042,895052637.8821614,901850079.3961635,9423222030.0
train_tune_4e13c_01359_1359,CNN,0.0287431345451968,0.8336890576568154,0.8436373519371463,1.1255004405975342,4.699621200561523,-0.5939310789108276,4.405312574817799e-05,-1929.8653483164583,-0.007662925869226456,21046.174910435235,20506.338611281928,2435741838.0
train_tune_4e13c_01360_1360,CNN,0.055763134057971,0.852119251218614,0.8274296416800503,0.16985660791397095,0.5855507850646973,-0.011593783274292946,3.222655777790351e-06,-27638.84947588753,0.0038057840429246426,542238978463.38086,546902295716.8816,5540117870.0
train_tune_4e13c_01361_1361,CNN,0.055763134057971,0.7692995761469194,0.8261817031804798,0.5311508178710938,1.9129785299301147,-0.13973580300807953,8.211718522943556e-06,-4015.10260024964,0.0013382607139647007,929691343.251696,942387744.1445109,12638786502.0
train_tune_4e13c_01362_1362,CNN,0.0280602636534839,0.8728001263449715,0.8178240986447348,0.27999189496040344,0.35710740089416504,-0.011400631628930569,1.1730054211511742e-05,-11522.503766577978,-0.004392566625028849,133542593.8736572,133589538.53218026,3242766182.0
train_tune_4e13c_01363_1363,CNN,0.0454141683322229,0.8274609922151378,0.8166681880201573,0.6279090642929077,2.380833387374878,-0.196318119764328,1.1512850505823735e-05,-2111.5757509994696,0.002601739950478077,687645.7617018146,695381.7703331123,4495456358.0
train_tune_4e13c_01364_1364,CNN,0.1374571459970452,0.8905842873228803,0.8607642546026827,0.6495797634124756,2.4619641304016113,-0.2116263061761856,1.111523943109205e-05,-11303.53053183861,0.00103658193256706,18657154.766440894,18599768.462268084,6599838662.0
train_tune_4e13c_01365_1365,CNN,0.1213203166168403,0.7984459154753877,0.8009587381488199,1.50370454788208,5.471474647521973,-1.2718608379364014,3.0271196010289714e-05,-1845.4635132063536,0.03763165324926376,466.4445934740804,466.4445934740804,5723150.0
train_tune_4e13c_01366_1366,CNN,0.055763134057971,0.8307006987841573,0.8321365036212717,0.24668611586093903,0.9133815169334412,-0.028387660160660744,5.353851520339958e-06,-110726.14541904526,0.008448359556496143,1929664747265.052,1953673864623.4902,10404434190.0
train_tune_4e13c_01367_1367,CNN,0.0377089263666067,0.8718668495476439,0.8261430292307917,0.6284582018852234,2.4264800548553467,-0.21647417545318604,1.7824189853854477e-05,-4500.689354974546,0.021058339625597,67984403.15379177,67926598.06387739,7175929566.0
train_tune_4e13c_01368_1368,CNN,0.151904508210262,0.8917869731941573,0.8229064116996847,0.20381304621696472,0.808996856212616,-0.0186433345079422,3.802914989137207e-06,-3133.7603390339677,-0.0022345224861055613,6758636.903516166,6750919.685644783,11979864118.0
train_tune_4e13c_01369_1369,CNN,0.0306224899598393,0.8812862837748011,0.863096567109181,0.7100081443786621,2.8813862800598145,-0.2471870332956314,2.0007742932648398e-05,-2433.3266893351074,-0.0018998701125383377,50551.88443238537,50361.18755994178,7671215862.0
train_tune_4e13c_01370_1370,CNN,0.1088259114804531,0.8919094993987885,0.8330437842001942,1.1614670753479004,4.428954124450684,-0.7955237627029419,5.967831748421304e-05,-3395.600770492839,0.050343334674835205,2687061.1932783267,2709321.151579232,7666009086.0
train_tune_4e13c_01371_1371,CNN,0.0291015140233308,0.8445960791271746,0.845130933329397,0.4712519347667694,1.6518011093139648,-0.10841254889965057,1.0037988431577105e-05,-4509.774890455403,0.004927248228341341,3750838237.8026333,3717010606.022974,28774622542.0
train_tune_4e13c_01372_1372,CNN,0.0329633101673475,0.8767886951630487,0.8612082936065953,0.7537863254547119,2.9328715801239014,-0.30373257398605347,1.8062046365230344e-05,-2366.72979886386,0.03400692343711853,50119.90936115559,50029.406628455625,7280854854.0
train_tune_4e13c_01373_1373,CNN,0.0187351998885638,0.7902411758523139,0.7940698486725767,0.39917290210723877,0.6574078798294067,-0.057763244956731796,1.2211836292408407e-05,-3102.2222505394393,-0.008778175339102745,148498018.28231418,150423882.92909545,4454574974.0
train_tune_4e13c_01374_1374,CNN,0.0695616502578527,0.7824073585565241,0.8133077482998999,0.42201000452041626,1.1153982877731323,-0.08884267508983612,1.3022523489780724e-05,-12899.401157715096,-0.005994229577481747,1243117967.0108862,1293275120.5652509,12971542046.0
train_tune_4e13c_01375_1375,CNN,0.030679012345679,0.9085114134649568,0.8393378926211227,0.7579889297485352,3.2062630653381348,-0.27588900923728943,1.8398968677502126e-05,-7055.536348081581,-0.008543608710169792,5597835089.170168,6170660964.069126,18186614062.0
train_tune_4e13c_01376_1376,CNN,0.1849089389475459,0.8767221991160955,0.8226041116571596,0.7439427971839905,1.2568295001983643,-0.35598498582839966,2.8093143555452116e-05,-2245.2773734970715,0.010920784436166286,13042.443973074809,12955.154670335734,401584598.0
train_tune_4e13c_01377_1377,CNN,0.0330148229817469,0.8317807624636678,0.8403077815352734,0.5827843546867371,2.2227141857147217,-0.17546893656253815,1.577441071276553e-05,-14158.457662715531,0.010690362192690372,893142561040.0979,826969397496.509,9741867758.0
train_tune_4e13c_01378_1378,CNN,0.0495910757138593,0.8519570253246522,0.7845265824274881,1.0245620012283325,4.08746862411499,-0.5268317461013794,3.0884799343766645e-05,-1736.6940032297643,0.001594653818756342,577.129505337177,577.129505337177,19312718.0
train_tune_4e13c_01379_1379,CNN,0.1213984445239474,0.8401683085643326,0.8106971430367698,2.6247377395629883,7.890664100646973,-5.174849033355713,0.00017243812908418477,-1944.2113602191712,0.17579388618469238,1136.659746106184,1136.659746106184,7271750.0
train_tune_4e13c_01380_1380,CNN,0.0330148229817469,0.8064334326417925,0.8250531477777395,0.31787413358688354,1.1829257011413574,-0.04928956180810928,6.7948285504826345e-06,-5911.07079759977,0.0029229705687612295,17035915096.262648,17192596728.231216,14348058310.0
train_tune_4e13c_01381_1381,CNN,0.030718833055195,0.8460608758623059,0.8114031787035607,1.625903606414795,6.705569267272949,-1.4424266815185547,7.530982111347839e-05,-1762.9475059553067,0.031130950897932053,928.8203111241489,928.8203111241489,17029206.0
train_tune_4e13c_01382_1382,CNN,0.0666775439168978,0.6239991840904736,0.6425250244374636,0.7940734028816223,3.3146848678588867,-0.32150551676750183,3.0184079150785692e-05,-3197.782384885397,0.0014776918105781078,513855028.9473697,502846835.9879105,7302026006.0
train_tune_4e13c_01383_1383,CNN,0.0649698960043787,0.915306993282771,0.8140231690493179,0.21035948395729065,0.8060097694396973,-0.020121723413467407,6.468203537224326e-06,-12127.801010703663,0.004339102655649185,174356566673.0074,175066313834.42932,6524784462.0
train_tune_4e13c_01384_1384,CNN,0.0648760474057557,0.847943361915008,0.8325539035006063,0.8066881895065308,3.097277879714966,-0.3282948434352875,2.9435545002343133e-05,-2172.971724270838,0.003747680690139532,543694.4250530595,544810.8754193693,2705015894.0
train_tune_4e13c_01385_1385,CNN,0.0539608128701448,0.8887632604581747,0.8496572385538687,0.9384437203407288,3.26460599899292,-0.3571857213973999,3.2692900276742876e-05,-2079.92339299068,-0.038416244089603424,42930.20414312108,42766.84861105487,5114007238.0
train_tune_4e13c_01386_1386,CNN,0.0091972678704267,0.8842422836778859,0.8334705981032066,0.49972522258758545,1.8041998147964478,-0.11431996524333954,7.725720024609473e-06,-3481.719209516951,-0.008996165357530117,61894916.84979232,61391035.77229562,11568805062.0
train_tune_4e13c_01387_1387,CNN,0.1315586781944687,0.8823293646397353,0.8266687756769447,1.308451771736145,5.755967617034912,-0.9402018785476685,3.937156361644156e-05,-1866.8716560353012,0.020363811403512955,1145.9453429724572,1145.9453429724572,49365254.0
train_tune_4e13c_01388_1388,CNN,0.055763134057971,0.8090173883015915,0.828336113982127,0.6299811601638794,1.7365552186965942,-0.2238100916147232,7.937990631035063e-06,-4311.128118228879,0.01564255729317665,10383759648.15049,9989392325.468325,4664386190.0
train_tune_4e13c_01389_1389,CNN,0.0565083028250845,0.8680523266724363,0.801839429776234,1.5281322002410889,6.419285774230957,-1.152454137802124,3.9118502172641456e-05,-1725.9526492934642,-0.013477788306772709,1126.2638138215905,1126.2638138215905,24223622.0
train_tune_4e13c_01390_1390,CNN,0.0330148229817469,0.8395578913347624,0.8350424815002174,0.3889439105987549,0.6458631157875061,-0.06331179291009903,1.1499450920382515e-05,-9941.73754469467,0.012661907821893692,4944235947.528614,5031024821.204563,8663807230.0
train_tune_4e13c_01391_1391,CNN,0.1297748333560651,0.8427725630902551,0.8295279127119972,0.8615387678146362,3.2667055130004883,-0.29348716139793396,2.9434551834128797e-05,-2070.1124734788054,-0.037347450852394104,27813.38283862183,27526.43499438728,2778960934.0
train_tune_4e13c_01392_1392,CNN,0.055763134057971,0.8603787671408355,0.8240603759978194,0.4847303330898285,1.8271597623825073,-0.12273801863193512,1.0598856533761136e-05,-7941.451282414815,0.01656748726963997,2099088026.5173273,2091963643.1152956,9439219638.0
train_tune_4e13c_01393_1393,CNN,0.0330148229817469,0.8256314601409818,0.7658426554073055,0.40305638313293457,1.3626481294631958,-0.07879874855279922,1.0635796570568345e-05,-3953.045604979912,0.003945287317037582,9296648.625173572,8862643.796067756,1894711382.0
train_tune_4e13c_01394_1394,CNN,0.1796192986894253,0.8858385961411711,0.8796579801941196,0.9077643156051636,2.2680461406707764,-0.44192689657211304,2.132672852894757e-05,-9927.31280071974,0.0015975246205925941,45565339976.643166,47158983927.2473,18304938302.0
train_tune_4e13c_01395_1395,CNN,0.108680788617638,0.8443268163608529,0.8519188385867076,1.094856858253479,3.308615207672119,-0.6803949475288391,5.074937507743016e-05,-2096.9015504403997,0.03884904086589813,16030.13653449299,15878.636535345588,600655670.0
train_tune_4e13c_01396_1396,CNN,0.1962169623296557,0.8497019252764315,0.7953245170559797,1.5526716709136963,4.638903617858887,-1.0205665826797485,0.00010049402771983296,-1763.8609022649737,-0.033140696585178375,764.0420216582268,764.0420216582268,4850054.0
train_tune_4e13c_01397_1397,CNN,0.0649698960043787,0.8002910764705434,0.7959895146279837,0.5993325114250183,2.330590009689331,-0.15956169366836548,1.4174542229739018e-05,-2561.359851096349,-0.01932249218225479,33001467.066412903,33169537.937427275,14452479358.0
train_tune_4e13c_01398_1398,CNN,0.0291015140233308,0.6212217693212111,0.5862322875396827,0.4247930645942688,1.786082148551941,-0.0889541357755661,1.3306821529113222e-05,-9329.0946018648,0.0023859438952058554,669904539452.4712,681376162269.3098,10909107646.0
train_tune_4e13c_01399_1399,CNN,0.1285415671028101,0.8714526723529619,0.8192594687014019,0.8124442100524902,2.5125961303710938,-0.294180303812027,2.730096093728207e-05,-10256.73072885517,-0.028278369456529617,7297341287.180333,7187609953.592308,18524922278.0
train_tune_4e13c_01400_1400,CNN,0.055763134057971,0.8341185420193682,0.7443296806057461,1.0769912004470825,2.9515180587768555,-0.7576728463172913,8.243793854489923e-05,-3063.612363815794,0.059270285069942474,56630834.09998417,56001525.829269946,20559475310.0
train_tune_4e13c_01401_1401,CNN,0.0589150068784018,0.8963524238068564,0.825272496095225,0.919346809387207,3.4141132831573486,-0.40834149718284607,5.15774663654156e-05,-3236.569989451038,0.0008088054601103067,1659146.7540929113,1652350.6341462384,4963019094.0
train_tune_4e13c_01402_1402,CNN,0.0667646898654903,0.8521683352896153,0.8017087350117943,1.1917120218276978,3.9026739597320557,-0.43003785610198975,0.00012811628403142095,-1821.011396552975,-0.06797769665718079,698.7292802361916,698.7292802361916,6666326.0
train_tune_4e13c_01403_1403,CNN,0.0330148229817469,0.9003346200206974,0.8065725084129084,0.3428201675415039,0.7847856283187866,-0.04843425750732422,5.808697096654214e-06,-5666.704260079694,0.0046142032369971275,51372511275.28238,49200713289.13561,20256909526.0
train_tune_4e13c_01404_1404,CNN,0.0649698960043787,0.6426759757215881,0.5649279994087605,0.2733684778213501,0.8095005750656128,-0.03130606561899185,3.159028665322694e-06,-4250.851876106227,-0.002616854850202799,700064083.7207971,716928766.0379913,636168670.0
train_tune_4e13c_01405_1405,CNN,0.0330148229817469,0.8684307452966459,0.8152750199899126,1.2537411451339722,5.01565408706665,-0.8464575409889221,6.116977601777762e-05,-1662.1108790030544,0.03234709054231644,874.5928745355587,874.5928745355587,24165494.0
train_tune_4e13c_01406_1406,CNN,0.0129006094092567,0.8284909534183652,0.7883622231752003,0.2659456431865692,0.8771861791610718,-0.030698876827955246,3.7662641716451617e-06,-9816.843945151659,-0.008481185883283615,38770094593.25795,38906103189.74559,16152700910.0
train_tune_4e13c_01407_1407,CNN,0.0484255644197894,0.7762240470615143,0.8009826008403774,0.6430343985557556,2.0285115242004395,-0.1640714704990387,2.8640723030548543e-05,-25261.26160850503,-0.029906921088695526,45070563658.748764,44541349945.02403,6715731798.0
train_tune_4e13c_01408_1408,CNN,0.1808863780388298,0.874425922968049,0.8630055924638321,0.9288763999938965,3.4553701877593994,-0.428938627243042,3.57237113348674e-05,-2134.299136956406,-0.0005515553057193756,62456.920745310534,62092.67697170723,7773839678.0
train_tune_4e13c_01409_1409,CNN,0.0371980676328502,0.568012493354524,0.5431566140208453,0.4547244608402252,1.759655475616455,-0.1022241860628128,8.107201210805215e-06,-4606.157046732586,0.0035288126673549414,453985746.4458854,453692882.036044,6419627318.0
train_tune_4e13c_01410_1410,CNN,0.0473039298346736,0.866431432936241,0.8320146518686403,0.4321475625038147,1.566479206085205,-0.09215223789215088,6.158732503536157e-06,-3908.4624773724595,0.0003904212499037385,83675974.46824478,84412689.20374635,12377572302.0
train_tune_4e13c_01411_1411,CNN,0.0330148229817469,0.8045941751528319,0.836503303997708,0.41227462887763977,1.6754406690597534,-0.08240466564893723,6.252496859815437e-06,-3910.892678448433,-0.0012257236521691084,812643716.6709788,804546824.160977,7903101998.0
train_tune_4e13c_01412_1412,CNN,0.038192015957535,0.8534954065666517,0.8048935709720109,3.1992199420928955,6.68158483505249,-8.853968620300293,0.00028456345899030566,-2155.3581100261586,0.17019113898277283,926.0706420268613,926.0706420268613,2230022.0
train_tune_4e13c_01413_1413,CNN,0.0501500919154515,0.8380341052328948,0.8183087899957506,1.1991078853607178,4.8466877937316895,-0.6964994668960571,2.2930245904717594e-05,-1716.7340402495304,-0.021233990788459778,563.4661963814983,563.4661963814983,12318038.0
train_tune_4e13c_01414_1414,CNN,0.267138758363182,0.8675879460804145,0.8543996511435697,1.0542831420898438,3.9109249114990234,-0.5368050336837769,2.6575760784908198e-05,-2474.0170459159904,-0.01838741824030876,69085.90014394798,68970.23319863563,5769211630.0
train_tune_4e13c_01415_1415,CNN,0.1551819907195187,0.8692199550990883,0.790021085562595,0.3189806342124939,1.2145496606826782,-0.04806424677371979,9.875519026536494e-06,-8493.433050517353,-0.00029501516837626696,71500274572.63562,70163032215.41081,20392076054.0
train_tune_4e13c_01416_1416,CNN,0.0330391075150177,0.7783980196243682,0.7884003079153183,0.4158099889755249,1.4456485509872437,-0.07780976593494415,7.355067282333039e-06,-8199.014140868927,-0.010248210281133652,372905320267.9604,351125529542.3581,8626508790.0
train_tune_4e13c_01417_1417,CNN,0.030679012345679,0.8781260800227214,0.815338688058405,0.2854098975658417,0.266918420791626,-0.006521524395793676,9.822671017900575e-06,-31787.49704485164,0.0019372261594980955,207583791107.8999,206826730394.70358,19827092702.0
train_tune_4e13c_01418_1418,CNN,0.030679012345679,0.8716611247664829,0.8150236366908169,0.4944037199020386,1.8097310066223145,-0.12450436502695084,7.917001312307548e-06,-5797.066236625078,0.00804634764790535,31354568782.16788,31232158916.09514,11234811646.0
train_tune_4e13c_01419_1419,CNN,0.0615227113261167,0.8690636161797823,0.8294903585232102,0.7329255938529968,2.7633023262023926,-0.2604890465736389,1.7301692423643544e-05,-5001.541029528369,-0.008401263505220413,3675646389.141435,3680026607.99121,20969296806.0
train_tune_4e13c_01420_1420,CNN,0.0504052684903748,0.8613904349884115,0.8409401261660593,0.6547828912734985,2.6658172607421875,-0.21004155278205872,1.3389490050030872e-05,-2076.8676987919052,-0.0019371171947568655,547991.1205381087,542542.4767924503,2255379638.0
train_tune_4e13c_01421_1421,CNN,0.0718391704570164,0.854976281872454,0.7983510230836252,0.8898872137069702,3.9330263137817383,-0.42302215099334717,1.8071070371661335e-05,-1859.1394360633221,0.010966368019580841,572.4228697595288,572.4228697595288,32161862.0
train_tune_4e13c_01422_1422,CNN,0.0649698960043787,0.611136522261733,0.6123643996424465,0.09119674563407898,0.29501593112945557,-0.0023008615244179964,2.4848454813763965e-06,-12903.775194985037,-0.0019585343543440104,149617341952.41058,146939337307.206,13780780110.0
train_tune_4e13c_01423_1423,CNN,0.134053629310186,0.7199577977654759,0.6617728604712264,0.4785722494125366,1.9229635000228882,-0.11774161458015442,1.1238298611715436e-05,-6534.6226691489965,0.004496742971241474,1286132137.086553,1257132637.4878936,6480930566.0
train_tune_4e13c_01424_1424,CNN,0.0484248616432524,0.846639067233753,0.8000917652605529,1.6251760721206665,4.2292680740356445,-1.5725868940353394,0.00011971467029070482,-2226.4855963617233,0.031238876283168793,621.694032474114,621.694032474114,3336494.0
train_tune_4e13c_01425_1425,CNN,0.055763134057971,0.5778515597955957,0.5578384296563029,0.2135680913925171,0.7634952664375305,-0.018610410392284393,3.431967115830048e-06,-3595.1515272573156,-0.001068456214852631,2603842231.768892,2497601786.379326,4356191758.0
train_tune_4e13c_01426_1426,CNN,0.0666775439168978,0.8569166545468075,0.7863532933437151,0.19218957424163818,0.294475257396698,-0.0057822647504508495,3.911782187060453e-06,-17289.797259881918,-0.00295577896758914,7210189891.127498,7011224477.218235,7514005454.0
train_tune_4e13c_01427_1427,CNN,0.0649698960043787,0.8773490318718359,0.8466541882895521,0.7969207763671875,2.9383578300476074,-0.29494374990463257,3.1277642847271636e-05,-2687.164155700776,-0.010684413835406303,2186604.2272440586,2182463.203291281,8479729982.0
train_tune_4e13c_01428_1428,CNN,0.0676353276353276,0.890992285390409,0.8487276083743028,1.3061848878860474,5.8009033203125,-0.7716507911682129,5.6071148719638586e-05,-2317.062831854629,-0.023747120052576065,28164.56504636259,28711.95730274244,1809544670.0
train_tune_4e13c_01429_1429,CNN,0.055763134057971,0.9021312938949958,0.8248525254133412,0.6544622182846069,2.3512442111968994,-0.21674254536628723,1.523877745057689e-05,-11906.871786836304,0.00631809001788497,6057624420.250946,5929931026.4729,27498486326.0
train_tune_4e13c_01430_1430,CNN,0.0330148229817469,0.7094665857971624,0.8787175972485347,0.6528175473213196,2.4422214031219482,-0.21482056379318237,1.3846765796188265e-05,-75215.336897311,-0.002492977073416114,22112441449986.11,22013480307000.8,31631784430.0
train_tune_4e13c_01431_1431,CNN,0.0306976744186046,0.9107095927748784,0.7925458713010665,0.4249098300933838,1.2627708911895752,-0.09202829003334045,1.64868870342616e-05,-7144.832809778939,0.006813430693000555,197057521.28096795,194823542.23857376,3321190166.0
train_tune_4e13c_01432_1432,CNN,0.055763134057971,0.4849469759863538,0.4424406075417588,0.17153245210647583,0.6100884675979614,-0.012712991796433926,2.266086767122033e-06,-2422.691665208415,-0.001636311411857605,16657445.678601664,17174285.308169797,1526395590.0
train_tune_4e13c_01433_1433,CNN,0.1392054680210919,0.8191654337679283,0.8311248473193599,0.938683271408081,2.8095438480377197,-0.6018646359443665,4.88708246848546e-05,-2516.195978646979,0.08653005957603455,29757958.324641652,29618350.63353733,7293144326.0
train_tune_4e13c_01434_1434,CNN,0.0330148229817469,0.8514139165998079,0.8334695307830319,0.303077757358551,1.156516432762146,-0.04325904697179794,3.175305437252973e-06,-67412.84538779891,0.0022187898866832256,9955058899540.137,9695917735165.17,26245328030.0
train_tune_4e13c_01435_1435,CNN,0.0941483450022768,0.8323502951237982,0.8042023409357651,1.2859091758728027,4.780966281890869,-0.724276602268219,0.00012012144725304097,-1805.283801738532,-0.023648031055927277,32097.72047508769,32010.85974587303,2188210606.0
train_tune_4e13c_01436_1436,CNN,0.0341088773435735,0.8368467544347261,0.8318482996077922,0.6197440028190613,1.0102770328521729,-0.19787411391735077,1.1678068403853104e-05,-5678.121079475134,-0.008860339410603046,401630639.9179461,395559428.018203,9495136070.0
train_tune_4e13c_01437_1437,CNN,0.030679012345679,0.885176427311183,0.834621680472662,0.3369201123714447,0.7932231426239014,-0.05010572075843811,3.976452717324719e-06,-6871.3424694706555,-0.007414103485643864,69184732.51114225,69474414.32779261,15744834934.0
train_tune_4e13c_01438_1438,CNN,0.0132545357559968,0.8400438785383271,0.7872134797996173,1.6420888900756836,5.909021377563477,-1.5783233642578125,6.210170249687508e-05,-1853.038471285027,0.08945763856172562,760.1538356455485,760.1538356455485,9449062.0
train_tune_4e13c_01439_1439,CNN,0.0291015140233308,0.7557911452943714,0.7145202644695848,0.9943410158157349,4.339760780334473,-0.5219903588294983,3.1825737096369267e-05,-1791.0566238761803,0.005255621857941151,256060.8938494192,247282.25788639224,1068581150.0
train_tune_4e13c_01440_1440,CNN,0.1497651012029887,0.8579212336929013,0.8456353459018842,0.6177700161933899,2.6003873348236084,-0.16411420702934265,1.5207609976641834e-05,-2678.2311661394288,-0.02967504970729351,1933756.8351676294,1923778.0580018084,11559242742.0
train_tune_4e13c_01441_1441,CNN,0.0788893900187747,0.8451785980353973,0.8464855874745392,0.8920152187347412,3.292571544647217,-0.39303386211395264,2.5014156562974676e-05,-4339.628107838104,-0.0024324790574610233,40665724.69897468,40981199.745800875,6222234134.0
train_tune_4e13c_01442_1442,CNN,0.0666775439168978,0.8986615483891568,0.8267196723294229,0.5784668922424316,2.484257221221924,-0.16983820497989655,9.877133379632141e-06,-6182.68764003893,0.002375760581344366,4061998664.1765246,4073938817.688423,23811705198.0
train_tune_4e13c_01443_1443,CNN,0.1133530482233772,0.85682707417598,0.8220071730669828,1.1828396320343018,4.926820755004883,-0.7255859971046448,5.939180846326053e-05,-1738.4579561130097,0.025181660428643227,858.5022889382703,858.5022889382703,28367030.0
train_tune_4e13c_01444_1444,CNN,0.0557820817759655,0.8650425705465814,0.8286400770835013,0.5660927295684814,2.311934232711792,-0.15202146768569946,8.837046152621042e-06,-6251.566152668992,-0.010531855747103691,90017807.39330062,94024436.78673463,23757309126.0
train_tune_4e13c_01445_1445,CNN,0.0330208907676285,0.8658584865927629,0.8439659238745252,1.1595137119293213,4.563221454620361,-0.6780644655227661,3.279247903265059e-05,-1778.3018007919732,0.010584153234958649,976.471972916992,976.471972916992,32023046.0
train_tune_4e13c_01446_1446,CNN,0.0427825043292585,0.8701147879357854,0.8530972372787119,0.8698992729187012,3.685556650161743,-0.3926581144332886,2.2784894099459052e-05,-2279.9261450546483,0.008686917833983898,50333.8491049356,50385.81495079075,7820003414.0
train_tune_4e13c_01447_1447,CNN,0.0330148229817469,0.8707192276321085,0.8234651950421809,0.2123301923274994,0.8073024153709412,-0.02010221779346466,2.546011501181056e-06,-5596.73011712057,-0.003330543637275696,576663090.367068,546870216.8842114,14165106334.0
train_tune_4e13c_01448_1448,CNN,0.0113253990826889,0.8903961888173216,0.8614488375336369,0.7957947254180908,2.5645031929016113,-0.2914116382598877,2.1917912818025798e-05,-3236.1379308707724,-0.012061815708875656,2319282.8574097864,2314809.4797776975,9115998046.0
train_tune_4e13c_01449_1449,CNN,0.1078834502080116,0.8560112815254364,0.8668003435836052,1.0030466318130493,2.6068310737609863,-0.602124810218811,3.9930739148985595e-05,-2381.0966868821097,0.004649764858186245,23009.565463618557,22837.70339904367,606393238.0
train_tune_4e13c_01450_1450,CNN,0.0666775439168978,0.8494232849048179,0.8006771699379112,0.20737189054489136,0.8001739978790283,-0.018471483141183853,3.908417056663893e-06,-25519.003082285843,-0.0019019357860088348,4431052489220.719,4484085514365.999,26795765126.0
train_tune_4e13c_01451_1451,CNN,0.1420376971950164,0.8627232461252774,0.8393538248269087,1.4327945709228516,3.865022659301758,-1.0697213411331177,3.53325049218256e-05,-1850.7940870607108,-0.0007036486640572548,741.1341513236031,741.1341513236031,5787398.0
train_tune_4e13c_01452_1452,CNN,0.030679012345679,0.8673852891726592,0.8377145611326416,1.6193958520889282,6.055448532104492,-1.5624946355819702,7.821320468792692e-05,-1928.7920979047913,0.07899751514196396,1085.6232749871908,1085.6232749871908,23853542.0
train_tune_4e13c_01453_1453,CNN,0.0041163645259568,0.8521202175550279,0.8343925425761197,1.501511812210083,3.1790103912353516,-1.9561874866485596,0.00010303208546247333,-2100.015453290554,0.17208723723888397,8480.301370251278,8548.775190684588,65034382.0
train_tune_4e13c_01454_1454,CNN,0.0291015140233308,0.886671928217921,0.7861503637617661,0.2136184573173523,0.5459669232368469,-0.01423578429967165,8.581700967624784e-06,-17749.93453966087,-0.006814781576395035,14332274032.785,14303318662.243904,11443201662.0
train_tune_4e13c_01455_1455,CNN,0.055763134057971,0.8051767202935802,0.8228000686643165,0.5720735192298889,1.6908879280090332,-0.1692437082529068,7.132591235858854e-06,-6767.982825599492,0.0037526299711316824,20880313242.841244,21198699508.760193,7189552342.0
train_tune_4e13c_01456_1456,CNN,0.0291503511716079,0.8152469039131648,0.7730832192754559,0.8681380748748779,3.6119303703308105,-0.333515465259552,4.579897358780727e-05,-2804.445704393371,-0.022011518478393555,50232205.0345494,51355699.5098955,16101394206.0
train_tune_4e13c_01457_1457,CNN,0.0464875058934464,0.8588532173126592,0.8316793084484507,0.9870269298553467,3.924652099609375,-0.5680845379829407,3.225924592697993e-05,-2339.388543840063,0.051462505012750626,1578219.3692089308,1620697.8147458343,17654823526.0
train_tune_4e13c_01458_1458,CNN,0.045136117761816,0.8227195236310317,0.8135014576138873,0.5803210735321045,1.8871121406555176,-0.15447302162647247,1.42987792060012e-05,-3495.2278581342644,-0.011614049784839153,7933667.373358812,8148401.258052809,1551960182.0
train_tune_4e13c_01459_1459,CNN,0.0330148229817469,0.8588515264903861,0.8363478904489562,0.8672590255737305,2.8775105476379395,-0.38529032468795776,2.958647019113414e-05,-3111.0301954020592,-0.0006673184689134359,39329333.53066933,39381361.15340982,12480061790.0
train_tune_4e13c_01460_1460,CNN,0.0291015140233308,0.9076653850857213,0.8167737333587183,0.7213563919067383,2.8334226608276367,-0.2571461796760559,2.3115970179787837e-05,-9022.414898784376,-0.00040687830187380314,69596647761.93234,69346425648.11354,14633991486.0
train_tune_4e13c_01461_1461,CNN,0.0806895555170221,0.8838334567609389,0.8308346643210077,0.5201480388641357,1.8024835586547852,-0.14130137860774994,8.20235800347291e-06,-2493.9518485419057,0.019956834614276886,841663.317337269,838070.8987040031,6016920574.0
train_tune_4e13c_01462_1462,CNN,0.0666775439168978,0.8454645515877902,0.8255934888839908,0.41102951765060425,1.291468858718872,-0.07782050967216492,1.1342559446347877e-05,-4635.941433729152,-0.011318065226078033,2009781274.4864616,2046483987.6871443,11679890430.0
train_tune_4e13c_01463_1463,CNN,0.065012597217658,0.7539911054877525,0.7780330950231301,0.3526388108730316,0.7547339797019958,-0.05285380780696869,6.382201718224678e-06,-5267.798070126856,-0.0011769001139327884,449863439023.85675,438059127355.1266,23585866246.0
train_tune_4e13c_01464_1464,CNN,0.100011990370005,0.8689895940194751,0.8511297136869902,0.9393685460090637,3.7038822174072266,-0.3846837282180786,3.3721200452419e-05,-2536.8565557101174,-0.030055612325668335,75983.98480781648,75933.32835630288,8644454622.0
train_tune_4e13c_01465_1465,CNN,0.0860932009322068,0.8749604018309399,0.8238098518754339,1.3067562580108643,5.452083110809326,-0.8365586996078491,3.234333416912705e-05,-1877.1559703205344,-0.006249156780540943,1155.7584491945872,1155.7584491945872,38248454.0
train_tune_4e13c_01466_1466,CNN,0.1043049802548413,0.8510459916276899,0.8512991037538842,0.7155308127403259,2.3811657428741455,-0.24799486994743347,1.8241389625472948e-05,-4326.345289215162,-0.009930088184773922,347075706.85975194,325012012.5598409,5522037774.0
train_tune_4e13c_01467_1467,CNN,0.0044257579110422,0.6041239485902791,0.5883849056243653,0.7524594664573669,2.5175328254699707,-0.2748410999774933,1.751544732542243e-05,-5870.649174842266,0.003970594145357609,1598932227644.5862,1622229620914.0986,13237290374.0
train_tune_4e13c_01468_1468,CNN,0.0649912395970214,0.8954681658588602,0.8116122222929096,0.8208640813827515,3.1903233528137207,-0.30559033155441284,2.3788277758285403e-05,-5347.860448160857,-0.019920527935028076,33179948.275509596,33348934.89347563,5294776494.0
train_tune_4e13c_01469_1469,CNN,0.0384135895492901,0.6128447520306709,0.5891674223241398,0.43892723321914673,1.8357752561569214,-0.09011528640985489,7.445593837474007e-06,-13356.705938852865,-0.009703021496534348,394969922876.1943,381053757667.55615,8726476790.0
train_tune_4e13c_01470_1470,CNN,0.0782167070179171,0.8464200369351375,0.8394824711860273,0.4934478998184204,1.7650182247161865,-0.11367390304803848,6.7743940235232e-06,-2938.2051469540256,-0.0035240724682807922,524543.3987710476,513419.7214002992,1263652734.0
train_tune_4e13c_01471_1471,CNN,0.030679012345679,0.819342489599228,0.6439506641721281,0.5284244418144226,1.5356546640396118,-0.1541617214679718,5.598914867732674e-06,-11103.36534958374,0.020226627588272095,22904153243.600983,21347273221.050957,10394179646.0
train_tune_4e13c_01472_1472,CNN,0.2162906177561269,0.8510204867001575,0.8603060686120091,0.9595980048179626,3.155519962310791,-0.34269315004348755,4.3732550693675876e-05,-2940.477183269679,-0.057870373129844666,21497.697453789202,21399.96108822375,418555086.0
train_tune_4e13c_01473_1473,CNN,0.116030578218333,0.9231738330344528,0.8390739630559465,0.7751352190971375,2.1683220863342285,-0.2152460664510727,6.428211781894788e-05,-3912.387311523262,-0.050722748041152954,375240.1463646513,400170.4379860997,1049055590.0
train_tune_4e13c_01474_1474,CNN,0.0471974704252961,0.8494909860700957,0.8362490638353872,0.6667618751525879,1.9609742164611816,-0.21938452124595642,1.4329209079733118e-05,-2786.8814491784856,-0.013332463800907135,12276398.9159892,12438701.620465733,6449369862.0
train_tune_4e13c_01475_1475,CNN,0.0649698960043787,0.8379193269471013,0.8325908280664569,0.10408249497413635,0.33074086904525757,-0.0032510943710803986,2.4731348275963683e-06,-23405.28754009659,-0.0010094698518514633,457201686095.13385,459314045816.88226,27453662702.0
train_tune_4e13c_01476_1476,CNN,0.0493478150344065,0.880055704517496,0.8471435424893752,0.567831814289093,2.029249429702759,-0.1632147580385208,7.476336577383336e-06,-14167.347346467857,0.009285902604460716,40686242797.17743,41348334837.995155,17135972278.0
train_tune_4e13c_01477_1477,CNN,0.137508408971884,0.8565422884654489,0.8172129312358578,0.38445186614990234,1.4169809818267822,-0.0713026151061058,1.0444502549944445e-05,-4471.5335350570185,-0.002546684816479683,1896985667.0440707,1914489027.1511087,17860520758.0
train_tune_4e13c_01478_1478,CNN,0.0351692116224915,0.8576305655697721,0.8023732774121085,0.39072567224502563,1.5281931161880493,-0.07366257905960083,4.381000962894177e-06,-3759.4311887460044,-0.0019720804411917925,9050887.27702901,9133998.487589126,1949514870.0
train_tune_4e13c_01479_1479,CNN,0.030679012345679,0.8370190139948236,0.8397750628244226,0.8309351205825806,2.9351508617401123,-0.3399684429168701,2.1066116460133344e-05,-2788.9143728981094,0.001472195377573371,32017780.34942834,32283451.403824795,7382346910.0
train_tune_4e13c_01480_1480,CNN,0.1075529552426508,0.8577869099398333,0.7915233318309044,1.2139348983764648,5.146060466766357,-0.7166638374328613,4.622842971002683e-05,-1904.5482466203007,-0.012758811935782433,16747.17353669872,17173.181573273676,732911366.0
train_tune_4e13c_01481_1481,CNN,0.0746388278782548,0.8600909131781548,0.8008635746773333,0.347209632396698,1.4768527746200562,-0.05925583839416504,6.254533218452707e-06,-4814.221850862124,0.0005424290429800749,190286878.36524826,195653795.77398092,2516004950.0
train_tune_4e13c_01482_1482,CNN,0.1218544051544959,0.8792284693347057,0.8132944793497447,0.35139667987823486,1.2561249732971191,-0.05721984803676605,4.4324656300887e-06,-17133.72303160241,-0.009989863261580467,37144360845.14559,37012394954.3704,8003551638.0
train_tune_4e13c_01483_1483,CNN,0.0330148229817469,0.8342024666541321,0.8126270140829378,0.43128398060798645,1.7639485597610474,-0.08925800770521164,7.0847931965545285e-06,-12082.533168399621,-0.00788157619535923,1861042082536.8103,1909055288162.0073,13777036238.0
train_tune_4e13c_01484_1484,CNN,0.0277517929529154,0.8937719475825516,0.859852724397543,0.7754932045936584,2.4628117084503174,-0.29564088582992554,1.5585295841447078e-05,-2701.7891680108,0.0010178482625633478,1672053.0401260555,1682200.1392773986,6105010158.0
train_tune_4e13c_01485_1485,CNN,0.0306968684243099,0.8351214789603469,0.8302991349640209,1.5223088264465332,4.716128826141357,-1.503913402557373,7.343783363467082e-05,-1847.7748157252709,0.0968586876988411,677.7200990786832,677.7200990786832,7709478.0
train_tune_4e13c_01486_1486,CNN,0.110387871435746,0.8279886450328879,0.8396369820557616,0.4432191848754883,1.9140186309814453,-0.09880600869655609,9.562250852468424e-06,-3458.667829205941,0.004860441666096449,170682065.4716518,175528791.23166418,4519267438.0
train_tune_4e13c_01487_1487,CNN,0.033033033033033,0.8709399742801134,0.8479235875503489,1.2684636116027832,5.127617835998535,-0.883306622505188,5.670513564837165e-05,-2885.4330081912876,0.03117690607905388,1716701.4406540184,1704626.5435184352,9749539150.0
train_tune_4e13c_01488_1488,CNN,0.0649698960043787,0.8409585901858243,0.8429385879598826,0.46898484230041504,1.7088220119476318,-0.11103469133377075,5.8368646023154724e-06,-8892.504918371182,0.0067525627091526985,2742825592084.3677,2737229080713.6934,20537853918.0
train_tune_4e13c_01489_1489,CNN,0.0291015140233308,0.8095324285833155,0.8169362216034313,0.6639301776885986,2.445120334625244,-0.21121248602867126,2.2873031412018463e-05,-15516.669659310639,-0.004537680651992559,1099917085409.5076,1076622064903.1343,15664214878.0
train_tune_4e13c_01490_1490,CNN,0.0333896809131299,0.8163994192015447,0.8206323355234127,0.948786735534668,3.3035314083099365,-0.44209250807762146,2.4356726498808712e-05,-1827.9883176095852,0.007479744032025337,35278.99166555534,35271.12209141192,2906878966.0
train_tune_4e13c_01491_1491,CNN,0.1005899539612079,0.8163303922493098,0.8094369807159981,1.1738477945327759,4.6888651847839355,-0.6819039583206177,4.490133505896665e-05,-1723.937419214201,0.006236676126718521,21618.593148596607,21611.022713606515,3250122086.0
train_tune_4e13c_01492_1492,CNN,0.0494572072235725,0.8413547564595887,0.7970222793552068,2.6619186401367188,7.898752212524414,-5.106186866760254,0.00016781181329861283,-1818.3130964710217,0.1611386090517044,884.0596560379063,884.0596560379063,4573686.0
train_tune_4e13c_01493_1493,CNN,0.1596051863588097,0.8740484972621513,0.8461999040371732,0.9656885266304016,3.193610668182373,-0.44945859909057617,5.126142787048593e-05,-2047.200217446152,-0.016338735818862915,26070.298175853713,25721.81154713204,1378010982.0
train_tune_4e13c_01494_1494,CNN,0.0686464132302173,0.8597276165143692,0.8453934451847922,0.8053761720657349,2.7082371711730957,-0.31201663613319397,2.0311914340709336e-05,-2106.0855472188314,-0.023054681718349457,28512.7934767205,28714.55859571712,1856683270.0
train_tune_4e13c_01495_1495,CNN,0.0818411365151857,0.8440940528581753,0.8589132728188903,0.8184002637863159,3.1157987117767334,-0.36762869358062744,2.493576903361827e-05,-3125.051348801504,0.02070336788892746,91361305.06124109,89534800.23181851,12419255126.0
train_tune_4e13c_01496_1496,CNN,0.0649698960043787,0.8835924002110745,0.8249758004285495,0.4992470145225525,0.8188958168029785,-0.1533360481262207,2.6973222702508792e-05,-3553.696723483756,0.04150216281414032,12424108.525793223,12176333.23406503,7495282702.0
train_tune_4e13c_01497_1497,CNN,0.0572907578665736,0.8767732849505361,0.8439381737489445,1.0112824440002441,4.3115153312683105,-0.5378197431564331,3.190404822817072e-05,-2258.2130310386533,0.00912361778318882,70952.68709517337,71634.61901241692,7529617862.0
train_tune_4e13c_01498_1498,CNN,0.0558200158676187,0.8532014872938931,0.820707842008992,0.35329967737197876,1.4468069076538086,-0.06176230311393738,8.334831363754347e-06,-12522.695840213652,0.0035220454446971416,663028154457.207,675472253742.632,15525596830.0
train_tune_4e13c_01499_1499,CNN,0.030679012345679,0.8174040928624452,0.8201951478354578,0.24512535333633423,0.8558865785598755,-0.025012224912643433,3.886965259880526e-06,-16008.877251636472,0.005121235270053148,2104947169615.8293,2163879579402.221,26457105422.0
train_tune_4e13c_01500_1500,CNN,0.0649698960043787,0.829690620235886,0.8425934251253034,0.3775807023048401,1.5670331716537476,-0.06731685996055603,6.637387741648126e-06,-15918.040904358313,-0.007707808632403612,2789354899436.7676,2727652242986.294,22798135678.0
train_tune_4e13c_01501_1501,CNN,0.1399552828710087,0.8679237409293821,0.8069314938451417,0.38896843791007996,1.186816930770874,-0.0741930902004242,3.831410140264779e-06,-5651.572818804232,0.003911345731467009,1228746983.850967,1201990283.7396235,11950415254.0
train_tune_4e13c_01502_1502,CNN,0.0290448706013777,0.8455172842396143,0.8247240887135527,0.9935334920883179,2.8508083820343018,-0.61919766664505,3.7067627999931574e-05,-5477.315422959686,0.060454171150922775,66910717.67804137,67049541.552761644,13584859798.0
train_tune_4e13c_01503_1503,CNN,0.1284963449284148,0.8626317096126169,0.8132553252228497,0.681398332118988,2.010277271270752,-0.24152711033821106,1.4785933672101237e-05,-2544.8993771111554,0.008165771141648293,10483756.759655973,10263741.81540624,1503011822.0
train_tune_4e13c_01504_1504,CNN,0.0649698960043787,0.8641724987716767,0.8261287145852942,0.46424102783203125,1.10404634475708,-0.09017754346132278,3.138881584163755e-05,-5927.840595673655,-0.02510664239525795,59004768.895594716,60118150.33745302,9511736118.0
train_tune_4e13c_01505_1505,CNN,0.0241296471117545,0.8793681286970746,0.8252848280692299,0.7754219770431519,3.005183458328247,-0.27802926301956177,1.8689544958760962e-05,-2602.3008924559863,-0.012860320508480072,881470.3061195124,884723.6001501472,2853273942.0
train_tune_4e13c_01506_1506,CNN,0.0649698960043787,0.6891561202780117,0.6693950844136594,0.5298290848731995,1.7639065980911255,-0.1469390094280243,1.6866437363205478e-05,-5741.519078071496,0.01958833634853363,83305651231.99289,83352708215.98926,6760823550.0
train_tune_4e13c_01507_1507,CNN,0.0291015140233308,0.8038602587435474,0.8377283837324719,0.35218578577041626,0.8141732811927795,-0.05088011547923088,7.011966772552114e-06,-6003.588223143638,-0.0036353599280118942,303070839.3837588,294449983.84782493,7216958414.0
train_tune_4e13c_01508_1508,CNN,0.030679012345679,0.8900853067089347,0.8484883927196042,1.3112053871154785,5.521924018859863,-0.9393001794815063,4.334699042374268e-05,-2510.3283133080226,0.026876918971538544,13251.955490394077,13232.812165205018,252866430.0
train_tune_4e13c_01509_1509,CNN,0.030679012345679,0.704790256887402,0.6727646799970673,0.9867435693740845,3.452796220779419,-0.42936447262763977,2.7252706786384806e-05,-4318.002859225095,-0.019770430400967598,55974980042.740456,59996233339.002686,12539961934.0
train_tune_4e13c_01510_1510,CNN,0.0330148229817469,0.8685316935878706,0.8413029652137892,0.9448167085647583,3.5054140090942383,-0.4405917525291443,3.6680896300822496e-05,-2257.035834898608,-0.004423317965120077,1393901.2246715706,1402311.1731495482,11403519638.0
train_tune_4e13c_01511_1511,CNN,0.0361878505757452,0.8124872066020958,0.8017898433582861,0.8128079175949097,2.962388277053833,-0.33556246757507324,2.4544235202483833e-05,-2651.3729193181075,0.007823974825441837,321848.6814623776,307934.0973343261,506698638.0
train_tune_4e13c_01512_1512,CNN,0.0291015140233308,0.7674148580517953,0.8158239644314199,0.23075133562088013,0.9412697553634644,-0.025928210467100143,3.1827689781493973e-06,-4901.473271731367,0.0043448652140796185,1651861.3910167539,1658275.4494317267,1132756054.0
train_tune_4e13c_01513_1513,CNN,0.0291015140233308,0.8831031452267063,0.8297487934942019,0.6037765741348267,1.980407953262329,-0.17890465259552002,1.8252365407533944e-05,-7387.688126347104,-0.004354316741228104,946188684.6593719,944358458.942219,19230703006.0
train_tune_4e13c_01514_1514,CNN,0.0953310794147303,0.8797560111524332,0.8490291577816858,1.1651421785354614,5.047569274902344,-0.725071132183075,3.267533611506224e-05,-1771.6361465135565,0.025987399742007256,971.5341667658203,971.5341667658203,34691078.0
train_tune_4e13c_01515_1515,CNN,0.027960629427622,0.8811763939476066,0.8649315479251577,0.8838021755218506,3.6165707111358643,-0.3878280222415924,2.370166839682497e-05,-3913.571814599133,-0.004628813359886408,5372833.109625192,5334052.932990736,21357359854.0
train_tune_4e13c_01516_1516,CNN,0.0348829129316934,0.8034407073481923,0.8298477825925367,0.23803995549678802,0.9610865712165833,-0.02641236037015915,4.3774948608188424e-06,-3647.4420619981856,0.0009054956026375294,7642083.392387884,7199247.001679699,3947162454.0
train_tune_4e13c_01517_1517,CNN,0.1279150320984726,0.813846566325856,0.8319239614446046,0.8507791757583618,2.94180965423584,-0.3757862448692322,1.5780256944708526e-05,-2932.9425163987694,0.010179683566093445,41012637.04449642,40730288.96229816,13309862070.0
train_tune_4e13c_01518_1518,CNN,0.0306846946965487,0.8478672201599635,0.7950646478918036,1.0641403198242188,4.466712474822998,-0.5793253183364868,3.0654344300273806e-05,-1875.7124984352156,0.010878218337893486,649.5478863753959,649.5478863753959,21953862.0
train_tune_4e13c_01519_1519,CNN,0.2052251316204432,0.8627218171743155,0.8448170170797967,2.9474050998687744,6.840457916259766,-7.065427303314209,0.00020852693705819547,-2244.9312587939257,-0.005929941311478615,1311.565285634137,1311.565285634137,3119366.0
train_tune_4e13c_01520_1520,CNN,0.0332654446707399,0.8621911130415452,0.8234902087687878,0.4965333342552185,0.7420477867126465,-0.06614469736814499,2.200438939325977e-05,-6385.542519921595,-0.024452034384012222,388039011.0641711,388927589.9426818,7397968238.0
train_tune_4e13c_01521_1521,CNN,0.1285801996010834,0.8733727488504589,0.8486369664964354,0.9918566942214966,2.8106508255004883,-0.5556280612945557,1.5952486137393862e-05,-2077.261214722343,-0.00025360798463225365,34627.84457035284,34479.87363211794,1725594790.0
train_tune_4e13c_01522_1522,CNN,0.08105541841532,0.8742184050016587,0.832674294709128,0.7633297443389893,2.770059585571289,-0.3020794093608856,1.838027310441248e-05,-2939.5568424972707,0.022626329213380814,73143630.1555783,72649109.28722012,11466138294.0
train_tune_4e13c_01523_1523,CNN,0.0291015140233308,0.8801804351754541,0.8734043191532526,0.34566211700439453,0.9768272638320923,-0.05416696518659592,1.0169744200538844e-05,-32298.205380271687,-0.00209794077090919,411501804627.8407,424066571060.24146,8725947886.0
train_tune_4e13c_01524_1524,CNN,0.1391790518157316,0.8174342607533657,0.8254501804445078,1.2135093212127686,4.412901878356934,-0.682909369468689,3.574599759303965e-05,-1732.4450122069236,-0.012649985030293465,11675.483460692354,11645.607150848817,566086070.0
train_tune_4e13c_01525_1525,CNN,0.1502099238690419,0.843832529784597,0.8161374828004186,1.1684558391571045,5.222175598144531,-0.7567325830459595,2.4904320525820367e-05,-1823.4896307186593,0.027454828843474388,802.9714181417129,802.9714181417129,36937526.0
train_tune_4e13c_01526_1526,CNN,0.1305573229551664,0.8399070890955666,0.809695826497754,1.3883517980575562,4.575675010681152,-1.0645909309387207,4.439317126525566e-05,-1716.5555196418495,0.03383427858352661,479.2414322247671,479.2414322247671,4803302.0
train_tune_4e13c_01527_1527,CNN,0.0314576783947622,0.8614165402774621,0.8345276534079753,0.4405454993247986,1.2208456993103027,-0.0955626368522644,2.842399953806307e-05,-2904.481920061832,0.005848769098520279,10110091.789865939,9893016.586149398,9413894894.0
train_tune_4e13c_01528_1528,CNN,0.1092795999118712,0.8726240932271284,0.827170711547614,0.5008138418197632,1.9557795524597168,-0.11099908500909805,1.4981760614318773e-05,-6740.5493237253695,-0.01856318861246109,7230587178.611004,7225782111.51885,33905717446.0
train_tune_4e13c_01529_1529,CNN,0.0449184649128522,0.8485557919742764,0.8126049384930356,1.3786547183990479,6.193599700927734,-1.067795991897583,2.9202386940596625e-05,-1783.2118010301128,0.04394329711794853,759.9663234885153,759.9663234885153,22634190.0
train_tune_4e13c_01530_1530,CNN,0.033853730512005,0.8959356203341584,0.8536587243932963,0.3270770311355591,1.1602346897125244,-0.04967692494392395,8.053015335462987e-06,-3927.6243250870884,0.0005711349658668041,9013281267.334827,9039245419.958843,10558898902.0
train_tune_4e13c_01531_1531,CNN,0.0666775439168978,0.8485481757743897,0.8347055436910774,0.5763429403305054,2.3558828830718994,-0.1576225459575653,2.6608297048369423e-05,-2968.2904201539905,-0.009440368041396141,111664276.43962964,111443602.94484544,21791453286.0
train_tune_4e13c_01532_1532,CNN,0.0666775439168978,0.8300204168124784,0.8286383884659738,0.3398919999599457,1.4625051021575928,-0.05606229230761528,7.388828635157552e-06,-8237.779199403223,-0.0018247438129037619,52511446690.72942,52948272203.76297,14357096870.0
train_tune_4e13c_01533_1533,CNN,0.0330148229817469,0.8026837185322894,0.8216833600899931,0.225460022687912,0.6150712370872498,-0.017681553959846497,1.0060068234452046e-05,-8272.696779443528,-0.0055601587519049644,81275401758.95126,83877835404.14697,6257199110.0
train_tune_4e13c_01534_1534,CNN,0.0649698960043787,0.8466725812521533,0.8353647929323053,0.17978866398334503,0.6363307237625122,-0.013133936561644077,7.855773219489492e-06,-10448.217895214144,0.0014715089928358793,1400218978368.2073,1382963952219.7656,23007366262.0
train_tune_4e13c_01535_1535,CNN,0.0666775439168978,0.8810636811625248,0.838161537143927,0.6139588356018066,2.250795602798462,-0.18015125393867493,2.9653228921233676e-05,-5017.94233974852,0.002277372870594263,68887990.8600047,69120459.08393262,17130346518.0
train_tune_4e13c_01536_1536,CNN,0.0409457900807381,0.8742455627907187,0.8381179936572085,0.8980729579925537,3.9449820518493652,-0.4277728796005249,1.5509396689594723e-05,-1928.906907445542,0.018364757299423218,764.3254579965493,764.3254579965493,50254598.0
train_tune_4e13c_01537_1537,CNN,0.0261293771718791,0.8425924692607416,0.8174216340793242,1.3776369094848633,3.9073688983917236,-1.0170527696609497,5.7258355809608474e-05,-2050.224829520322,-0.004228875041007996,611.8322526668094,611.8322526668094,5758190.0
train_tune_4e13c_01538_1538,CNN,0.055763134057971,0.7997696010337131,0.7611840566534083,0.4559858441352844,1.41909658908844,-0.1025344580411911,1.1816306141554378e-05,-9774.641452060105,0.0012415162054821849,47990907330.93823,48930147935.11771,8639588046.0
train_tune_4e13c_01539_1539,CNN,0.0840765533782975,0.847190885694553,0.7805325682714574,0.3022674322128296,1.0195207595825195,-0.04293312877416611,5.843798135174438e-06,-2966.6656887272793,0.009909816086292267,101558.42592122628,98719.18716193284,171044118.0
train_tune_4e13c_01540_1540,CNN,0.2471289646772768,0.8869473906100437,0.835707862013357,0.684965968132019,2.8819053173065186,-0.2364293336868286,1.9879575120285153e-05,-3545.1278338785996,0.00042396201752126217,69727942.80978459,69964131.58436635,11786410486.0
train_tune_4e13c_01541_1541,CNN,0.0854597402069621,0.8726506392963432,0.8530738956819365,1.0175015926361084,3.9367289543151855,-0.5066529512405396,3.950673635699786e-05,-2592.5066708277323,-0.0016323234885931015,44190.306593909365,44112.45823819339,3337799862.0
train_tune_4e13c_01542_1542,CNN,0.0330148229817469,0.8137822586597968,0.8230855178600524,0.6169639825820923,2.2628350257873535,-0.1964605748653412,1.2540781426650938e-05,-3358.984566132306,0.014010779559612274,1076985106.9358816,1101522809.6991124,7977781286.0
train_tune_4e13c_01543_1543,CNN,0.0649698960043787,0.8832440381139245,0.7786257916345619,0.25600922107696533,0.8335796594619751,-0.027619743719697,3.183141188856098e-06,-28232.774032827274,-0.004464797675609589,1820173121688.7542,1833525204808.2812,19869873470.0
train_tune_4e13c_01544_1544,CNN,0.030679012345679,0.9051763869308632,0.8059958507933561,0.5506396293640137,1.989371418952942,-0.15709510445594788,9.076255082618445e-06,-10904.31953778407,0.014412645250558853,35393431897.55412,35583696769.98116,9683223462.0
train_tune_4e13c_01545_1545,CNN,0.1679147514507677,0.8238670277496377,0.8003816956876763,0.41977155208587646,1.6273573637008667,-0.08295835554599762,9.457513442612253e-06,-3045.61618941951,-0.012340549379587173,27499537.30091698,27626659.974163845,5858957710.0
train_tune_4e13c_01546_1546,CNN,0.0971456306781412,0.865412820167033,0.8372764840896795,1.4488446712493896,5.746269226074219,-1.0970098972320557,3.54336152668111e-05,-1731.8249668581445,0.01786429062485695,1094.7694122535117,1094.7694122535117,26635678.0
train_tune_4e13c_01547_1547,CNN,0.0830084124091404,0.8773160840006177,0.8249624018172481,0.6259099245071411,1.7762547731399536,-0.19432848691940308,9.49188233789755e-06,-2775.2836310848684,-0.005050333216786385,586691.5569824394,577275.9766469903,1588030726.0
train_tune_4e13c_01548_1548,CNN,0.1024384788320971,0.8359468947588291,0.7953363558126684,0.12664487957954407,0.24443477392196655,-0.002784969285130501,3.510115448079887e-06,-7813.793374294167,0.001977558946236968,5659034482.232273,5769051917.895821,13404020270.0
train_tune_4e13c_01549_1549,CNN,0.0666775439168978,0.8956519993716512,0.8363598671851995,0.4121798872947693,1.6817597150802612,-0.08031438291072845,5.9231711020402145e-06,-3124.6731029255384,-0.015359653159976006,1151209.06300965,1135974.2979447718,2709947094.0
train_tune_4e13c_01550_1550,CNN,0.0306131402429404,0.8201893572711483,0.8223748211583491,1.3236720561981201,4.167051315307617,-0.8150931000709534,2.84528432530351e-05,-1866.238184110287,-0.024263910949230194,707.8544741468007,707.8544741468007,9088022.0
train_tune_4e13c_01551_1551,CNN,0.0328289658183784,0.8661833108287307,0.8567651147531357,1.0165139436721802,4.438695430755615,-0.5829563140869141,3.867157647619024e-05,-2295.8143302902627,0.03405143693089485,25497.583367039173,25154.247101464483,2385032118.0
train_tune_4e13c_01552_1552,CNN,0.0333766796705678,0.8402342221659606,0.8260729230991188,0.4780219495296478,2.0009889602661133,-0.10669103264808655,8.42615008878056e-06,-18409.89752458942,-0.013314148411154747,7055567690655.857,7090357363010.594,30106575150.0
train_tune_4e13c_01554_1554,CNN,0.0212001771434962,0.8473111635804234,0.8208871540561065,1.7744317054748535,5.587071895599365,-1.5545892715454102,6.1139086028561e-05,-1865.2261386324503,0.0034800483845174313,1011.8833324348113,1011.8833324348113,8759862.0
train_tune_4e13c_01555_1555,CNN,0.1046957201083336,0.8545748824604962,0.8202440562700932,1.5450459718704224,5.4524455070495605,-1.407461404800415,4.743304816656746e-05,-1752.0325954234004,0.05839353799819946,862.9048820794842,862.9048820794842,15762422.0
train_tune_4e13c_01556_1556,CNN,0.1611202205376212,0.8374657783727102,0.6908513904945784,0.24735286831855774,0.8752840757369995,-0.027902182191610336,4.503020136326086e-06,-34199.0363696454,0.00010756339179351926,2323005579372.2334,2350694380864.8057,20135452014.0
train_tune_4e13c_01557_1557,CNN,0.064184304397113,0.8376797042127008,0.8240743403910792,0.7889228463172913,2.2115514278411865,-0.3301715850830078,1.827305823098868e-05,-2363.8910028303267,-0.0027005544397979975,667572.6533492106,657179.8243688059,3033787478.0
train_tune_4e13c_01558_1558,CNN,0.0722872299535164,0.8299469012465738,0.8057898026645022,1.9225945472717285,6.101471900939941,-1.9658570289611816,8.057492959778756e-05,-1710.1570980888746,0.020745836198329926,780.8189534373792,780.8189534373792,4483526.0
train_tune_4e13c_01559_1559,CNN,0.0649698960043787,0.818733018509992,0.7968195884807471,1.0132893323898315,3.448922634124756,-0.5374654531478882,3.303047560621053e-05,-1639.6117855686605,0.002793202642351389,12120.274559283596,12212.038460607811,742607022.0
train_tune_4e13c_01560_1560,CNN,0.0569133876466169,0.8912021886437126,0.825468207862826,0.4659377932548523,1.915070652961731,-0.10503639280796051,7.252838258864358e-06,-6795.105490715109,-0.005118694622069597,2817736875.550798,2910510708.8781867,21989343398.0
train_tune_4e13c_01561_1561,CNN,0.144171564381562,0.8618355496596992,0.8278147289782768,1.0638213157653809,3.9873664379119873,-0.5521607995033264,2.1961906895739958e-05,-1790.335777130023,-0.006549622397869825,678.7091567162975,678.7091567162975,19963958.0
train_tune_4e13c_01562_1562,CNN,0.0331121759429905,0.8916582104746947,0.8643798967091834,1.5510094165802002,6.417762756347656,-0.9184297323226929,0.00013059208868071437,-2296.361715761088,-0.021242711693048477,67236.809144007,67029.24627133999,3853827702.0
train_tune_4e13c_01563_1563,CNN,0.1163130063956022,0.8734100839372131,0.8558544326998098,1.2045351266860962,3.529012441635132,-0.8060096502304077,3.197290425305255e-05,-2140.994102071989,0.005025348626077175,14319.929451583183,14000.21940397122,188183702.0
train_tune_4e13c_01564_1564,CNN,0.0847895547983285,0.8057595428252133,0.7308321930481458,0.6974078416824341,2.519946575164795,-0.23571592569351196,1.3484841474564746e-05,-7075.304955359585,0.002390908543020487,28149247314.473885,28656406823.363266,7554750126.0
train_tune_4e13c_01565_1565,CNN,0.0300377692048143,0.8386016205827055,0.8167681549385865,0.5658042430877686,1.844954490661621,-0.13722097873687744,1.1745236406568438e-05,-2844.04750433349,-0.024593796581029892,21183431.98028011,21164643.165415697,6138078158.0
train_tune_4e13c_01566_1566,CNN,0.1661093070510365,0.8548829839436728,0.8194784009425705,1.1430057287216187,4.800591468811035,-0.6236647367477417,3.2092691981233656e-05,-1709.1921209925404,-0.009444009512662888,939.5281519727084,939.5281519727084,29020366.0
train_tune_4e13c_01567_1567,CNN,0.030679012345679,0.8673203535257139,0.8323862466151799,0.4996677339076996,1.883047342300415,-0.11900223791599274,1.3820577805745415e-05,-3665.984703999658,-0.002797139575704932,86232344.09322187,86385173.94988145,21860138982.0
train_tune_4e13c_01568_1568,CNN,0.0571326810413714,0.853360580466664,0.8651290820111903,0.5744409561157227,2.4132187366485596,-0.15951195359230042,9.99792609945871e-06,-2976.4184516681034,-0.0027434038929641247,1301624.5238545823,1314820.996031487,4817332190.0
train_tune_4e13c_01569_1569,CNN,0.0286839145106861,0.8827117704728423,0.8515964056759948,1.0203983783721924,3.4678025245666504,-0.5436522364616394,4.180802352493629e-05,-3397.3693582663136,0.012634462676942348,1693871.8404356947,1722964.8112088488,2909100142.0
train_tune_4e13c_01570_1570,CNN,0.1965753331062514,0.8836330222179059,0.8320652977499042,1.3658859729766846,6.1593828201293945,-0.9297363758087158,5.074800719739869e-05,-1833.5771546460626,-0.0153085021302104,1360.951893189092,1360.951893189092,56480006.0
train_tune_4e13c_01571_1571,CNN,0.0330148229817469,0.8369140503953213,0.8247869740929964,0.43181541562080383,1.793174147605896,-0.09882526844739914,6.8034478317713365e-06,-52584.88226572853,0.010990550741553307,35284487379136.055,35510913501795.72,55064992214.0
train_tune_4e13c_01572_1572,CNN,0.1345464483896832,0.8624600503513352,0.8312183802348717,1.5694513320922852,5.56629753112793,-1.1917579174041748,7.520761573687196e-05,-3957.310664556244,-0.015310180373489857,92576.70590628203,103514.87670837899,115775990.0
train_tune_4e13c_01573_1573,CNN,0.0666884247171453,0.7601881190280505,0.8523673669574142,0.4020484685897827,1.0403151512145996,-0.07768912613391876,1.34598349177395e-05,-33556.61147658484,-0.0016315476968884468,1831374287282.5615,1856178119341.0164,18548021078.0
train_tune_4e13c_01574_1574,CNN,0.0558485003118444,0.8935989467621016,0.8509035837367059,0.847322940826416,2.90500545501709,-0.39091187715530396,2.6575778974802233e-05,-2974.936099076602,0.008173104375600815,12279502.971366644,12068417.971655905,2462335654.0
train_tune_4e13c_01575_1575,CNN,0.0486071691770172,0.8232697053074985,0.7821055117964596,1.2649836540222168,4.051708221435547,-0.8120734095573425,0.00010987230052705854,-2002.0934404168295,-0.0009711021557450294,373968.4165781257,368399.04829689185,2116779302.0
train_tune_4e13c_01576_1576,CNN,0.0330148229817469,0.8271468472603064,0.8356029249760456,0.8261220455169678,3.0402233600616455,-0.35666289925575256,2.5009670935105532e-05,-5384.2725124844355,0.01084989681839943,96314514240.9114,98113628051.59819,25457444814.0
train_tune_4e13c_01577_1577,CNN,0.0899375832852717,0.8686375287199007,0.8391383740929452,1.4326037168502808,4.986237525939941,-1.0433520078659058,3.737235238077119e-05,-1844.2075261477173,-0.003912342246621847,982.7181413664807,982.7181413664807,15125510.0
train_tune_4e13c_01578_1578,CNN,0.0310884220171477,0.850619353427548,0.8176397470842537,0.44081568717956543,1.3570280075073242,-0.09312892705202103,8.86905581864994e-06,-5445.407440951369,0.0028477110899984837,833408001.4785144,840693688.272175,15081781974.0
train_tune_4e13c_01579_1579,CNN,0.055763134057971,0.7338707538547995,0.8317144426789628,0.41533565521240234,1.5400581359863281,-0.085792176425457,5.7479664974380285e-06,-13784.41426591843,0.00477080512791872,1786454188581.6543,1708408386112.1846,26146601350.0
train_tune_4e13c_01580_1580,CNN,0.0518557485137033,0.8313539890871242,0.8369747415901148,0.8332067131996155,2.979421854019165,-0.3701684772968292,1.655308369663544e-05,-2690.248484649767,0.024005521088838577,38507864.04604451,38319475.54246812,11818118486.0
train_tune_4e13c_01581_1581,CNN,0.1351381160013891,0.8581608347189782,0.8552718726719498,1.500565528869629,3.844399929046631,-1.5303738117218018,7.005147926975042e-05,-2232.2165871839597,0.05764837563037872,13025.245721215088,13026.085051964765,64758838.0
train_tune_4e13c_01582_1582,CNN,0.0558846345690663,0.8843037267102228,0.8536383799244311,1.053588628768921,4.031146049499512,-0.6551278829574585,3.1907071388559416e-05,-2136.5891043876222,0.04246794432401657,43404.930584014524,43423.9735305329,2189183174.0
train_tune_4e13c_01583_1583,CNN,0.0649698960043787,0.7719881205638607,0.782208131850484,0.822534441947937,3.197216510772705,-0.31563600897789,1.999673440877814e-05,-5561.297258840972,-0.013314701616764069,51961799975.98906,51082901891.2753,18710117318.0
train_tune_4e13c_01584_1584,CNN,0.0649698960043787,0.8634982137418051,0.8230185022212527,0.08587577939033508,0.2532103359699249,-0.0019958806224167347,1.182498976959323e-06,-6223.130609446181,0.0035438130144029856,1814777209.6149058,1708544285.1220188,10501054054.0
train_tune_4e13c_01585_1585,CNN,0.0456391265588352,0.801587400309026,0.790897271671107,0.2201503962278366,0.4876684546470642,-0.014634843915700912,4.013448688056087e-06,-12686.818901892379,0.004806494805961847,617533440585.9327,632159295549.1494,17003999918.0
train_tune_4e13c_01586_1586,CNN,0.1351958569143753,0.8643462409816839,0.8348089789768013,1.5103793144226074,6.11394739151001,-1.225468635559082,6.896477134432644e-05,-2221.9656385811118,0.0034894105046987534,20506.447640479968,20410.373159104623,318963262.0
train_tune_4e13c_01587_1587,CNN,0.1490360046793502,0.8877995067907533,0.8444872401169681,0.3848606050014496,1.4920380115509033,-0.07848707586526871,6.048520845070016e-06,-5679.361030707841,0.01942107081413269,2232494454.363799,2239184496.0707755,14645215166.0
train_tune_4e13c_01588_1588,CNN,0.0680543991118512,0.8638878436887643,0.8339887211850332,0.6929112672805786,1.6617971658706665,-0.2854406237602234,8.720718142285477e-06,-2118.703902001597,0.016146864742040634,520128.2018896299,517106.3068547754,1264176510.0
train_tune_4e13c_01589_1589,CNN,0.0291015140233308,0.8993178393993628,0.8207203150327468,0.5931456685066223,1.7499345541000366,-0.1610134243965149,1.4352774087456055e-05,-4730.646071707023,-0.009233789518475533,22139673.64413585,22564127.827773575,4404649166.0
train_tune_4e13c_01590_1590,CNN,0.0411658788560034,0.8840404390994836,0.8243874156632515,1.4222819805145264,5.470386505126953,-1.0456459522247314,5.040362884756178e-05,-2728.9515616598546,0.017883479595184326,527603.7537902856,526798.8665124077,1692377406.0
train_tune_4e13c_01591_1591,CNN,0.0649698960043787,0.817121177370471,0.8324538510588084,0.35983043909072876,1.3193576335906982,-0.05833154544234276,1.0536892659729347e-05,-4584.805693106264,-0.0103966249153018,365024129.98871005,361482028.6599882,7421168566.0
train_tune_4e13c_01592_1592,CNN,0.0553773473333992,0.5134606247019842,0.4036839526601672,0.34072181582450867,0.9570474624633789,-0.05128184333443642,4.174205514573259e-06,-3339.2224313079687,-0.013110030442476273,83930.43792621762,84720.0108465656,164097302.0
train_tune_4e13c_01593_1593,CNN,0.0291015140233308,0.9074851039289014,0.8114884465537283,0.4028131067752838,1.5910236835479736,-0.08323606848716736,9.227778718923219e-06,-9215.021841458434,0.01607828587293625,4541111306.968712,4527237644.499387,21951265518.0
train_tune_4e13c_01594_1594,CNN,0.206398259495869,0.8316796273873499,0.8113772122741709,1.4451818466186523,5.973524570465088,-0.7242106795310974,0.00011076530790887773,-1881.2842541506027,-0.05673808604478836,33698.031329198944,32695.457057264706,2980097254.0
train_tune_4e13c_01595_1595,CNN,0.0730517497561553,0.8343511098301531,0.7939401276311594,0.26099348068237305,0.9424554109573364,-0.03202623873949051,2.9382244974840432e-06,-5915.680971771998,0.010400926694273949,20771652479.49087,20327566244.3343,9606284982.0
train_tune_4e13c_01596_1596,CNN,0.0457548730833252,0.7189085774830426,0.8519694971985574,0.5903699994087219,1.730758547782898,-0.14995574951171875,9.688282261777204e-06,-3310.002593147813,-0.030325820669531822,582537625.3041754,591930626.8543109,12913989318.0
train_tune_4e13c_01597_1597,CNN,0.085440742562359,0.8608072258837273,0.8424441231444698,0.7682250738143921,2.346205711364746,-0.24268247187137604,2.3173368390416726e-05,-2634.8086764912573,-0.04364991560578346,30312.250235805255,30321.316187942735,1488804918.0
train_tune_4e13c_01598_1598,CNN,0.055763134057971,0.7611069436601716,0.6929243039674334,0.9849011898040771,3.968287944793701,-0.5292801260948181,2.249342287541367e-05,-2995.4674976718265,0.02569589763879776,41025074.08028486,42265012.5583246,6866580686.0
train_tune_4e13c_01599_1599,CNN,0.0568535616316733,0.8475002553677049,0.7984714636025538,1.553635597229004,5.725842475891113,-1.1903250217437744,3.387891047168523e-05,-1757.2224523115538,-0.006755628157407045,765.2999704655454,765.2999704655454,11839406.0
train_tune_4e13c_01600_1600,CNN,0.1900455367551637,0.8653081084101633,0.8379799879031719,0.7651188373565674,3.1557369232177734,-0.30507251620292664,1.8627120880410075e-05,-2343.8989753038436,0.012020708993077278,1114949.5034262436,1125358.5218117351,4337689134.0
train_tune_4e13c_01601_1601,CNN,0.030679012345679,0.8876431584388277,0.789570196058949,0.3052745461463928,0.6002699732780457,-0.03656565770506859,8.82992480910616e-06,-8404.756470881359,-0.010725844651460648,15686650422.82153,16066570505.751009,7369729934.0
train_tune_4e13c_01602_1602,CNN,0.0332469775474956,0.8944995599067073,0.8240686048884536,0.4138137400150299,1.299838900566101,-0.0860232561826706,3.87577892979607e-06,-5542.542167844119,0.013062328100204468,45125969.65746164,45032058.85290643,6884417102.0
train_tune_4e13c_01603_1603,CNN,0.0327728321793603,0.8842551892835964,0.8417423554195659,1.136329174041748,4.525535583496094,-0.7754207253456116,4.438111500348896e-05,-2661.0822614875697,0.0584743469953537,2683022.422120504,2643179.4594238885,10241531638.0
train_tune_4e13c_01604_1604,CNN,0.0787393752289336,0.9115362662184257,0.8441880207597854,0.32643598318099976,1.320131540298462,-0.051949042826890945,6.799695711379172e-06,-14712.383426496275,0.0030230614356696606,848379375953.4966,868141334603.6576,22725195758.0
train_tune_4e13c_01605_1605,CNN,0.0499656319644713,0.8761975511752539,0.8184297152592376,0.5214532613754272,1.4980987310409546,-0.141166090965271,1.5573119526379742e-05,-3029.249772003344,0.002298580715432763,18967375.304092165,18974820.431369275,2605511446.0
train_tune_4e13c_01606_1606,CNN,0.0289936052647917,0.8812721294332212,0.8002140508489854,0.5195820331573486,1.9939754009246826,-0.13141219317913055,9.786978807824198e-06,-6612.989683080452,-0.0036300455685704947,56940800825.75476,56109901437.587685,9978454734.0
train_tune_4e13c_01607_1607,CNN,0.0673265151225528,0.8691424719237505,0.8428397763232107,0.6331769227981567,1.8273160457611084,-0.1872364580631256,3.933365587727167e-05,-2395.8299908468184,-0.014560398645699024,25055.67236155634,25051.56813358886,1210600894.0
train_tune_4e13c_01608_1608,CNN,0.110645337598029,0.8859381934880516,0.8194329584588113,0.7135180234909058,2.8825669288635254,-0.27653345465660095,1.9493218132993206e-05,-3066.9475200661145,0.028563421219587326,6374136.326907702,6476230.310539648,3951633862.0
train_tune_4e13c_01609_1609,CNN,0.0650553545982681,0.7791245134432564,0.8294178031853318,1.3448857069015503,5.340780258178711,-0.7389229536056519,5.3298892453312874e-05,-3068.7692905589165,-0.031922005116939545,93708547.18123586,94525941.25700091,15530102126.0
train_tune_4e13c_01610_1610,CNN,0.0291015140233308,0.8399766956431601,0.8420371030374071,0.7515509128570557,3.337352752685547,-0.27179154753685,1.6361849702661857e-05,-2021.4209689661513,-0.019017521291971207,23358.79872998502,23360.620419094586,2253442838.0
train_tune_4e13c_01611_1611,CNN,0.0431012113639254,0.8795159827249099,0.8469122440367274,0.9348114132881165,2.630927085876465,-0.4345569610595703,2.8169390134280547e-05,-2706.5236403241743,-0.015786103904247284,321141.384206866,311080.52840027754,486600238.0
train_tune_4e13c_01612_1612,CNN,0.1976304719985608,0.852146224214104,0.793008983468588,1.483718752861023,4.292131423950195,-1.2899389266967773,4.4158907257951796e-05,-1799.7600906117339,0.03315211087465286,537.676791106449,537.676791106449,4089862.0
train_tune_4e13c_01613_1613,CNN,0.1093990755007704,0.8920546126267667,0.8271112647638672,0.5615019798278809,2.217627763748169,-0.14900118112564087,1.5786816220497712e-05,-6099.6707979384255,-0.008109374903142452,4628852319.920763,4652448815.793873,31792418038.0
train_tune_4e13c_01614_1614,CNN,0.128868409779024,0.8271688753330396,0.8316720801040202,1.131089210510254,2.7958598136901855,-0.9484220147132874,8.196404087357223e-05,-2133.375168625984,0.08604226261377335,795801.317663427,797061.0421067242,7165079086.0
train_tune_4e13c_01615_1615,CNN,0.0330148229817469,0.6967713687858604,0.6646899781102452,0.2820693850517273,0.965966522693634,-0.035294316709041595,2.9291118153196294e-06,-20378.136948677744,-0.0017620809376239777,318848616529.9719,346877924665.3558,7849095326.0
train_tune_4e13c_01616_1616,CNN,0.1019728869931919,0.881877276627482,0.8643288906621248,1.1381224393844604,4.060696125030518,-0.6536434888839722,3.222729719709605e-05,-4717.2968926366275,-0.0032788673415780067,71459938.86944368,71253086.03952321,8195691310.0
train_tune_4e13c_01617_1617,CNN,0.0441085334509858,0.8619719721165641,0.8353339264056516,1.6266732215881348,5.886168956756592,-1.5493743419647217,6.086962821427733e-05,-1970.80798623966,0.04242794215679169,11910.737450615896,11686.249117260286,301453454.0
train_tune_4e13c_01618_1618,CNN,0.0239482265073712,0.8343632997382452,0.7947529229341868,2.7220025062561035,5.050838470458984,-7.94307804107666,0.00022220134269446135,-1978.025374085527,0.1669507920742035,599.3883891380864,599.3883891380864,1217510.0
train_tune_4e13c_01619_1619,CNN,0.0287045666356011,0.8985876772867876,0.8428891819924006,0.442731112241745,1.6256386041641235,-0.098792664706707,7.293915587069932e-06,-17422.144294522794,0.008092527277767658,5575160692.120988,5601712785.782371,18905811638.0
train_tune_4e13c_01620_1620,CNN,0.055763134057971,0.4856319644802788,0.5488042987203005,0.3066186308860779,1.2163231372833252,-0.045386672019958496,3.323830242152326e-06,-2407.525696853435,-0.00293556647375226,107536723.66146302,104096207.64407876,2820920486.0
train_tune_4e13c_01621_1621,CNN,0.0534420289855072,0.89910957307017,0.8165780499574796,1.0076045989990234,3.641493797302246,-0.5932567119598389,3.2162395655177534e-05,-3565.449049116597,0.05483967810869217,9364599.512424676,8917692.163836243,1418016326.0
train_tune_4e13c_01622_1622,CNN,0.1493085839985052,0.8235284088550682,0.8086757847076536,0.7404857873916626,2.9639337062835693,-0.2866308093070984,1.9016315491171554e-05,-1945.0667758930726,0.012644628994166851,377176.68921610725,380556.49889767176,3898135150.0
train_tune_4e13c_01623_1623,CNN,0.0519418632356445,0.8633256050210681,0.842842271751404,0.9242980480194092,3.8118035793304443,-0.41261026263237,1.5617182725691237e-05,-1693.1259401525017,-0.009491316974163055,718.6842553674896,718.6842553674896,35776982.0
train_tune_4e13c_01624_1624,CNN,0.055763134057971,0.8910625595306803,0.8642970555588065,1.171100378036499,4.361020088195801,-0.8832117319107056,6.699518417008221e-05,-2216.8840725176096,0.10801947861909866,37922.13691028915,37711.71134776513,2608576174.0
train_tune_4e13c_01625_1625,CNN,0.000785241394121,0.8840128578984228,0.8377763566652244,0.8843889236450195,2.813506841659546,-0.4165706932544708,3.633817323134281e-05,-3563.633796924566,0.028989143669605255,1080836.3088422373,1066865.7100924049,4374769302.0
train_tune_4e13c_01626_1626,CNN,0.0677610125462886,0.8518022274768596,0.8373202794995337,0.39561939239501953,1.5390559434890747,-0.07934023439884186,7.92801620264072e-06,-2979.788543862609,-0.001662954455241561,57808332.58749708,58045517.791748,15697503638.0
train_tune_4e13c_01627_1627,CNN,0.0499351540021059,0.8628634535122459,0.8242740663961102,1.944366693496704,6.782225131988525,-1.8894383907318115,4.47921447630506e-05,-1924.259788965012,0.012298554182052612,1330.1282747311607,1330.1282747311607,13122446.0
train_tune_4e13c_01628_1628,CNN,0.055763134057971,0.8290170754344656,0.8206671397815463,0.3432266116142273,1.030351161956787,-0.05103045701980591,9.553347808832768e-06,-13669.942233848422,-0.009267719462513924,15760052478.224508,16313774080.520815,4553369150.0
train_tune_4e13c_01629_1629,CNN,0.0559267760911596,0.8954624255776206,0.8246725976152564,0.2865411639213562,0.9683889150619507,-0.03736760467290878,3.6983637983212247e-06,-14005.9649267784,-0.00479131331667304,4970598722.579281,4996841280.155396,22461967966.0
train_tune_4e13c_01630_1630,CNN,0.0301232614857293,0.8243708131814879,0.803868239506818,2.081645965576172,5.1344170570373535,-3.3473405838012695,0.00010166141873924062,-2035.2052358501728,0.09111177921295166,648.9065300607236,648.9065300607236,3157814.0
train_tune_4e13c_01631_1631,CNN,0.0330148229817469,0.7007666758731229,0.6250923502418423,0.7331516146659851,2.673311233520508,-0.2799561023712158,2.3618791601620615e-05,-4006.395238018186,0.01313861459493637,223892271.3198011,222723278.55571312,6030098694.0
train_tune_4e13c_01632_1632,CNN,0.0605445940131538,0.8707703631066774,0.8177239271381537,0.1584305614233017,0.586942195892334,-0.010576171800494194,3.4416561902617104e-06,-5130.522315285182,-0.0012268309947103262,4562213.237595143,4484677.051329593,5513566638.0
train_tune_4e13c_01633_1633,CNN,0.0433564253387456,0.8557384824110693,0.816262616839568,1.2008519172668457,4.540186405181885,-0.8000292181968689,5.627716745948419e-05,-1881.0791823061224,0.03757638484239578,761.3767567850311,761.3767567850311,21714598.0
train_tune_4e13c_01634_1634,CNN,0.044569621292439,0.8528441043416132,0.7864948579019743,0.4313881993293762,1.7010412216186523,-0.09470266103744507,9.629662599763833e-06,-6628.395753627475,0.014875558204948902,465964871.7392886,434845947.17126805,10799240158.0
train_tune_4e13c_01635_1635,CNN,0.0650874595602346,0.8197789012596474,0.8068591791572479,2.270157814025879,5.712982177734375,-3.9575140476226807,0.00014288144302554429,-2060.191300037358,0.08432081341743469,750.8193697201298,750.8193697201298,3639206.0
train_tune_4e13c_01636_1636,CNN,0.0314411997426782,0.8351698467239089,0.8311405993862868,1.0094081163406372,3.2203280925750732,-0.554765522480011,2.7769478037953377e-05,-2764.2467716255833,0.019911758601665497,38844909.4968592,39804682.52416136,5451374982.0
train_tune_4e13c_01637_1637,CNN,0.0663566311897862,0.8823350755438361,0.8458386589611973,0.6800779104232788,2.6687326431274414,-0.23844921588897705,1.290749332838459e-05,-3524.7011731876264,0.009962432086467743,3024069.658772903,2984128.078659164,20640427462.0
train_tune_4e13c_01638_1638,CNN,0.2071812646250462,0.8524343511906816,0.8087737896572302,1.4242510795593262,6.0441155433654785,-1.0509501695632935,7.949116115923971e-05,-1717.7712389056346,-0.022669052705168724,905.2972737586521,905.2972737586521,25748070.0
train_tune_4e13c_01639_1639,CNN,0.1734362375918253,0.8894880271765203,0.850825365697426,0.6860547065734863,2.6904826164245605,-0.23048701882362366,1.9042941858060658e-05,-3269.0153249062846,-0.0063101304695010185,944552.3926289801,954181.0669130873,3426836022.0
train_tune_4e13c_01640_1640,CNN,0.0776446189956128,0.8553584178861612,0.8297972163779188,0.8489295840263367,2.9761605262756348,-0.34844696521759033,3.0184844945324585e-05,-2989.482077185709,-0.0015016943216323853,31106731.87246845,30837491.429054745,6994988406.0
train_tune_4e13c_01641_1641,CNN,0.0534636143660298,0.8665028322607844,0.8059665484446672,1.587162971496582,5.912014961242676,-1.4005324840545654,8.952378993853927e-05,-1769.460050971713,0.0540035143494606,946.0762932523666,946.0762932523666,16655822.0
train_tune_4e13c_01642_1642,CNN,0.0243922779374711,0.828515591364119,0.7834977032765841,0.22862929105758667,0.8316000699996948,-0.02348591759800911,3.1711549581814324e-06,-8059.557245700427,0.0013490100391209126,13863464801.009888,13495660239.884228,16611629822.0
train_tune_4e13c_01643_1643,CNN,0.055763134057971,0.8481954822360948,0.8053318598139804,0.23206879198551178,0.9025554656982422,-0.025996338576078415,4.60593855677871e-06,-5525.152126860683,0.004624148830771446,210569537.38838372,205160868.45398206,5624486790.0
train_tune_4e13c_01644_1644,CNN,0.1185152641212887,0.8709651992133497,0.8424760284196964,1.1559786796569824,4.382822036743164,-0.6867164373397827,4.757273563882336e-05,-2127.584140677379,0.025365937501192093,49034.97425365227,49381.36816941765,2916944478.0
train_tune_4e13c_01645_1645,CNN,0.0666775439168978,0.8477739221363478,0.7533342611141602,0.2468080222606659,0.7437536716461182,-0.025665661320090294,3.892268068739213e-06,-10813.039842783859,-0.005482672713696957,59003450025.440506,59983468784.30826,24622276366.0
train_tune_4e13c_01646_1646,CNN,0.0425900180023273,0.7934395365255279,0.8191948061695312,0.7101379632949829,1.7047773599624634,-0.27409496903419495,1.6829168089316227e-05,-1875.6694475405488,-0.003838301170617342,12396.635699378474,12436.886788452131,305146086.0
train_tune_4e13c_01647_1647,CNN,0.0887250488031883,0.7851680941007216,0.7906569782370835,0.7870803475379944,1.5339568853378296,-0.4068089723587036,3.853649468510412e-05,-2496.1511105139452,0.017741376534104347,10732880.065239793,10818551.744623113,3874627758.0
train_tune_4e13c_01648_1648,CNN,0.033774945609251,0.8898014484003941,0.8284330065584236,0.5583997368812561,2.0934267044067383,-0.15485091507434845,8.020429959287867e-06,-5631.676927524142,0.006140218116343021,3086182522.6821027,3095277096.9252014,12680260286.0
train_tune_4e13c_01649_1649,CNN,0.0315945366765886,0.8301303670725425,0.8044836040802514,0.9079021215438843,3.318373441696167,-0.4510708451271057,2.520117959647905e-05,-1726.286171776314,0.02782922238111496,19768.840834192437,19778.222326954725,1754006942.0
train_tune_4e13c_01650_1650,CNN,0.0592276591657396,0.8454515648388691,0.817676024447722,1.3251620531082153,4.829688549041748,-0.9710508584976196,3.8845806557219476e-05,-1866.2300803340318,0.017478084191679955,20009.016177602738,20078.331531939566,624742214.0
train_tune_4e13c_01651_1651,CNN,0.030679012345679,0.8810153815614328,0.8209027926378387,0.5323283076286316,1.6189059019088745,-0.15326859056949615,8.302393325720914e-06,-9063.32082839152,0.01754167303442955,5173480604.956636,5155694691.107964,28823018574.0
train_tune_4e13c_01652_1652,CNN,0.0698604479015474,0.8667115819978771,0.8233684024278176,1.2407560348510742,5.315123081207275,-0.7699375152587891,3.30407201545313e-05,-1907.8021481275764,-0.0005642203614115715,1076.030740866244,1076.030740866244,42533598.0
train_tune_4e13c_01653_1653,CNN,0.0557726063076835,0.9140697162089642,0.8710676765237522,0.577881932258606,2.024583578109741,-0.15122009813785553,1.4411700249183923e-05,-5377.576156088478,-0.013461275026202202,354788416.8208009,361525790.0164286,11423503550.0
train_tune_4e13c_01654_1654,CNN,0.1261957847384485,0.7683401805051345,0.8045142238434871,0.7012460827827454,1.457498550415039,-0.2961939871311188,2.8620608645724133e-05,-2281.9998753255636,0.013490281999111176,6438.517296170706,6458.3672726988725,112612414.0
train_tune_4e13c_01655_1655,CNN,0.030679012345679,0.8830887406971747,0.8262726620016139,0.6736917495727539,2.4245550632476807,-0.23879168927669525,1.298355982726207e-05,-9687.245471894019,0.011292682960629463,2916011170.354547,2974899873.1786838,11875484414.0
train_tune_4e13c_01656_1656,CNN,0.0570163419766201,0.8271629047027466,0.8335945582138145,0.3697853684425354,1.309266209602356,-0.06300888955593109,5.672605311701773e-06,-2857.8462613272213,-0.0059603918343782425,505963845.3564008,518992927.83254415,4666658694.0
train_tune_4e13c_01657_1657,CNN,0.0495910020449897,0.7822605179834575,0.8232791876964495,0.3448799252510071,1.2085435390472412,-0.057129718363285065,3.3809278647822794e-06,-15136.601368892068,0.004690063185989857,1457559853814.125,1456348979761.586,13255441974.0
train_tune_4e13c_01658_1658,CNN,0.0840688894288492,0.8521090711083993,0.8424840166257447,0.6291497349739075,1.4527220726013184,-0.20309481024742126,1.696642539172899e-05,-2050.2552429669904,-0.01394357904791832,10018.62456859187,9973.956681927342,254138566.0
train_tune_4e13c_01659_1659,CNN,0.0649698960043787,0.8630721099793978,0.7996996803827923,0.7955954074859619,2.8075003623962402,-0.295757532119751,2.9033399187028408e-05,-2631.360827774297,-0.0021781274117529392,32370237.03160131,32967103.701268204,5330907246.0
train_tune_4e13c_01660_1660,CNN,0.055763134057971,0.5975286899187835,0.5944545082961034,0.606048047542572,2.1368889808654785,-0.19453135132789612,1.0721327271312475e-05,-3795.789988124459,0.01854873262345791,506978695.4628843,511099854.2892202,6635996822.0
train_tune_4e13c_01661_1661,CNN,0.029364327699371,0.852904748111874,0.8370595679652664,1.067973256111145,3.7897982597351074,-0.5875773429870605,3.384768933756277e-05,-3085.778441352516,0.007358482573181391,18076101.30304402,18462004.905492,4427459574.0
train_tune_4e13c_01662_1662,CNN,0.0758730700341043,0.8548307209827919,0.8377239773259394,1.223967432975769,4.501322269439697,-0.8153452277183533,2.1055251636425965e-05,-2035.5279076199822,0.03346249461174011,765.9933085530035,765.9933085530035,20016902.0
train_tune_4e13c_01663_1663,CNN,0.0738412774930635,0.809596220193587,0.8380360078217436,0.8548847436904907,1.5971596240997314,-0.5076126456260681,3.0085684556979686e-05,-2134.4974965143265,0.014803989790380001,8449.651518590914,8439.31229547314,156335566.0
train_tune_4e13c_01664_1664,CNN,0.0291015140233308,0.807581341576566,0.8291521794464108,0.3107699751853943,1.2533541917800903,-0.045792222023010254,7.631058906554244e-06,-10492.879164187996,0.008423252031207085,360534980073.3707,357201981051.77344,9912780702.0
train_tune_4e13c_01665_1665,CNN,0.0507844540196502,0.8285966982171925,0.8422565551839938,0.2610522508621216,0.9289957284927368,-0.03014523535966873,5.1274942052259576e-06,-10848.141424948306,0.0006423273589462042,10848859723.014153,10753046941.680119,11086782790.0
train_tune_4e13c_01666_1666,CNN,0.0666775439168978,0.8535357707595049,0.8234071005928288,0.33836793899536133,0.6500253677368164,-0.04730313643813133,1.828725180530455e-05,-10812.870732620142,0.003954711370170116,567944777401.2349,553482014920.7437,7396338046.0
train_tune_4e13c_01667_1667,CNN,0.0649698960043787,0.7720484346425812,0.6629834342146278,0.3262101113796234,0.9487301111221313,-0.049502842128276825,8.702962077222764e-06,-4518.256363348272,0.0008807871490716934,224095213.34592035,224094766.9956359,6958761302.0
train_tune_4e13c_01668_1668,CNN,0.0851272868307355,0.7611957280714807,0.796461883528835,0.49702098965644836,1.6946996450424194,-0.13290658593177795,7.800057574058883e-06,-15479.309407952753,0.023332133889198303,474423328640.3716,463732963778.4807,12669836462.0
train_tune_4e13c_01669_1669,CNN,0.2142165664021369,0.8527138966877134,0.7772857758667598,1.744138240814209,6.221409320831299,-1.4465417861938477,5.000861710868776e-05,-1775.5304904683683,-0.007358511909842491,784.0392180092297,784.0392180092297,9140710.0
train_tune_4e13c_01670_1670,CNN,0.055763134057971,0.6104561455137676,0.5963248913895972,0.24735647439956665,0.943569540977478,-0.027889659628272057,4.332395747042028e-06,-8135.953382808382,0.00018285558326169848,10419065129.851892,10467413650.59541,7968521046.0
train_tune_4e13c_01671_1671,CNN,0.0287227414330218,0.8546169420815962,0.8525644940449219,0.49065467715263367,1.2610282897949219,-0.12535518407821655,1.204846557811834e-05,-4252.426031662943,0.00629324559122324,552493016.2607561,549027575.5089531,3862539662.0
train_tune_4e13c_01672_1672,CNN,0.071557396543523,0.858217324875933,0.8168462405079139,0.2138056457042694,0.8071660995483398,-0.020708926022052765,1.7632082744967192e-06,-4742.174905220909,0.00782552920281887,1325836.3484279732,1297320.3054432366,652376374.0
train_tune_4e13c_01673_1673,CNN,0.17119383161019,0.8182530246965548,0.8365792559017277,0.7238526344299316,2.474107027053833,-0.23155084252357483,1.8037684640148655e-05,-2215.487853878664,-0.02589287981390953,29100.008128433074,28938.54757742836,2183083702.0
train_tune_4e13c_01674_1674,CNN,0.0649698960043787,0.8483093028973658,0.8552128008951262,0.5030630826950073,1.7919559478759766,-0.11267930269241333,1.1346804058121052e-05,-4417.5691204508375,-0.021504011005163193,119503588.73343477,119060481.30119815,11906350502.0
train_tune_4e13c_01675_1675,CNN,0.0666801374014952,0.85543483782194,0.8128674420667202,0.41072916984558105,1.4031380414962769,-0.07820092141628265,7.09976802681922e-06,-62819.89906417167,-0.006980278063565493,4803029013889.245,4739347557316.872,17270046022.0
train_tune_4e13c_01676_1676,CNN,0.1110421364684419,0.8956620935461429,0.8357167259174324,0.4857637286186218,1.202041506767273,-0.12467688322067261,1.3065160601399839e-05,-6343.422102798836,0.014783089980483055,38548896.65465735,38788761.16893742,9004486518.0
train_tune_4e13c_01677_1677,CNN,0.0649698960043787,0.7903886246607493,0.6666176797237947,0.42125797271728516,1.716348648071289,-0.09032604843378067,1.0224207471765112e-05,-4468.399023411992,0.007463906425982714,2211469790.172146,2200899147.4905605,16016353382.0
train_tune_4e13c_01678_1678,CNN,0.1465491030168751,0.8512103671699881,0.8649387587449248,0.8060016632080078,3.3188464641571045,-0.29134082794189453,2.6324194550397806e-05,-3593.5367516586534,-0.020306872203946114,1390504133.785002,1352615598.6741872,19676973174.0
train_tune_4e13c_01679_1679,CNN,0.1187207144239973,0.8889065012326265,0.8414510233007017,0.44560524821281433,1.3220568895339966,-0.09988614916801453,9.496600796410348e-06,-3556.8458462130893,0.012968399561941624,55101257.580408625,54703691.54177067,13200290374.0
train_tune_4e13c_01680_1680,CNN,0.0649698960043787,0.8858114382813941,0.8475297025640675,0.7624232769012451,2.8815245628356934,-0.26973462104797363,2.3150594643084332e-05,-2422.578699829517,-0.010689694434404373,263603.1340918178,265367.2314681744,725754710.0
train_tune_4e13c_01681_1681,CNN,0.0337301106257845,0.5228792391410163,0.5655531561829967,0.8217015266418457,3.3829731941223145,-0.36680933833122253,3.5215893149143085e-05,-3261.640690698694,0.015928585082292557,20540877657.924767,20644101167.566734,9612788198.0
train_tune_4e13c_01682_1682,CNN,0.0291015140233308,0.8840544709329397,0.8454087919473307,1.1589473485946655,4.0555548667907715,-0.6599594354629517,7.408288365695626e-05,-2966.2754972514745,0.005335130728781223,777397.1816884102,748690.746804473,1011775470.0
train_tune_4e13c_01683_1683,CNN,0.055763134057971,0.8759706221007829,0.8122920851630689,0.5287367701530457,2.1633968353271484,-0.1495520919561386,1.2380893167573959e-05,-5266.568822222314,0.012709350325167179,5375959894.3306465,5367747359.469279,23390963222.0
train_tune_4e13c_01684_1684,CNN,0.1044139126760438,0.8876456903764455,0.8497372720916121,1.1406996250152588,4.085344314575195,-0.6091529130935669,3.869616921292618e-05,-2303.596765990633,-0.00677512027323246,670075.9087348444,690483.7349971584,3469610478.0
train_tune_4e13c_01685_1685,CNN,0.0719899167144772,0.8759276528831337,0.8080667773483787,0.8539935350418091,2.824007987976074,-0.282858669757843,1.957107633643318e-05,-2518.835751237113,-0.0386178083717823,956347.2892714504,968216.5791813905,7387112478.0
train_tune_4e13c_01686_1686,CNN,0.0438136256294483,0.8528063534713124,0.8145094060905406,0.3768310248851776,1.114650845527649,-0.06517298519611359,7.503249889850849e-06,-18433.26203624818,-0.0012090324889868498,58845827587.58441,58627807506.446,12252621934.0
train_tune_4e13c_01687_1687,CNN,0.0313507580434931,0.8836027023316073,0.8364168147641818,0.4345736503601074,1.0318294763565063,-0.10297634452581406,1.4159171769279055e-05,-7501.049629242144,0.016933396458625793,799471968.2890207,810693360.8589627,13230976542.0
train_tune_4e13c_01688_1688,CNN,0.0331060745654443,0.9011545171514294,0.8230670274773318,0.5462396144866943,2.0367050170898438,-0.1404000073671341,1.335683191427961e-05,-12214.322089087309,-0.005734749138355255,6416907876.596627,6402844524.030667,23081376078.0
train_tune_4e13c_01689_1689,CNN,0.0302578440509475,0.8636932466020785,0.8381370219833353,0.5894807577133179,2.3589537143707275,-0.1683223843574524,1.9215745851397514e-05,-3028.569136845619,-0.004664731211960316,8754427.620047297,8277788.334077537,1956806846.0
train_tune_4e13c_01690_1690,CNN,0.0284203980099502,0.895670057744042,0.813011042354518,0.24516992270946503,0.741596519947052,-0.025201424956321716,6.696087439195253e-06,-4913.433659881391,0.003618361195549369,10592101.315326441,10701753.420476887,5234594158.0
train_tune_4e13c_01691_1691,CNN,0.0675986796810147,0.8926211037530489,0.8177913748736342,0.24786794185638428,0.8630954623222351,-0.028026269748806953,3.156036427753861e-06,-20236.526497700565,0.0027065370231866837,97941882475.89001,97376565684.9204,12040454598.0
train_tune_4e13c_01692_1692,CNN,0.0656499100909028,0.8724203049355651,0.8588004710587244,0.48115456104278564,1.981811761856079,-0.11519791185855865,1.2077825886080973e-05,-3794.0991445673335,-0.00633244076743722,3677805.3750276,3684501.5626239483,25384474246.0
train_tune_4e13c_01693_1693,CNN,0.030679012345679,0.8024214257740242,0.8087284038404362,0.28503990173339844,0.8161072731018066,-0.03702390193939209,4.893041932518827e-06,-6536.732166830778,0.009765546768903732,4058819355.801652,3878589016.4166756,4522818118.0
train_tune_4e13c_01694_1694,CNN,0.055763134057971,0.6499417550457384,0.6039798258304178,0.6889204978942871,3.004544973373413,-0.23885199427604675,1.4011317944095936e-05,-2128.5818822266956,0.0004815158899873495,413199.86144308967,424646.37171140953,1967642622.0
train_tune_4e13c_01695_1695,CNN,0.055763134057971,0.8731382816758994,0.8533745741855358,0.7349156737327576,1.8051738739013672,-0.37293773889541626,3.451041266089305e-05,-2843.4270134909975,0.06557337939739227,23764.738784997062,23647.122642447564,912753670.0
train_tune_4e13c_01696_1696,CNN,0.030679012345679,0.8764602744949048,0.830246262731842,0.2743666172027588,0.7704464197158813,-0.03482765704393387,5.464743026095675e-06,-31221.107505605174,0.007778930477797985,362743620436.3297,361020024123.2991,34520244126.0
train_tune_4e13c_01697_1697,CNN,0.1435589553681086,0.8803585953263676,0.8443102234387215,0.5782618522644043,1.6927114725112915,-0.1597628891468048,1.7391228539054282e-05,-2881.0645252983913,-0.01573130488395691,2136407.9611934717,2134634.081784603,13497431422.0
train_tune_4e13c_01698_1698,CNN,0.055763134057971,0.827691508880314,0.7907994931645117,0.1578769087791443,0.510503888130188,-0.009559477679431438,2.3916961708891904e-06,-12911.855514207808,-0.0020413289312273264,4895232127.618389,5008832118.522242,13474215446.0
train_tune_4e13c_01699_1699,CNN,0.0731486578582709,0.806548719579612,0.8221299383004447,0.9071705341339111,2.9547183513641357,-0.43438732624053955,3.776278026634827e-05,-1991.2910331661556,0.007312339264899492,647064.0402144287,648138.0622373298,2861048430.0
train_tune_4e13c_01700_1700,CNN,0.0291015140233308,0.8560879591480148,0.8406054658157496,0.8959479331970215,3.819521427154541,-0.37860333919525146,4.833734783460386e-05,-1832.9404337603364,-0.006407847627997398,19401.509540478568,19392.46182592433,1421503390.0
train_tune_4e13c_01701_1701,CNN,0.0450692963752665,0.8966463088325627,0.8405618274554777,0.4786682426929474,0.7322636842727661,-0.09174487739801407,1.8061969967675395e-05,-2969.6802776775157,0.012999290600419044,709233.9134898854,707175.7553731103,10313864934.0
train_tune_4e13c_01702_1702,CNN,0.0669616035829373,0.762350620776394,0.799524456628805,0.8862619996070862,3.553675889968872,-0.4114436209201813,3.2359810575144365e-05,-12876.52701756856,0.017058169469237328,5325258312543.477,5228673593474.061,19571485902.0
train_tune_4e13c_01703_1703,CNN,0.1058005361112788,0.8252175378266066,0.8483926791601898,0.7336246967315674,2.2745654582977295,-0.26145386695861816,4.154479756834917e-05,-3773.1894920468944,-0.00388301070779562,56885004.9590642,57533295.916789666,6849775582.0
train_tune_4e13c_01704_1704,CNN,0.0330148229817469,0.7677629621694257,0.741001755498821,0.30611103773117065,0.9555016756057739,-0.04323551803827286,9.92852437775582e-06,-8965.531627411667,0.0028040241450071335,9536819296.634201,9520744569.466038,5105177334.0
train_tune_4e13c_01705_1705,CNN,0.0802939530376015,0.873073511021464,0.8191948542657297,0.42975229024887085,0.834338903427124,-0.07511197775602341,7.468816420441726e-06,-2725.493574768801,0.0034317784011363983,187025.89721923624,188049.78963070092,570162430.0
train_tune_4e13c_01706_1706,CNN,0.0573908990269766,0.8675054600885771,0.8104802791295437,0.766778290271759,2.50947904586792,-0.3003457188606262,1.9591774616856128e-05,-6125.02505274483,0.005919315852224827,10649747007.1811,11029395452.200865,4940908366.0
train_tune_4e13c_01707_1707,CNN,0.1383362367320737,0.8497655482678228,0.8202059270299523,2.4792046546936035,7.4386982917785645,-4.6144843101501465,0.00022586646082345396,-1951.924221680881,0.2553708553314209,1093.8898943766308,1093.8898943766308,7160726.0
train_tune_4e13c_01708_1708,CNN,0.0291015140233308,0.8792777000347324,0.8098478042733209,0.44757726788520813,1.5396546125411987,-0.09038525819778442,7.969593752932269e-06,-28869.862370277035,-0.009904906153678894,1025225808188.0208,1013133653851.5137,16553496318.0
train_tune_4e13c_01709_1709,CNN,0.139849412323732,0.8079396122641173,0.7994617403785521,1.364478588104248,5.925671577453613,-0.9962599277496338,4.7828525566728786e-05,-1688.9965667511055,0.013304154388606548,546.9920935356322,546.9920935356322,13793486.0
train_tune_4e13c_01710_1710,CNN,0.0671909192908274,0.8674806662726264,0.8311210169682082,0.6267352104187012,1.271932601928711,-0.19125774502754211,1.5071918824105524e-05,-2808.3293032474767,-0.023599207401275635,548897.8627065022,544537.6997641837,1375110646.0
train_tune_4e13c_01711_1711,CNN,0.0649698960043787,0.8638564727507577,0.8469066098104027,0.14923372864723206,0.3526122570037842,-0.004796573892235756,2.4944692995632067e-06,-28010.849919337386,-0.005256132688373327,432928083316.16376,429469570623.11035,9786352566.0
train_tune_4e13c_01712_1712,CNN,0.1338600705328826,0.872276595944947,0.788614755213159,0.6766559481620789,1.1138279438018799,-0.30944520235061646,2.841430250555277e-05,-4666.731482777326,0.034901563078165054,1819632950.3242388,1777467047.2025707,21596712174.0
train_tune_4e13c_01713_1713,CNN,0.0383894439884956,0.8876115658062579,0.8332633933529472,1.1064387559890747,2.6772611141204834,-0.7310950756072998,1.7592394215171225e-05,-3211.091392503295,0.011186083778738976,946267.783229619,957904.2923636578,4849760646.0
train_tune_4e13c_01714_1714,CNN,0.1652937857650433,0.8434121470372306,0.8306224937535899,0.4637066423892975,1.846785545349121,-0.10372599959373474,8.734958100831136e-06,-2516.142279584299,-0.005007975269109011,55742421.13974421,55892658.95536199,20344187942.0
train_tune_4e13c_01715_1715,CNN,0.0093556420607703,0.5437548399232831,0.617624088005544,0.6517670154571533,2.5012478828430176,-0.18839603662490845,2.3864540708018467e-05,-2789.803864854628,-0.01913563162088394,460977518.3465457,455191650.41911054,5814185670.0
train_tune_4e13c_01716_1716,CNN,0.0716887209953954,0.8559117968808411,0.8146855518379917,1.7367839813232422,6.286055088043213,-1.288772463798523,5.7992758229374886e-05,-1756.5030423967937,-0.03561379760503769,1012.8938927491488,1012.8938927491488,10980262.0
train_tune_4e13c_01717_1717,CNN,0.055763134057971,0.4953161804294151,0.5444388805383155,0.9389841556549072,4.0219268798828125,-0.43748739361763,1.9492666979203932e-05,-2636.245509864215,-0.001306402264162898,290660283.16174495,279717403.0314437,4566700478.0
train_tune_4e13c_01718_1718,CNN,0.0900259818537984,0.8431023289793624,0.8371339655825212,0.3098464012145996,0.6605572700500488,-0.04402151703834534,3.6097821975999977e-06,-14343.753625024037,0.010810221545398235,952645791236.7922,940442177756.3417,21492296286.0
train_tune_4e13c_01719_1719,CNN,0.0306960657155209,0.8781934943966547,0.8442135630118779,0.8988779783248901,3.3568575382232666,-0.451462060213089,2.500391383364331e-05,-3154.011272724891,0.0437643826007843,2611913.103166508,2604615.5539469575,12120276726.0
train_tune_4e13c_01720_1720,CNN,0.0278413424866514,0.8725197521452911,0.8181866186085167,1.5474390983581543,7.021953105926514,-1.3560370206832886,5.6894092267611995e-05,-1684.6090949810196,0.05431131273508072,1124.125808249044,1124.125808249044,32699558.0
train_tune_4e13c_01721_1721,CNN,0.0649698960043787,0.8366414115080896,0.8265421829415956,0.2814919650554657,0.6776466369628906,-0.03239017724990845,4.438409632712137e-06,-6962.811706844444,-0.006819135043770075,1450752627.5722656,1476396663.000442,20919150598.0
train_tune_4e13c_01722_1722,CNN,0.0291015140233308,0.8704039792315337,0.8190350404965979,0.20926299691200256,0.41164129972457886,-0.011377080343663692,6.852157184766838e-06,-6638.339367418934,0.00655148271471262,12316795833.679276,12674029905.88233,9799676670.0
train_tune_4e13c_01723_1723,CNN,0.0464452076899391,0.8649001042753254,0.832869083514642,1.6590352058410645,5.867328643798828,-1.294372797012329,8.809869177639484e-05,-1860.2688072488318,-0.03293222188949585,1109.2375907283854,1109.2375907283854,13917342.0
train_tune_4e13c_01724_1724,CNN,0.055763134057971,0.8650705484636697,0.8022447569582395,0.15190140902996063,0.5487282872200012,-0.00870535895228386,2.8100719191570533e-06,-6705.52380911925,-0.0006069584051147103,2174193.560216778,2055651.4329727637,2975649862.0
train_tune_4e13c_01725_1725,CNN,0.0569825292143931,0.9017715470739032,0.84532395519674,0.5785732865333557,2.108302116394043,-0.1643592119216919,1.429955409548711e-05,-6726.862454070505,-0.005176256410777569,92701247.69026174,94480529.14280427,14755002398.0
train_tune_4e13c_01726_1726,CNN,0.204889383310325,0.8910329395328896,0.8209844099018052,0.5903758406639099,2.041306495666504,-0.18260139226913452,1.8752651158138178e-05,-9570.624746855372,0.02171151712536812,1677267388.2277932,1627914162.3324585,15037890022.0
train_tune_4e13c_01727_1727,CNN,0.0020115460834363,0.8465503515952472,0.809280891230236,1.4828859567642212,6.162382125854492,-1.2438992261886597,4.157888179179281e-05,-1858.4235795877128,0.05004283785820007,770.6410495486879,770.6410495486879,17236798.0
train_tune_4e13c_01728_1728,CNN,0.0578419309708198,0.8124120040717243,0.8239076034240681,0.6834942102432251,2.3589115142822266,-0.24414129555225372,1.4225887753127608e-05,-1957.6387201453435,0.005293082445859909,16277.614352028982,16250.148508902672,2335968590.0
train_tune_4e13c_01729_1729,CNN,0.0670274998633207,0.8061190443524849,0.8180428992775012,0.5286411046981812,1.7711715698242188,-0.13484057784080505,9.278638572141062e-06,-3023.091472063623,-0.003661641851067543,1091840062.0473757,1085986389.4832504,11802791662.0
train_tune_4e13c_01730_1730,CNN,0.0277584481262088,0.7629229801542287,0.7916578022739064,0.8486034870147705,3.5095789432525635,-0.31692153215408325,2.93693010462448e-05,-2270.5589920709103,-0.015698041766881943,32256996.77672201,32171495.00266756,9505739886.0
train_tune_4e13c_01731_1731,CNN,0.0666775439168978,0.8443456902321521,0.7552793132442931,0.44730812311172485,1.5370848178863525,-0.09787902235984802,1.1338942385918926e-05,-3170.681612587966,0.004437896888703108,193065053.02300444,181493517.70673284,3367754262.0
train_tune_4e13c_01732_1732,CNN,0.0672370297246901,0.8857676231662265,0.8309646934685914,0.4117279350757599,1.484610915184021,-0.08349340409040451,7.900608579802793e-06,-3047.268955611078,-0.0024784798733890057,452451.1116553935,456061.6501657384,919972462.0
train_tune_4e13c_01733_1733,CNN,0.0666775439168978,0.8218994076210207,0.8039960103761078,0.13905012607574463,0.5355380773544312,-0.007964071817696095,2.602383119665319e-06,-4941.217950421353,-0.0019184802658855915,385401803855.9748,381638484275.42346,15314223526.0
train_tune_4e13c_01734_1734,CNN,0.055763134057971,0.871631406837854,0.8286065661271419,0.3654658794403076,0.6072602272033691,-0.050349656492471695,1.4667874893348198e-05,-23271.287056411482,0.014651811681687832,42247849536.5968,43221334758.11626,19655859326.0
train_tune_4e13c_01735_1735,CNN,0.0622007517744952,0.8905041340766866,0.8176159934870295,0.4838305711746216,0.9219437837600708,-0.11159590631723404,3.090111022174824e-06,-4724.413008043322,-0.0022673935163766146,883359790.0364941,873089490.6986946,10968760934.0
train_tune_4e13c_01736_1736,CNN,0.0772054027679046,0.864065454191587,0.8461658352943792,0.9806843400001526,3.9718360900878906,-0.5520035028457642,2.2888274543220177e-05,-2066.492296366856,0.050124332308769226,54816.7764352332,55144.74775576803,8166298982.0
train_tune_4e13c_01737_1737,CNN,0.1133066303634739,0.8617259971618676,0.808919046225078,1.098621129989624,4.720256328582764,-0.6256105899810791,2.3254824554896913e-05,-1855.8263982271787,0.02087702788412571,722.7249876634426,722.7249876634426,32417062.0
train_tune_4e13c_01738_1738,CNN,0.0330208907676285,0.8671841221353528,0.8435068374613414,0.94234299659729,3.673269271850586,-0.444338321685791,2.1519324945984408e-05,-1921.8901315072321,0.007246304303407669,759.7906949810028,759.7906949810028,32023046.0
train_tune_4e13c_01739_1739,CNN,0.0666775439168978,0.895735675677466,0.8189650159644644,0.29736649990081787,1.0180156230926514,-0.03657430037856102,1.0666810339898802e-05,-27531.242733683626,-0.016580114141106606,248469970269.86023,252360245812.95593,28970492886.0
train_tune_4e13c_01741_1741,CNN,0.1095262232189037,0.8786403972277786,0.8256637687750473,1.4725472927093506,6.120482921600342,-1.0574579238891602,6.156016024760902e-05,-1798.7766488775585,-0.020008042454719543,1314.0767634806255,1314.0767634806255,32994846.0
train_tune_4e13c_01743_1743,CNN,0.0434022998220998,0.8739352191303071,0.8236408011253653,0.7138065099716187,2.7944610118865967,-0.27827775478363037,1.470520601287717e-05,-3378.5543581185098,0.02812071517109871,1585191.2368836238,1605599.2053346322,6500375878.0
train_tune_4e13c_01744_1744,CNN,0.034034613652448,0.7860307392580225,0.8055757441506463,0.9595063924789429,3.7446019649505615,-0.43001896142959595,2.8573198505910113e-05,-4195.0169707925315,-0.016417238861322403,2904917509.649361,2901361468.5059824,17109288550.0
train_tune_4e13c_01745_1745,CNN,0.030679012345679,0.8204432158076177,0.8328827590618948,0.952269434928894,3.4083805084228516,-0.4920327067375183,1.962791611731518e-05,-2043.3962278070355,0.01517050713300705,13042.594875327935,12999.708890613218,509054566.0
train_tune_4e13c_01746_1746,CNN,0.055763134057971,0.7608500638260662,0.7955004832874418,0.5836566090583801,2.007509231567383,-0.1804419755935669,1.5182469724095426e-05,-8012.201561334144,0.021127164363861084,785516853265.5054,816430390428.28,15008827126.0
train_tune_4e13c_01747_1747,CNN,0.0656431965687662,0.8797610164905136,0.8105417973243582,0.7707051634788513,3.1991751194000244,-0.3065064251422882,1.6867394151631743e-05,-5887.400944159064,0.002476468915119767,5454770530.757982,5565311454.304192,22895401150.0
train_tune_4e13c_01748_1748,CNN,0.0307074451652764,0.8688840851324294,0.8126421499254018,0.14264287054538727,0.4660501480102539,-0.0071805622428655624,2.8128047233622056e-06,-4023.452857844406,0.00014061096590012312,57403206.73969915,53242025.35700284,8080692214.0
train_tune_4e13c_01749_1749,CNN,0.276471949632082,0.8311784701124343,0.8505995837594872,0.6988097429275513,2.666065216064453,-0.2025337666273117,2.075501106446609e-05,-2177.548851276334,-0.03144266456365585,27596.87721358342,27559.073819575537,5946342030.0
train_tune_4e13c_01750_1750,CNN,0.0558105275086407,0.8953205731803933,0.8282713302149168,0.30869168043136597,1.0514757633209229,-0.0431056022644043,6.490435225714464e-06,-43273.299782140624,-0.004420837853103876,59993149873.03789,60326571438.82611,20095985134.0
train_tune_4e13c_01751_1751,CNN,0.055763134057971,0.6125141898716835,0.6122810535666189,0.5306037664413452,2.0740721225738525,-0.14244216680526733,1.5155143046285957e-05,-81544.71319175964,0.00444821547716856,8032090321001.416,8232569075400.687,19965484166.0
train_tune_4e13c_01752_1752,CNN,0.0291015140233308,0.552398328647214,0.5707090201176833,0.1878771185874939,0.6987798810005188,-0.014074874110519886,4.013111265521729e-06,-6636.136067884358,-0.004906394053250551,1962132300.61265,1901346051.6756577,13106464414.0
train_tune_4e13c_01753_1753,CNN,0.0558200158676187,0.8712567472530686,0.8036453167731912,0.8541581034660339,3.07017183303833,-0.38434410095214844,3.824893428827636e-05,-2989.2215184436227,0.021174997091293335,43086169.4820788,43392122.37959082,11284118958.0
train_tune_4e13c_01754_1754,CNN,0.0676040805073063,0.8875931361499926,0.8337644764477591,0.3751996159553528,1.2178261280059814,-0.06637127697467804,8.327649993589148e-06,-4193.621124680951,-0.002130875363945961,93086142.21562518,93364603.80089733,21965861542.0
train_tune_4e13c_01755_1755,CNN,0.0502135555909897,0.8463123441039732,0.8543279317436565,0.4203660488128662,1.4982234239578247,-0.07854915410280228,7.237816134875175e-06,-4061.8656719273395,-0.012964056804776192,654133341.2498335,655894881.590683,8096665718.0
train_tune_4e13c_01756_1756,CNN,0.0734512726661892,0.8844568926414259,0.8382389367073525,0.46655601263046265,1.2535009384155273,-0.10392630100250244,1.1615245057328139e-05,-8669.780405097865,-0.0071802036836743355,1846720070.1789694,1860887657.493217,15957805014.0
train_tune_4e13c_01757_1757,CNN,0.0530135845292699,0.8772541858872659,0.8374601565101444,1.0214900970458984,4.214266300201416,-0.4197475016117096,3.2043797546066344e-05,-2517.8581048146416,-0.03658170998096466,79247.79707286283,79073.66581819062,7337104358.0
train_tune_4e13c_01758_1758,CNN,0.0754051720703063,0.8980950123683872,0.8335399955799333,0.8164343237876892,1.3092873096466064,-0.3577241599559784,5.174515172257088e-05,-5321.397271987088,-0.022339345887303352,40276541.86383394,40132546.3237408,16763397102.0
train_tune_4e13c_01759_1759,CNN,0.0782896910996048,0.8457625261978968,0.8327064106804806,1.7600486278533936,6.385680675506592,-1.6845970153808594,7.16455906513147e-05,-1903.990916611777,0.04176015406847,1024.0618484146698,1024.0618484146698,13661654.0
train_tune_4e13c_01760_1760,CNN,0.0508787794635774,0.8458383485362582,0.8149317920143461,1.0161114931106567,4.2993059158325195,-0.5284643173217773,1.7469163140049204e-05,-1835.726863334023,-0.0065113273449242115,445.06698124912054,445.06698124912054,12957590.0
train_tune_4e13c_01761_1761,CNN,0.0197578075207138,0.8447726273262445,0.8577825020832842,0.6955727338790894,2.9015560150146484,-0.26007336378097534,1.3240081898402423e-05,-2227.689219776404,0.023663058876991272,42078.971732916354,41962.87768331437,10008447366.0
train_tune_4e13c_01762_1762,CNN,0.026358627598297,0.6401683939723372,0.6754681909749359,0.10230091214179993,0.36955225467681885,-0.003432181663811207,2.9849684324290138e-06,-14960.994855184967,0.003147028386592865,17032294494.605736,19080129974.702446,5702038502.0
train_tune_4e13c_01763_1763,CNN,0.1100803663652499,0.8718552037347186,0.8350654169294328,1.2868263721466064,5.62097692489624,-0.8915496468544006,4.498707130551338e-05,-1877.3443044389332,0.02886621654033661,1067.9799295300045,1067.9799295300045,48892766.0
train_tune_4e13c_01764_1764,CNN,0.0468064513489994,0.8486985964890073,0.8127513774606383,1.550943374633789,5.201608657836914,-0.9275948405265808,7.281926809810102e-05,-1841.1123302150074,-0.06232568994164467,1031.4619035755686,1031.4619035755686,10160374.0
train_tune_4e13c_01765_1765,CNN,0.0689899250368564,0.8470948776980104,0.8123302953083117,0.5782350301742554,2.440124273300171,-0.16826137900352478,1.9624236301751807e-05,-26465.333506440784,-0.0037661746609956026,36947755136.52426,36584991654.6825,9312462358.0
train_tune_4e13c_01766_1766,CNN,0.1050878890501532,0.8672500767209925,0.7994362993812226,1.2091798782348633,4.982169151306152,-0.7269097566604614,2.6961264666169882e-05,-1673.4136439197573,-0.013979234732687473,742.2726258397937,742.2726258397937,19657062.0
train_tune_4e13c_01767_1767,CNN,0.0665357766143106,0.8458473796081861,0.8013709639645986,1.3350958824157715,3.9771463871002197,-0.8615473508834839,5.55719125259202e-05,-1772.1135715570063,-0.02575191855430603,539.8595291285701,539.8595291285701,3743318.0
train_tune_4e13c_01768_1768,CNN,0.0573708427980662,0.7554770840663271,0.7350805190278683,0.1368781179189682,0.3476508855819702,-0.0048337033949792385,1.6647677512082737e-06,-3039.0276084607995,0.003506859065964818,713829092.4768095,788808438.5668325,3990345462.0
train_tune_4e13c_01769_1769,CNN,0.0698469253732295,0.8615507879710048,0.8150364833787845,0.5725583434104919,2.147986888885498,-0.17986825108528137,1.6386078641517088e-05,-2985.5955621880853,0.028911389410495758,999784936.0368364,970911911.3636423,9797723678.0
train_tune_4e13c_01770_1770,CNN,0.0904144224967852,0.8293231154520271,0.8300029328634374,0.7008419036865234,2.298149824142456,-0.2042909860610962,2.213249354099389e-05,-2291.591725913398,-0.032397933304309845,287913.74620331416,285285.34779280087,800536614.0
train_tune_4e13c_01771_1771,CNN,0.0738329471448614,0.8893282150443093,0.8401022360535202,1.139397382736206,4.430871486663818,-0.77335524559021,4.329695366322994e-05,-2087.4761656170517,0.05825461447238922,10136.438697862966,9870.526284181247,245073382.0
train_tune_4e13c_01772_1772,CNN,0.0751231989487023,0.8658565092288563,0.8238555688127503,0.9344385862350464,3.534184455871582,-0.5328114032745361,2.892372867790982e-05,-21292.812628582556,0.052228737622499466,800407819175.3069,809808154774.9067,15399668150.0
train_tune_4e13c_01773_1773,CNN,0.0558822075177639,0.8783892225396159,0.8443677229869359,1.479335904121399,6.209051609039307,-1.1034014225006104,4.196494410280138e-05,-1884.149094916114,0.008302923291921616,1374.3740887074953,1374.3740887074953,36914438.0
train_tune_4e13c_01774_1774,CNN,0.0567484090848576,0.829749560375439,0.8058690192398239,0.3555447459220886,1.3237782716751099,-0.058079738169908524,4.439229087438434e-06,-8965.108297488743,-0.006905076093971729,55806673631.33986,57033657544.02593,14010834958.0
train_tune_4e13c_01775_1775,CNN,0.0576244753988601,0.8869328089086762,0.8707803498127437,1.114054560661316,3.392754077911377,-0.6820676326751709,5.5069289373932406e-05,-2222.3001385246534,0.0016390117816627026,27977.955770305627,28215.735468289167,1074910822.0
train_tune_4e13c_01776_1776,CNN,0.1096735826132778,0.8642659521999367,0.8565257997569912,0.7774752378463745,2.9457974433898926,-0.3129216432571411,1.8040280338027515e-05,-2113.115497524197,0.012270690873265266,29566.457710237235,29675.549367378557,2653607222.0
train_tune_4e13c_01777_1777,CNN,0.0557240475069873,0.8459004727230197,0.8066264665630422,1.8595679998397827,5.866260051727295,-1.8508098125457764,0.00019622716354206204,-1847.5314108388757,0.014307072386145592,761.1893811333155,761.1893811333155,5196462.0
train_tune_4e13c_01778_1778,CNN,0.0679638560895836,0.8519381550962458,0.8345721195499087,0.2706425189971924,1.0353432893753052,-0.03606218844652176,5.028101440984756e-06,-12181.654284593176,0.007737601175904274,34186327510.535927,34967419286.06388,11240046926.0
train_tune_4e13c_01779_1779,CNN,0.0666775439168978,0.8390180441191682,0.8183854705767724,0.1025189533829689,0.3287205696105957,-0.0034969570115208626,6.390705493686255e-06,-21113.429436808703,-0.004200069233775139,60110896861.85445,60002058024.643036,30762356374.0
train_tune_4e13c_01780_1780,CNN,0.2161163797237972,0.8590059890545235,0.8510831834007794,0.8228564262390137,3.312326431274414,-0.28509974479675293,4.217798414174467e-05,-2577.2154614563156,-0.036842599511146545,41061.482475375306,40922.31422236515,2412197630.0
train_tune_4e13c_01781_1781,CNN,0.142897095583822,0.8458515498957689,0.7897659154440225,1.8097014427185059,6.3766889572143555,-1.923810601234436,5.6507877161493525e-05,-1773.9891135089938,0.054654497653245926,865.9977007162801,865.9977007162801,9959462.0
train_tune_4e13c_01782_1782,CNN,0.0760599750461581,0.9092216854488928,0.8303994985349797,1.291799545288086,3.2102861404418945,-0.7496191263198853,3.0276707548182458e-05,-3059.889562486786,-0.03477974981069565,184401.891534461,190414.69835929613,283698406.0
train_tune_4e13c_01783_1783,CNN,0.0559246011468801,0.8339953691578884,0.8288407734488729,0.48222213983535767,1.9084436893463135,-0.11936385184526443,1.0174860108236317e-05,-2718.2812297056116,0.0058906907215714455,46155882.351030685,46924658.00564164,14079871566.0
train_tune_4e13c_01784_1784,CNN,0.0830056175048618,0.8836019144570665,0.8375540120152131,0.6579468250274658,2.409938097000122,-0.18287529051303864,1.8858228941098787e-05,-2973.4766789376617,-0.0297507606446743,1399125.8297451632,1393027.903251837,7371409814.0
train_tune_4e13c_01785_1785,CNN,0.104193608835757,0.9102892354323028,0.8271923616346643,1.1072280406951904,3.7445225715637207,-0.6852745413780212,3.371115235495381e-05,-2627.4429134831835,0.02787844091653824,380157.775316844,372487.5734466077,2974655446.0
train_tune_4e13c_01786_1786,CNN,0.0597239160816078,0.8758656982754515,0.8385451715627356,0.937538743019104,3.7214105129241943,-0.44778236746788025,2.450012107146904e-05,-3927.898302552701,0.009155817329883575,30000865.818728458,29506624.061623808,7267407814.0
train_tune_4e13c_01787_1787,CNN,0.055763134057971,0.5840428996720238,0.5735917149287122,0.3630390167236328,1.3903237581253052,-0.06438114494085312,6.0033012232452165e-06,-6989.848285847248,0.004516270011663437,191431815098.58533,200264615369.57092,11135737030.0
train_tune_4e13c_01788_1788,CNN,0.0348305252323852,0.6325777853022548,0.5645113382036792,0.18521660566329956,0.6222399473190308,-0.014330195263028145,2.7308751668897457e-06,-6655.460805124449,0.005128237418830395,66083575.45053038,66684468.6626399,994067198.0
train_tune_4e13c_01789_1789,CNN,0.0291015140233308,0.7082940194860609,0.7213843902968545,0.8451740741729736,2.7748425006866455,-0.280463844537735,3.0157822038745508e-05,-67054.92501688616,-0.03487513214349747,12709732673901.746,13382947899019.15,22495467062.0
train_tune_4e13c_01790_1790,CNN,0.0325572583990283,0.8434831369260299,0.8554227760504399,0.5652335286140442,1.0765714645385742,-0.16245464980602264,8.309386430482846e-06,-4392.198248180314,-0.007595273200422525,844320756.1727557,844708681.5464363,17620144966.0
train_tune_4e13c_01791_1791,CNN,0.1224103654820471,0.8583908025679166,0.8301071810258724,0.7149268388748169,2.325485944747925,-0.236121267080307,1.2481099474825896e-05,-5421.559812171265,-0.014912272803485394,79872658.63503805,79774808.81078012,7121642438.0
train_tune_4e13c_01792_1792,CNN,0.0036391792489353,0.8825825857804723,0.8522964771456829,0.8971132040023804,2.00581955909729,-0.49803417921066284,3.585041486076079e-05,-2489.322294769576,0.01973744109272957,209055.36081575888,209501.78158775126,202246854.0
train_tune_4e13c_01793_1793,CNN,0.0382846551975962,0.7675710773257443,0.7935913449715101,0.8623107671737671,1.0086705684661865,-0.25870099663734436,6.396196113200858e-05,-2318.4139199809833,-0.03991098701953888,91158.72370154352,92127.62255900059,1366663686.0
train_tune_4e13c_01794_1794,CNN,0.0784068856323834,0.8482782199193201,0.8076733850739183,0.9955474138259888,4.384754180908203,-0.5088768005371094,2.5069957700907253e-05,-1701.2850559205276,-0.004433297552168369,583.1427254447658,583.1427254447658,25955662.0
train_tune_4e13c_01795_1795,CNN,0.1524585641629433,0.5639694328075766,0.5975791224040529,1.1340161561965942,4.565982341766357,-0.6139583587646484,3.2216332328971475e-05,-2375.7405396518507,-0.005162562243640423,29323001.64944655,29374246.001194887,12989273878.0
train_tune_4e13c_01796_1796,CNN,0.1115424805079977,0.8936990406876891,0.8368537061107334,0.6181249618530273,2.4514272212982178,-0.15700258314609528,1.6540594515390694e-05,-3440.177275848492,-0.02735336497426033,66066621.399771884,66491139.96388963,14252731934.0
train_tune_4e13c_01797_1797,CNN,0.1007862117411464,0.8696351481897788,0.8523483447971776,0.9584299325942993,3.5844292640686035,-0.37309587001800537,3.870806540362537e-05,-2157.971371608934,-0.027575690299272537,33627.01936021419,33440.89362090318,3052029566.0
train_tune_4e13c_01798_1798,CNN,0.0109913407304248,0.8619959083295422,0.8339015482184289,0.9205145239830017,3.5051300525665283,-0.4937131404876709,3.41639133694116e-05,-2805.6462604337617,0.04245513677597046,2154649.95221126,2099803.46319296,13843479678.0
train_tune_4e13c_01799_1799,CNN,0.0793650639826039,0.8854272742432512,0.8055840567579784,0.3062097132205963,1.245299220085144,-0.04416166618466377,3.1483068596571684e-06,-2718.2230325443384,-0.00191013072617352,130667.11730836408,130673.75177164728,253779454.0
train_tune_4e13c_01800_1800,CNN,0.0330148229817469,0.805057449299238,0.8242093024726921,0.18225052952766418,0.579730212688446,-0.012087712064385414,3.7989086649758974e-06,-29629.242683441447,-0.000845898874104023,1153704085473.746,1200103359005.2542,17349780078.0
train_tune_4e13c_01801_1801,CNN,0.1082412031080776,0.8129103061068289,0.8539000392212089,0.254801869392395,0.5726442337036133,-0.02260192483663559,7.4278650572523475e-06,-10369.879735348379,-0.0032430461142212152,875476331699.9393,874290717577.3667,13078329926.0
train_tune_4e13c_01802_1802,CNN,0.0046408018183576,0.8676859567199396,0.8192905287238342,0.5927788615226746,2.3073813915252686,-0.18003591895103455,1.000922748062294e-05,-2387.1998416003466,0.010382134467363358,925659.662848484,930111.513953612,4102221854.0
train_tune_4e13c_01803_1803,CNN,0.0677956721456638,0.8687738985873622,0.8091364394187623,0.6170507669448853,1.583406925201416,-0.20249655842781067,2.968218359455932e-05,-2746.8734528678574,0.00884002260863781,16497742.038136553,16395616.619111516,6904332286.0
train_tune_4e13c_01804_1804,CNN,0.1377706935204758,0.8891338680224972,0.8651250575242567,0.7753052711486816,3.365341901779175,-0.31851089000701904,2.2797550627728924e-05,-2686.231009277735,0.01441361103206873,51559.67344414463,50940.54525995122,14953728366.0
train_tune_4e13c_01805_1805,CNN,0.0578662906826459,0.898716907698797,0.8301204030814215,0.3355172276496887,1.223201870918274,-0.05704372376203537,5.505794433702249e-06,-21337.629641940177,0.011300846002995968,33541877098603.227,33140767885242.664,66623214286.0
train_tune_4e13c_01806_1806,CNN,0.055763134057971,0.7836796239199576,0.8160577859366388,0.5124393105506897,1.915806770324707,-0.12758371233940125,7.022559202596312e-06,-4972.530717939623,0.002839700784534216,1491014727.7430289,1522872906.6836128,15838156102.0
train_tune_4e13c_01807_1807,CNN,0.1478073684966364,0.8341882225873366,0.8389728887919472,0.5047786831855774,2.138573408126831,-0.12828108668327332,1.1161135262227617e-05,-3574.744852271554,-0.0020436595659703016,83082491.45341328,81932547.95113619,30864903406.0
train_tune_4e13c_01808_1808,CNN,0.0596577566087216,0.9069797786967456,0.8234648343563418,0.3188912868499756,1.0125181674957275,-0.047141313552856445,5.097650500829332e-06,-6720.861852531752,-0.0007443304639309645,20105508.591402113,20564789.568619855,5130057374.0
train_tune_4e13c_01809_1809,CNN,0.0048906964597262,0.8903237906462986,0.8537406237363069,1.1183006763458252,4.274697303771973,-0.5159797072410583,3.563000063877553e-05,-1930.4728420983915,-0.028287064284086227,37013.842774651814,36726.160338383066,5042892062.0
train_tune_4e13c_01810_1810,CNN,0.0687927318411754,0.8580290636658079,0.8448408853261089,0.7929449081420898,2.368727684020996,-0.2882998585700989,3.0485307433991693e-05,-2220.504110826604,-0.030337704345583916,26145.94400905783,25982.750059027538,1133090502.0
train_tune_4e13c_01811_1811,CNN,0.0571909655692968,0.8601158136212447,0.8348156340832994,0.3022052049636841,1.2254233360290527,-0.04314284026622772,5.8813293435378e-06,-4226.00033223854,-0.011012685485184193,1455671057.2338102,1476680939.4058166,13592453486.0
train_tune_4e13c_01812_1812,CNN,0.1212227792306064,0.8846837426889519,0.8332448026559064,0.5010462403297424,2.0131547451019287,-0.1327316164970398,7.220603492896771e-06,-11691.402279032449,0.012084515765309334,7384737576.220225,7364067671.252518,21910457942.0
train_tune_4e13c_01813_1813,CNN,0.0646992943246789,0.8695082632160799,0.7662271778231146,0.7980563640594482,3.4307384490966797,-0.3202322721481323,2.4602239136584103e-05,-2733.191678080754,0.002519964473322034,14774606.710156294,15577700.292042797,6162353102.0
train_tune_4e13c_01814_1814,CNN,0.0340009660154788,0.5871719132436074,0.5583622237486328,0.8409274220466614,3.5310261249542236,-0.3569895625114441,2.4778986698947847e-05,-2742.5775915407976,-0.0017540311673656106,23900788.778158627,23509592.529727295,4633465414.0
train_tune_4e13c_01815_1815,CNN,0.0978802406290852,0.817677928730247,0.801382935603236,0.7395414113998413,3.043513298034668,-0.2973162531852722,1.5310371964005753e-05,-1620.1270987235869,0.022624820470809937,13278.53710942217,13288.422247581057,1841028998.0
train_tune_4e13c_01816_1816,CNN,0.1038844025162638,0.8854047030046872,0.8209108708438809,0.3974434733390808,0.7296433448791504,-0.0668555349111557,1.188379064842593e-05,-3864.6400158765377,-0.005496521946042776,489709654.0443466,481717454.3925631,8124133086.0
train_tune_4e13c_01817_1817,CNN,0.030679012345679,0.7137877795984071,0.7877308222284743,0.5090764164924622,1.6489839553833008,-0.1320381611585617,9.27868313738145e-06,-27514.83020405164,0.011305923573672771,1879728155251.4978,1823416449710.5103,13672521318.0
train_tune_4e13c_01818_1818,CNN,0.0651969429747207,0.8778389990027494,0.8323241344376832,0.28482845425605774,0.7176909446716309,-0.0381283164024353,5.722747118852567e-06,-3414.5359503273935,0.016531625762581825,3622324.4475615476,3595011.64010771,1182513406.0
train_tune_4e13c_01819_1819,CNN,0.0422382415264977,0.8245429923869141,0.7980786340166263,1.1117727756500244,3.9598379135131836,-0.6793218851089478,7.09129380993545e-05,-1843.5300597005953,0.03310044854879379,17149.405748210935,17107.418671942258,518742662.0
train_tune_4e13c_01820_1820,CNN,0.0289882060831781,0.8204282155407377,0.8284517341778446,0.24665027856826782,1.014536738395691,-0.02749357372522354,3.328086677356623e-06,-5566.671569305879,-0.006492843851447105,403122316.6447141,405453779.85238075,18298760566.0
train_tune_4e13c_01821_1821,CNN,0.0287613368120263,0.8938604240027007,0.819541249031731,0.6675823926925659,1.0172220468521118,-0.18476444482803345,4.325718691688962e-05,-2628.4520362870726,-0.04333440959453583,2827227.50005458,2848185.161593929,1087004990.0
train_tune_4e13c_01822_1822,CNN,0.0205625606207565,0.8438455025748502,0.8425641677948499,0.7164411544799805,2.647614002227783,-0.2621442675590515,1.6815029084682465e-05,-2980.9153463168623,0.008022350259125233,34879679.79249322,35322014.71187818,6758670950.0
train_tune_4e13c_01823_1823,CNN,0.025458248472505,0.8706808506901776,0.8369582541185759,0.3672108054161072,1.480984091758728,-0.07041548937559128,8.999614692584146e-06,-6224.534427716315,0.018940895795822144,98621537.6355035,99961302.90995568,17125140350.0
train_tune_4e13c_01824_1824,CNN,0.0330148229817469,0.8981958023666632,0.7979984109600967,0.46721217036247253,1.9060744047164917,-0.10200561583042145,6.684419531666208e-06,-9453.469937767382,-0.010738137178122997,5230213017771.961,5274226008202.741,27604908798.0
train_tune_4e13c_01825_1825,CNN,0.0249146426711057,0.82889469393134,0.8450259617558217,0.6761934161186218,2.6416311264038086,-0.21657651662826538,1.3038774341112003e-05,-3175.147508901594,-0.013374045491218567,21438335.514155775,21228989.25864348,7954779294.0
train_tune_4e13c_01826_1826,CNN,0.0500647477994251,0.8192572006237882,0.8028619850746047,0.9676163196563721,3.87247896194458,-0.4644714593887329,2.2020278265699744e-05,-1724.9095192910133,-0.003598414361476898,21088.379492495504,21030.91309411004,2051036446.0
train_tune_4e13c_01827_1827,CNN,0.1349403652021643,0.882510047633375,0.8612506626093137,0.8091732859611511,3.120366096496582,-0.3194282650947571,2.1733430912718177e-05,-2304.5098956383204,0.00010355259291827679,47409.485882274166,47707.72204632954,9185631126.0
train_tune_4e13c_01828_1828,CNN,0.0934814512224643,0.8460769863811972,0.8415247187449263,0.3021562099456787,1.1581469774246216,-0.04529382288455963,6.569805009348784e-06,-3144.3141006177907,0.00808725692331791,24891395.22270275,24400773.67238243,11578730982.0
train_tune_4e13c_01829_1829,CNN,0.1604280738682912,0.8958327413688002,0.8652857227847991,1.0480501651763916,3.949382781982422,-0.5620138645172119,3.315581852803007e-05,-2607.7779112455464,0.0034707277081906796,2594282.6587243406,2606307.2046540314,12080073942.0
train_tune_4e13c_01830_1830,CNN,0.0642708011837112,0.8866245837778123,0.8202591727523595,0.3956378698348999,1.4742202758789062,-0.07348152995109558,1.0272107829223387e-05,-6758.332721415715,-0.004974669776856899,2404716789.1627736,2455923268.3929157,19206455222.0
train_tune_4e13c_01831_1831,CNN,0.1878713973365136,0.8488588537475031,0.7834448408333436,1.0100078582763672,4.09148645401001,-0.4694004952907562,2.186457277275622e-05,-1970.7788207802487,-0.026455100625753403,573.1156590562598,573.1156590562598,20558270.0
train_tune_4e13c_01832_1832,CNN,0.0385501091299327,0.8515825879982479,0.7944233210942317,0.6679980754852295,2.5380568504333496,-0.23801270127296448,1.89815073099453e-05,-2897.6922328260534,0.01345839537680149,46758238.03248282,46562993.18470091,17653156750.0
train_tune_4e13c_01833_1833,CNN,0.0023258702736222,0.8838630437706779,0.8533347318915302,0.21814510226249695,0.6972120404243469,-0.0197670366615057,9.155657608062029e-06,-17068.129038464693,-0.004135299474000931,199569921769.8895,200627612149.82492,34293746038.0
train_tune_4e13c_01834_1834,CNN,0.0329346826126954,0.7758619726418882,0.7451683434394779,0.6386959552764893,1.8673441410064697,-0.209214985370636,2.9902112146373838e-05,-4318.805738522492,-0.00032724044285714626,12589336505.40185,12323870182.43504,11122947694.0
train_tune_4e13c_01835_1835,CNN,0.0291015140233308,0.8594607994146849,0.7944090295520772,0.8345937728881836,1.3869847059249878,-0.409553587436676,2.5016290237545036e-05,-6112.32339804641,-0.020749233663082123,325724436.4254533,317677095.6218846,3630288422.0
train_tune_4e13c_01836_1836,CNN,0.0649698960043787,0.612063504076385,0.6337649279602983,0.6188943982124329,2.4030277729034424,-0.17990027368068695,1.0931297765637282e-05,-3313.065511863901,-0.005201711785048246,1166087673.0532136,1116892119.1261945,11756295318.0
train_tune_4e13c_01837_1837,CNN,0.0404205930207318,0.8910954877486357,0.8105348021891786,0.33753305673599243,1.254629373550415,-0.052052196115255356,5.575035174842924e-06,-27164.565103032804,-0.0030255429446697235,5480007377250.961,5296501610722.967,20882948142.0
train_tune_4e13c_01838_1838,CNN,0.030679012345679,0.8543698496351554,0.7889400249315353,0.30303990840911865,1.0293974876403809,-0.041976649314165115,4.979307050234638e-06,-19309.063789718737,-0.009242515079677105,145384452861.97824,146188050111.5387,21701505070.0
train_tune_4e13c_01839_1839,CNN,0.031001842322597,0.8721328138021991,0.8454162909625486,0.8319373726844788,3.386486768722534,-0.3795837163925171,2.5898860258166678e-05,-3178.225947630056,0.030130069702863693,894364.0397920725,900540.1893510178,3067896782.0
train_tune_4e13c_01840_1840,CNN,0.0169410984291976,0.8650490942718149,0.8342923314035686,0.3660072386264801,0.9556596279144287,-0.06307071447372437,4.286259354557842e-06,-4555.946301526193,0.007816855795681477,36889642.904942654,36817748.1632328,6925328910.0
train_tune_4e13c_01841_1841,CNN,0.0064564753089912,0.8832525833616375,0.7946958313099713,0.37257689237594604,1.4956063032150269,-0.06641118228435516,7.639211617060937e-06,-16513.833327542878,-0.0036948872730135918,650768062629.832,659833943937.9241,11104642750.0
train_tune_4e13c_01842_1842,CNN,0.1241425614767404,0.8660675789927771,0.8631476289986116,0.6652084589004517,2.8120381832122803,-0.20835548639297485,1.4909579476807266e-05,-2767.560839747381,-0.01802946999669075,2843473.632943918,2850222.108223959,21335005086.0
train_tune_4e13c_01843_1843,CNN,0.030679012345679,0.8699663292204618,0.8304739406354376,0.5912975072860718,2.353347063064575,-0.1682947278022766,7.73052579461364e-06,-4411.10256372773,-0.006506762467324734,62230058.187048376,62908095.490582995,8509105566.0
train_tune_4e13c_01844_1844,CNN,0.0987475096194863,0.8525246463973954,0.8001202299507467,0.9006829857826233,3.9764604568481445,-0.40147215127944946,2.9749900932074524e-05,-1794.0196758338327,-0.0016129844589158893,569.3505783950516,569.3505783950516,29354662.0
train_tune_4e13c_01845_1845,CNN,0.0847178671904806,0.8766799049152371,0.8597820067159382,0.9248054027557373,3.553238868713379,-0.37915897369384766,2.670963112905156e-05,-2812.7481872743674,-0.021174326539039612,2246926.238697188,2286599.507321897,12868188294.0
train_tune_4e13c_01846_1846,CNN,0.034438694013162,0.8259825159625122,0.8435423188130025,0.7193188667297363,2.4403860569000244,-0.24132002890110016,2.217469591414556e-05,-2681.06873583941,-0.007324596866965294,31462034.091516245,31476054.17415795,6126982350.0
train_tune_4e13c_01847_1847,CNN,0.0955183094993951,0.8325578999927102,0.8418293079481551,0.6921696662902832,2.7746434211730957,-0.2461749017238617,1.9027464077225886e-05,-2927.810162709738,0.00884302705526352,22246630.981843814,21809855.558458537,6170319334.0
train_tune_4e13c_01848_1848,CNN,0.0326768131748958,0.8538328060374211,0.8230659434579954,1.185106635093689,4.813131332397461,-0.748373806476593,2.3708877051831223e-05,-1782.0880928801016,0.02490229904651642,867.4127676215464,867.4127676215464,26616390.0
train_tune_4e13c_01849_1849,CNN,0.1182558776585713,0.8946358871188563,0.8681738071631399,1.077394723892212,3.2563986778259277,-0.65842604637146,4.974033436155878e-05,-3737.0471584503707,0.02625296264886856,10231275.70105975,10058868.711130178,1874779742.0
train_tune_4e13c_01850_1850,CNN,0.131406468029221,0.8394385899926896,0.8285643038348317,1.2286697626113892,4.847855091094971,-0.7217063307762146,4.762598837260157e-05,-1837.5999840703737,-0.0007125250995159149,21367.028444458443,21203.660661161943,1198771958.0
train_tune_4e13c_01851_1851,CNN,0.0291015140233308,0.7781849247812063,0.6987669778168466,0.6898089051246643,2.507214069366455,-0.2040565013885498,2.638507794472389e-05,-1839.888904794893,-0.024776969105005264,263037.6185983997,259411.3534220663,1039885670.0
train_tune_4e13c_01852_1852,CNN,0.1544194441898007,0.8606227910342218,0.8372138434159994,0.9795972108840942,2.8823165893554688,-0.6063329577445984,2.6126150260097347e-05,-2303.2900492009903,0.05549396574497223,26874.452486221693,26964.490489147494,1715727638.0
train_tune_4e13c_01853_1853,CNN,0.0666884247171453,0.7949423693454225,0.8027733983414308,0.5445041656494141,2.087472677230835,-0.1497027575969696,1.1781671673816163e-05,-3525.9272206321157,0.00563414953649044,1421390457.7015746,1428671693.021015,13643122550.0
train_tune_4e13c_01854_1854,CNN,0.0948900723129066,0.8922872866416188,0.8300681041163745,0.38316065073013306,1.01076078414917,-0.0723198652267456,1.0657448001438752e-05,-10035.792719853724,0.010536540299654007,12094371156.35906,11394264264.993706,4597058726.0
train_tune_4e13c_01855_1855,CNN,0.0668778711172693,0.8821312886183748,0.8298019412190056,1.2801133394241333,5.107738018035889,-0.7476945519447327,4.2562060116324574e-05,-3139.5389071034847,-0.02117297053337097,9648.595577988533,9730.17240054705,76061494.0
train_tune_4e13c_01856_1856,CNN,0.0318712325253302,0.8844567423390632,0.8160048172711813,0.37789541482925415,1.2430027723312378,-0.06626201421022415,4.396953954710625e-06,-5544.838056740319,0.007551178801804781,4251714836.2270823,4237104371.536474,21354957078.0
train_tune_4e13c_01857_1857,CNN,0.0612264934278209,0.8792870291253098,0.8310121351820577,1.7032313346862793,5.422774314880371,-1.6890649795532227,3.696742714964785e-05,-1892.8254577756172,0.021785322576761246,994.1072764174548,994.1072764174548,10234118.0
train_tune_4e13c_01858_1858,CNN,0.094861322216499,0.8285129383932649,0.8379260563144119,0.591031551361084,2.4557294845581055,-0.17163696885108948,1.1561098290258087e-05,-3486.6782841801282,0.0009010473731905222,60166566.994552985,60403169.88032006,15092956014.0
train_tune_4e13c_01859_1859,CNN,0.1168468756242135,0.6880675639916195,0.6696147064846244,0.48815062642097473,1.305061936378479,-0.1290498673915863,1.3221614608482923e-05,-11240.59183222799,0.027382101863622665,253185670139.11053,248073757418.69476,6219199230.0
train_tune_4e13c_01860_1860,CNN,0.0597575697133867,0.8678599855382587,0.8231275910094574,1.2313270568847656,4.7652082443237305,-0.7797838449478149,3.156501770718023e-05,-1842.387317071739,0.008518518880009651,859.6052827913859,859.6052827913859,23115110.0
train_tune_4e13c_01861_1861,CNN,0.055763134057971,0.6464085324949251,0.6558754144161852,0.5885895490646362,2.141493797302246,-0.16798385977745056,1.3879603102395777e-05,-4686.182055559973,-0.007753382436931133,19659044903.114803,19758693387.863747,2171758630.0
train_tune_4e13c_01862_1862,CNN,0.0309187833176544,0.8801922909067846,0.8487764752683978,1.2585093975067139,4.633492946624756,-0.7040531039237976,6.262463284656405e-05,-2905.7028646099147,-0.023170948028564453,49053.92180037648,48862.034565524824,1319666598.0
train_tune_4e13c_01863_1863,CNN,0.055763134057971,0.7885139540211094,0.8405956610515538,0.2975082993507385,0.9583452939987183,-0.03847731649875641,6.156968538562069e-06,-15433.957022564171,-0.005241245497018099,1607680190379.9556,1597323901388.3335,24456816254.0
train_tune_4e13c_01864_1864,CNN,0.0263635794351556,0.8599026178005689,0.8211977365014955,0.8878648281097412,2.760572910308838,-0.35582029819488525,2.2303509467747062e-05,-3124.5677417270235,-0.016610946506261826,43832494.25326224,45127136.00349544,7715272006.0
train_tune_4e13c_01865_1865,CNN,0.055763134057971,0.8547113814399969,0.82454365492524,0.3125302195549011,1.1040581464767456,-0.04888756945729256,5.303160833136644e-06,-5720.005548733226,0.015395265072584152,2153347706.882263,2145409549.4773636,11335489246.0
train_tune_4e13c_01866_1866,CNN,0.0750619122041598,0.72932112381076,0.7021209000825914,1.0906232595443726,4.084904193878174,-0.5813316106796265,3.0126953788567334e-05,-3144.241807553389,-0.00726740900427103,20622572.94349277,21169349.83984862,3562804726.0
train_tune_4e13c_01867_1867,CNN,0.0881199733308576,0.8595157298758466,0.8305935713866228,0.9967267513275146,4.174389362335205,-0.5007158517837524,2.5262730559916236e-05,-2315.4982985940665,-0.0005029262974858284,32638.22872367954,32653.648546085024,6176221070.0
train_tune_4e13c_01868_1868,CNN,0.0838400656210786,0.8304336500345592,0.8336298734348112,0.36819857358932495,1.356500506401062,-0.06689125299453735,9.698752364784013e-06,-3606.1285155117544,0.00496254675090313,1339723810.6949947,1343796052.9228954,9743617502.0
train_tune_4e13c_01869_1869,CNN,0.0306846946965487,0.8952949510675121,0.8186229593919562,0.26790061593055725,0.9505555629730225,-0.032571807503700256,6.755775757483207e-06,-11294.295846552584,0.0004358059959486127,7099902714.998385,6889071398.400326,3985547838.0
train_tune_4e13c_01870_1870,CNN,0.0405869787313086,0.6232980101184294,0.5757505041586972,0.6287431120872498,2.2575809955596924,-0.2196945697069168,1.433935176464729e-05,-6122.744457232878,0.033398665487766266,13393392522.455284,13467830399.30487,6218688494.0
train_tune_4e13c_01871_1871,CNN,0.029876596665945,0.8739585388214842,0.8265671135972127,0.7717878222465515,3.043100357055664,-0.30560198426246643,2.1352399926399812e-05,-13798.753025978442,0.003350714687258005,148207156811.83322,149666858319.89996,18695516534.0
train_tune_4e13c_01872_1872,CNN,0.090246869593543,0.839225041615934,0.7928722846679124,1.3190271854400635,4.873237609863281,-0.9141784906387329,4.091232403879985e-05,-1763.386173136568,0.016793161630630493,637.4717680832084,637.4717680832084,12001062.0
train_tune_4e13c_01873_1873,CNN,0.0311737089201877,0.8149026882665277,0.7928410562557978,1.0415117740631104,4.309138298034668,-0.5654445290565491,2.6567147870082408e-05,-1700.133181836651,0.01709999516606331,412.31116370242347,412.31116370242347,12448430.0
train_tune_4e13c_01874_1874,CNN,0.1062363843534378,0.8090223477571628,0.8062169430843644,1.2183558940887451,4.850707054138184,-0.7255959510803223,2.903916174545884e-05,-1868.7414618216033,0.0025370963849127293,477.52116052653594,477.52116052653594,12000078.0
train_tune_4e13c_01875_1875,CNN,0.0326458090176667,0.7943598982480774,0.8071025545314372,0.3911707401275635,1.6877022981643677,-0.07194435596466064,7.230660230561625e-06,-3803.1046288982943,-0.008448943495750427,25350908.754718006,25225467.407065168,12085700198.0
train_tune_4e13c_01876_1876,CNN,0.0500127642961356,0.703444831873994,0.7464978812592645,1.28328537940979,5.549678325653076,-0.8214921951293945,4.977842399966903e-05,-4213.977746000449,-0.002888346556574106,9478.531549083338,9158.021821296858,73065734.0
train_tune_4e13c_01877_1877,CNN,0.0505598086124401,0.87352047975549,0.8393385226894344,1.4621483087539673,5.248826503753662,-1.2899789810180664,5.68118630326353e-05,-1929.6601741351337,0.10514844208955765,866.2472911292352,866.2472911292352,18682886.0
train_tune_4e13c_01878_1878,CNN,0.055763134057971,0.8780154663287375,0.7674855082093498,0.4016087055206299,1.0689799785614014,-0.08123733848333359,8.83272059581941e-06,-9000.519656478236,-0.0034317343961447477,18087645090.649956,17809954052.21057,6523155574.0
train_tune_4e13c_01879_1879,CNN,0.1369408424154135,0.8312864499181893,0.837104668426207,0.29602858424186707,1.1727986335754395,-0.044199682772159576,5.513437827175949e-06,-9740.089419687642,0.009851047769188881,60541997113.61063,62170043368.62604,20242810678.0
train_tune_4e13c_01880_1880,CNN,0.0461403471153031,0.8951561199197865,0.8287166550713665,0.4798405170440674,1.935620665550232,-0.11358706653118134,6.189838131831493e-06,-8408.961528682918,-0.00042573828250169754,1149803569.227003,1149433969.1129918,9686756718.0
train_tune_4e13c_01881_1881,CNN,0.0681022772064338,0.8242139016372154,0.8647978489987428,0.20998527109622955,0.6998378038406372,-0.01675313524901867,4.7002590690681245e-06,-3938.4013666634096,-0.011321701109409332,13640481513.775469,13904953739.035782,13500753502.0
train_tune_4e13c_01882_1882,CNN,0.0778978877703072,0.8482145497249433,0.8097078547174575,1.5378413200378418,6.400405406951904,-1.2579857110977173,5.253998460830189e-05,-1704.581678197392,0.015771375969052315,1125.7148484416189,1125.7148484416189,23012774.0
train_tune_4e13c_01883_1883,CNN,0.0319260780156439,0.8223801406269312,0.774363646697738,0.2774263322353363,1.0260515213012695,-0.033167269080877304,3.94627431887784e-06,-8943.10463873481,-0.0038697600830346346,823673557957.8627,837822894703.1458,14507416870.0
train_tune_4e13c_01884_1884,CNN,0.1207181386425111,0.8778372692459393,0.8415440465094551,1.0851671695709229,4.654687881469727,-0.50046306848526,4.701197030954063e-05,-2474.8853300895335,-0.02163800597190857,12723.440686488233,12209.017933622683,453657238.0
train_tune_4e13c_01885_1885,CNN,0.0664174704940096,0.5874499703745749,0.5719337439249921,0.2938029170036316,1.2236193418502808,-0.04356830194592476,5.074706677987706e-06,-8711.15308825982,0.007687917910516262,18884367206.134186,18731235779.2349,1854269782.0
train_tune_4e13c_01886_1886,CNN,0.0666775439168978,0.7891601934676066,0.845095290680478,0.709589958190918,2.4139058589935303,-0.28307533264160156,3.35753575200215e-05,-37275.18200834546,0.03114429861307144,7547400666632.202,7403694150391.537,40120390262.0
train_tune_4e13c_01887_1887,CNN,0.0291015140233308,0.8717860906966569,0.8156655226424511,0.4818858802318573,0.570439338684082,-0.06882582604885101,1.9240262190578505e-05,-3958.157932709636,0.0165763720870018,43596211.465047665,41179438.64582661,2400540134.0
train_tune_4e13c_01888_1888,CNN,0.030679012345679,0.8626763240532513,0.8402505529795218,1.1281095743179321,4.044643878936768,-0.6628372669219971,1.9937830074923113e-05,-1743.580891100543,0.003338169539347291,724.2700265731002,724.2700265731002,17494374.0
train_tune_4e13c_01889_1889,CNN,0.0722872299535164,0.8401307514614634,0.8074000064768018,1.3394155502319336,4.271941661834717,-0.9048715829849243,3.4424847399350256e-05,-1804.925488115348,0.004029120318591595,488.8968900655273,488.8968900655273,4483526.0
train_tune_4e13c_01890_1890,CNN,0.1076071106003942,0.8920371170830425,0.861194268176785,1.1144139766693115,3.9542131423950195,-0.6424869298934937,2.7713016606867313e-05,-2070.8679904841965,-0.0014246006030589342,51356.68873138994,51780.54264626367,5401968870.0
train_tune_4e13c_01891_1891,CNN,0.030679012345679,0.8355176575046341,0.829564428681293,0.7853370904922485,3.278688669204712,-0.34470194578170776,2.2792148229200393e-05,-2125.113776046903,0.026163814589381218,935029.7412542634,939689.0217474287,7280535654.0
train_tune_4e13c_01892_1892,CNN,0.0291015140233308,0.8353195414517526,0.834067995077188,0.46500080823898315,1.8607587814331055,-0.10512495785951614,8.708719178684987e-06,-2590.3859250359083,-0.0030511540826410055,13641787.364579475,13847570.528194748,4054554022.0
train_tune_4e13c_01893_1893,CNN,0.0561227999378201,0.8431937646272974,0.8247688759428816,0.37509262561798096,1.4369040727615356,-0.06758240610361099,5.700203473679721e-06,-2862.1656146675095,-0.004841321147978306,9870476.960506935,10090156.626506165,4607470878.0
train_tune_4e13c_01894_1894,CNN,0.1578670472103071,0.8387351062313536,0.8222680673945698,0.6452838182449341,2.577977180480957,-0.18981507420539856,1.5542465916951187e-05,-12058.071261124993,-0.018111780285835266,111765222130.41028,111513216898.0653,15247031598.0
train_tune_4e13c_01895_1895,CNN,0.1133066303634739,0.8617259971618676,0.808919046225078,1.098621129989624,4.720256328582764,-0.6256105899810791,2.3254824554896913e-05,-1855.8263984916998,0.02087702788412571,722.7249876634426,722.7249876634426,32417062.0
train_tune_4e13c_01896_1896,CNN,0.0513389020400162,0.8565700929730724,0.8081438733318396,1.3078947067260742,5.402301788330078,-0.7757518291473389,2.5997225748142228e-05,-1598.789492469698,-0.026133913546800613,870.1263688768672,870.1263688768672,20677862.0
train_tune_4e13c_01897_1897,CNN,0.062433583976995,0.8643816715209315,0.8326591247037284,0.5244458913803101,1.7373939752578735,-0.13172194361686707,1.6748601410654373e-05,-2949.777750153361,-0.009178569540381432,1497456.3514091666,1497490.9724030937,10471702518.0
train_tune_4e13c_01898_1898,CNN,0.1033917071746305,0.8684246354553896,0.8633029507968537,0.4230056405067444,1.413624882698059,-0.08089093863964081,6.10411052548443e-06,-11072.25358290842,-0.013409185223281384,7312387545.809157,7151476193.166835,22244256174.0
train_tune_4e13c_01899_1899,CNN,0.0508904836364224,0.8832081792307687,0.8564454070059191,1.2248259782791138,5.1783037185668945,-0.7546116709709167,4.455487578525208e-05,-2331.9562852697354,-0.00762778939679265,65092.08448017968,65640.35351523929,8952821422.0
train_tune_4e13c_01900_1900,CNN,0.0307873381651489,0.9077356238503484,0.8195211623706434,0.6173095703125,2.3018507957458496,-0.1688612997531891,1.729691939544864e-05,-13133.959533179288,-0.014126406982541084,246114035875.85425,251265141447.35486,35475122822.0
train_tune_4e13c_01901_1901,CNN,0.0656719377095754,0.805546213677585,0.7848746083281591,0.7732707262039185,3.06929612159729,-0.3033042848110199,2.9857068511773832e-05,-4051.6669267665507,0.006870528683066368,71628013.18980892,72412550.53782947,1279894998.0
train_tune_4e13c_01902_1902,CNN,0.0629228895660175,0.8768915928728714,0.8449435110336959,0.6686047315597534,2.51941180229187,-0.22255770862102509,1.419752516085282e-05,-2852.610709770802,0.005448502488434315,1987313.1556637862,2005022.0831720824,16287682718.0
train_tune_4e13c_01903_1903,CNN,0.0291015140233308,0.9021025970378692,0.8167286739140333,0.30179113149642944,0.9838012456893921,-0.04344075918197632,5.882973255211255e-06,-35366.20771537223,-0.0006678742356598377,2861360371960.4565,2882658629619.5513,20374569086.0
train_tune_4e13c_01904_1904,CNN,0.030718833055195,0.855231484779368,0.8182320470466528,0.35060983896255493,1.3382933139801025,-0.05748254805803299,6.394379852281418e-06,-5592.862824452508,0.0006814342923462391,13116564.41635935,12766754.936859708,4211025446.0
train_tune_4e13c_01905_1905,CNN,0.0316151257640619,0.8578103688054499,0.8222962552591736,0.7590841054916382,3.068899154663086,-0.2997416853904724,1.3082609257253353e-05,-2021.604079123199,0.009056264534592628,42724.15709020858,42677.01181943722,3809337422.0
train_tune_4e13c_01906_1906,CNN,0.0515100827282423,0.8421677009741092,0.8019441945157312,1.2922718524932861,5.640142917633057,-0.8717011213302612,3.325984289404005e-05,-1854.4077355703862,0.011172328144311905,661.5694184502345,661.5694184502345,19193222.0
train_tune_4e13c_01907_1907,CNN,0.0330148229817469,0.8555847827157353,0.8161535802352554,0.5267458558082581,1.0424437522888184,-0.14383576810359955,8.818964488455094e-06,-3739.31359632481,0.01712583750486374,9856539.01386419,9991104.470783666,3069397926.0
train_tune_4e13c_01908_1908,CNN,0.1652031730776929,0.8669955573255947,0.8372609634220268,2.360724687576294,6.328031539916992,-3.6696736812591553,0.00020082980336155742,-1863.7002476486648,0.019800283014774323,1352.8554700563186,1352.8554700563186,6232070.0
train_tune_4e13c_01909_1909,CNN,0.0330148229817469,0.895664898142665,0.8496800589378996,0.841829776763916,2.7507805824279785,-0.36551475524902344,2.5924688088707626e-05,-3143.2336746422493,-0.001431688666343689,1787086.140062401,1780719.6955276304,4883146462.0
train_tune_4e13c_01910_1910,CNN,0.0330148229817469,0.6037469353779695,0.5868110271789351,0.46319735050201416,1.968475341796875,-0.10565657913684845,6.249865236895857e-06,-4458.556540267624,-0.0007516990881413221,367105662122.62256,374384578839.0639,13703829310.0
train_tune_4e13c_01911_1911,CNN,0.0347987359601404,0.720942978573918,0.8209244404955327,0.36479395627975464,1.3491095304489136,-0.06421037018299103,3.912824922736036e-06,-12501.238658998027,-7.080123759806156e-05,8157852520316.309,8072521934734.604,45001537686.0
train_tune_4e13c_01912_1912,CNN,0.0291015140233308,0.8408771340746116,0.8368144832222195,0.4135412573814392,0.9094441533088684,-0.08030237257480621,2.1287734853103757e-05,-2964.4952850082364,-0.009253062307834625,30802740.332168855,30615663.0583534,13204828990.0
train_tune_4e13c_01913_1913,CNN,0.0666775439168978,0.8303389678355458,0.8338328131153631,0.14991095662117004,0.44853243231773376,-0.0071265255101025105,6.297296749835368e-06,-22040.264093841673,-0.00860944390296936,28101924296.089046,28302755046.698742,4914799510.0
train_tune_4e13c_01914_1914,CNN,0.0330148229817469,0.794024966248322,0.8230874162564593,0.2959284782409668,0.9237993359565735,-0.04036681726574898,2.790501639537979e-06,-16377.099760331073,0.01050468347966671,1659669801624.6904,1676938886123.0493,11613457462.0
train_tune_4e13c_01915_1915,CNN,0.1855780910239195,0.8433429701668587,0.8249636023098502,1.244048833847046,5.377690315246582,-0.7194456458091736,4.1124349081655964e-05,-1602.9866871048798,-0.028566043823957443,665.3330516827119,665.3330516827119,18233894.0
train_tune_4e13c_01916_1916,CNN,0.0752735544304342,0.8903266834755947,0.8635094933876505,1.218113660812378,4.812011241912842,-0.7235075235366821,7.337004353757948e-05,-4002.114975455612,-0.007402889896184206,3507393.4246935784,3485017.1413409486,12195591574.0
train_tune_4e13c_01917_1917,CNN,0.0330148229817469,0.8847834548731969,0.8487661604439684,0.21436485648155212,0.6669298410415649,-0.01837250031530857,5.857436008227523e-06,-11862.800699544601,0.006549065932631493,105790803903.02835,100871839421.97485,7603890798.0
train_tune_4e13c_01918_1918,CNN,0.0664066677640419,0.8953186183508355,0.8411693435872624,0.312703400850296,1.2436866760253906,-0.04778173565864563,2.930725031546899e-06,-9483.50593262502,-0.001611693180166185,282039796.28040826,274769231.5046277,12440000438.0
train_tune_4e13c_01919_1919,CNN,0.1029836835937386,0.8231108864137667,0.7641151856891174,0.34810352325439453,1.2095208168029785,-0.06042194738984108,4.6065347305557225e-06,-9533.289192191518,0.00930761732161045,65684486919.20006,68446232109.12695,19749971622.0
train_tune_4e13c_01920_1920,CNN,0.0649698960043787,0.8433896190965481,0.8095658193138432,1.3413875102996826,4.824465274810791,-0.9874273538589478,3.41190752806142e-05,-1834.644153049487,0.023765578866004944,636.6734965112721,636.6734965112721,11745862.0
train_tune_4e13c_01921_1921,CNN,0.1876807435495164,0.8267341457727492,0.8173964578162107,0.6204550862312317,0.7400383949279785,-0.10964114218950272,6.142762867966667e-05,-3230.1945583915785,-0.03665553778409958,8846.807219930948,8839.124506615084,176327374.0
train_tune_4e13c_01922_1922,CNN,0.1373358335195212,0.8622086384464044,0.8207527762063029,0.25289231538772583,0.7982645034790039,-0.026918986812233925,4.362958407000406e-06,-25039.236918625236,0.0007810192182660103,5415210469250.482,5387285890465.504,26666968990.0
train_tune_4e13c_01923_1923,CNN,0.0650019166529762,0.8611283948346377,0.8212955095431691,1.4381256103515625,6.463421821594238,-1.034829020500183,4.5057080569677055e-05,-1639.0577652571942,0.001972978003323078,1111.825116159359,1111.825116159359,38148374.0
train_tune_4e13c_01924_1924,CNN,0.0532445571041764,0.8227066362014739,0.8036852523586515,1.1525996923446655,4.459822177886963,-0.8020285964012146,5.434772901935503e-05,-5429.327580842725,0.0649973452091217,93982.69421903019,93926.63176057398,183509966.0
train_tune_4e13c_01925_1925,CNN,0.1983538068957332,0.8260364717921395,0.8120446840741579,1.6723507642745972,6.37586784362793,-1.2126166820526123,0.00014486158033832908,-1741.5259653408466,0.001196464290842414,810.4897112176614,810.4897112176614,8960390.0
train_tune_4e13c_01926_1926,CNN,0.0675035789010021,0.9201543339534664,0.855586178809339,0.37650519609451294,1.1045290231704712,-0.06938634812831879,5.2698433137265965e-06,-14266.251700943276,-0.005985686555504799,49592840456.35701,41484628790.65509,3370685838.0
train_tune_4e13c_01927_1927,CNN,0.0315080052581684,0.8738416945225452,0.8083189435705412,0.42852896451950073,1.5383449792861938,-0.09639938920736313,7.476666723960079e-06,-4570.8630472365785,0.019166139885783195,245166288.32001895,236361120.67060196,5272494558.0
train_tune_4e13c_01928_1928,CNN,0.1374251255596236,0.8442765958762529,0.8183017695358435,1.3231149911880493,5.034181118011475,-0.9142507910728455,4.577029176289216e-05,-1643.6893809155172,0.027472665533423424,573.2677497007678,573.2677497007678,10079606.0
train_tune_4e13c_01929_1929,CNN,0.0666775439168978,0.8092863785573011,0.808626283013404,0.39203792810440063,1.4942309856414795,-0.07057758420705795,7.348638973780908e-06,-121937.27891748745,-0.004174151457846165,13005521483496.45,13693648906120.117,30996865366.0
train_tune_4e13c_01930_1930,CNN,0.233900711882431,0.8692519562194797,0.8210783012616009,0.5053156614303589,1.9644625186920166,-0.12305005639791489,1.633149804547429e-05,-5562.312905702654,-0.004167942795902491,1890389588.5338807,1885632845.3582072,12917443590.0
train_tune_4e13c_01931_1931,CNN,0.0296187553145235,0.8509602662448676,0.8039578090844071,0.5197939872741699,2.133680582046509,-0.14401549100875854,1.557347786729224e-05,-3697.2782058491134,0.016116376966238022,8169225.788213123,8435034.138515249,2216902062.0
train_tune_4e13c_01932_1932,CNN,0.0332716049382716,0.7553874614894344,0.8264710137543717,0.3841041922569275,1.3312840461730957,-0.07255564630031586,8.800989235169254e-06,-11199.872638838136,0.004821518901735544,37427642833.53835,37888284960.88245,7860905614.0
train_tune_4e13c_01933_1933,CNN,0.0960637393127827,0.8449173990351273,0.7980020243543703,1.0148987770080566,4.521880149841309,-0.5679845809936523,3.801967250183225e-05,-1654.9141989903583,0.029067661613225937,569.5550589802606,569.5550589802606,25125294.0
train_tune_4e13c_01934_1934,CNN,0.0291015140233308,0.8010550511084618,0.7898958434958253,0.518579363822937,2.244154453277588,-0.13112638890743256,8.900095053832047e-06,-2296.5058890150626,-0.0016408495139330626,295657.667050968,293430.3632084446,1638522054.0
train_tune_4e13c_01935_1935,CNN,0.030679012345679,0.8328401280049823,0.8399338246300011,0.29967454075813293,0.30601054430007935,-0.009725095704197884,6.137165655673016e-06,-11316.222855629147,0.008154995739459991,429408762373.8816,430033615770.16864,27208574470.0
train_tune_4e13c_01936_1936,CNN,0.149686130656921,0.8785184514852992,0.8609744070986795,1.250348687171936,4.94520902633667,-0.762071967124939,5.620836600428447e-05,-2819.4993939113483,-0.00014054588973522186,75777.0324502062,74850.87334222645,5700938622.0
train_tune_4e13c_01939_1939,CNN,0.0561904704900762,0.848148026214319,0.8592132536769123,0.7612380981445312,2.772745370864868,-0.2758842408657074,1.7776710592443123e-05,-2216.54200734314,0.0009990180842578411,28278.29226739778,28156.90499656272,1395881894.0
train_tune_4e13c_01942_1942,CNN,0.122640141935014,0.8753488088163844,0.8354650263901533,1.169312834739685,4.684791088104248,-0.6682643294334412,3.875213224091567e-05,-2148.1456985124228,0.004646291024982929,11187.724190311508,11516.202336844866,196871590.0
train_tune_4e13c_01943_1943,CNN,0.055763134057971,0.8842714492616187,0.8327193276396375,0.3447551727294922,0.4098373353481293,-0.02553802728652954,2.0351362763904035e-05,-8990.63889088865,-0.00129500322509557,3218283950.29249,2910077101.3285284,7762536990.0
train_tune_4e13c_01944_1944,CNN,0.0809342542603103,0.8395850632257158,0.8094642926122324,1.3701828718185425,5.4341936111450195,-1.0411080121994019,4.27603954449296e-05,-1682.630761451192,0.03126842901110649,12119.965255470634,12123.803105548686,946275798.0
train_tune_4e13c_01945_1945,CNN,0.0477442484378291,0.8888522892274532,0.8302443757618877,1.1431949138641357,2.916614055633545,-0.8873810768127441,4.6209621359594166e-05,-3345.0446545929212,0.04698163643479347,1078466.0968690424,1083676.7862126117,3114081926.0
train_tune_4e13c_01946_1946,CNN,0.1654436300240479,0.8426650081307646,0.8026712513225024,1.5480068922042847,6.783747673034668,-1.2230017185211182,4.899236955679953e-05,-1708.3803403096767,0.0021285833790898323,794.6644277369866,794.6644277369866,17754230.0
train_tune_4e13c_01947_1947,CNN,0.0162703296769112,0.6300696907737019,0.6334486202522832,0.5215852856636047,1.980175256729126,-0.1155935525894165,9.987823432311416e-06,-2181.0655742994554,-0.02521798014640808,9333717.757116023,9425932.294785205,3644083566.0
train_tune_4e13c_01948_1948,CNN,0.0557240475069873,0.8421930851400172,0.8040498199510625,2.158371925354004,6.746981143951416,-2.557180643081665,0.0002550689096096903,-1772.4107378767803,0.03116959147155285,912.9300901969485,912.9300901969485,5196462.0
train_tune_4e13c_01949_1949,CNN,0.0332192470304006,0.8617004384978865,0.8222204585849943,0.6175716519355774,2.424133062362671,-0.18944579362869263,2.0846351617365144e-05,-5476.0314615975185,0.0008137023542076349,6180140221.443143,6295376147.573083,35687222622.0
train_tune_4e13c_01950_1950,CNN,0.0666775439168978,0.872974825345441,0.8658019399276221,0.9118245840072632,3.6439266204833984,-0.3500617742538452,3.913960244972259e-05,-2659.5766237544285,-0.02346392720937729,2451138.020396575,2450175.2182123642,8042777350.0
train_tune_4e13c_01951_1951,CNN,0.055763134057971,0.8857449189307349,0.8344593073104408,0.9174505472183228,3.2302026748657227,-0.4293493330478668,3.621371433837339e-05,-2445.8364092278434,0.006442236714065075,965078.3274576432,945816.5714727533,7884048958.0
train_tune_4e13c_01952_1952,CNN,0.080183010063423,0.8380847821218921,0.8064166887151124,0.5177382230758667,1.5794785022735596,-0.13480165600776672,1.499135669291718e-05,-3050.682235220723,0.01108609139919281,576292.4525356158,578236.4015889617,998258838.0
train_tune_4e13c_01955_1955,CNN,0.074592229356957,0.8351210790740985,0.7920016252373246,0.5408750772476196,2.0981173515319824,-0.1340276598930359,1.3728415069635957e-05,-3335.931406741112,-0.012623818591237068,5972901.009479752,5995470.341752158,1706086366.0
train_tune_4e13c_01956_1956,CNN,0.040506329113924,0.9029336118006028,0.8613695876090155,1.576648473739624,5.860106945037842,-1.1793882846832275,4.8831734602572396e-05,-2349.9308937394985,-0.004392964765429497,874336.6932393538,854382.7379910434,7266652486.0
train_tune_4e13c_01957_1957,CNN,0.0291015140233308,0.8856632850501976,0.8329069963904785,1.2066709995269775,2.9028453826904297,-1.0061290264129639,0.00010743105667643249,-2460.48779706743,0.03497127443552017,23797.82885228665,23714.26664381518,348864838.0
train_tune_4e13c_01958_1958,CNN,0.0330573443728917,0.8918970810780246,0.7981027889086744,0.5491575002670288,1.6769144535064697,-0.1351918876171112,1.3702463547815569e-05,-5057.833680974216,-0.014129984192550182,6853910.85491189,6673466.461392308,567371894.0
train_tune_4e13c_01959_1959,CNN,0.086785028322618,0.8500162102183618,0.803226453266097,0.28650736808776855,1.0409525632858276,-0.03908729925751686,4.283753696654458e-06,-9352.918737259595,0.0037950947880744934,45714672853.53542,45871425780.31699,15475191830.0
train_tune_4e13c_01960_1960,CNN,0.0650874595602346,0.8220259503527548,0.8051685140576517,1.7935254573822021,4.560046195983887,-2.3427937030792236,9.361402044305578e-05,-1782.044183675048,0.059598490595817566,584.7456444054853,584.7456444054853,3639206.0
train_tune_4e13c_01961_1961,CNN,0.0671045429666119,0.8838221574715623,0.8473251899560893,0.9282642602920532,2.477301597595215,-0.44953975081443787,3.1855946872383356e-05,-2892.5119681527412,-0.006490998901426792,1015248.0982440764,1015543.2661611619,3854635694.0
train_tune_4e13c_01962_1962,CNN,0.0330148229817469,0.8018695572764828,0.8362500725941883,0.23102834820747375,0.8419924378395081,-0.023480132222175598,3.395102112335735e-06,-6420.721669155584,0.0001640799455344677,14901599107.274834,15198543018.521286,16296313550.0
train_tune_4e13c_01963_1963,CNN,0.093747562546994,0.8786950684805528,0.8575304127695499,0.5466246008872986,2.208031177520752,-0.15781369805335999,1.2435380085662473e-05,-3506.8399026304633,0.019005313515663147,3974247.555991823,3986312.989376782,23694558030.0
train_tune_4e13c_01964_1964,CNN,0.055763134057971,0.8895745233607305,0.8574539248173297,1.7396044731140137,7.335119247436523,-1.6229989528656006,6.595500599360093e-05,-2262.5011146743514,0.024576924741268158,54084.93894414308,53946.38584180853,2757059030.0
train_tune_4e13c_01965_1965,CNN,0.0270894549117244,0.8558974681075052,0.8072966507592735,0.6059904098510742,1.4256013631820679,-0.1817183643579483,1.3920744095230475e-05,-7095.3575664281525,-0.012838010676205158,2655354463.2086596,2717837939.3898168,13269503614.0
train_tune_4e13c_01966_1966,CNN,0.0330148229817469,0.8301024632068973,0.811839301074182,0.23376424610614777,0.745297908782959,-0.024027839303016663,4.419605375005631e-06,-11633.86894266039,0.0034334505908191204,4294269474.075446,3979877055.2331753,4935895766.0
train_tune_4e13c_01968_1968,CNN,0.2834276566979499,0.8592691964981513,0.8379262402527222,1.4459326267242432,5.142007827758789,-1.0431623458862305,3.853611269732937e-05,-1762.4086379050727,-0.003236626274883747,975.3468480069716,975.3468480069716,18238214.0
train_tune_4e13c_01969_1969,CNN,0.0681830716089518,0.8074043900079725,0.7919220066309648,0.44960933923721313,1.4224387407302856,-0.10313581675291061,5.509217771759722e-06,-4655.56737038809,0.017644332721829414,90286855574.04468,90382111815.15111,22952533510.0
train_tune_4e13c_01970_1970,CNN,0.0621161396477852,0.8236354563713305,0.8014917063540867,1.1059684753417969,3.61529278755188,-0.6371246576309204,5.545886597246863e-05,-1923.7006510667115,0.018608128651976585,11449.289763823357,11391.171328693335,284717270.0
train_tune_4e13c_01971_1971,CNN,0.0753788141938571,0.8335880139920695,0.8405577452177334,1.0845003128051758,2.41550350189209,-0.7640529870986938,3.3530490327393636e-05,-1956.9230984579553,-0.009473389014601707,12128.365650412816,12175.197807421524,188754286.0
train_tune_4e13c_01972_1972,CNN,0.0400193559014908,0.8603264438628918,0.8080609848102925,1.7876332998275757,5.405759334564209,-1.7540428638458252,9.661670628702268e-05,-1855.8666329976656,0.007125719916075468,1012.5949406044369,1012.5949406044369,7359350.0
train_tune_4e13c_01973_1973,CNN,0.0819219936087114,0.8716182610877249,0.8221426102891797,1.089963674545288,4.73854398727417,-0.6210684776306152,2.451257205393631e-05,-1804.513159745064,0.0033988021314144135,923.9855952073244,923.9855952073244,46110630.0
train_tune_4e13c_01974_1974,CNN,0.0847853203060846,0.8587836110536311,0.8233413706298524,1.8787641525268555,6.424726486206055,-1.9838378429412842,5.361130752135068e-05,-1870.0730508471715,0.021486226469278336,1308.326144069325,1308.326144069325,17096926.0
train_tune_4e13c_01975_1975,CNN,0.1913910625673311,0.8300816315822668,0.8588904957753218,0.5047681331634521,1.4499160051345825,-0.1316169649362564,1.0233502507617231e-05,-4973.623151092874,0.0033513526432216167,543228636.7723765,536565182.363748,12233334086.0
train_tune_4e13c_01976_1976,CNN,0.092477605343532,0.7946414270589063,0.7901775548058564,0.4031931161880493,1.2425137758255005,-0.0796661302447319,4.536455890047364e-06,-9150.085808930267,0.0010037776082754135,22754925690.60972,23104048735.110123,13580753630.0
train_tune_4e13c_01977_1977,CNN,0.0437805365040382,0.8543226984211438,0.8665577038161475,0.553315281867981,0.7670722007751465,-0.12867900729179382,2.2457468730863184e-05,-9529.483946185528,0.02554270066320896,649204409.3119537,641371838.500696,19581026054.0
train_tune_4e13c_01978_1978,CNN,0.0311680869791439,0.8500288239923431,0.8076856791375122,1.4072093963623047,5.703558921813965,-1.0367183685302734,3.6051256756763905e-05,-1755.6098942091007,0.006166419479995966,959.5476027119536,959.5476027119536,22710062.0
train_tune_4e13c_01979_1979,CNN,0.0560678506375227,0.7401756039555906,0.6651111464668508,0.2621767520904541,0.9598481059074402,-0.02972559817135334,4.797557267011143e-06,-3063.1692927322065,-0.005125558003783226,1787093943.300641,1689871602.423707,5251345070.0
train_tune_4e13c_01980_1980,CNN,0.082914873566566,0.8497374618523622,0.7866334083969218,0.9220110177993774,4.006814479827881,-0.4346022307872772,2.6905545382760465e-05,-1673.8672340383016,-0.0029629208147525787,523.5570016366584,523.5570016366584,22011414.0
train_tune_4e13c_01981_1981,CNN,0.0281883531217187,0.837686406419116,0.7991290161031284,1.0606626272201538,4.5665812492370605,-0.5561182498931885,3.514287527650595e-05,-1651.0945827135183,-0.007685056887567043,507.1765703783479,507.1765703783479,15675686.0
train_tune_4e13c_01982_1982,CNN,0.030679012345679,0.8447831873226502,0.801611897718311,0.6277730464935303,1.7655203342437744,-0.21523170173168182,1.6429898096248507e-05,-6266.566242075459,0.02612273395061493,910176087.444793,941895715.1156528,6918453974.0
train_tune_4e13c_01983_1983,CNN,0.1158754728062279,0.8404583118399779,0.8076425709501681,1.1024142503738403,4.508639812469482,-0.6984330415725708,2.724851219682023e-05,-1765.8017525850676,0.037991542369127274,22090.751405098155,21983.146489366416,3004229606.0
train_tune_4e13c_01984_1984,CNN,0.0558105275086407,0.831414702794849,0.8118697881706503,1.0134447813034058,2.3885011672973633,-0.6574505567550659,2.820771624101326e-05,-1907.797991458444,0.012044365517795086,325110.4024292508,321145.2354457669,1174250566.0
train_tune_4e13c_01985_1985,CNN,0.0306846946965487,0.8182487796308325,0.8119068413875228,0.10632424056529999,0.3243458867073059,-0.0033667734824121,1.5695391084591392e-06,-17165.179888689552,0.0025591992307454348,49400073185.43826,49189811701.020035,10148837334.0
train_tune_4e13c_01986_1986,CNN,0.0660194578808936,0.7932930391757083,0.7673071183248168,0.16247087717056274,0.3951255679130554,-0.0061619095504283905,5.071727173344698e-06,-15388.310377280093,0.0015707735437899828,38207123978.38824,34547593143.30018,6177219838.0
train_tune_4e13c_01987_1987,CNN,0.1473431919619039,0.8880341138276401,0.8447960990465372,0.9598381519317627,3.6440680027008057,-0.48526519536972046,2.682210470084101e-05,-2931.562141708578,0.013366961851716042,1278610.2706110503,1252472.408952207,9459483238.0
train_tune_4e13c_01988_1988,CNN,0.0289882060831781,0.8227160012353282,0.7990511574140395,0.4300733506679535,1.1302478313446045,-0.09357680380344391,5.065232471679337e-06,-2408.2579494477227,-0.004854679107666016,7346177.6468038075,7391605.489709936,5788200294.0
train_tune_4e13c_01989_1989,CNN,0.0350414713570187,0.8357543159310131,0.7534769981547916,0.4259783625602722,1.073645830154419,-0.09300044178962708,3.0024126317584887e-05,-3315.606491267282,0.030754726380109787,539696760.8459656,530965719.4090451,9375770630.0
train_tune_4e13c_01990_1990,CNN,0.0608613488983622,0.7818323302439175,0.8063419024107669,2.6710214614868164,4.246546745300293,-7.343210220336914,0.00019023344793822616,-2371.3207948449026,0.1729084551334381,6390.215997792481,6332.226917074715,3164902.0
train_tune_4e13c_01991_1991,CNN,0.0289882060831781,0.8904061063697565,0.8041019754654708,0.42624422907829285,1.426835298538208,-0.08350124955177307,7.008462034718832e-06,-18694.299307443503,-0.008591738529503345,676858717.8022056,692914025.9098805,4837440086.0
train_tune_4e13c_01992_1992,CNN,0.0666775439168978,0.8556924169116619,0.7683069723628294,0.2843851149082184,0.6633649468421936,-0.03174801543354988,5.745574526372366e-06,-15703.118084783084,-0.001549137756228447,1241165112762.9136,1212385783720.8442,21035878046.0
train_tune_4e13c_01993_1993,CNN,0.1034440883850473,0.8773017992721496,0.8279924035444038,2.2289698123931885,7.679226875305176,-3.284071445465088,0.00011687728692777455,-1946.948649806707,0.1139184758067131,14006.448534722895,14952.348285456175,110504790.0
train_tune_4e13c_01994_1994,CNN,0.140323507340181,0.876253060015684,0.830384254632098,0.6858396530151367,2.6441094875335693,-0.25910279154777527,2.1869278498343192e-05,-4407.166107818298,0.03688354045152664,110546329.99391848,109350440.66698015,29733483774.0
train_tune_4e13c_01995_1995,CNN,0.0291015140233308,0.748834398652631,0.8166979176002959,0.4949930012226105,1.976474642753601,-0.11346881091594696,1.4006032870383933e-05,-21837.709518135627,-0.009408622048795223,3977900868618.9717,3878454462747.2725,22482968206.0
train_tune_4e13c_01996_1996,CNN,0.1096210432620513,0.841644467924248,0.800877941212676,1.4611153602600098,5.007275104522705,-1.2161004543304443,3.9280108467210084e-05,-1849.1913281679022,0.03746095672249794,722.9311862271519,722.9311862271519,9693446.0
train_tune_4e13c_01997_1997,CNN,0.0517623388000004,0.8628065275462699,0.8395963526012838,0.7976571321487427,3.4938435554504395,-0.3422691524028778,2.0216619304846972e-05,-1866.8600551992545,0.019770780578255653,39086.73986196715,38719.029903663635,13321213630.0
train_tune_4e13c_01998_1998,CNN,0.1239460900701536,0.8715295836652152,0.8027220052146568,1.1984922885894775,4.569390773773193,-0.8295862078666687,5.64650799788069e-05,-2409.808987760453,0.0465267077088356,1875298.4512953153,1868142.2159533137,12549208254.0
train_tune_4e13c_01999_1999,CNN,0.1573458536507672,0.8722840714395593,0.81620345201557,0.6110230684280396,1.9773794412612915,-0.18240411579608917,3.343297794344835e-05,-2934.9148107516926,-0.004518193192780018,712257.1011117294,713296.5978386623,2360533334.0
