model_id,model_type,initial_val_f1_macro,best_val_f1_macro,best_test_f1_macro,grad_norm,snip,grasp,fisher,jacob_cov,plain,synflow,synflow_bn,train_flops
train_tune_10d47_00000_0,TRANSFORMER,0.0033833977838846,0.3714894067007002,0.3718735182322214,70.76809692382812,210.62966918945312,-1287.824462890625,0.00725322961807251,-2067351.9703364514,4.046782493591309,51806.58028870833,51779.08416618019,4145152000.0
train_tune_10d47_00001_1,TRANSFORMER,0.0166969970580491,0.3421508782323951,0.3541702122520642,62.153045654296875,128.91465759277344,-618.8480224609375,0.004076366778463125,-4029.9517779056423,3.7755658626556396,20227.751540048535,20196.072294623566,1417216000.0
train_tune_10d47_00002_2,TRANSFORMER,0.0020564499647115,0.3248673496387502,0.3489227769467575,37.4266357421875,103.20906066894531,-327.4364318847656,0.0043979124166071415,-44347.75307018367,4.934410095214844,31026.995631490783,31079.89529323609,1810432000.0
train_tune_10d47_00003_3,TRANSFORMER,0.0022236135096673,0.3522034009258291,0.4057591748988389,91.73186492919922,195.3067169189453,-1352.70361328125,0.011941365897655487,-3252.978569159255,9.750992774963379,38775.1685684898,40256.883646621216,3096576000.0
train_tune_10d47_00004_4,TRANSFORMER,0.007220388119619,0.3453475493750258,0.3750562074492934,59.97455596923828,146.4141082763672,-648.0673828125,0.013396567665040493,-617901.3704790152,9.697725296020508,27652.395744458147,26844.5628644731,1679360000.0
train_tune_10d47_00005_5,TRANSFORMER,0.0004000770518766,0.3056221811972373,0.3527201509223943,51.64757537841797,84.1611328125,-532.1827392578125,0.0025410328526049852,-4085671.832677429,3.8832950592041016,11757.348405908857,11757.348405908857,964608000.0
train_tune_10d47_00006_6,TRANSFORMER,0.0203308186046021,0.3575059484019338,0.3792082322907057,62.379608154296875,129.85269165039062,-686.4699096679688,0.00160632049664855,-10906.542546928516,4.631015777587891,14762.553597673412,14829.47936396582,1679360000.0
train_tune_10d47_00007_7,TRANSFORMER,0.0033245093662494,0.351171660942329,0.3841115716557498,60.610008239746094,123.03755187988281,-573.5486450195312,0.013813897036015987,-11368.609766643624,7.9066619873046875,36600.14531470135,36684.245966664435,3096576000.0
train_tune_10d47_00008_8,TRANSFORMER,0.0007955531817226,0.3492467494730591,0.388432914174054,130.03469848632812,313.66607666015625,-3051.4296875,0.014603106305003166,-4493536.453780062,8.801952362060547,69614.20541217038,69614.20541217038,3620864000.0
train_tune_10d47_00009_9,TRANSFORMER,0.0030056742059396,0.3535161950054596,0.3724996674717909,52.439388275146484,146.2799835205078,-517.07666015625,0.010126756504178047,-6633.891350700727,8.628862380981445,44753.599982720596,46036.2434082591,2715648000.0
train_tune_10d47_00010_10,TRANSFORMER,0.0058038031351491,0.3225145948185131,0.3206634612187564,81.92504119873047,195.12156677246094,-1298.06103515625,0.007469942793250084,-42597.956323706065,8.248177528381348,34565.302478367805,34606.99794151235,1679360000.0
train_tune_10d47_00011_11,TRANSFORMER,0.0057166627856288,0.344387531747929,0.351715734123277,64.30448150634766,147.98619079589844,-597.6614990234375,0.021840479224920273,-554471.1060465762,8.62537670135498,36833.15840432354,43044.49847118471,3096576000.0
train_tune_10d47_00012_12,TRANSFORMER,0.003184085009859,0.3838374320460489,0.3996653530328838,160.50845336914062,452.5542297363281,-4024.0966796875,0.01611318066716194,-16552.129295080023,8.621942520141602,134062.21553168845,138776.86129239862,8290304000.0
train_tune_10d47_00013_13,TRANSFORMER,0.0042568371288489,0.3132656933121517,0.3489563104285066,37.35871887207031,72.02999877929688,-352.943359375,0.0012551681138575077,-3812.4257396315747,-0.030087709426879883,11819.622244419967,10414.181126156824,708608000.0
train_tune_10d47_00014_14,TRANSFORMER,0.0038950729286007,0.3407057207625426,0.3602961996677365,75.25566864013672,227.75057983398438,-824.8648681640625,0.03456081077456474,-678952.0950238232,8.810027122497559,78142.80091979819,76249.79380361165,6217728000.0
train_tune_10d47_00015_15,TRANSFORMER,0.0029055159960261,0.2723655708832436,0.3107580475702201,32.39828872680664,66.3537826538086,-236.51596069335938,0.0013094255700707436,-3005.256596188397,0.8918504118919373,11662.067930834908,11101.857524743948,708608000.0
train_tune_10d47_00016_16,TRANSFORMER,0.0047791052054705,0.3520543943453111,0.3988706546394565,71.69366455078125,172.0207977294922,-1101.2156982421875,0.0025957177858799696,-20224.28020949968,4.286829948425293,30231.40320581085,29959.7111184864,2715648000.0
train_tune_10d47_00017_17,TRANSFORMER,0.0044613867872052,0.3546980482038221,0.3490475679829963,44.705814361572266,77.54132843017578,-460.74676513671875,0.0007157668587751687,-5993.47504793804,3.471986770629883,10200.337796241876,10420.830142399216,1062912000.0
train_tune_10d47_00018_18,TRANSFORMER,0.0041265940859598,0.3250462049238817,0.3831949235842148,54.443511962890625,131.1712188720703,-706.4119873046875,0.006784400902688503,-4568.651486296906,7.005301475524902,21579.92146199,21547.98578570546,1259520000.0
train_tune_10d47_00019_19,TRANSFORMER,0.0059224911541082,0.3147438301968554,0.3402989047772606,34.63493347167969,78.56895446777344,-244.92774963378906,0.005542659666389227,-4466.5978825916045,5.605966567993164,21012.14572761233,21605.017868464874,1548288000.0
train_tune_10d47_00020_20,TRANSFORMER,0.007817288276939,0.3622127857410205,0.3941544606745045,47.80120086669922,97.51295471191406,-487.94970703125,0.0011283992789685726,-41320.302218479024,3.7135658264160156,14097.264623802823,14258.243807068826,1259520000.0
train_tune_10d47_00021_21,TRANSFORMER,0.0018126621997589,0.3500388000294001,0.3625812582625332,59.07032012939453,186.7794647216797,-640.584228515625,0.02785005047917366,-1447015.8692094919,7.017956733703613,51632.61335437915,50998.67666851746,4145152000.0
train_tune_10d47_00022_22,TRANSFORMER,0.0052794047336318,0.328440823103449,0.3594172805056936,46.5002555847168,70.41886901855469,-421.56640625,0.000734129105694592,-303067.2259943271,3.0244359970092773,9312.445533317616,9312.445533317616,964608000.0
train_tune_10d47_00023_23,TRANSFORMER,0.0042534697375157,0.3200695810206778,0.345310050684026,58.580997467041016,138.87867736816406,-824.1712036132812,0.005575529299676418,-28582.530910258065,6.768033981323242,24893.80879850356,24968.714294610985,1259520000.0
train_tune_10d47_00024_24,TRANSFORMER,0.0027499857455184,0.3636418063854753,0.3978338919186754,105.78556060791016,256.14483642578125,-1954.870361328125,0.0033148033544421196,-10691.900651260075,5.846343040466309,35628.97841085817,35279.301053228504,3620864000.0
train_tune_10d47_00025_25,TRANSFORMER,0.0039933201539585,0.3451908753007809,0.367840670685005,146.063232421875,390.3331298828125,-3399.2333984375,0.003853099886327982,-6830660.484323239,5.1556806564331055,100510.44924733955,100510.44924733955,8290304000.0
train_tune_10d47_00026_26,TRANSFORMER,0.0044317804670589,0.3357907989009031,0.3826975610961166,108.74132537841797,340.751220703125,-1872.9630126953125,0.043651532381772995,-7504.387846249202,11.78121566772461,129650.73759964314,121807.6149565719,8290304000.0
train_tune_10d47_00027_27,TRANSFORMER,0.0028699992477774,0.344153270264267,0.390621094903328,72.03784942626953,182.31057739257812,-1076.09814453125,0.012971499003469944,-134731.69026708463,7.086320877075195,40815.12668469372,41324.05122563818,2715648000.0
train_tune_10d47_00028_28,TRANSFORMER,0.0047341086280526,0.3846497387421276,0.402084095803805,34.7442512512207,69.86144256591797,-273.66400146484375,0.003107941709458828,-860419.5145539535,0.6468222141265869,19120.743594151383,18379.483820829057,1548288000.0
train_tune_10d47_00029_29,TRANSFORMER,0.0062583063024954,0.3227598051779708,0.3473170448953166,53.14604568481445,109.19573974609375,-523.8817138671875,0.0019163781544193625,-19980.941455327204,1.5260119438171387,18073.457004113134,18000.790221287378,1062912000.0
train_tune_10d47_00030_30,TRANSFORMER,0.0081284683761248,0.353806212196018,0.3937105917983167,74.7313232421875,215.7558135986328,-1396.596923828125,0.011396154761314392,-1445287.3690514239,4.91771936416626,57435.3043562137,54839.81421837576,4145152000.0
train_tune_10d47_00031_31,TRANSFORMER,0.0044280737324868,0.3528594103479222,0.3644077011048292,53.55229187011719,117.4107666015625,-639.5411376953125,0.002125352853909135,-2114671.566775544,3.7364790439605713,19941.431666964465,19953.16259630424,1259520000.0
train_tune_10d47_00032_32,TRANSFORMER,0.0051578176402382,0.3128720168058624,0.3437994516956583,118.3525390625,369.20855712890625,-2300.31982421875,0.04711020737886429,-28500.84835372929,12.293466567993164,134165.90787689746,134644.87420676302,8290304000.0
train_tune_10d47_00033_33,TRANSFORMER,0.0010632990582015,0.3793523906652943,0.4047528222746006,100.703857421875,258.806396484375,-1816.75830078125,0.013121135532855988,-93662.26291417512,8.082511901855469,55328.446018068054,55389.33320303859,3620864000.0
train_tune_10d47_00034_34,TRANSFORMER,0.0034542223853992,0.3530455021366994,0.3915441397997343,78.46089172363281,146.9384002685547,-1135.15185546875,0.0028419371228665113,-6421.78406495754,4.7060441970825195,31759.550793794675,31840.596111891133,3096576000.0
train_tune_10d47_00035_35,TRANSFORMER,0.0101187795279435,0.3492350440867046,0.3841621974378653,46.50912094116211,107.16846466064453,-487.98040771484375,0.005507373716682196,-12628.74454150554,7.579470634460449,16189.824014030093,16236.354266468026,1259520000.0
train_tune_10d47_00036_36,TRANSFORMER,0.0013020664107215,0.3662680060503021,0.3798317908754795,119.22381591796875,299.4421691894531,-2806.4970703125,0.011720488779246807,-1257962.8417447824,8.326882362365723,59530.57546005107,59588.14520608017,3620864000.0
train_tune_10d47_00037_37,TRANSFORMER,0.0026201899655316,0.3473856204421948,0.3987418078437527,96.04745483398438,240.0034637451172,-1619.11376953125,0.0034171221777796745,-6076.967710269706,5.662077903747559,28606.81299452762,28594.6796505986,3620864000.0
train_tune_10d47_00038_38,TRANSFORMER,0.0037596056666417,0.3632032482718986,0.3894751525586025,38.45625305175781,82.82878875732422,-302.6557922363281,0.004147134721279144,-13148.367309853917,6.791996002197266,15873.717811521816,15703.704189236401,1259520000.0
train_tune_10d47_00039_39,TRANSFORMER,0.0080348872062189,0.3169536079044471,0.3791467367766444,49.80083465576172,113.18785095214844,-555.5809326171875,0.006014686543494463,-257986.5492094566,7.897221565246582,19698.58316146375,19698.58316146375,1259520000.0
train_tune_10d47_00040_40,TRANSFORMER,0.0205035873891587,0.352800203342707,0.3737621636199351,77.53668212890625,212.58139038085938,-1001.925048828125,0.012302291579544544,-7399.491322755526,6.519549369812012,48794.2922368057,48987.37539012734,3620864000.0
train_tune_10d47_00041_41,TRANSFORMER,0.0035874448103212,0.3436431673063814,0.3611556822054129,76.09555053710938,212.84329223632812,-976.840576171875,0.01962495967745781,-8525.86794425356,13.254562377929688,65943.27386482571,64347.13395811783,3620864000.0
train_tune_10d47_00042_42,TRANSFORMER,0.0064846618116661,0.322548109729441,0.335365841673126,36.60609817504883,52.67842102050781,-234.41799926757812,0.0005782973021268845,-6364.6863193427225,2.5202994346618652,6715.016606167652,6692.222405414176,964608000.0
train_tune_10d47_00043_43,TRANSFORMER,0.0071653025005567,0.3354816429905877,0.3966321749671451,65.40808868408203,158.25575256347656,-770.3787841796875,0.012093673460185528,-1402791.0489343214,9.818517684936523,27335.972905835893,28108.337977446077,1679360000.0
train_tune_10d47_00044_44,TRANSFORMER,0.0044567257983494,0.3077188446560447,0.3372099268809913,38.70705032348633,59.47063064575195,-249.79537963867188,0.0012460348661988974,-566398.6040100971,3.423659563064575,9872.490558067013,9813.960736523193,964608000.0
train_tune_10d47_00045_45,TRANSFORMER,0.0044103800517437,0.3562039725722598,0.3768029696044543,41.151920318603516,72.89324951171875,-384.35992431640625,0.000676097406540066,-3320.446084949217,3.1507794857025146,8800.352933802147,8838.487834484562,1062912000.0
train_tune_10d47_00046_46,TRANSFORMER,0.0041933369483105,0.3065059749065676,0.3409522702715768,39.093955993652344,60.112430572509766,-255.10565185546875,0.0012011361541226506,-525157.3719426692,3.5078492164611816,9867.138778000068,9804.792932551689,964608000.0
train_tune_10d47_00047_47,TRANSFORMER,0.008165485937365,0.3723539779428001,0.3691681364625682,47.06462860107422,91.84370422363281,-410.39959716796875,0.0029133588541299105,-2432.2261861192023,4.481515884399414,16701.32511374198,16550.71414754226,1417216000.0
train_tune_10d47_00048_48,TRANSFORMER,0.0046358088900385,0.3267482643893735,0.3229070082347814,132.73240661621094,421.002685546875,-2818.64892578125,0.05204838886857033,-29889.25175222963,12.79951286315918,151551.91563874122,152910.09925690343,8290304000.0
train_tune_10d47_00049_49,TRANSFORMER,0.0007356457130246,0.3637697274549425,0.3750271146203253,64.5820083618164,184.35733032226562,-1012.3284912109375,0.005223373416811228,-61551.758518773946,3.6701695919036865,58661.731132613655,58747.59339899564,4145152000.0
train_tune_10d47_00050_50,TRANSFORMER,0.0081320008476065,0.3865725148561093,0.4357679141642044,56.38616943359375,163.49758911132812,-771.8089599609375,0.0020521478727459908,-3137.371617224641,2.508591651916504,33427.79071511294,33221.51627593642,4145152000.0
train_tune_10d47_00051_51,TRANSFORMER,0.0039956661989528,0.3578847304375439,0.3765169718729744,39.0844841003418,70.39519500732422,-345.276123046875,0.0006558714667335153,-2661.8920140359387,2.8763208389282227,8130.727713610962,8313.288086574059,1062912000.0
train_tune_10d47_00052_52,TRANSFORMER,0.0016523768624694,0.3754849012990687,0.4043778558598722,100.15898132324219,290.5372314453125,-1957.2545166015625,0.008521119132637978,-14662.331061693001,5.625495910644531,93335.912398388,90728.32398570447,6217728000.0
train_tune_10d47_00053_53,TRANSFORMER,0.0302525181596139,0.3336496687800405,0.4087894220704373,43.49028396606445,102.341064453125,-509.1974792480469,0.001892461208626628,-425781.06311756273,2.9376614093780518,22042.695252796737,22041.35457166674,1810432000.0
train_tune_10d47_00054_54,TRANSFORMER,0.0166399580216921,0.3508675947925679,0.3927569589855466,73.23149108886719,202.17239379882812,-888.8524169921875,0.011186592280864716,-4874.816832281676,6.402118682861328,41496.35757419286,41675.3308723288,3620864000.0
train_tune_10d47_00055_55,TRANSFORMER,0.0035874448103212,0.3623556689065845,0.3834314497451151,69.95481872558594,198.33084106445312,-829.34375,0.020101699978113174,-4967.516162939866,12.882830619812012,62482.402573381456,60590.95765684188,3620864000.0
train_tune_10d47_00056_56,TRANSFORMER,0.0120375967364392,0.3191878383646164,0.3865002335456572,44.30841827392578,71.27903747558594,-251.33685302734375,0.004690482281148434,-7161.678374918323,5.921805381774902,12302.771354770744,12356.6161590246,1286144000.0
train_tune_10d47_00057_57,TRANSFORMER,0.0003682159743033,0.3233558702289304,0.3689700386065107,39.59233856201172,90.55156707763672,-480.25830078125,0.003272152040153742,-47991.96713055891,4.449191093444824,14151.929756706186,14158.334543947012,839680000.0
train_tune_10d47_00058_58,TRANSFORMER,0.0050618813339109,0.3907853330182763,0.3872580358479217,122.08274841308594,356.0662536621094,-2956.562744140625,0.019110802561044693,-747829.9742095071,7.223482608795166,86152.91816089144,84957.34070023664,6217728000.0
train_tune_10d47_00059_59,TRANSFORMER,0.0045607980113911,0.3464810804702119,0.3733143718007624,93.4615478515625,299.3765869140625,-1408.5860595703125,0.034407202154397964,-1329711.2333787098,9.472269058227539,82756.69121930563,79693.68342378778,6217728000.0
train_tune_10d47_00060_60,TRANSFORMER,0.0004000770518766,0.3043287175852563,0.3609700730227396,47.15619659423828,77.39776611328125,-423.5899353027344,0.0028822538442909718,-11250.85756973328,3.894113540649414,10911.110186824682,11627.19925157359,964608000.0
train_tune_10d47_00061_61,TRANSFORMER,0.007346457942993,0.3537046016658002,0.3970256639436366,44.71541213989258,100.4211654663086,-367.8192443847656,0.007887518033385277,-4805.206659539313,5.782713890075684,24572.60445566906,24362.51545799615,2322432000.0
train_tune_10d47_00062_62,TRANSFORMER,0.0051275586699579,0.3792731570821481,0.4140937677082302,117.49165344238281,349.468994140625,-2698.7578125,0.019640404731035233,-489261.01265858434,7.510733604431152,81793.05276345609,84761.8712969417,6217728000.0
train_tune_10d47_00063_63,TRANSFORMER,0.0048913812927766,0.2895966932400682,0.3063823020208597,25.206214904785156,38.417869567871094,-143.3711395263672,0.0002808241406455636,-15497.661068779866,1.3157318830490112,5439.089724881968,5376.321890403833,643072000.0
train_tune_10d47_00064_64,TRANSFORMER,0.0016523768624694,0.3913972443024259,0.402864031920827,91.43817138671875,266.370361328125,-1571.6376953125,0.010639195330440998,-7113.292692668225,5.694529056549072,84356.98064989559,82233.43592362253,6217728000.0
train_tune_10d47_00065_65,TRANSFORMER,0.0077138462376313,0.3481555964522058,0.3774311385376744,54.525917053222656,118.96003723144531,-531.3019409179688,0.007079073693603277,-19039.92569744836,8.790197372436523,22298.775501290012,22409.18760878767,1679360000.0
train_tune_10d47_00066_66,TRANSFORMER,0.0,0.2896088337643815,0.3498746438322581,57.516639709472656,175.54678344726562,-651.578857421875,0.013391420245170593,-109848.28133111505,5.644250869750977,51951.680325802605,51951.680325802605,4145152000.0
train_tune_10d47_00067_67,TRANSFORMER,0.0024724344249395,0.3597429302552355,0.3991195719086754,70.66317749023438,189.76341247558594,-1103.699462890625,0.01002853736281395,-5115.338260779407,8.901671409606934,43058.42104433763,40592.34037124896,2715648000.0
train_tune_10d47_00068_68,TRANSFORMER,0.004929327862023,0.3529986036098306,0.3608404309808293,85.92481994628906,272.8503723144531,-1392.894775390625,0.028561290353536606,-8263.974016242912,9.29824447631836,95626.15501349117,95724.88082103748,6217728000.0
train_tune_10d47_00069_69,TRANSFORMER,0.0014954926017966,0.3301156038465593,0.378236012818736,37.086029052734375,86.96891784667969,-428.6947021484375,0.004015590064227581,-8146.877817558778,5.128093719482422,16126.362724543827,15184.362084530061,839680000.0
train_tune_10d47_00070_70,TRANSFORMER,0.0116558949806016,0.3180055372986013,0.3319619654316875,33.829490661621094,66.73033142089844,-184.87277221679688,0.0041106510907411575,-363354.79580642923,2.866530418395996,14236.58204458293,15219.435778739662,1062912000.0
train_tune_10d47_00071_71,TRANSFORMER,0.004451858546415,0.3353411823949326,0.3526322658799141,130.7926788330078,423.9353332519531,-2411.642578125,0.04961911216378212,-969385.6708217213,11.737836837768555,115291.71470955265,122347.71856485883,8290304000.0
train_tune_10d47_00072_72,TRANSFORMER,0.0007626495749858,0.3208689806213947,0.3412120542830311,88.73749542236328,278.06201171875,-1343.13330078125,0.019923383370041847,-55961.44422769466,7.902281284332275,83068.27308703154,83068.27308703154,6217728000.0
train_tune_10d47_00073_73,TRANSFORMER,0.0013406378788129,0.3084595012268332,0.3568725493030431,39.484317779541016,84.7679443359375,-357.75433349609375,0.003281029872596264,-6322.757342181192,4.3387956619262695,19143.90702122223,20653.298982436692,1548288000.0
train_tune_10d47_00074_74,TRANSFORMER,0.0056567540558411,0.2999685143744212,0.3761192538732064,26.475994110107422,59.39275360107422,-158.27545166015625,0.0034197710920125246,-2281002.1317640496,5.20041036605835,12147.555811268085,12269.44623963155,839680000.0
train_tune_10d47_00075_75,TRANSFORMER,0.0015205319702485,0.3942310150067171,0.4039658982269633,96.1233139038086,279.6150207519531,-1762.537353515625,0.009421296417713165,-9429.740555677035,5.7102766036987305,92713.18391829066,92063.40458635008,6217728000.0
train_tune_10d47_00076_76,TRANSFORMER,0.0070278603091327,0.3329592405998808,0.3965997050494437,68.76014709472656,150.906005859375,-718.4296264648438,0.015147421509027481,-10848.881235162942,8.820175170898438,38332.864355831356,38076.6368872982,3096576000.0
train_tune_10d47_00077_77,TRANSFORMER,0.0054073439959551,0.365258991671863,0.3947118130157847,57.632972717285156,135.7021942138672,-668.799072265625,0.001678602653555572,-7985.697897984092,3.2480969429016113,25194.233882600063,25106.621617331035,2715648000.0
train_tune_10d47_00078_78,TRANSFORMER,0.0117247880068258,0.3349471723157673,0.3615610030431846,85.46118927001953,148.80645751953125,-1575.195556640625,0.004708075895905495,-882561.8907620502,7.751552581787109,21116.158081442878,21180.600323875115,1417216000.0
train_tune_10d47_00079_79,TRANSFORMER,0.0140855928434028,0.3029319625180597,0.3521104503170488,23.698848724365234,44.098899841308594,-115.00910949707031,0.0012826637830585241,-377069.4999305161,0.4269298017024994,8539.486308981832,8780.225269374137,708608000.0
train_tune_10d47_00080_80,TRANSFORMER,0.0029958426145535,0.3297328782078587,0.346217190444609,73.64603424072266,228.54132080078125,-960.7177734375,0.02486569620668888,-5794.7098055323095,8.66268539428711,90129.96984409684,87356.2162325031,6217728000.0
train_tune_10d47_00081_81,TRANSFORMER,0.0079867960213226,0.3105784986176911,0.358528002829631,19.98639678955078,33.80626678466797,-91.1380615234375,0.000694515067152679,-4311.645165671146,0.29097315669059753,5258.700028737883,5216.709558180373,708608000.0
train_tune_10d47_00082_82,TRANSFORMER,0.0059505266840171,0.3359265098570953,0.3760734033658664,42.043243408203125,109.88233947753906,-387.7098388671875,0.011641948483884335,-882319.8146892806,5.184875011444092,27667.711340879163,29162.946810635778,1810432000.0
train_tune_10d47_00083_83,TRANSFORMER,0.0279539468327333,0.3237671003532797,0.3712032142468575,57.905921936035156,155.79718017578125,-643.0787963867188,0.008441803976893425,-172084.97198181352,5.224956512451172,41911.60108013866,41901.81631954584,2715648000.0
train_tune_10d47_00084_84,TRANSFORMER,0.0043209089147021,0.3898166252650681,0.4124807720737455,85.2161636352539,231.5113983154297,-1358.3759765625,0.0017882807878777385,-3969.825850950599,2.870370388031006,53466.802880246934,53692.6193430797,6217728000.0
train_tune_10d47_00085_85,TRANSFORMER,0.0208495973592812,0.3427257942270897,0.3743259182160154,30.608335494995117,73.5763931274414,-178.76942443847656,0.004209736827760935,-5596.6885227431885,3.259488582611084,21537.578713099443,21697.78848270758,1810432000.0
train_tune_10d47_00086_86,TRANSFORMER,0.002046520561865,0.3055765982639637,0.3148257692836902,24.888090133666992,36.97793960571289,-116.77496337890625,0.0008206909405998886,-790489.3597220888,1.2934327125549316,7174.68378894228,6762.202096489958,643072000.0
train_tune_10d47_00087_87,TRANSFORMER,0.0002371916508538,0.3267650480977719,0.3714742434893452,49.59610366821289,135.435546875,-438.65478515625,0.011249237693846226,-8624.329527976399,4.757295608520508,47207.300011228144,47410.222492579895,4145152000.0
train_tune_10d47_00088_88,TRANSFORMER,0.0079784668835895,0.3511990594682019,0.3649317161113078,69.724365234375,144.29061889648438,-762.2080078125,0.004267052281647921,-3787.7053277604314,3.6020538806915283,23276.307011332065,24531.521602903624,1417216000.0
train_tune_10d47_00089_89,TRANSFORMER,0.0117247880068258,0.3385974873527018,0.3933624521071839,75.958984375,135.48190307617188,-1179.3040771484375,0.004826073534786701,-141424.13136529434,7.092999458312988,20797.669060512377,19880.249676625237,1417216000.0
train_tune_10d47_00090_90,TRANSFORMER,0.0041099640205832,0.3513149975640993,0.3623589022319427,121.70560455322266,402.0779113769531,-2077.22119140625,0.05642419680953026,-552344.0798883542,11.800775527954102,116616.97141361465,107224.54557382829,8290304000.0
train_tune_10d47_00091_91,TRANSFORMER,0.0013640841690453,0.3593790761004873,0.3731871500438266,49.16279602050781,101.36103820800781,-600.9392700195312,0.003346392186358571,-61773.670896206735,4.899450302124023,24515.6913340718,24523.085769762198,1548288000.0
train_tune_10d47_00092_92,TRANSFORMER,0.0073703059332726,0.3496927844845527,0.3755022854924519,35.9841194152832,90.42180633544922,-253.832275390625,0.009735791012644768,-547981.5149257013,4.594029426574707,24976.361024619604,25591.27968469556,1810432000.0
train_tune_10d47_00093_93,TRANSFORMER,0.0024973703974886,0.3341478972463481,0.3701248554294726,53.33253860473633,154.49610900878906,-477.97216796875,0.022843433544039726,-1365595.530826905,6.301181793212891,50485.625821359215,49578.18920287334,4145152000.0
train_tune_10d47_00094_94,TRANSFORMER,0.005705193696028,0.342442392967129,0.3700305369776512,30.208091735839844,71.18656921386719,-234.17498779296875,0.004486738704144955,-1575406.604414404,5.504345417022705,13353.111329028665,12839.808431127603,839680000.0
train_tune_10d47_00095_95,TRANSFORMER,0.0075679550605744,0.3484484081375197,0.3546398177554025,51.67854690551758,106.49457550048828,-489.0797119140625,0.0019730390049517155,-5678.328758708773,1.5603177547454834,18641.27882451413,16301.563043161525,1062912000.0
train_tune_10d47_00096_96,TRANSFORMER,0.0049080784540385,0.3535229970128648,0.3703578449308209,87.97224426269531,285.4639892578125,-1219.1148681640625,0.03899442404508591,-764925.7769349924,9.636103630065918,82533.42891385843,80286.81854931774,6217728000.0
train_tune_10d47_00097_97,TRANSFORMER,0.0024724344249395,0.3567441088978138,0.3992661715526439,74.50923919677734,198.30853271484375,-1237.6571044921875,0.009733404032886028,-6070.713163012213,8.81052303314209,40218.743274192246,42466.797102992576,2715648000.0
train_tune_10d47_00098_98,TRANSFORMER,0.0021269053527118,0.3343938683717589,0.3691547698033807,67.86810302734375,192.79620361328125,-719.2388916015625,0.014664314687252045,-2598.0792739549875,6.202466011047363,66798.9401666257,66066.40464072573,6217728000.0
train_tune_10d47_00099_99,TRANSFORMER,0.0061732657978587,0.2974427273558588,0.3230613376312597,30.20653533935547,49.20927429199219,-115.8875732421875,0.003633881453424692,-359699.7415806654,4.246618747711182,10755.730329610515,10162.249378617476,964608000.0
train_tune_10d47_00100_100,TRANSFORMER,0.0043936290147731,0.380829674697987,0.4173711704012148,72.27743530273438,183.46766662597656,-1067.837646484375,0.011491367593407631,-151448.50685620226,6.8711676597595215,40918.69009166014,38945.385960579835,2715648000.0
train_tune_10d47_00101_101,TRANSFORMER,0.00096032382136,0.3787739456974494,0.4015218259191045,73.436767578125,186.5546875,-1180.6287841796875,0.007718028500676155,-284910.93906195706,6.189447402954102,40468.3045233371,41061.29759356056,2715648000.0
train_tune_10d47_00102_102,TRANSFORMER,0.0001897533206831,0.3164775126888021,0.3463083942681586,50.70042419433594,138.74188232421875,-465.1255187988281,0.011300796642899513,-288590.0574079991,4.776487827301025,48879.86020586634,48886.101095188664,4145152000.0
train_tune_10d47_00103_103,TRANSFORMER,0.0084608717160056,0.3283933993163893,0.3666029394357566,55.34294891357422,109.24710083007812,-641.51806640625,0.0018017550464719534,-6288.340911255332,0.6955214738845825,15327.68384260843,14992.097890507928,1062912000.0
train_tune_10d47_00104_104,TRANSFORMER,0.0010625858282331,0.3354543096380234,0.3585219331136299,42.877296447753906,95.02095031738281,-587.980224609375,0.0036155206616967916,-12005.575225109387,4.511866569519043,16510.677824922284,14891.05474203271,839680000.0
train_tune_10d47_00105_105,TRANSFORMER,0.0027706901185925,0.3411967060482315,0.3642666063854909,127.8211669921875,406.88079833984375,-2546.81689453125,0.049836497753858566,-11458.486649303344,12.54029655456543,141470.51586803503,146780.88749053332,8290304000.0
train_tune_10d47_00106_106,TRANSFORMER,0.0107434462990249,0.3222821665422821,0.3284559327369475,50.477725982666016,98.17410278320312,-421.8910827636719,0.004690390080213547,-947780.8642281565,4.819188117980957,20855.92904536675,20865.980319941034,1417216000.0
train_tune_10d47_00107_107,TRANSFORMER,0.0071814229935663,0.3371876430706905,0.4037855723354677,63.64551544189453,154.80015563964844,-727.5233154296875,0.01269759051501751,-973544.5171704016,9.852530479431152,27183.27879099943,28611.00586719114,1679360000.0
train_tune_10d47_00108_108,TRANSFORMER,0.0167977112927095,0.3172402015081154,0.3480542623634888,80.62226867675781,177.5665283203125,-964.7269897460938,0.016751639544963837,-9021.93389753454,12.109773635864258,48583.30765697868,48081.03610222659,3096576000.0
train_tune_10d47_00109_109,TRANSFORMER,0.0062811147256187,0.3455176638160646,0.4094412244488274,68.8853759765625,155.91017150878906,-702.2247314453125,0.020112954080104828,-732320.335384365,8.45107650756836,41839.5326002211,39761.39441176483,3096576000.0
train_tune_10d47_00110_110,TRANSFORMER,0.0035874448103212,0.3616915222377148,0.3948333786778452,67.04473876953125,190.87216186523438,-757.609375,0.01969277858734131,-3678.1351824773787,12.67718505859375,60921.34247161466,58589.50995372782,3620864000.0
train_tune_10d47_00111_111,TRANSFORMER,0.0066890042854441,0.3338798591041745,0.3702751417973241,44.995452880859375,108.21305847167969,-423.89691162109375,0.008315506391227245,-1155765.320254982,7.740503311157227,18818.593668172347,21382.599115889774,1259520000.0
train_tune_10d47_00112_112,TRANSFORMER,0.0061210531304691,0.3543893569345162,0.386839677217931,91.96963500976562,242.7462921142578,-1520.22705078125,0.014526573941111565,-5443.397027696536,11.532867431640625,55837.95669909374,55209.117054571354,3620864000.0
train_tune_10d47_00113_113,TRANSFORMER,0.0029055159960261,0.2876258335130547,0.365706070366998,34.201942443847656,69.85404968261719,-270.5456848144531,0.0011797655606642365,-5657.966621147616,0.6355369687080383,11220.360506004537,11312.604619190093,708608000.0
train_tune_10d47_00114_114,TRANSFORMER,0.0068035292517167,0.3679454300330562,0.3916604900272073,60.288597106933594,154.72691345214844,-592.3330688476562,0.011132522486150265,-4801.231907669827,5.200432300567627,43799.267458929346,43764.30364409489,3620864000.0
train_tune_10d47_00115_115,TRANSFORMER,0.0045741640481125,0.3400901148442792,0.3826781355941223,85.34571838378906,282.2868957519531,-1129.0101318359375,0.042512789368629456,-681521.5199244564,10.081453323364258,84003.65950677841,79397.83564836907,6217728000.0
train_tune_10d47_00116_116,TRANSFORMER,0.0055257424601039,0.3560960052112324,0.3658494073655938,69.00191497802734,156.68186950683594,-707.6285400390625,0.022865282371640205,-795155.8841015372,8.713045120239258,42459.235904301335,41552.3623532295,3096576000.0
train_tune_10d47_00117_117,TRANSFORMER,0.001069520498753,0.3584418191961056,0.3915755931416537,53.27684020996094,154.38217163085938,-479.35137939453125,0.023455264046788216,-1615250.9783800892,6.364774703979492,46483.883907252806,48490.19414184562,4145152000.0
train_tune_10d47_00118_118,TRANSFORMER,0.0033548885668144,0.2656947886257191,0.3151146788794454,31.161502838134766,64.86001586914062,-221.232421875,0.0014589563943445683,-2540.213403333983,0.9320428371429443,10828.499694268981,10803.780476944332,708608000.0
train_tune_10d47_00119_119,TRANSFORMER,0.0005445493206098,0.3131784833175131,0.3410216788899259,30.464509963989258,71.2730941772461,-249.71304321289062,0.003786449320614338,-4518.440147426499,4.971693992614746,13399.915497541813,13873.206035294954,839680000.0
train_tune_10d47_00120_120,TRANSFORMER,0.0119705576244203,0.3483815196900219,0.3747362332033429,85.66446685791016,149.24676513671875,-1586.5775146484375,0.004725647624582052,-3554631.5332055595,7.665485382080078,21087.509265400506,21087.509265400506,1417216000.0
train_tune_10d47_00121_121,TRANSFORMER,0.0045694576918211,0.3381088080479055,0.3686436386167678,61.893978118896484,174.85581970214844,-768.953857421875,0.011228509247303009,-11287.333116679007,9.219429016113281,47457.13802105568,46516.59793146624,2715648000.0
train_tune_10d47_00122_122,TRANSFORMER,0.0150378009772614,0.3684626712035874,0.3886332882740558,57.0892448425293,152.1401824951172,-788.0619506835938,0.0011234531411901116,-837809.2225661514,1.76168954372406,40789.709696815204,40790.52146675698,4145152000.0
train_tune_10d47_00123_123,TRANSFORMER,0.0045998592585989,0.2905816413802558,0.3202875680135162,35.267478942871094,69.35130310058594,-306.87451171875,0.0009991395054385066,-5478.675761197463,-0.11398160457611084,9921.72603835539,9380.64772752564,708608000.0
train_tune_10d47_00124_124,TRANSFORMER,0.002600770856049,0.3541791217660038,0.3952732692474723,69.23351287841797,167.94325256347656,-1012.7401123046875,0.0023093121126294136,-10821.639061750546,4.141109943389893,26512.56759112234,26748.610481735166,2715648000.0
train_tune_10d47_00125_125,TRANSFORMER,0.0068449919479374,0.3193002105529739,0.3540740508591681,31.553565979003906,70.99528503417969,-184.28884887695312,0.008786936290562153,-1423033.766479549,4.275576591491699,19240.36899816746,17323.875661333783,1548288000.0
train_tune_10d47_00126_126,TRANSFORMER,0.002600770856049,0.3551247323528687,0.3951721515736615,69.22218322753906,167.9179229736328,-1012.4594116210938,0.0023086685687303543,-10684.417976340237,4.14042854309082,26516.89273841032,26752.409350786398,2715648000.0
train_tune_10d47_00127_127,TRANSFORMER,0.0072988482955034,0.2795064821872963,0.3193981046344518,41.02979278564453,66.43172454833984,-190.0071258544922,0.00600388552993536,-207255.72192733927,6.28376579284668,13714.291903284437,13929.677598567747,1286144000.0
train_tune_10d47_00128_128,TRANSFORMER,0.0007397747346221,0.3281649607650655,0.3675131806720807,86.0399169921875,272.0418701171875,-1257.934326171875,0.019510572776198387,-4851.048010941715,7.775435924530029,77511.30526892909,77931.18360632865,6217728000.0
train_tune_10d47_00129_129,TRANSFORMER,0.0003841939752692,0.3449578398578333,0.3991828945695713,67.8497314453125,153.86590576171875,-1176.65234375,0.005318463779985905,-4797.97096137853,5.895753860473633,21303.451383285472,21394.346306437583,1259520000.0
train_tune_10d47_00130_130,TRANSFORMER,0.0113061667811534,0.3522992051556658,0.371577484943016,25.515026092529297,47.04029846191406,-107.30331420898438,0.0022203882690519094,-2546.4259941655573,1.4321606159210205,11719.670168643363,11570.96792965667,1062912000.0
train_tune_10d47_00131_131,TRANSFORMER,0.0045364925587143,0.3229000478876741,0.3686845721539404,59.391571044921875,90.32767486572266,-509.313720703125,0.0024783830158412457,-367660.5640179398,5.586386680603027,13358.950450684602,14757.698558729111,1286144000.0
train_tune_10d47_00132_132,TRANSFORMER,0.0039909836355007,0.3565113682098899,0.3779107057589763,75.09329986572266,225.76904296875,-817.247802734375,0.03368942067027092,-648181.9915348208,8.55628490447998,75455.41727865531,79233.6885083127,6217728000.0
train_tune_10d47_00133_133,TRANSFORMER,0.0052975904194276,0.3613843020576817,0.3667637813031095,36.061767578125,60.723731994628906,-291.4870300292969,0.000843372312374413,-4563.672643133334,2.0815908908843994,8778.633315141224,8986.274914434975,1062912000.0
train_tune_10d47_00134_134,TRANSFORMER,0.0027879988604184,0.2699388657273733,0.2836661009838524,21.719619750976562,32.74140548706055,-84.86140441894531,0.0009016966796480119,-337301.02847863245,1.7094351053237915,5942.028506248972,6938.744520503309,643072000.0
train_tune_10d47_00135_135,TRANSFORMER,0.0003981566820276,0.2974233756418724,0.3535909979561144,54.51530075073242,89.32044219970703,-620.3916015625,0.0036769139114767313,-23365.906414819747,4.742950439453125,12816.69872173341,12943.763055669098,964608000.0
train_tune_10d47_00136_136,TRANSFORMER,0.0030526280657819,0.3478424080082016,0.4127328958375093,45.88038635253906,114.50553894042969,-528.8656005859375,0.004603407345712185,-2160283.3765089675,4.037641525268555,26361.36846884918,26320.347919024214,1810432000.0
train_tune_10d47_00137_137,TRANSFORMER,0.0029958426145535,0.3360818495032244,0.3563588590322362,70.56880950927734,220.37030029296875,-856.347900390625,0.024325605481863022,-4975.859816759343,8.489419937133789,90046.67251622115,86873.86787451534,6217728000.0
train_tune_10d47_00138_138,TRANSFORMER,0.0094188658013788,0.3232779456396937,0.3695457824061403,47.91941833496094,83.61864471435547,-288.2375183105469,0.005279122851788998,-339848.44872542913,5.998763561248779,16881.21677077723,14783.21786106073,1286144000.0
train_tune_10d47_00139_139,TRANSFORMER,0.0045607980113911,0.3652380571451418,0.3910202772373179,85.06031799316406,279.6824645996094,-1124.60107421875,0.04138803482055664,-688539.9996209592,9.814335823059082,79278.6530001322,81994.07142128579,6217728000.0
train_tune_10d47_00140_140,TRANSFORMER,0.001265878614821,0.3748094256380945,0.3834566627112272,77.37808990478516,203.25531005859375,-1385.7174072265625,0.0069992258213460445,-57406.08818349908,8.614090919494629,46263.209313720276,46241.133041283334,2715648000.0
train_tune_10d47_00141_141,TRANSFORMER,0.0014509297497895,0.3801570549571285,0.4149571569215877,92.01713562011719,267.8436279296875,-1568.8895263671875,0.009944269433617592,-8112.948175385146,5.840256690979004,86241.01365188521,87974.10707559553,6217728000.0
train_tune_10d47_00142_142,TRANSFORMER,0.0162480603390662,0.3169502285652406,0.333621540265907,83.72299194335938,183.95553588867188,-1061.5665283203125,0.016158437356352806,-21840.30027663075,12.268325805664062,49214.2799948887,49352.84959346579,3096576000.0
train_tune_10d47_00143_143,TRANSFORMER,0.0030879844930412,0.3501723964571954,0.3628437903433547,122.86442565917969,250.70858764648438,-2610.30078125,0.00991011131554842,-422695.9481956932,9.886231422424316,56640.32236930917,56640.32236930917,3096576000.0
train_tune_10d47_00144_144,TRANSFORMER,0.0043209089147021,0.3852130005804027,0.4023474121358075,89.103759765625,240.7171173095703,-1499.882080078125,0.0017855115002021194,-6169.058256617011,2.940617799758911,57744.8735158087,58065.43169333837,6217728000.0
train_tune_10d47_00145_145,TRANSFORMER,0.0043381970789581,0.3699440597799769,0.4038705005590219,78.8092041015625,194.13421630859375,-1325.3115234375,0.011331140995025635,-172490.3734139081,6.7794575691223145,40971.57061347414,39628.5953510338,2715648000.0
train_tune_10d47_00146_146,TRANSFORMER,0.0037793568075496,0.3394457734255005,0.371404904506171,75.05855560302734,177.48800659179688,-1211.165283203125,0.0026437612250447273,-539821.2534972373,4.460293769836426,36407.98219512477,36413.62650953037,2715648000.0
train_tune_10d47_00147_147,TRANSFORMER,0.0067098286007219,0.3283139039773641,0.3882288246597454,48.79030990600586,115.80720520019531,-510.7633056640625,0.007032559718936682,-6363116.741572157,7.768794059753418,20681.362777005466,20681.362777005466,1259520000.0
train_tune_10d47_00148_148,TRANSFORMER,0.0007917823624075,0.3566368079308762,0.3789934437482006,79.01690673828125,255.58761596679688,-1053.8822021484375,0.018384268507361412,-2266.5503720605025,7.528733253479004,64106.34735686417,64333.04980542069,6217728000.0
train_tune_10d47_00149_149,TRANSFORMER,0.0064366578420835,0.3520505781434959,0.3879124385209233,41.198707580566406,108.47815704345703,-370.9656982421875,0.011599766090512276,-402069.5617184509,5.374863624572754,27574.99608427097,28691.807867721884,1810432000.0
train_tune_10d47_00150_150,TRANSFORMER,0.0162017183464399,0.3211111570698619,0.3472206927722115,54.65631103515625,102.5287094116211,-493.1965637207031,0.007048729807138443,-12093.068026115265,6.775147438049316,17982.135957081795,18261.557183471465,1286144000.0
train_tune_10d47_00151_151,TRANSFORMER,0.0052902280402884,0.3748324665873872,0.3919221186364487,98.34394836425781,257.99078369140625,-1762.4542236328125,0.014926573261618614,-8044.123768543421,11.917734146118164,58288.040497673224,56446.93518196726,3620864000.0
train_tune_10d47_00152_152,TRANSFORMER,0.009465945280915,0.2773030344448746,0.3220934406554223,23.048450469970703,32.08235168457031,-114.67144775390625,0.0002603398752398789,-15719.856963331222,1.435020923614502,4763.453137861701,4819.792869140352,643072000.0
train_tune_10d47_00153_153,TRANSFORMER,0.0054754559630854,0.3147987007556018,0.3504279429014207,22.454011917114258,35.78531265258789,-109.70773315429688,0.0002619002480059862,-4789.620200526868,1.1388952732086182,4682.106007437536,4528.4253675064765,643072000.0
train_tune_10d47_00154_154,TRANSFORMER,0.0084198219650578,0.3165099754462751,0.3541397807699183,58.988609313964844,177.3238983154297,-790.841552734375,0.013554209843277931,-612348.6182616383,6.018896102905273,67364.90136632376,67364.90136632376,4145152000.0
train_tune_10d47_00155_155,TRANSFORMER,0.0045607980113911,0.3638896956558168,0.3800494272696764,85.13226318359375,279.3572998046875,-1133.5518798828125,0.04254694655537605,-776898.6657203152,9.998517036437988,78983.90265476522,78202.62682001297,6217728000.0
train_tune_10d47_00156_156,TRANSFORMER,0.0052229024923755,0.3138433296718364,0.3301419511068089,82.8846664428711,256.45330810546875,-1331.621337890625,0.02507084608078003,-23892.17867099568,9.057134628295898,96159.77543588905,96174.6392697489,6217728000.0
train_tune_10d47_00157_157,TRANSFORMER,0.0050618813339109,0.3938600867937187,0.4055452326067405,111.11184692382812,337.8730163574219,-2383.97216796875,0.02086896263062954,-397633.7709641803,7.461667060852051,81978.1934626241,83139.10201534533,6217728000.0
train_tune_10d47_00158_158,TRANSFORMER,0.0158230455166977,0.3372645250940402,0.3729942644115318,63.405338287353516,145.89305114746094,-730.2535400390625,0.011553024873137474,-5782.839608336526,9.23754596710205,36105.479529949494,36919.47709554197,2322432000.0
train_tune_10d47_00159_159,TRANSFORMER,0.0025552311152081,0.3334136002403962,0.3570137746579721,25.339658737182617,51.25518035888672,-179.00399780273438,0.0005986011819913983,-13520.652928546493,2.571597099304199,7403.9188915306695,7546.909131929186,839680000.0
train_tune_10d47_00160_160,TRANSFORMER,0.0061210531304691,0.3543893569345162,0.386839677217931,91.96963500976562,242.7462921142578,-1520.22705078125,0.014526573941111565,-5443.397027696536,11.532867431640625,55837.95669909374,55209.117054571354,3620864000.0
train_tune_10d47_00161_161,TRANSFORMER,0.0041055718475073,0.3278733792619401,0.3779687703599695,72.24369812011719,204.98776245117188,-831.1358642578125,0.015352501533925533,-3415.730182275648,6.3361992835998535,71911.10526466952,72268.51329747746,6217728000.0
train_tune_10d47_00162_162,TRANSFORMER,0.000726942298955,0.374093916591397,0.4230141882289794,64.77652740478516,179.12515258789062,-1007.1209716796875,0.006856233347207308,-9571.298286622346,4.042978763580322,57399.873249398064,59416.347208517465,4145152000.0
train_tune_10d47_00163_163,TRANSFORMER,0.0051275586699579,0.3791754695917047,0.4108544533345944,129.30921936035156,372.119384765625,-3400.24462890625,0.019125794991850853,-1870217.4649152467,7.4053449630737305,93290.63146695653,93386.36890960776,6217728000.0
train_tune_10d47_00164_164,TRANSFORMER,0.0052864731848083,0.3247064463773995,0.3265924915798215,93.27762603759766,290.1769714355469,-1686.811767578125,0.029216529801487923,-42709.71563543302,9.560336112976074,107712.97686000627,107854.4396254272,6217728000.0
train_tune_10d47_00165_165,TRANSFORMER,0.0068448022908161,0.3746515770095892,0.4113417833666354,150.7621307373047,436.0849609375,-3626.11181640625,0.011368385516107082,-55577.33508840984,7.568319320678711,133359.48128152173,133745.09933577172,8290304000.0
train_tune_10d47_00166_166,TRANSFORMER,0.0021326931750314,0.3786650378876365,0.4112174352297898,78.48565673828125,203.10789489746094,-1383.0576171875,0.008337374776601791,-9163.547400008345,8.846013069152832,45378.93242032329,42090.547308825844,2715648000.0
train_tune_10d47_00167_167,TRANSFORMER,0.0040593696560468,0.3717682070347592,0.4016481309176495,166.52110290527344,493.1492919921875,-4742.84765625,0.023586155846714973,-625326.9896770187,8.780304908752441,120887.27365230475,123164.83836162867,8290304000.0
train_tune_10d47_00168_168,TRANSFORMER,0.0111401449507219,0.3138199567089155,0.3689932839527124,47.071861267089844,75.74981689453125,-287.68365478515625,0.0051712109707295895,-17316.437463093076,6.282114028930664,13330.041822854399,13335.707507608988,1286144000.0
train_tune_10d47_00169_169,TRANSFORMER,0.0043936290147731,0.3826027258049042,0.4075269475380734,82.40333557128906,200.26095581054688,-1481.63037109375,0.010522043332457542,-400626.8685533117,6.796815872192383,44094.5781122367,44767.331208249205,2715648000.0
train_tune_10d47_00170_170,TRANSFORMER,0.0111970274976231,0.3579787728435796,0.3848275417422683,58.315956115722656,158.41798400878906,-605.4437255859375,0.01896585337817669,-296854.12981617346,6.7343292236328125,41055.485717936295,43190.394009187665,2715648000.0
train_tune_10d47_00171_171,TRANSFORMER,0.0052864731848083,0.3321278640389296,0.3511758712985178,80.33383178710938,257.01336669921875,-1152.326171875,0.026562362909317017,-5354.43822279857,9.276216506958008,91084.95378272275,85106.86464945467,6217728000.0
train_tune_10d47_00172_172,TRANSFORMER,0.0214950690924008,0.3333305117468638,0.3919933625248396,32.11137390136719,77.42597961425781,-202.6008758544922,0.00450226292014122,-12086.921923684227,3.3535048961639404,23390.419747793196,23391.80288853958,1810432000.0
train_tune_10d47_00173_173,TRANSFORMER,0.0048357574979027,0.370248903618752,0.3990375213362409,37.796348571777344,73.80032348632812,-332.41387939453125,0.003044852754101157,-949126.5510826776,1.133171558380127,19969.5596125314,20941.066508793258,1548288000.0
train_tune_10d47_00174_174,TRANSFORMER,0.0060675173233685,0.3194792397826306,0.3815431140975194,52.988258361816406,117.55231475830078,-493.3569030761719,0.01362613495439291,-2728656.5373917078,6.155753135681152,29987.03144173276,29874.21726430523,2322432000.0
train_tune_10d47_00175_175,TRANSFORMER,0.001322710879955,0.2851502892222051,0.318491870165591,30.09756851196289,61.415565490722656,-192.2489013671875,0.0010941678192466497,-3438.8832551326627,0.995700478553772,10919.548458389925,10326.493984259037,708608000.0
train_tune_10d47_00176_176,TRANSFORMER,0.0023065010379254,0.3509000387320864,0.3520152095284808,94.78433990478516,275.5214538574219,-1278.85107421875,0.021178539842367172,-2245.4498654753224,7.8314714431762695,91912.17175115051,92128.29823089318,8290304000.0
train_tune_10d47_00177_177,TRANSFORMER,0.0035651860102118,0.3489711634654804,0.3911736766410724,54.44019317626953,110.94893646240234,-466.059814453125,0.011529498733580112,-4413.046601098277,7.167149543762207,32904.1975337204,32770.4163423047,3096576000.0
train_tune_10d47_00178_178,TRANSFORMER,0.0117103320076259,0.3457674869815818,0.3708989068158032,71.12151336669922,129.17816162109375,-1011.1951904296875,0.004958842881023884,-108934.82030848305,6.960840225219727,19669.738223285858,19332.11089863669,1417216000.0
train_tune_10d47_00179_179,TRANSFORMER,0.0020396215598728,0.3422784083030678,0.3630988131164099,35.186153411865234,96.93185424804688,-279.97216796875,0.004707873798906803,-6895.421021151601,4.901300430297852,29362.340195604662,28654.180896758164,1810432000.0
train_tune_10d47_00180_180,TRANSFORMER,0.0025468968717187,0.3686331163299063,0.4066997392255569,75.65953063964844,153.9608154296875,-1004.4844970703125,0.0022780299186706543,-2767.8621703511353,4.885546684265137,23912.9643407449,24212.649382356907,3096576000.0
train_tune_10d47_00181_181,TRANSFORMER,0.0022603789946714,0.3570825572059015,0.3908316439669904,68.9714126586914,181.70533752441406,-1018.9931640625,0.006736353971064091,-9420.939944436997,7.97892951965332,44329.00307680659,44407.65281762257,2715648000.0
train_tune_10d47_00182_182,TRANSFORMER,0.0023725112709369,0.3198862000480152,0.3800046596812029,31.614648818969727,71.36576080322266,-273.0736083984375,0.0030669693369418383,-30065.474263254433,5.360980987548828,12164.310550309643,12084.772820311093,839680000.0
train_tune_10d47_00183_183,TRANSFORMER,0.0042120606859055,0.3643814384969577,0.4012554389882317,42.390380859375,112.48210144042969,-464.1968994140625,0.003740486688911915,-7292.553408931229,4.657670974731445,29011.989185435723,28587.979562892124,1810432000.0
train_tune_10d47_00184_184,TRANSFORMER,0.0106008294373254,0.3816898137625382,0.4348918148738867,52.7359619140625,141.49424743652344,-656.6356201171875,0.0012040609726682305,-4345.812973520645,1.7983920574188232,35806.60708954308,35793.15115064326,4145152000.0
train_tune_10d47_00185_185,TRANSFORMER,0.0151882549694649,0.3421817397882672,0.3633906147724523,20.732498168945312,40.83528518676758,-77.40335083007812,0.0017048806184902787,-4024.435523732825,0.8334285616874695,8684.069014945926,8588.838977887475,708608000.0
train_tune_10d47_00186_186,TRANSFORMER,0.0074853628152,0.3225289601925914,0.3676752402506115,74.1793212890625,229.68515014648438,-977.9749145507812,0.022789184004068375,-6910.813797674124,8.672300338745117,92193.19621697703,93185.4536604562,6217728000.0
train_tune_10d47_00187_187,TRANSFORMER,0.0007626495749858,0.3324874701049188,0.3755935150349656,79.07707214355469,255.6999053955078,-1056.720458984375,0.01862413063645363,-2440.2004953312594,7.59999942779541,65102.760397055004,64057.52489548856,6217728000.0
train_tune_10d47_00188_188,TRANSFORMER,0.0042961901505159,0.3970447114174923,0.4017058001222732,160.245361328125,474.92535400390625,-4322.0029296875,0.026124196127057076,-293421.7596345453,9.007364273071289,120414.64757221723,117748.5588356531,8290304000.0
train_tune_10d47_00189_189,TRANSFORMER,0.0010513816645383,0.3450984330534297,0.3851806546216502,78.52302551269531,179.35386657714844,-1131.41748046875,0.006878861226141453,-4656.585370159181,7.182733535766602,23810.229839499116,24536.78842221335,1679360000.0
train_tune_10d47_00190_190,TRANSFORMER,0.0009802580211153,0.3890722402501709,0.4095970322064411,66.96041870117188,172.56838989257812,-928.9490966796875,0.00806109607219696,-126164.94493036698,6.046099662780762,38084.59291075688,42077.75265799082,2715648000.0
train_tune_10d47_00191_191,TRANSFORMER,0.0128004676094404,0.3060833244614496,0.3500027932767054,84.60047912597656,160.30514526367188,-1303.0535888671875,0.005428665317595005,-3375.5429814955382,2.8601760864257812,21998.70602096253,20977.974999649898,1417216000.0
train_tune_10d47_00192_192,TRANSFORMER,0.0004488078541374,0.3480394065840381,0.3865637797294801,68.45887756347656,204.11572265625,-1181.06591796875,0.008005102165043354,-1153365.1834821645,4.2422685623168945,52936.88766038281,51415.799045823005,4145152000.0
train_tune_10d47_00193_193,TRANSFORMER,0.0114725640242693,0.3377810240270187,0.3652321190925879,58.79620361328125,167.78317260742188,-848.0923461914062,0.002082997700199485,-4210.401702586517,2.628953218460083,36275.84304545114,36346.14961767973,4145152000.0
train_tune_10d47_00194_194,TRANSFORMER,0.008240773195467,0.3478935028557559,0.3675800942112938,86.43804931640625,187.10960388183594,-1382.919189453125,0.003074906999245286,-6110297.952740047,5.113748073577881,31653.214066941506,31653.214066941506,1679360000.0
train_tune_10d47_00195_195,TRANSFORMER,0.0117103320076259,0.3377493189693235,0.3632110603994829,80.01097869873047,141.95742797851562,-1358.397705078125,0.004717599600553513,-239956.4761624166,7.3612165451049805,20860.473381723124,19923.853219088604,1417216000.0
train_tune_10d47_00196_196,TRANSFORMER,0.0007917823624075,0.3549027986922753,0.3857333999370028,79.00315856933594,255.76046752929688,-1056.0001220703125,0.018567614257335663,-2535.4166373171392,7.541316032409668,63808.56211858056,64661.12751716393,6217728000.0
train_tune_10d47_00197_197,TRANSFORMER,0.0066833505498795,0.3404658396630328,0.3897907163271802,26.663143157958984,52.356361389160156,-141.6692352294922,0.0037745481822639704,-8456.270890658581,3.214287281036377,16040.14524831332,15849.918956245881,1548288000.0
train_tune_10d47_00198_198,TRANSFORMER,0.0019936044628817,0.3533743655946484,0.3845906903053822,74.14994812011719,195.75929260253906,-1210.294189453125,0.008651122450828552,-6611.861265983833,8.613763809204102,41756.112422466846,41227.540180394055,2715648000.0
train_tune_10d47_00199_199,TRANSFORMER,0.0093390104786661,0.3546571633882135,0.4117772034022113,49.277381896972656,116.15406799316406,-621.40966796875,0.0068565187975764275,-560111.6041685361,4.6399383544921875,26752.368063844307,29184.340631435774,1810432000.0
train_tune_10d47_00200_200,TRANSFORMER,0.0256527984573207,0.3712950996254431,0.3963527560874039,52.7097282409668,144.0504150390625,-522.62353515625,0.007091851439327002,-4679.744336506751,5.113328456878662,31952.335560421656,31997.6824498405,2715648000.0
train_tune_10d47_00201_201,TRANSFORMER,0.0069079539299381,0.3346891456811974,0.3956915040067797,30.82863998413086,64.39598083496094,-185.55528259277344,0.007689879275858402,-3026086.5845479574,3.48055362701416,17223.681255027062,17180.546547147867,1548288000.0
train_tune_10d47_00202_202,TRANSFORMER,0.0049080784540385,0.3360313617085991,0.3585739866263323,93.60882568359375,299.7920837402344,-1429.06298828125,0.03539916127920151,-1717141.8432667581,9.305068969726562,82956.70874507862,85594.78532259495,6217728000.0
train_tune_10d47_00203_203,TRANSFORMER,0.0022703415966986,0.3170646565436673,0.3444925520856156,109.20869445800781,313.95556640625,-1772.146484375,0.025438718497753143,-114608.89149010403,8.339378356933594,110291.22944772635,110269.83740790555,8290304000.0
train_tune_10d47_00204_204,TRANSFORMER,0.002857106696828,0.3725553974679763,0.3976173689081542,143.70822143554688,409.97210693359375,-3205.590087890625,0.006412402726709843,-4909.431370102893,6.405250549316406,66471.46138096618,66183.83632914232,8290304000.0
train_tune_10d47_00205_205,TRANSFORMER,0.0052902280402884,0.3628753163028332,0.366228083005846,116.7280502319336,302.4190368652344,-2737.38720703125,0.01389229390770197,-231311.4580146589,12.638205528259277,64855.9880345958,64863.554403187314,3620864000.0
train_tune_10d47_00206_206,TRANSFORMER,0.0067480257935302,0.3364164159995582,0.3727800669676833,48.31375503540039,86.78126525878906,-311.08648681640625,0.004228763282299042,-5308.507568184759,5.709517955780029,13036.786981436075,12962.732143960622,1286144000.0
train_tune_10d47_00207_207,TRANSFORMER,0.0049626621871361,0.350466538636464,0.3987194630551027,38.175750732421875,74.41936492919922,-341.8293151855469,0.003129567950963974,-998297.5986841564,1.1950781345367432,19967.65380749963,21063.11666167721,1548288000.0
train_tune_10d47_00208_208,TRANSFORMER,0.005042055018493,0.3175659641391011,0.3615302983691394,58.63270950317383,176.23037719726562,-778.6036376953125,0.013364855200052261,-511414.117499622,5.9685468673706055,67457.15316430148,67457.15316430148,4145152000.0
train_tune_10d47_00209_209,TRANSFORMER,0.0035730907927204,0.3295750891777443,0.3520119337228111,67.31351470947266,190.84634399414062,-737.6429443359375,0.01919369399547577,-4718.539236014444,12.398088455200195,59055.80709062679,58502.24270293705,3620864000.0
train_tune_10d47_00210_210,TRANSFORMER,0.001905142709301,0.3723219749182664,0.4019757695271574,71.60758972167969,151.8095245361328,-1093.093994140625,0.006122565362602472,-8556.179137603787,7.330186367034912,33750.09817031553,32918.39140703291,2322432000.0
train_tune_10d47_00211_211,TRANSFORMER,0.0037201243438821,0.3330654570480355,0.3613409107105986,122.231201171875,390.4436950683594,-2204.6513671875,0.02916024625301361,-4755.632130909305,9.90093994140625,107451.83387733609,107773.37115250007,8290304000.0
train_tune_10d47_00212_212,TRANSFORMER,0.0048673273208186,0.3483684824828009,0.371503484963631,97.2724380493164,260.0718078613281,-1819.781982421875,0.0018937215209007263,-1233770.7958241377,3.1913180351257324,68162.1916372221,68163.69395410834,6217728000.0
train_tune_10d47_00213_213,TRANSFORMER,0.0234248939356684,0.369407453348448,0.4209989371136085,35.82118225097656,82.50276947021484,-320.0083923339844,0.0012315519852563739,-10557.670225517119,2.301018238067627,16989.70658429337,17079.33917870994,1810432000.0
train_tune_10d47_00214_214,TRANSFORMER,0.0041099640205832,0.3260214427643411,0.3490018063504815,135.47576904296875,433.6099548339844,-2609.6103515625,0.048421140760183334,-5149451.429519615,11.681671142578125,120184.17928817892,120184.17928817892,8290304000.0
train_tune_10d47_00215_215,TRANSFORMER,0.0067601422332431,0.3436855226441616,0.3809441269349508,64.03455352783203,99.95365142822266,-669.5875244140625,0.00144570367410779,-6285.279702348736,4.736867904663086,10200.757074115982,10125.25671266191,1286144000.0
train_tune_10d47_00216_216,TRANSFORMER,0.0180325141893748,0.2761385488632479,0.3460445525641913,27.203369140625,48.94138717651367,-159.20265197753906,0.0021031233482062817,-26575.85759120491,2.0388238430023193,8904.631965903189,8897.933005567911,643072000.0
train_tune_10d47_00217_217,TRANSFORMER,0.0076991811646888,0.3519051519287173,0.3855090877578126,92.65505981445312,188.17205810546875,-1375.84375,0.007293084170669317,-239193.58322961107,6.020601272583008,42007.74706577558,48143.36914401004,3096576000.0
train_tune_10d47_00218_218,TRANSFORMER,0.0052864731848083,0.3462001804214252,0.346533729761239,86.70082092285156,273.0752868652344,-1389.840576171875,0.0277505312114954,-7978.733603172784,9.33814811706543,89123.50575852835,88037.83614089942,6217728000.0
train_tune_10d47_00219_219,TRANSFORMER,0.0054073439959551,0.3687891891798932,0.4160599757159029,60.42362976074219,141.7028350830078,-742.6402587890625,0.0016824663616716862,-11649.344206872493,3.32413911819458,27030.32690829984,27245.87684864748,2715648000.0
train_tune_10d47_00220_220,TRANSFORMER,0.0006939141806795,0.3456359585235634,0.3805538891106705,51.68184280395508,111.90487670898438,-639.7958984375,0.0011607720516622066,-12605.172410068692,4.446823596954346,12322.1168694667,12137.36728123176,1259520000.0
train_tune_10d47_00221_221,TRANSFORMER,0.0103563418319041,0.3567254581585449,0.3799386913840141,50.56966018676758,131.98788452148438,-433.42919921875,0.01394640188664198,-327771.2155680073,5.533364295959473,39038.34416286637,39343.38387148222,2715648000.0
train_tune_10d47_00222_222,TRANSFORMER,0.0167977112927095,0.3039808260324584,0.3323759941852151,83.15767669677734,182.95272827148438,-1040.5816650390625,0.016195164993405342,-39417.80985856681,12.284446716308594,49310.537897097776,49391.28175396391,3096576000.0
train_tune_10d47_00223_223,TRANSFORMER,0.0101187795279435,0.3108107909057739,0.3549405501628624,49.75712203979492,113.05068969726562,-554.3465576171875,0.00602243235334754,-240343.8737364983,7.913400650024414,19698.26197103232,19698.33267951742,1259520000.0
train_tune_10d47_00224_224,TRANSFORMER,0.0071749763558126,0.3214510492045099,0.370315323595489,70.32974243164062,153.62733459472656,-746.628662109375,0.015481590293347836,-132708.00880077246,8.97802734375,40083.804918194735,40083.804918194735,3096576000.0
train_tune_10d47_00225_225,TRANSFORMER,0.0044103800517437,0.3565275843065091,0.376713374689977,41.15717697143555,72.89986419677734,-384.52978515625,0.0006762473494745791,-3243.251545073642,3.1511337757110596,8802.804187281741,8835.26369632083,1062912000.0
train_tune_10d47_00226_226,TRANSFORMER,0.0007356457130246,0.3874587993633317,0.4087264434835528,61.85289764404297,177.0518798828125,-914.9327392578125,0.005686888936907053,-12433.786452666796,3.623106002807617,57736.90992202238,57608.363221065774,4145152000.0
train_tune_10d47_00227_227,TRANSFORMER,0.0093390104786661,0.3651800393051794,0.4053116071576484,47.56721115112305,113.4294662475586,-574.073486328125,0.006929243914783001,-251541.96757632692,4.692154884338379,27353.895493937092,29405.52517148557,1810432000.0
train_tune_10d47_00228_228,TRANSFORMER,0.0086273906357643,0.3752501585837114,0.4170435197051764,56.45929718017578,163.7275848388672,-774.9161376953125,0.001997536513954401,-3210.6096438279724,2.4844541549682617,33434.86669633897,33222.477671217974,4145152000.0
train_tune_10d47_00229_229,TRANSFORMER,0.0103004285669958,0.3566764039742548,0.3849481769820308,46.346858978271484,106.96817779541016,-483.6053771972656,0.005443836562335491,-11744.298457648047,7.487663269042969,16268.908212237819,16064.821694911385,1259520000.0
train_tune_10d47_00230_230,TRANSFORMER,0.0090543503593722,0.3376524426710307,0.3853527266325079,30.042865753173828,56.037322998046875,-208.83607482910156,0.00095831707585603,-5835242.426115362,0.34401220083236694,14395.927514023324,14395.927514023324,1548288000.0
train_tune_10d47_00231_231,TRANSFORMER,0.0160052609401218,0.3144843465556851,0.3140358188968853,20.055681228637695,38.74261474609375,-54.61872482299805,0.003082558512687683,-574651.3862649172,1.1520589590072632,8673.367393438493,8639.564635734456,708608000.0
train_tune_10d47_00232_232,TRANSFORMER,0.0003987947536334,0.3175918548786627,0.3803681993416976,86.33879852294922,136.41786193847656,-1398.6397705078125,0.008028306066989899,-891559.6694035386,7.914435386657715,18504.188800415053,18504.188800415053,1286144000.0
train_tune_10d47_00233_233,TRANSFORMER,0.0173657625432427,0.30532120216822,0.3697926964230764,31.295265197753906,50.0959358215332,-140.525146484375,0.00273225293494761,-6346.923933303881,4.3159332275390625,8961.977411586005,8832.681649299173,964608000.0
train_tune_10d47_00234_234,TRANSFORMER,0.003102965729534,0.3328181654948753,0.3491091407250719,101.92202758789062,239.14599609375,-1858.4189453125,0.003027556696906686,-6339292.359629005,5.261173248291016,46500.05968646489,46500.05968646489,3620864000.0
train_tune_10d47_00235_235,TRANSFORMER,0.0162017183464399,0.3304308961927782,0.3456646887806351,51.29603576660156,97.42864227294922,-409.12579345703125,0.007479475811123848,-6084.305921256968,6.942383766174316,17266.95021556755,16525.081951869204,1286144000.0
train_tune_10d47_00236_236,TRANSFORMER,0.0189316593544817,0.3307796306007194,0.3596783634031328,45.41447830200195,81.71749877929688,-295.8076171875,0.005479198880493641,-7386.5233216209335,5.69836950302124,15528.831357213623,16252.414231298848,1286144000.0
train_tune_10d47_00237_237,TRANSFORMER,0.0020080422325689,0.3436438394965583,0.369874103195311,51.45478057861328,157.3333282470703,-557.1290893554688,0.01150838565081358,-9608.502919791556,5.582222938537598,62240.681772036936,61138.34490889149,4145152000.0
train_tune_10d47_00238_238,TRANSFORMER,0.0041933369483105,0.3039599567007998,0.3400202699886887,39.196449279785156,59.8838005065918,-256.4030456542969,0.0012010674690827727,-356891.57891155634,3.4437191486358643,9793.136667449638,10164.42088812365,964608000.0
train_tune_10d47_00239_239,TRANSFORMER,0.0014477773736165,0.3664326542804217,0.3913808503234471,67.70260620117188,183.28265380859375,-1106.2431640625,0.0066505251452326775,-20915.13804521917,3.938857078552246,58028.503353416614,57949.58089498122,4145152000.0
train_tune_10d47_00240_240,TRANSFORMER,0.0019627573874657,0.3496868006526434,0.3717462155049935,56.264591217041016,162.73422241210938,-564.0989990234375,0.02085200697183609,-2005576.6325236456,6.073816299438477,50524.273814963424,50545.87715538596,4145152000.0
train_tune_10d47_00241_241,TRANSFORMER,0.0062583063024954,0.3247928734968578,0.3463148034507285,49.84629821777344,103.50377655029297,-453.8288269042969,0.0019813119433820248,-3507.7673720413327,1.482553482055664,17314.826333634126,15055.946746667976,1062912000.0
train_tune_10d47_00242_242,TRANSFORMER,0.0,0.3204575078295681,0.3786084726081588,53.52141571044922,166.5170440673828,-551.616455078125,0.013213234022259712,-4254.680990127279,5.4593634605407715,45228.488683008785,45403.23386393687,4145152000.0
train_tune_10d47_00243_243,TRANSFORMER,0.0057241470820864,0.356329341837419,0.3839165365360563,40.70964813232422,87.69213104248047,-265.8582763671875,0.011996601708233356,-904500.1752772423,5.162289619445801,23919.800865112284,26469.30101748348,2322432000.0
train_tune_10d47_00244_244,TRANSFORMER,0.0009802580211153,0.3917246777334105,0.4042339375298442,73.39617156982422,187.5001220703125,-1173.978271484375,0.0072065070271492004,-240583.25979398692,5.963494300842285,41122.441602504936,42149.492298777484,2715648000.0
train_tune_10d47_00245_245,TRANSFORMER,0.0068277418665162,0.3004667129754286,0.3494597345746884,23.206640243530273,40.885189056396484,-91.22779846191406,0.0014893010957166553,-6289.695327454308,2.759594202041626,6543.695384161829,6553.993153275398,643072000.0
train_tune_10d47_00246_246,TRANSFORMER,0.0057769055631805,0.3769520088231496,0.4214748012379464,53.56063461303711,106.89493560791016,-590.309814453125,0.0014662042958661914,-4911.960888775461,2.6657180786132812,20775.119362964575,20962.31701401009,2322432000.0
train_tune_10d47_00247_247,TRANSFORMER,0.0013259128735672,0.3711935606790139,0.3945994915509748,107.95454406738281,295.5625915527344,-2261.600830078125,0.003296657931059599,-253258.07779670376,4.375896453857422,76017.37446170818,75993.76193990449,6217728000.0
train_tune_10d47_00248_248,TRANSFORMER,0.0114644342865652,0.3327148246763863,0.3574425847426583,71.04026794433594,127.82695770263672,-1093.3099365234375,0.0034115812741219997,-1250566.917642926,5.733644485473633,18588.20191627183,18619.979470147286,1417216000.0
train_tune_10d47_00249_249,TRANSFORMER,0.0125952385159092,0.3517606846693623,0.3938214546747491,56.664485931396484,156.3187255859375,-578.5230712890625,0.01857863925397396,-256600.74971304476,6.899264335632324,43627.00832279375,41043.7602735973,2715648000.0
train_tune_10d47_00250_250,TRANSFORMER,0.0068743671141319,0.2780935118854311,0.3300508232996786,30.251380920410156,49.49473571777344,-117.40962219238281,0.003559637349098921,-413715.4547130065,4.7076311111450195,10027.54972197857,10966.367993768934,964608000.0
train_tune_10d47_00251_251,TRANSFORMER,0.0029055159960261,0.2883520140521241,0.3489368608996181,34.32267761230469,69.73870086669922,-269.3296813964844,0.0011864538537338376,-3794.759424794953,0.6165573596954346,12513.622349826852,11528.048268978024,708608000.0
train_tune_10d47_00252_252,TRANSFORMER,0.0048805981186163,0.3561943384907623,0.3810428030685233,58.52589416503906,98.34950256347656,-710.2215576171875,0.0012733287876471877,-3400.739777915379,4.99272346496582,12430.821658181863,12192.17535793326,1417216000.0
train_tune_10d47_00253_253,TRANSFORMER,0.0089080367294205,0.3154818855800446,0.3580159835391719,74.39656066894531,145.26341247558594,-992.878173828125,0.004018428735435009,-3666.989089334651,2.7116811275482178,17841.432765526417,19414.82678588953,1417216000.0
train_tune_10d47_00254_254,TRANSFORMER,0.0063614559315826,0.3360955321595589,0.3940995596222422,42.900550842285156,86.33128356933594,-340.33026123046875,0.008340052329003811,-14453.127762501508,5.518031120300293,26307.451075251334,26122.887057598033,2322432000.0
train_tune_10d47_00255_255,TRANSFORMER,0.001265878614821,0.355107516976812,0.4178837708142306,65.71282958984375,176.08399963378906,-929.218017578125,0.008068962953984737,-5220.410197689507,8.059237480163574,39309.13272027023,41401.27733464975,2715648000.0
train_tune_10d47_00256_256,TRANSFORMER,0.0025800210399374,0.3383820707419152,0.374764979089605,98.13864135742188,284.68646240234375,-1387.8707275390625,0.022450946271419525,-2719.824677112836,7.959236145019531,96791.45135776265,97133.16079216731,8290304000.0
train_tune_10d47_00257_257,TRANSFORMER,0.0036577036748463,0.3316300764035158,0.3782816307085581,53.49285125732422,124.38761138916016,-639.3475341796875,0.005342401098459959,-3811.555581400653,6.002352237701416,17706.859140870096,20199.739173045506,1259520000.0
train_tune_10d47_00258_258,TRANSFORMER,0.0307417587782886,0.3709383334115571,0.4134050185187461,37.9904899597168,94.2237548828125,-378.2278137207031,0.0016728938790038228,-5218.485534138812,2.8035387992858887,15290.147238874613,15360.502306927488,1810432000.0
train_tune_10d47_00259_259,TRANSFORMER,0.0041099640205832,0.3695357558315441,0.3806903556370127,122.11449432373047,401.87774658203125,-2035.647216796875,0.05826457962393761,-563000.8907624729,11.980339050292969,112195.44639045806,116990.79258900073,8290304000.0
train_tune_10d47_00260_260,TRANSFORMER,0.0068029961393693,0.3453481127252149,0.3827932263116469,46.377784729003906,111.20274353027344,-456.9598388671875,0.00799708254635334,-1053292.476659174,7.719614028930664,20707.223755629697,20399.092447187697,1259520000.0
train_tune_10d47_00261_261,TRANSFORMER,0.0030879844930412,0.3501723964571954,0.3628437903433547,122.86442565917969,250.70858764648438,-2610.30078125,0.00991011131554842,-422695.9481956932,9.886231422424316,56640.32236930917,56640.32236930917,3096576000.0
train_tune_10d47_00262_262,TRANSFORMER,0.0023065010379254,0.3360899853771528,0.3323790453504321,105.47262573242188,304.27545166015625,-1638.4276123046875,0.024065103381872177,-4648.287956427542,8.094593048095703,105818.26785137989,105647.07657724882,8290304000.0
train_tune_10d47_00263_263,TRANSFORMER,0.0169928585186635,0.2979686852877161,0.3210002856503426,22.968542098999023,45.989585876464844,-87.87794494628906,0.0035446982365101576,-573821.4507421057,1.6806082725524902,9305.246965852848,9341.421170461796,708608000.0
train_tune_10d47_00264_264,TRANSFORMER,0.0154211317465377,0.3341803818576492,0.3894142712660786,44.238460540771484,71.34010314941406,-249.25596618652344,0.004710365552455187,-7014.026111713312,5.932915687561035,12423.86949158949,12342.888026152546,1286144000.0
train_tune_10d47_00265_265,TRANSFORMER,0.0042597368433621,0.3385067086175895,0.3633756086243225,54.04776382446289,130.5188446044922,-681.31982421875,0.006566082127392292,-4503.862700212017,7.054080963134766,21610.095377096517,22826.57858814496,1259520000.0
train_tune_10d47_00266_266,TRANSFORMER,0.0068448022908161,0.3857752608221801,0.4140287706722577,138.9733428955078,404.22100830078125,-2992.822265625,0.014177808538079262,-10588.56178177708,7.825558662414551,123556.8365461784,119055.14376530702,8290304000.0
train_tune_10d47_00267_267,TRANSFORMER,0.0036577036748463,0.372450100379838,0.402370542761047,61.42243194580078,140.2826690673828,-869.92822265625,0.004559643100947142,-11615.851527640709,5.721619606018066,20748.03790625021,22569.46467736912,1259520000.0
train_tune_10d47_00268_268,TRANSFORMER,0.0004000770518766,0.3170342575684179,0.3698821019875379,49.406978607177734,80.76161193847656,-475.7990417480469,0.0027349223382771015,-17316.74760869584,3.8722686767578125,11463.970811319043,11610.844008601684,964608000.0
train_tune_10d47_00269_269,TRANSFORMER,0.002600770856049,0.3540989302704453,0.398227192112266,72.16517639160156,172.7376708984375,-1105.8343505859375,0.00232698954641819,-19403.283650976762,4.201091766357422,30294.47449729292,30271.346410504193,2715648000.0
train_tune_10d47_00270_270,TRANSFORMER,0.0048805981186163,0.3480521083017046,0.3710362974327522,61.65898132324219,103.3770751953125,-798.1273193359375,0.0013584996340796351,-5485.105645310198,5.325309753417969,13147.493426225927,13219.446802601164,1417216000.0
train_tune_10d47_00271_271,TRANSFORMER,0.0004000770518766,0.3139768204685904,0.3517083180970805,51.63571548461914,84.16830444335938,-532.052001953125,0.002541750203818083,-122680.37804974637,3.8842833042144775,11767.692859986651,11765.578366848957,964608000.0
train_tune_10d47_00272_272,TRANSFORMER,0.0093390104786661,0.3405003078131107,0.3946562627268694,51.09763717651367,118.7890853881836,-670.7533569335938,0.006686694920063019,-998909.0199340796,4.556066989898682,29971.54163323089,29890.646272834587,1810432000.0
train_tune_10d47_00273_273,TRANSFORMER,0.001975590358729,0.3745243827969066,0.3928596339536604,97.74493408203125,230.04788208007812,-1678.499267578125,0.002689959015697241,-20358.528656805494,4.940646171569824,41337.30940627068,41873.31337262223,3620864000.0
train_tune_10d47_00274_274,TRANSFORMER,0.0050311324122608,0.3363491155554324,0.3493796421279143,38.02654266357422,107.09917449951172,-356.83990478515625,0.005565927363932133,-4549.57252021387,5.191086769104004,30740.486714612984,29824.872139807663,1810432000.0
train_tune_10d47_00275_275,TRANSFORMER,0.0039933201539585,0.3774729670519833,0.3977756311801086,140.30763244628906,376.70550537109375,-3105.67431640625,0.0036848310846835375,-13694.644510899552,4.9918012619018555,92388.93818465903,91501.40867280467,8290304000.0
train_tune_10d47_00276_276,TRANSFORMER,0.0052056563050653,0.3597086141504956,0.369302701104677,128.59567260742188,371.83013916015625,-3313.236083984375,0.018673637881875038,-10357723.4921565,7.408639907836914,93438.12170574661,93438.12170574661,6217728000.0
train_tune_10d47_00277_277,TRANSFORMER,0.0048913812927766,0.2906018292102642,0.3125547848707814,26.151914596557617,39.359886169433594,-157.01889038085938,0.00029066234128549695,-319771.5000966215,1.3778139352798462,5793.457984539587,5793.457984539587,643072000.0
train_tune_10d47_00278_278,TRANSFORMER,0.0052056563050653,0.3750651627180425,0.3726568956157942,106.55620574951172,328.12591552734375,-2157.47900390625,0.022841833531856537,-287164.09078139445,7.835935592651367,83221.47498559866,80836.05136111949,6217728000.0
train_tune_10d47_00279_279,TRANSFORMER,0.0020080422325689,0.3412148255858232,0.3760645406304949,48.17353439331055,147.77047729492188,-462.30841064453125,0.012281768955290318,-6200.709328229645,5.424239158630371,61823.72940892271,58924.63930316084,4145152000.0
train_tune_10d47_00280_280,TRANSFORMER,0.005693862767176,0.3057566890655484,0.3709965668857052,34.10759353637695,61.304962158203125,-176.71414184570312,0.0024706455878913403,-4655.650601139859,4.005147933959961,9590.986409732017,9384.363611183144,964608000.0
train_tune_10d47_00281_281,TRANSFORMER,0.0059505266840171,0.3434095683618577,0.3768233828200102,40.25119400024414,106.00523376464844,-347.6785583496094,0.012372185476124287,-532716.2268461752,5.452245235443115,25925.709902359693,26718.771672070867,1810432000.0
train_tune_10d47_00282_282,TRANSFORMER,0.0188643617200511,0.3249345860417468,0.356937902254072,67.61615753173828,152.9503936767578,-836.6822509765625,0.010736028663814068,-16031.139850353456,9.552602767944336,40771.52390966357,40827.57034529911,2322432000.0
train_tune_10d47_00283_283,TRANSFORMER,0.0010625858282331,0.3314322492246114,0.3872234162449058,41.04328918457031,92.39214324951172,-534.616943359375,0.0038252118974924088,-7064.3514408199935,4.523831844329834,16204.598535285071,14769.867563538943,839680000.0
train_tune_10d47_00284_284,TRANSFORMER,0.0020308836607648,0.3270739300129414,0.4029765069518181,52.9788818359375,142.31781005859375,-663.7626953125,0.0012567831436172128,-4345.247689204908,1.8714593648910522,35966.518450294054,36116.348460879366,4145152000.0
train_tune_10d47_00285_285,TRANSFORMER,0.0019088663988203,0.3285065183038035,0.3666054337575596,48.13726806640625,146.05697631835938,-458.046142578125,0.01211869902908802,-5904.217270211361,5.481560230255127,62925.12045643424,56499.046058934844,4145152000.0
train_tune_10d47_00286_286,TRANSFORMER,0.0068743671141319,0.2852502630437285,0.341437219807736,31.189754486083984,50.123382568359375,-126.99880981445312,0.003299655858427286,-447392.2990283741,4.433184623718262,10064.949181646278,10413.375288839263,964608000.0
train_tune_10d47_00287_287,TRANSFORMER,0.0054549471452904,0.3020862847807951,0.339591213617106,35.29058074951172,61.29401779174805,-177.3499755859375,0.00320727052167058,-773002.5573866746,4.16359281539917,11404.049667257328,11579.629866232326,964608000.0
train_tune_10d47_00288_288,TRANSFORMER,0.0036249423697556,0.3404023714798065,0.3459636142130702,104.53794860839844,330.1004943847656,-1686.3826904296875,0.04304901883006096,-6436.025737944306,12.242883682250977,118408.2668512548,132280.32168627606,8290304000.0
train_tune_10d47_00289_289,TRANSFORMER,0.0166969970580491,0.3388520713584898,0.3540094029232636,61.99053192138672,127.92340850830078,-628.466796875,0.004029196687042713,-4011.0513119467423,3.5671825408935547,20029.52386057855,21119.83773154311,1417216000.0
train_tune_10d47_00290_290,TRANSFORMER,0.0036787440364824,0.3572583900616801,0.3947468022884532,87.16181182861328,168.73353576660156,-1301.765625,0.003167450660839677,-5047.2585718494365,5.732064723968506,33478.164181602384,33441.34945488704,3096576000.0
train_tune_10d47_00291_291,TRANSFORMER,0.0023548494414131,0.3823254012558038,0.4221090477820546,100.60804748535156,291.4916687011719,-1933.5352783203125,0.013835113495588303,-6922.210911202107,6.462427139282227,86539.72729493344,82043.39302867594,6217728000.0
train_tune_10d47_00292_292,TRANSFORMER,0.0067601422332431,0.3346556355296212,0.394545693344952,72.3382339477539,108.41201782226562,-862.1812744140625,0.0016758710844442248,-326423.3942467974,5.218194007873535,13387.047471820837,13388.61701230391,1286144000.0
train_tune_10d47_00293_293,TRANSFORMER,0.0045395058950725,0.3495796924793626,0.4096465687243474,47.09980010986328,89.31392669677734,-455.41815185546875,0.0014371154829859734,-5252.208890058323,1.789778470993042,20470.45212750057,20733.505870899568,2322432000.0
train_tune_10d47_00294_294,TRANSFORMER,0.0029055159960261,0.300218148048721,0.3533331397522191,35.270816802978516,71.56173706054688,-287.94329833984375,0.0011213708203285933,-149974.26402590086,0.5244545936584473,11718.376080985749,11718.376080985749,708608000.0
train_tune_10d47_00295_295,TRANSFORMER,0.0064366578420835,0.3372581866731667,0.3696479271960431,43.23502731323242,112.18965148925781,-412.28179931640625,0.011294499039649963,-1608343.5960959184,5.137689590454102,30019.69845627145,30007.87623098696,1810432000.0
train_tune_10d47_00296_296,TRANSFORMER,0.0174687854990254,0.3070754230063742,0.3575779213477482,59.755496978759766,133.29132080078125,-640.6468505859375,0.00954594835639,-20563.031134106554,9.035097122192383,35827.53901834192,35870.64196603682,2322432000.0
train_tune_10d47_00297_297,TRANSFORMER,0.005125042227778,0.3493818638996648,0.3911738694862834,83.51842498779297,155.79922485351562,-1295.875244140625,0.0037058501038700342,-3362905.9459189204,5.246646881103516,34790.005343887235,34790.005343887235,3096576000.0
train_tune_10d47_00298_298,TRANSFORMER,0.0043183420332382,0.2693744993170062,0.2932283820627355,32.72351837158203,64.59147644042969,-261.5179443359375,0.0011807804694399238,-3726.3349475656564,0.325006902217865,9237.296203105348,9654.752489152057,708608000.0
train_tune_10d47_00299_299,TRANSFORMER,0.0019749835418038,0.3596743590614408,0.3932930751444018,103.12924194335938,215.2615203857422,-1804.5572509765625,0.011503304354846478,-5747.226481946709,9.641522407531738,43731.104179998605,45811.92755913695,3096576000.0
train_tune_10d47_00300_300,TRANSFORMER,0.0003988404084421,0.3170197916563794,0.3422365951699592,77.66059112548828,125.61973571777344,-1096.88330078125,0.008241905830800533,-12345.956879728157,7.790745258331299,15311.698053108621,17284.43251776248,1286144000.0
train_tune_10d47_00301_301,TRANSFORMER,0.0055647777094001,0.3541366597687245,0.3659613948474304,106.05841064453125,324.859619140625,-1508.6070556640625,0.04435319826006889,-547141.9682389238,10.127176284790039,112728.54308431863,110614.60941876176,8290304000.0
train_tune_10d47_00302_302,TRANSFORMER,0.0041055718475073,0.3366420710694912,0.3826114682385216,67.69933319091797,192.6864013671875,-711.9288330078125,0.014694015495479107,-2748.5639551977756,6.163224220275879,66547.10375234572,66538.2556876357,6217728000.0
train_tune_10d47_00303_303,TRANSFORMER,0.0044173334322358,0.3386928592189948,0.351898884532493,82.91036987304688,247.65682983398438,-1084.212646484375,0.028495771810412407,-1746635.239282481,8.09246826171875,78363.66238266372,80616.65100229635,6217728000.0
train_tune_10d47_00304_304,TRANSFORMER,0.0111946593787275,0.3127242012605526,0.3792895746269848,72.54999542236328,160.68753051757812,-747.046630859375,0.017236120998859406,-3820.1243171902047,11.530939102172852,41372.09159206965,43131.26487137003,3096576000.0
train_tune_10d47_00305_305,TRANSFORMER,0.0168487189794186,0.3339082596744021,0.3568620235275046,63.65287780761719,131.52830505371094,-667.2039794921875,0.003885134356096387,-4918.322220491448,3.49273419380188,20865.47608660969,21144.87918241365,1417216000.0
train_tune_10d47_00306_306,TRANSFORMER,0.0001897533206831,0.3152680997374666,0.3750491599306687,50.70146179199219,138.75588989257812,-465.20697021484375,0.011303511448204517,-748321.332623439,4.776216983795166,48872.68408911995,48872.68408911995,4145152000.0
train_tune_10d47_00307_307,TRANSFORMER,0.0030091642756587,0.2740954005099458,0.2932663979275542,22.37761878967285,33.7819709777832,-91.01860046386719,0.0007605094579048455,-381191.5720483488,1.6223411560058594,6451.8671013633075,6610.107563906485,643072000.0
train_tune_10d47_00308_308,TRANSFORMER,0.0025773111356456,0.3685927000245725,0.4130940619257917,117.53878784179688,242.01222229003906,-2313.031005859375,0.011368556879460812,-8297.615715181428,10.503692626953125,46196.39405111517,51201.51107416748,3096576000.0
train_tune_10d47_00309_309,TRANSFORMER,0.0164052143010924,0.3197011313065644,0.3466048620511299,55.92790603637695,105.01046752929688,-526.3321533203125,0.007114402949810028,-20730.914609299456,6.8590168952941895,18553.696214973108,19145.78163642747,1286144000.0
train_tune_10d47_00310_310,TRANSFORMER,0.0013138332814714,0.3868523111137614,0.4227288628604119,91.43695068359375,268.2514343261719,-1594.6536865234375,0.003388034412637353,-3162.1817950412833,4.138300895690918,44571.05769565244,44770.505614299975,6217728000.0
train_tune_10d47_00311_311,TRANSFORMER,0.0044317804670589,0.3352484649130764,0.3842231436876132,108.78863525390625,340.8854675292969,-1873.5927734375,0.043563686311244965,-8544.711567785893,11.769920349121094,129834.69573147017,121817.96331114367,8290304000.0
train_tune_10d47_00312_312,TRANSFORMER,0.0062811147256187,0.3416859466823574,0.3933369562097236,71.25390625,159.65170288085938,-760.2342529296875,0.02034504897892475,-997785.7905919699,8.558772087097168,41589.513167783734,41511.71667600702,3096576000.0
train_tune_10d47_00313_313,TRANSFORMER,0.0087721304315905,0.3275741988191788,0.3775285113950306,33.16637420654297,64.90888977050781,-211.81434631347656,0.0022219959646463394,-4188.306839259859,2.511530876159668,13459.414366979983,13443.809704442057,1062912000.0
train_tune_10d47_00314_314,TRANSFORMER,0.020189801008417,0.2820359240429094,0.3071435129534332,21.40663719177246,38.84406280517578,-85.27655792236328,0.0021846622694283724,-5452.480468159064,1.7563350200653076,8114.963353522894,7926.168783597131,643072000.0
train_tune_10d47_00315_315,TRANSFORMER,0.0307417587782886,0.3711791325912455,0.4211416617678029,40.750885009765625,98.42304229736328,-439.76690673828125,0.0016726000467315316,-9960.175809816914,2.8387911319732666,17691.591636906036,17793.51959878624,1810432000.0
train_tune_10d47_00316_316,TRANSFORMER,0.0030262385215058,0.397575491096594,0.4215504637247751,155.7872314453125,476.82763671875,-3697.767578125,0.033287182450294495,-187783.14720484053,10.416935920715332,117942.88409373086,110792.04264765065,8290304000.0
train_tune_10d47_00317_317,TRANSFORMER,0.0080348872062189,0.3417795649617748,0.3864333077040922,48.722755432128906,111.26187133789062,-532.607177734375,0.005877099931240082,-26114.0450275177,7.797752380371094,18295.831455751177,18478.915256967837,1259520000.0
train_tune_10d47_00318_318,TRANSFORMER,0.0082801280066746,0.3496702726169499,0.3830227784233536,35.34208679199219,88.10327911376953,-238.75335693359375,0.00995260663330555,-342928.8239334414,4.771815299987793,25689.922712489995,26809.442303583448,1810432000.0
train_tune_10d47_00319_319,TRANSFORMER,0.0087865243055618,0.3084335304929891,0.3447837369225973,27.009876251220703,48.13470458984375,-167.28778076171875,0.0013216899242252111,-318301.3566972762,0.9612504243850708,9187.4501785835,9767.210697503799,708608000.0
train_tune_10d47_00320_320,TRANSFORMER,0.0120032752639162,0.3579179952509601,0.3971741867922189,69.57598114013672,183.99000549316406,-717.7990112304688,0.019278589636087418,-289632.77019141265,6.710620403289795,55481.536188445585,57887.32449053058,3620864000.0
train_tune_10d47_00321_321,TRANSFORMER,0.0051275586699579,0.3791754695917047,0.4108544533345944,129.30921936035156,372.119384765625,-3400.24462890625,0.019125794991850853,-1870217.4649152467,7.4053449630737305,93290.63146695653,93386.36890960776,6217728000.0
train_tune_10d47_00322_322,TRANSFORMER,0.0043888692446703,0.3331175737497241,0.3592755419658074,61.84190368652344,175.19656372070312,-769.7652587890625,0.010856341570615768,-10639.726367279407,9.207134246826172,48134.323291127606,51206.95456873203,2715648000.0
train_tune_10d47_00323_323,TRANSFORMER,0.0005711689491789,0.3346474407508875,0.3292492370363941,33.44525909423828,78.928466796875,-325.05078125,0.003661530092358589,-583373.4007706329,5.108482360839844,14513.104671943986,14513.104671943986,839680000.0
train_tune_10d47_00324_324,TRANSFORMER,0.0004160839564961,0.3142281523484698,0.3589593802890528,75.970947265625,120.2248306274414,-988.909423828125,0.004731533117592335,-4478299.511156847,6.207010269165039,16361.623621743538,16361.623621743538,1286144000.0
train_tune_10d47_00325_325,TRANSFORMER,0.0006231435515028,0.3697318280166208,0.4002234262107931,54.146671295166016,157.44442749023438,-664.0415649414062,0.007188811898231506,-5463.463406485665,3.6803572177886963,56923.08587253857,55570.20729101145,4145152000.0
train_tune_10d47_00326_326,TRANSFORMER,0.0026201899655316,0.3729204096912129,0.4168566466525962,105.09207916259766,255.52685546875,-1949.115966796875,0.00360045675188303,-11303.28121902444,5.9468793869018555,35614.31668494678,35205.31632142968,3620864000.0
train_tune_10d47_00327_327,TRANSFORMER,0.0050307609035603,0.3658696924655636,0.3968580311262472,151.22531127929688,438.611572265625,-3679.777587890625,0.011422429233789444,-94637.15411343676,7.692553997039795,133036.89073906754,133926.20660649452,8290304000.0
train_tune_10d47_00328_328,TRANSFORMER,0.0030879844930412,0.3603333863875313,0.3900108500072218,111.18418884277344,231.6714324951172,-1969.67822265625,0.011246991343796253,-5379.054306919989,9.806953430175781,44545.363861533275,47998.31625374145,3096576000.0
train_tune_10d47_00329_329,TRANSFORMER,0.0044173334322358,0.3448431110112965,0.3710181591150041,80.29632568359375,239.41265869140625,-987.8809814453125,0.02925494685769081,-1038470.3418778895,8.225295066833496,78674.73861692542,77592.3446235495,6217728000.0
train_tune_10d47_00330_330,TRANSFORMER,0.0025800210399374,0.3056020261711842,0.3298846813187847,108.54862213134766,312.9444580078125,-1746.73193359375,0.024832580238580704,-410453.19016792026,8.235176086425781,110315.54853540089,110315.54853540089,8290304000.0
train_tune_10d47_00331_331,TRANSFORMER,0.0025727483579819,0.3663785121222847,0.4067028517328759,111.92754364013672,291.8511047363281,-2437.56591796875,0.015110612846910954,-15024.62779992304,12.652726173400879,63164.92711555471,62366.50022032955,3620864000.0
train_tune_10d47_00332_332,TRANSFORMER,0.0031953750679998,0.3840316087601562,0.4141390856147836,113.49259948730469,337.8382568359375,-2716.923583984375,0.014560121111571789,-698392.1485883617,6.649491310119629,84434.20215994719,79824.88612916149,6217728000.0
train_tune_10d47_00333_333,TRANSFORMER,0.005514531879972,0.3614075940798671,0.4028349634251701,63.08000183105469,147.51905822753906,-822.11962890625,0.0019210034515708685,-22809.894390951606,3.5400757789611816,29299.54205174804,29294.949221627157,2715648000.0
train_tune_10d47_00334_334,TRANSFORMER,0.0001897533206831,0.3329011204525579,0.3829089164211527,49.461341857910156,135.18592834472656,-435.93408203125,0.011298560537397861,-8944.455804679079,4.724070072174072,47275.726374054975,47275.18992608808,4145152000.0
train_tune_10d47_00335_335,TRANSFORMER,0.016540266667809,0.3409453737277562,0.3476560215462538,59.42715835571289,123.29378509521484,-554.8564453125,0.003977078478783369,-2959.383585075476,3.6056642532348633,19216.555580238102,20517.030857330326,1417216000.0
train_tune_10d47_00336_336,TRANSFORMER,0.000726942298955,0.374093916591397,0.4230141882289794,64.77652740478516,179.12515258789062,-1007.1209716796875,0.006856233347207308,-9571.298286622346,4.042978763580322,57399.873249398064,59416.347208517465,4145152000.0
train_tune_10d47_00337_337,TRANSFORMER,0.0097927928015229,0.3051974260065137,0.3438457483244584,33.9146728515625,66.05532836914062,-222.9488067626953,0.002307742601260543,-62689.2565321499,2.5625839233398438,14037.725565865627,14037.725565865627,1062912000.0
train_tune_10d47_00338_338,TRANSFORMER,0.0004056509072268,0.3506262410890576,0.3859119740368251,74.9815673828125,163.7165069580078,-1187.2744140625,0.002362293191254139,-10171.281583025642,6.367497444152832,14410.509445996953,14529.825289169272,1679360000.0
train_tune_10d47_00339_339,TRANSFORMER,0.0033097642026675,0.3419507912457869,0.375433513484954,36.98369598388672,105.4523696899414,-332.2522277832031,0.0059525929391384125,-4185.123558612623,5.217491626739502,27974.76379938726,29505.878389895326,1810432000.0
train_tune_10d47_00340_340,TRANSFORMER,0.0004488078541374,0.3517149157996531,0.3935872417623486,68.28509521484375,204.2621307373047,-1192.9146728515625,0.007658256217837334,-1705801.939132891,4.156744003295898,49327.89872938775,51487.56834869947,4145152000.0
train_tune_10d47_00341_341,TRANSFORMER,0.0052846731801181,0.2817476179590233,0.3064019541068868,22.748851776123047,39.23576354980469,-78.95813751220703,0.0021206431556493044,-643785.5732476488,2.791435956954956,7141.508702106052,7854.221854162854,643072000.0
train_tune_10d47_00342_342,TRANSFORMER,0.0014431942699842,0.3642295192615678,0.3994731401384344,37.58370590209961,81.05217742919922,-320.69195556640625,0.003989810589700937,-4785.477648674776,4.600781440734863,22013.382981555715,18666.397449492477,1548288000.0
train_tune_10d47_00343_343,TRANSFORMER,0.0150378009772614,0.3713754081023089,0.4129499808847435,50.696231842041016,136.79104614257812,-599.651123046875,0.0011969365878030658,-3156.9641625097397,1.7531309127807617,33935.43985863478,33808.991750322624,4145152000.0
train_tune_10d47_00344_344,TRANSFORMER,0.0035362708696811,0.3464706563080186,0.3879960087320146,71.66917419433594,122.831298828125,-1033.3648681640625,0.0013970959698781371,-5471.043118526761,7.0818562507629395,14320.31546653054,14437.195127123628,1417216000.0
train_tune_10d47_00345_345,TRANSFORMER,0.005514531879972,0.3517771661568048,0.4103604176498046,60.236541748046875,141.43771362304688,-741.5850830078125,0.001883900142274797,-10870.752755212632,3.4594106674194336,27208.259547723363,26778.55437411748,2715648000.0
train_tune_10d47_00346_346,TRANSFORMER,0.0004029459828524,0.292836836115039,0.3465146651926981,49.23868942260742,80.17171478271484,-474.890625,0.002436018083244562,-22440.049883008713,3.8583168983459473,11407.841301685727,11365.875348672807,964608000.0
train_tune_10d47_00347_347,TRANSFORMER,0.0004849557371539,0.3575271749949729,0.3991904487146998,45.10579299926758,118.22048950195312,-544.8984375,0.004432193003594875,-6387.050523793775,4.8841962814331055,28084.522902989665,27593.12701943556,1810432000.0
train_tune_10d47_00348_348,TRANSFORMER,0.0207457280728417,0.3201233938169098,0.3934889754767803,38.343997955322266,100.67337799072266,-322.2942199707031,0.004872290883213282,-176306.03248314577,4.026934623718262,26553.117501555935,26558.251498669648,1810432000.0
train_tune_10d47_00349_349,TRANSFORMER,0.0041099640205832,0.3494056262623843,0.3648042157703178,117.7786636352539,391.67291259765625,-1909.969482421875,0.060519807040691376,-456856.65954182594,11.679437637329102,119450.20445395079,111955.86466438201,8290304000.0
train_tune_10d47_00350_350,TRANSFORMER,0.0077068066847912,0.3458418239543278,0.3946130498127901,30.245094299316406,61.54356002807617,-214.60752868652344,0.0007593159680254757,-5906.3663732495015,0.8892291784286499,12835.365358278455,12589.340118055476,1548288000.0
train_tune_10d47_00351_351,TRANSFORMER,0.0074148519763,0.316893317579122,0.3615400690493599,56.756507873535156,131.94302368164062,-540.909912109375,0.009166507981717587,-2900735.4626145866,9.20485782623291,26320.36952995394,26303.105651563477,1679360000.0
train_tune_10d47_00352_352,TRANSFORMER,0.0117247880068258,0.3229065191232653,0.3460218021682695,67.05140686035156,125.76385498046875,-885.707763671875,0.004990807268768549,-88820.22260531559,6.882918357849121,19431.17669794136,19606.430541734942,1417216000.0
train_tune_10d47_00353_353,TRANSFORMER,0.0017671666234719,0.3469653174193629,0.3811658897251081,36.200138092041016,100.14730834960938,-303.92919921875,0.004570117220282555,-7009.557092365184,4.98612117767334,30623.66567675216,31415.20886867102,1810432000.0
train_tune_10d47_00354_354,TRANSFORMER,0.0057241470820864,0.3551682164983891,0.3735897535367685,42.127418518066406,90.38362884521484,-301.69049072265625,0.0121893510222435,-841693.4127050448,5.261391639709473,26106.874105564457,27027.088922652514,2322432000.0
train_tune_10d47_00355_355,TRANSFORMER,0.0028022541072135,0.3901243294600226,0.3862521897985688,112.11358642578125,333.13299560546875,-2623.79150390625,0.014211602509021759,-703935.7801440775,6.302740573883057,82048.38062339449,83516.456614158,6217728000.0
train_tune_10d47_00356_356,TRANSFORMER,0.0120375967364392,0.30799880872657,0.377776084968058,47.18640899658203,75.85558319091797,-288.6157531738281,0.005201663356274366,-18298.137264568097,6.301970481872559,13327.639575883035,13334.68870071552,1286144000.0
train_tune_10d47_00357_357,TRANSFORMER,0.0046358088900385,0.3410081609124036,0.363695811566338,117.35249328613281,380.2284240722656,-2078.039794921875,0.04976363107562065,-5906.707420761197,12.666351318359375,120628.62611849123,122380.7034764458,8290304000.0
train_tune_10d47_00358_358,TRANSFORMER,0.0007397747346221,0.3325225520157868,0.3848798821863745,83.6718521118164,266.5265808105469,-1186.8726806640625,0.019233817234635353,-3362.24615191644,7.705310344696045,72397.51300265585,72826.30424925212,6217728000.0
train_tune_10d47_00359_359,TRANSFORMER,0.0043209089147021,0.3899355902022572,0.4101218784796144,85.20773315429688,231.47811889648438,-1357.89599609375,0.0017877318896353245,-3984.6352196804496,2.871143341064453,53467.19668685494,53683.91151872737,6217728000.0
train_tune_10d47_00360_360,TRANSFORMER,0.0039909836355007,0.3556983737709297,0.3628572888470839,80.20932006835938,240.1344757080078,-985.378173828125,0.03053111769258976,-1180312.1038243754,8.410581588745117,78805.87890094046,78843.95556148436,6217728000.0
train_tune_10d47_00361_361,TRANSFORMER,0.0051496460865743,0.3494167043900176,0.3590578196054835,82.1932373046875,235.294921875,-1139.1552734375,0.021500451490283012,-5690.208966097448,13.402897834777832,58908.45549833739,56952.242757112814,3620864000.0
train_tune_10d47_00362_362,TRANSFORMER,0.0010632990582015,0.3790367918099505,0.4184769942789575,111.733154296875,284.46624755859375,-2413.43994140625,0.011264383792877197,-259377.419825177,7.911928176879883,55848.71584936092,58020.1707213489,3620864000.0
train_tune_10d47_00363_363,TRANSFORMER,0.0038397796588712,0.332487332035181,0.3407854840014859,63.52713394165039,97.55176544189453,-603.1043090820312,0.0025806024204939604,-209870.83990450553,5.723880767822266,15237.1173172002,15455.875171446962,1286144000.0
train_tune_10d47_00364_364,TRANSFORMER,0.0,0.3048988585780145,0.3704098101668551,57.40708923339844,175.36074829101562,-649.286376953125,0.013223419897258282,-93834.19289113526,5.572704315185547,51951.212720270654,51953.84840068904,4145152000.0
train_tune_10d47_00365_365,TRANSFORMER,0.0011425103093703,0.3802702294127286,0.4253792050077967,101.12637329101562,290.400634765625,-1935.8106689453125,0.01293257623910904,-6001.478511488609,6.4364333152771,82241.19247995269,84253.45178740236,6217728000.0
train_tune_10d47_00366_366,TRANSFORMER,0.0,0.310740225906448,0.3657181210195103,57.37468719482422,175.32937622070312,-648.306396484375,0.0133369704708457,-113249.27152371459,5.596959114074707,51954.1494346282,51954.1494346282,4145152000.0
train_tune_10d47_00367_367,TRANSFORMER,0.0039909836355007,0.3604985948770556,0.3689066343303972,77.56788635253906,233.46066284179688,-897.6223754882812,0.03250656649470329,-923317.3019617891,8.641425132751465,75910.20122448269,77136.44465984522,6217728000.0
train_tune_10d47_00368_368,TRANSFORMER,0.009582171131179,0.33621344708749,0.3780141405466092,64.91590881347656,134.81182861328125,-740.9948120117188,0.001655736705288291,-14116.234113975102,4.6817626953125,15929.894015197306,16171.921474437511,1679360000.0
train_tune_10d47_00369_369,TRANSFORMER,0.0194902946552687,0.3235923393837065,0.3830048459814985,37.486228942871094,98.77864837646484,-306.361572265625,0.004714477341622114,-13547.08068311285,3.9623475074768066,25029.876926987105,25186.853937239557,1810432000.0
train_tune_10d47_00370_370,TRANSFORMER,0.0089873163267025,0.3313444943364132,0.3954099195395191,49.062774658203125,115.94353485107422,-618.0443115234375,0.006817134562879801,-480705.672565685,4.488724708557129,27730.13910909815,27967.14639031631,1810432000.0
train_tune_10d47_00371_371,TRANSFORMER,0.0188947948110642,0.3553818816882817,0.3891411310250741,46.19797897338867,115.84219360351562,-386.21429443359375,0.007487285882234573,-8451.919458382665,4.320648193359375,34955.83830347821,34771.918304729836,2715648000.0
train_tune_10d47_00372_372,TRANSFORMER,0.0068448022908161,0.366786645350528,0.3897706841264682,150.82293701171875,436.3018798828125,-3628.7431640625,0.011354565620422363,-6352633.549744574,7.567408561706543,133431.17752336743,133431.17752336743,8290304000.0
train_tune_10d47_00373_373,TRANSFORMER,0.0045741640481125,0.3320663585358549,0.3661572717570205,93.6671142578125,299.9002685546875,-1427.82861328125,0.03599851578474045,-1646785.390260289,9.42795181274414,82972.63066631471,85597.26196833538,6217728000.0
train_tune_10d47_00374_374,TRANSFORMER,0.0045103121373498,0.3627161361515695,0.3856102111507043,38.131309509277344,63.712425231933594,-331.6651306152344,0.0008539507398381829,-6850.834106307435,2.345150947570801,9334.780170753302,9530.7196790005,1062912000.0
train_tune_10d47_00375_375,TRANSFORMER,0.0026201899655316,0.3739147079303292,0.4124317796421369,109.74526977539062,263.07342529296875,-2121.94140625,0.003715405473485589,-21973.55535278458,6.079510688781738,41760.952477152685,41902.73811296665,3620864000.0
train_tune_10d47_00376_376,TRANSFORMER,0.0166969970580491,0.3388520713584898,0.3540094029232636,61.99053192138672,127.92340850830078,-628.466796875,0.004029196687042713,-4011.0513119467423,3.5671825408935547,20029.52386057855,21119.83773154311,1417216000.0
train_tune_10d47_00377_377,TRANSFORMER,0.0014509297497895,0.3800471536150951,0.43654756889759,96.24931335449219,279.7330017089844,-1786.464599609375,0.00960150733590126,-10054.202325273744,5.727621078491211,86940.07899043075,85643.51911223785,6217728000.0
train_tune_10d47_00378_378,TRANSFORMER,0.0021173264124514,0.3292958789704407,0.3491366632581513,46.77460479736328,142.16253662109375,-430.2716064453125,0.011904852464795113,-5799.219141212097,5.3880295753479,54847.36776311527,61202.52961562564,4145152000.0
train_tune_10d47_00379_379,TRANSFORMER,0.006671204546225,0.4016077220923837,0.4422720306385415,65.90768432617188,199.58444213867188,-1060.5947265625,0.013009446673095226,-573950.1310372117,5.090996742248535,50325.13159788759,50609.19047608521,4145152000.0
train_tune_10d47_00380_380,TRANSFORMER,0.0114681831524328,0.357897832101219,0.3904879567452824,56.97144317626953,156.96046447753906,-585.5730590820312,0.018663950264453888,-221292.66977940718,6.902652740478516,43620.65196726763,41046.31174144755,2715648000.0
train_tune_10d47_00381_381,TRANSFORMER,0.0166399580216921,0.3566675047191491,0.3796769231283095,75.27933502197266,206.77940368652344,-941.4940185546875,0.011767692863941193,-5722.471792368174,6.473038673400879,44534.12578799063,44681.2349459157,3620864000.0
train_tune_10d47_00382_382,TRANSFORMER,0.0023065010379254,0.3453256298276013,0.3485019821403511,94.78627014160156,275.54290771484375,-1279.057861328125,0.021176457405090332,-2251.79605354224,7.832184791564941,91900.65642001011,92131.64666785719,8290304000.0
train_tune_10d47_00383_383,TRANSFORMER,0.0084684754059511,0.340766700787212,0.3642575225000798,65.20954895019531,124.07316589355469,-953.2291870117188,0.002296220976859331,-23793.6778547759,0.6007842421531677,17302.742342047615,17266.256929281237,1062912000.0
train_tune_10d47_00384_384,TRANSFORMER,0.0011425103093703,0.378678147379917,0.4068619691824992,105.86912536621094,300.0155334472656,-2178.03466796875,0.012155021540820599,-10199.738804318087,6.3863205909729,83838.1067444597,81807.74664678948,6217728000.0
train_tune_10d47_00385_385,TRANSFORMER,0.008240773195467,0.3403782004811191,0.3698289042702862,83.36685943603516,181.80018615722656,-1293.9337158203125,0.0033177384175360203,-534377.2117629207,5.500184059143066,28922.401077378054,26431.187848754416,1679360000.0
train_tune_10d47_00386_386,TRANSFORMER,0.003102965729534,0.339075695075871,0.4050242296290452,92.60870361328125,218.84918212890625,-1503.59033203125,0.0027461829595267773,-11118.126843057045,4.9312424659729,38234.133796604394,38424.760294518455,3620864000.0
train_tune_10d47_00387_387,TRANSFORMER,0.0023065010379254,0.3391302808388484,0.3472161617023715,105.43618774414062,304.1356201171875,-1634.975830078125,0.02392202988266945,-4848.507760575715,8.12631893157959,105273.99737394069,105434.83894586332,8290304000.0
train_tune_10d47_00388_388,TRANSFORMER,0.0068928713139582,0.3339889618819794,0.3722967475088776,55.68272018432617,121.04154968261719,-456.76214599609375,0.02122882381081581,-556575.6900250043,7.473102569580078,41589.22019750011,38531.348854149015,3096576000.0
train_tune_10d47_00389_389,TRANSFORMER,0.0027046372358459,0.3858162940124403,0.4235209456458356,96.53009796142578,227.47149658203125,-1642.2236328125,0.00283502833917737,-23730.668370967,4.968544006347656,41672.35361852112,42148.90927910111,3620864000.0
train_tune_10d47_00390_390,TRANSFORMER,0.0004488078541374,0.3480394065840381,0.3865637797294801,68.45887756347656,204.11572265625,-1181.06591796875,0.008005102165043354,-1153365.1834821645,4.2422685623168945,52936.88766038281,51415.799045823005,4145152000.0
train_tune_10d47_00391_391,TRANSFORMER,0.0031953750679998,0.3775553082271113,0.3931506415349959,118.89094543457031,350.51910400390625,-3065.35400390625,0.01464775763452053,-2827616.814297895,6.570924758911133,84559.63774241466,84472.47484614885,6217728000.0
train_tune_10d47_00392_392,TRANSFORMER,0.0034403004834044,0.3347758597548258,0.3733882182423576,85.87760925292969,270.81768798828125,-1380.14990234375,0.02819928154349327,-7496.692579463781,9.41420841217041,100623.98003783722,92609.46309551974,6217728000.0
train_tune_10d47_00393_393,TRANSFORMER,0.0150378009772614,0.3689135257236687,0.3963980456896047,54.94980239868164,146.995361328125,-721.7283935546875,0.0011329258559271693,-7663.387099716702,1.757980227470398,38154.5541922708,38286.25478865846,4145152000.0
train_tune_10d47_00394_394,TRANSFORMER,0.005514531879972,0.3517771661568048,0.4103604176498046,60.236541748046875,141.43771362304688,-741.5850830078125,0.001883900142274797,-10870.752755212632,3.4594106674194336,27208.259547723363,26778.55437411748,2715648000.0
train_tune_10d47_00395_395,TRANSFORMER,0.0004488078541374,0.3589764044028521,0.39506574416049,65.5116195678711,197.96588134765625,-1083.0301513671875,0.008349359035491943,-1041735.2580262156,4.219182968139648,48740.83636769426,50296.65163729834,4145152000.0
train_tune_10d47_00396_396,TRANSFORMER,0.0022603789946714,0.3688432003237027,0.3774840197595632,76.54537963867188,200.2642364501953,-1344.8602294921875,0.005956885404884815,-160716.47314434085,8.06811237335205,46185.322999218304,46267.56589437008,2715648000.0
train_tune_10d47_00397_397,TRANSFORMER,0.0027499857455184,0.3584279586812902,0.3999703721409633,105.77529907226562,256.0666809082031,-1952.048828125,0.003346197074279189,-10518.538857603266,5.83465576171875,35475.422383251804,35656.88606683435,3620864000.0
train_tune_10d47_00398_398,TRANSFORMER,0.0035165113980206,0.3178723724937627,0.3467908231391475,25.956222534179688,45.22880554199219,-180.10086059570312,0.0006088758236728609,-206103.99076851475,1.069765329360962,7159.700624263781,7159.700624263781,708608000.0
train_tune_10d47_00399_399,TRANSFORMER,0.0063225390653686,0.3467361133020203,0.3773988576255596,58.092987060546875,125.8942642211914,-794.049560546875,0.0021369648166000843,-1080725.332435284,4.036075592041016,22228.754040721695,22951.26354818731,1259520000.0
train_tune_10d47_00400_400,TRANSFORMER,0.0051578176402382,0.3333713385788056,0.3688561883046069,105.3000259399414,328.28082275390625,-1718.48583984375,0.046356819570064545,-5603.131720777423,11.732229232788086,126142.93303654813,117618.74352900354,8290304000.0
train_tune_10d47_00401_401,TRANSFORMER,0.0023863869570787,0.338827930060978,0.3601152306844696,26.459997177124023,53.24317169189453,-196.7244110107422,0.0006271174061112106,-16471.715109110595,2.6642098426818848,7870.97148254609,8016.11028828712,839680000.0
train_tune_10d47_00402_402,TRANSFORMER,0.0039933201539585,0.3740702787365522,0.3948473447181392,140.306884765625,376.71881103515625,-3107.314453125,0.003715297905728221,-13353.689814292899,5.011826515197754,91609.71237084767,91102.03124857666,8290304000.0
train_tune_10d47_00403_403,TRANSFORMER,0.0179117511861048,0.341320005238174,0.3850094037031983,47.32603073120117,118.7834701538086,-409.5192565917969,0.007876791059970856,-14976.470563303868,4.366367340087891,36479.73714553156,36501.68904909305,2715648000.0
train_tune_10d47_00404_404,TRANSFORMER,0.0094188658013788,0.3215212635406828,0.3568542453014226,51.023380279541016,88.00418090820312,-326.90643310546875,0.004924985580146313,-3320516.951377421,6.03254508972168,16442.553000045926,16442.553000045926,1286144000.0
train_tune_10d47_00405_405,TRANSFORMER,0.0084705838751727,0.3196708416669513,0.3800651013408662,58.71072769165039,115.07131958007812,-765.316650390625,0.0016301136929541826,-97342.36927713733,0.7128022313117981,15207.529998747705,15232.542522943833,1062912000.0
train_tune_10d47_00406_406,TRANSFORMER,0.01417364728882,0.2878555775013861,0.2979419598493895,22.166351318359375,41.34014129638672,-95.37201690673828,0.001497655175626278,-222500.38590909188,0.6238605976104736,8049.738939826538,8315.818118201441,708608000.0
train_tune_10d47_00407_407,TRANSFORMER,0.0058038031351491,0.3220850875585284,0.3550192272551676,79.52415466308594,190.9114990234375,-1232.170166015625,0.007738958112895489,-8150.413344201156,8.512948036193848,28927.468489954063,30453.54576306218,1679360000.0
train_tune_10d47_00408_408,TRANSFORMER,0.0093469212974108,0.3451734619310149,0.4139497226046749,29.071044921875,54.258697509765625,-193.20895385742188,0.0009328946471214294,-17165.48628250292,0.3435044288635254,13575.81411823674,13520.655209837427,1548288000.0
train_tune_10d47_00409_409,TRANSFORMER,0.0080348872062189,0.3417795649617748,0.3864333077040922,48.722755432128906,111.26187133789062,-532.607177734375,0.005877099931240082,-26114.0450275177,7.797752380371094,18295.831455751177,18478.915256967837,1259520000.0
train_tune_10d47_00410_410,TRANSFORMER,0.0025773111356456,0.367480795581842,0.4167943778736949,111.55209350585938,233.64698791503906,-2012.5447998046875,0.011399415321648121,-4990.814063024016,10.361499786376953,41865.17944340679,45422.109035857386,3096576000.0
train_tune_10d47_00411_411,TRANSFORMER,0.0086706860561963,0.3333874782436867,0.3528115761460441,64.3828353881836,136.08688354492188,-647.9932250976562,0.004686054773628712,-2498.838213937448,3.267526865005493,19466.827197304512,21263.735081347077,1417216000.0
train_tune_10d47_00412_412,TRANSFORMER,0.0011425103093703,0.378678147379917,0.4068619691824992,105.86912536621094,300.0155334472656,-2178.03466796875,0.012155021540820599,-10199.738804318087,6.3863205909729,83838.1067444597,81807.74664678948,6217728000.0
train_tune_10d47_00413_413,TRANSFORMER,0.0057792724241097,0.3203667868186636,0.3655363986255814,27.2127628326416,60.823509216308594,-169.99525451660156,0.0032619419507682323,-2104254.5675855363,5.153387546539307,12192.54850466304,12299.676123422181,839680000.0
train_tune_10d47_00414_414,TRANSFORMER,0.0002312406058503,0.3481096033693913,0.3932084998561506,47.001243591308594,128.4296417236328,-381.4213562011719,0.011072824709117413,-4207.434525667784,4.575089931488037,44175.67514376705,44100.81592133039,4145152000.0
train_tune_10d47_00415_415,TRANSFORMER,0.0023725112709369,0.3081025116038084,0.3609339423287178,32.24457550048828,72.47030639648438,-283.764892578125,0.0031368094496428967,-279108.4205988261,5.454602241516113,12783.166002569926,12783.166002569926,839680000.0
train_tune_10d47_00416_416,TRANSFORMER,0.0028240838168535,0.3257052793587803,0.368806156133719,36.789241790771484,85.98603820800781,-411.9891357421875,0.004003620240837336,-8300.59283777286,5.064509868621826,15871.974087334343,15312.721845271719,839680000.0
train_tune_10d47_00417_417,TRANSFORMER,0.0187389332222388,0.3229784556857143,0.3882744375825169,67.50484466552734,139.88259887695312,-804.2095947265625,0.001704724389128387,-23155.416899398417,4.703881740570068,17631.888549113108,17412.93734178539,1679360000.0
train_tune_10d47_00418_418,TRANSFORMER,0.0013246657672022,0.3217681372312519,0.3539909803975362,43.257869720458984,93.17411041259766,-446.8680419921875,0.004177049268037081,-6302.414280375148,4.8095502853393555,21860.124136379043,21369.432859278266,1548288000.0
train_tune_10d47_00419_419,TRANSFORMER,0.0004849557371539,0.3553815150803368,0.4041827223459727,47.53337478637695,121.59530639648438,-604.5518798828125,0.003772114869207144,-7876.245729418496,4.938412666320801,29504.90363636171,30843.49394703241,1810432000.0
train_tune_10d47_00420_420,TRANSFORMER,0.0022703415966986,0.3299696791624439,0.3450184068893763,105.72267150878906,304.47845458984375,-1644.1826171875,0.024462081491947174,-4278.802915764608,8.22723388671875,105856.35079773435,105762.51816781003,8290304000.0
train_tune_10d47_00421_421,TRANSFORMER,0.0067052130167413,0.3009900745453104,0.3392256325424746,23.756921768188477,41.603660583496094,-96.76309204101562,0.001542569138109684,-8228.868389249361,2.8630309104919434,6794.18294958042,6707.764228457143,643072000.0
train_tune_10d47_00422_422,TRANSFORMER,0.0028750246929658,0.3273405902954668,0.3772927924249849,96.44510650634766,240.42092895507812,-1636.3818359375,0.0034793333616107702,-5923.682887758461,5.730806827545166,28900.79922460983,28511.78441272806,3620864000.0
train_tune_10d47_00423_423,TRANSFORMER,0.0186992130994857,0.3234231546296731,0.3645682974932825,82.33846282958984,191.724853515625,-1005.822509765625,0.01841319352388382,-4123.742407498802,12.057743072509766,45333.40646782005,45115.49535564418,3096576000.0
train_tune_10d47_00424_424,TRANSFORMER,0.0005445493206098,0.3063668163356276,0.3500277697014566,33.30828857421875,78.73990631103516,-322.1697082519531,0.0035855311434715986,-45212.6678571676,5.039298057556152,14511.460879314358,14530.4910788648,839680000.0
train_tune_10d47_00425_425,TRANSFORMER,0.0037201243438821,0.3518199297664351,0.3677682835909601,118.57176208496094,382.1003112792969,-2068.475341796875,0.028327029198408127,-3163.4893368491203,9.824432373046875,99008.4882099625,99098.54329477197,8290304000.0
train_tune_10d47_00426_426,TRANSFORMER,0.0043220952061377,0.3460519326432212,0.3619522779248358,114.73542785644531,372.99285888671875,-1937.47607421875,0.028149018064141273,-2546.4467136824474,9.841662406921387,92213.70195419682,91537.30256793341,8290304000.0
train_tune_10d47_00427_427,TRANSFORMER,0.0056736251110239,0.3208920439046311,0.3539472232726023,32.393280029296875,74.62051391601562,-275.7138366699219,0.0036915293894708157,-4432913.921350017,5.502834796905518,13422.381042848583,13418.892356838656,839680000.0
train_tune_10d47_00428_428,TRANSFORMER,0.0036249423697556,0.3430345991893483,0.3599938050433107,99.54524230957031,312.1856384277344,-1493.21923828125,0.04423235356807709,-5058.348684051967,11.930521011352539,126370.02710566421,123793.92509704463,8290304000.0
train_tune_10d47_00429_429,TRANSFORMER,0.0101143897217954,0.3191756575948775,0.339559233231529,50.812835693359375,120.47628021240234,-588.6549072265625,0.005264535546302795,-29669.225458143825,6.701116561889648,22172.099596567274,22200.46640998854,1259520000.0
train_tune_10d47_00430_430,TRANSFORMER,0.0068449919479374,0.3156209639024331,0.3644258606986038,34.218170166015625,75.00936889648438,-236.23870849609375,0.008172880858182907,-2349453.696779459,4.175281524658203,18735.64065963545,18709.659333228505,1548288000.0
train_tune_10d47_00431_431,TRANSFORMER,0.0097291577932113,0.3689175394158782,0.4265706794746051,45.51319122314453,112.33585357666016,-529.2078247070312,0.007389343809336424,-205213.95382383055,4.866290092468262,27434.61070300871,27609.388123986366,1810432000.0
train_tune_10d47_00432_432,TRANSFORMER,0.0188947948110642,0.3540679782468517,0.3939893003058685,46.236778259277344,115.97162628173828,-384.2117614746094,0.007519131526350975,-7975.267342191071,4.314615249633789,35081.53029979386,35025.73015526079,2715648000.0
train_tune_10d47_00433_433,TRANSFORMER,0.0035881386993042,0.3178773841607653,0.3654929595782926,41.3240966796875,94.70807647705078,-389.775146484375,0.006078658625483513,-6426.029695513352,6.17104434967041,24760.75013772458,23394.801525073795,1548288000.0
train_tune_10d47_00434_434,TRANSFORMER,0.0011873250125395,0.3296325258841107,0.3670439746893988,92.71685791015625,211.7262725830078,-1679.218017578125,0.00583831500262022,-83104.71566741563,6.922743797302246,30404.237951337735,30387.787390666395,1679360000.0
train_tune_10d47_00435_435,TRANSFORMER,0.0047850890075262,0.3462188413173932,0.3502861607558196,88.03524780273438,250.4923553466797,-1336.5172119140625,0.022061340510845184,-11196.435438138473,13.984183311462402,71645.93799810615,66839.08209564461,3620864000.0
train_tune_10d47_00436_436,TRANSFORMER,0.0001897533206831,0.3390781453804411,0.4027271227413185,45.69519805908203,124.8039321899414,-354.1719665527344,0.01124738622456789,-3853.1458124384394,4.549903869628906,42467.74903705801,42685.534847048904,4145152000.0
train_tune_10d47_00437_437,TRANSFORMER,0.0068448022908161,0.3876754004210182,0.4192591317462827,127.15338134765625,374.276123046875,-2394.6708984375,0.01665840670466423,-6108.749180522146,8.238120079040527,109073.40979870921,119145.43299165167,8290304000.0
train_tune_10d47_00438_438,TRANSFORMER,0.0,0.3358181240675555,0.3874652244267049,54.71949005126953,169.24549865722656,-580.648193359375,0.013250176794826984,-5160.2077371255455,5.491663932800293,47338.88979318534,47121.659642846644,4145152000.0
train_tune_10d47_00439_439,TRANSFORMER,0.0021269053527118,0.336729107691009,0.3667397452273334,72.50035095214844,205.17825317382812,-840.56201171875,0.015360035002231598,-3299.5114803787365,6.374593734741211,72078.21446759738,72198.27412226879,6217728000.0
train_tune_10d47_00440_440,TRANSFORMER,0.0125952385159092,0.3311082890809519,0.3783779968649874,60.87867736816406,163.78944396972656,-678.578857421875,0.017466088756918907,-527482.5795686445,6.5702409744262695,44857.69083238552,44718.63168290653,2715648000.0
train_tune_10d47_00441_441,TRANSFORMER,0.0035881386993042,0.3251455944494437,0.3652360520097514,42.74553680419922,96.55503845214844,-422.4540710449219,0.0059747155755758286,-8029.663223471663,6.240429401397705,25341.713149145016,25231.2357357015,1548288000.0
train_tune_10d47_00442_442,TRANSFORMER,0.0030887614854551,0.375130351766849,0.412312545805966,146.92066955566406,423.15557861328125,-3391.495849609375,0.021798234432935715,-6751.574854734447,9.080625534057617,111544.4794847805,105437.3033484682,8290304000.0
train_tune_10d47_00443_443,TRANSFORMER,0.005693862767176,0.3131415112331721,0.366271020319256,36.111820220947266,64.00326538085938,-200.91473388671875,0.002705679275095463,-8418.926926111852,4.289675712585449,10405.964502337412,10241.666277745753,964608000.0
train_tune_10d47_00444_444,TRANSFORMER,0.01228332187129,0.3430728116282024,0.3883528502984479,50.64387130737305,130.06399536132812,-422.9681396484375,0.014902198687195778,-346975.2889256111,5.78945255279541,39587.78809985197,39509.7543787173,2715648000.0
train_tune_10d47_00445_445,TRANSFORMER,0.0054562461557668,0.2738639497983644,0.3533363980365801,32.22810363769531,71.28941345214844,-319.3389587402344,0.0017734807915985584,-598507.0561703823,3.3466358184814453,13779.276199504959,12953.063844708933,839680000.0
train_tune_10d47_00446_446,TRANSFORMER,0.0042961901505159,0.383163047502388,0.3982684643961316,177.1979217529297,517.3450927734375,-5621.853515625,0.02535601332783699,-1466162.9754620297,9.200946807861328,122433.35551670434,122260.55357423621,8290304000.0
train_tune_10d47_00447_447,TRANSFORMER,0.0066269959303825,0.3452385527345857,0.3952869941079955,30.36752700805664,66.65248107910156,-193.09512329101562,0.004465538542717695,-7462.277527407575,3.7741401195526123,16479.577224889672,16634.601989932635,1548288000.0
train_tune_10d47_00448_448,TRANSFORMER,0.0039933201539585,0.3887915106975058,0.3990219950646039,134.4299774169922,362.98370361328125,-2827.946044921875,0.0035320569295436144,-6880.786084492318,4.8494367599487305,84141.77364659205,84223.20851973214,8290304000.0
train_tune_10d47_00449_449,TRANSFORMER,0.0073919955137826,0.3087152391208644,0.3531542614602391,43.19242858886719,70.803955078125,-221.54620361328125,0.00547145027667284,-315345.64993464126,6.091017723083496,14167.833196031439,14396.554496720279,1286144000.0
train_tune_10d47_00450_450,TRANSFORMER,0.0037596056666417,0.3614704657320057,0.3911286977945697,39.550994873046875,85.07591247558594,-321.80059814453125,0.004320027306675911,-19303.47680834831,6.933197021484375,16490.16386984357,16458.72431208854,1259520000.0
train_tune_10d47_00451_451,TRANSFORMER,0.0044173334322358,0.3495884216513744,0.3729614001611607,77.6921157836914,233.7449493408203,-902.9946899414062,0.032484617084264755,-969074.2811263928,8.598936080932617,75907.41582170052,77126.95307765149,6217728000.0
train_tune_10d47_00452_452,TRANSFORMER,0.0013220518244315,0.3931919544656408,0.4194007137153989,100.39620971679688,289.2244873046875,-1926.5718994140625,0.01357268076390028,-6197.368091264824,6.35231351852417,84927.1544842302,82554.43748733912,6217728000.0
train_tune_10d47_00453_453,TRANSFORMER,0.0052229024923755,0.3359179280195689,0.3748250652275264,73.71389770507812,231.2606964111328,-977.2533569335938,0.024970360100269318,-5797.965694718348,8.587587356567383,93317.55755583761,94012.01534303429,6217728000.0
train_tune_10d47_00454_454,TRANSFORMER,0.0002371916508538,0.3149432549286939,0.3874036301490728,45.79115676879883,125.1083755493164,-356.6892395019531,0.011198006570339203,-3612.7897159457775,4.566743850708008,42512.125382435865,42521.978193105875,4145152000.0
train_tune_10d47_00455_455,TRANSFORMER,0.0041055718475073,0.3046624719760539,0.3560913122394215,76.70367431640625,217.2944793701172,-959.28076171875,0.015887120738625526,-245725.6738525258,6.478790760040283,77873.80757109736,77878.95700431649,6217728000.0
train_tune_10d47_00456_456,TRANSFORMER,0.0234248939356684,0.3681642290051085,0.4072278857409294,33.06816101074219,76.6393051147461,-264.8719482421875,0.001244714600034058,-5609.997700148279,2.249866247177124,14770.736793465545,14976.208651862005,1810432000.0
train_tune_10d47_00457_457,TRANSFORMER,0.0050307609035603,0.3695676391215539,0.4199208785006575,132.9633026123047,387.0210876464844,-2771.3984375,0.016638820990920067,-6800.746208842553,7.925253868103027,121235.03580376238,111600.96402658767,8290304000.0
train_tune_10d47_00458_458,TRANSFORMER,0.0032837502163409,0.3716830182162225,0.3711627046999813,187.96728515625,541.4781494140625,-5646.2841796875,0.028723374009132385,-1492315.1460326877,10.164986610412598,136380.43803622967,137034.36902520174,8290304000.0
train_tune_10d47_00459_459,TRANSFORMER,0.0013020664107215,0.3753052009467195,0.3889090848278621,107.41944122314453,274.6980285644531,-2144.2236328125,0.0121866874396801,-109303.28193091026,8.199082374572754,55798.84598037641,57901.96443083826,3620864000.0
train_tune_10d47_00460_460,TRANSFORMER,0.0114725640242693,0.3377810240270187,0.3652321190925879,58.79620361328125,167.78317260742188,-848.0923461914062,0.002082997700199485,-4210.401702586517,2.628953218460083,36275.84304545114,36346.14961767973,4145152000.0
train_tune_10d47_00461_461,TRANSFORMER,0.0153145133803412,0.3358989054416583,0.3720409276718172,20.736173629760742,40.864810943603516,-76.93871307373047,0.0017152107320725918,-3934.4037952587173,0.8313863277435303,8620.266437127544,8503.360796295023,708608000.0
train_tune_10d47_00462_462,TRANSFORMER,0.0086273906357643,0.3681850682767851,0.4011250135253251,60.84829330444336,170.923583984375,-914.255615234375,0.001922406954690814,-7161.306218274085,2.529132604598999,39699.81597984198,39795.660879585375,4145152000.0
train_tune_10d47_00463_463,TRANSFORMER,0.0018126621997589,0.3373911090973969,0.3903596890607561,62.33152389526367,193.0145721435547,-736.192626953125,0.02438976988196373,-2028724.4860790654,6.83435583114624,52051.72106868148,52443.035223425635,4145152000.0
train_tune_10d47_00464_464,TRANSFORMER,0.0027706901185925,0.3673792939471067,0.3596266324891931,112.86180114746094,369.0637512207031,-1891.1722412109375,0.04735230654478073,-4798.242197775058,12.167179107666016,118301.49601760344,114887.5665858024,8290304000.0
train_tune_10d47_00465_465,TRANSFORMER,0.0002822305029435,0.3392289656440206,0.3705715046897079,110.40835571289062,244.34793090820312,-2883.29541015625,0.006715163588523865,-440840.6677999871,7.606691360473633,35305.194655855186,35305.194655855186,1679360000.0
train_tune_10d47_00466_466,TRANSFORMER,0.0045741640481125,0.3345552714644108,0.3790206502433477,90.86021423339844,293.08306884765625,-1323.3466796875,0.038532909005880356,-1145203.4863795533,9.691465377807617,84384.23280131645,83293.78000983017,6217728000.0
train_tune_10d47_00467_467,TRANSFORMER,0.0084198219650578,0.3155294105502773,0.3395632822862229,53.54493713378906,165.29611206054688,-616.3988037109375,0.013268556445837021,-7300.060827512168,5.74479866027832,56192.37761687048,62098.96246011171,4145152000.0
train_tune_10d47_00468_468,TRANSFORMER,0.0071749763558126,0.3252629543873902,0.3749277657092043,70.32987213134766,153.62567138671875,-746.4910888671875,0.015475925989449024,-138384.13188284682,8.977317810058594,40086.769290900054,40087.197161538184,3096576000.0
train_tune_10d47_00469_469,TRANSFORMER,0.0079784668835895,0.322177232896061,0.3405955706999148,74.30503845214844,153.02870178222656,-899.0886840820312,0.00398482009768486,-17060.887223699756,3.2497706413269043,24714.170475830488,24784.75836673907,1417216000.0
train_tune_10d47_00470_470,TRANSFORMER,0.001117383384543,0.3278469616657621,0.373707960151404,41.18517303466797,92.95907592773438,-538.790771484375,0.0037668293807655573,-6443.005734739425,4.46307373046875,16207.51930323312,14770.384124298029,839680000.0
train_tune_10d47_00471_471,TRANSFORMER,0.0006231435515028,0.3384814018495015,0.4011031603331844,64.75313568115234,184.78797912597656,-1026.4581298828125,0.005214903503656387,-5660305.434737299,3.706101417541504,58741.38840364067,58741.38840364067,4145152000.0
train_tune_10d47_00472_472,TRANSFORMER,0.0044567257983494,0.2915242005861577,0.3144511670239291,36.75170135498047,56.62926483154297,-220.36764526367188,0.0013674170477315784,-266410.0114234969,3.293886423110962,9501.596850548432,10218.448089759786,964608000.0
train_tune_10d47_00473_473,TRANSFORMER,0.016540266667809,0.3459205464962177,0.3662183666356096,63.92909622192383,131.84315490722656,-657.6832275390625,0.0035934834741055965,-5979.707221586371,3.5493993759155273,21053.08380341649,21660.525255629447,1417216000.0
train_tune_10d47_00474_474,TRANSFORMER,0.0,0.2896088337643815,0.3498746438322581,57.516639709472656,175.54678344726562,-651.578857421875,0.013391420245170593,-109848.28133111505,5.644250869750977,51951.680325802605,51951.680325802605,4145152000.0
train_tune_10d47_00475_475,TRANSFORMER,0.0045364925587143,0.2861908808786175,0.3297375508105894,51.2295036315918,79.51217651367188,-352.9700012207031,0.0028994192834943533,-148206.67602800063,5.405320644378662,14265.143536538506,13718.006948773804,1286144000.0
train_tune_10d47_00476_476,TRANSFORMER,0.0097291577932113,0.3603161590380457,0.414184031167159,43.96124267578125,109.96023559570312,-489.8811950683594,0.0078047183342278,-206997.04722090988,4.996916770935059,27531.617182275237,26786.10650950174,1810432000.0
train_tune_10d47_00477_477,TRANSFORMER,0.0067098286007219,0.3256622619554178,0.388152583655778,48.81200408935547,115.78334045410156,-510.42352294921875,0.00702350027859211,-3506131.6986261415,7.768897533416748,20673.170003424493,20663.124240384033,1259520000.0
train_tune_10d47_00478_478,TRANSFORMER,0.0154211317465377,0.3132713997679069,0.3587382236927428,48.6100959777832,78.0448226928711,-305.74517822265625,0.005511255469173193,-512367.8506487065,6.491872787475586,13814.740613605916,13814.176199859954,1286144000.0
train_tune_10d47_00479_479,TRANSFORMER,0.0068029961393693,0.3394724699403765,0.3847644832861927,45.14339828491211,108.63605499267578,-428.26922607421875,0.008452361449599266,-1049187.216498163,7.801483631134033,18807.302144850448,21374.83591415473,1259520000.0
train_tune_10d47_00480_480,TRANSFORMER,0.0023834022385078,0.3385831646049925,0.3698469891010549,28.54440689086914,57.06550216674805,-232.19931030273438,0.0006610547425225377,-47214.33445776381,2.743246078491211,9017.631521863592,9119.442897364463,839680000.0
train_tune_10d47_00481_481,TRANSFORMER,0.0038071407428813,0.3325047792017906,0.3572179139637618,30.861740112304688,66.97058868408203,-270.035888671875,0.0013013576390221715,-900234.5488254412,3.0695714950561523,12362.250886016775,13024.328838587464,839680000.0
train_tune_10d47_00482_482,TRANSFORMER,0.0007356457130246,0.3874587993633317,0.4087264434835528,61.85289764404297,177.0518798828125,-914.9327392578125,0.005686888936907053,-12433.786452666796,3.623106002807617,57736.90992202238,57608.363221065774,4145152000.0
train_tune_10d47_00483_483,TRANSFORMER,0.0188947948110642,0.3411891822855923,0.3805952922050132,47.52597427368164,119.16050720214844,-413.24859619140625,0.007866506464779377,-13449.674751407463,4.389799118041992,36247.31669421433,36369.53023800846,2715648000.0
train_tune_10d47_00484_484,TRANSFORMER,0.00096032382136,0.3672479728613912,0.3775343852156282,76.89441680908203,194.0976104736328,-1325.898681640625,0.0074680401012301445,-1338058.1375191726,6.122710227966309,41895.94570214152,41932.35622185318,2715648000.0
train_tune_10d47_00485_485,TRANSFORMER,0.0027046372358459,0.3631952812400333,0.4234924031106388,87.44727325439453,207.80001831054688,-1327.441162109375,0.0025843780022114515,-8078.693216541495,4.669301986694336,34768.04606386853,34659.81690426947,3620864000.0
train_tune_10d47_00486_486,TRANSFORMER,0.0017671666234719,0.3653161325857928,0.382619376444032,35.104862213134766,97.5576171875,-280.99713134765625,0.004723455756902695,-4776.154249955539,4.96124267578125,30367.474174484734,29849.967557163156,1810432000.0
train_tune_10d47_00487_487,TRANSFORMER,0.006671204546225,0.3642486819772284,0.4037827454911585,74.84367370605469,215.98118591308594,-1433.871826171875,0.011114593595266342,-1632556.1220923224,4.828479290008545,50960.37281015588,54055.164634406574,4145152000.0
train_tune_10d47_00488_488,TRANSFORMER,0.0006231435515028,0.3713673191927891,0.419757722545599,56.823326110839844,163.9806671142578,-741.1358642578125,0.006521428935229778,-6254.775779664544,3.685379981994629,58369.82923306518,55683.82880836174,4145152000.0
train_tune_10d47_00489_489,TRANSFORMER,0.0170852824007951,0.3006904444746905,0.3585635940170642,41.42433547973633,76.33233642578125,-317.7232666015625,0.003988731652498245,-575340.0503067082,4.387195587158203,13910.38441372689,13910.38441372689,964608000.0
train_tune_10d47_00490_490,TRANSFORMER,0.0037220843672456,0.3364780089943753,0.3578963741810583,74.60833740234375,211.39736938476562,-899.4760131835938,0.01553112268447876,-5107.807153302979,6.369295120239258,74686.00660618226,75094.99270651877,6217728000.0
train_tune_10d47_00491_491,TRANSFORMER,0.003184085009859,0.389389398234317,0.3961106275468544,146.03172302246094,425.9036865234375,-3322.345458984375,0.0196438729763031,-6898.064269011147,9.011780738830566,114154.17521331113,107241.28268362049,8290304000.0
train_tune_10d47_00492_492,TRANSFORMER,0.0014570025109949,0.356364719997472,0.389709403749097,130.71348571777344,313.7647705078125,-3090.66650390625,0.01526144053786993,-4187735.5262514884,9.056758880615234,69620.7966183935,69620.7966183935,3620864000.0
train_tune_10d47_00493_493,TRANSFORMER,0.002600770856049,0.3566267890672,0.4203169876729826,66.36829376220703,163.23858642578125,-927.64599609375,0.002325238659977913,-7587.0546256480275,4.075974941253662,24095.62508358278,24172.8011757371,2715648000.0
train_tune_10d47_00494_494,TRANSFORMER,0.0028215835731686,0.3581615858624809,0.3750527286463539,117.58501434326172,348.25146484375,-2929.45849609375,0.013726864010095596,-2096323.7863329086,6.457974910736084,84753.9121510153,84139.90919648217,6217728000.0
train_tune_10d47_00495_495,TRANSFORMER,0.0040269087021574,0.3978389043953694,0.3899208806492608,122.27720642089844,334.1014709472656,-2297.445556640625,0.003182759042829275,-3668.2596564217147,4.500886917114258,70069.67907723426,71134.5759017679,8290304000.0
train_tune_10d47_00496_496,TRANSFORMER,0.0042478895747624,0.2674124780816158,0.3039230833016071,21.991680145263672,34.78978729248047,-70.45813751220703,0.0018858297262340784,-947815.3838026996,2.864424705505371,6324.825577182632,6609.029832809749,643072000.0
train_tune_10d47_00497_497,TRANSFORMER,0.0024973703974886,0.3366414800604178,0.3862074926170906,56.237796783447266,163.2991943359375,-561.5311889648438,0.020908862352371216,-2770228.8613295783,6.108057975769043,48433.81682246592,50456.33643982406,4145152000.0
train_tune_10d47_00498_498,TRANSFORMER,0.0101143897217954,0.3218140820954396,0.3508008650721702,44.77324676513672,106.48146057128906,-431.77197265625,0.00547914020717144,-4111.503189728644,6.7681050300598145,18745.77769613899,22004.75460060132,1259520000.0
train_tune_10d47_00499_499,TRANSFORMER,0.0064366578420835,0.3473489857775683,0.3812858835446361,42.338775634765625,110.05911254882812,-395.0362548828125,0.011116186156868935,-572192.6964773188,5.350954532623291,27865.493744480962,29720.569931233604,1810432000.0
train_tune_10d47_00500_500,RNN,0.0005123813288243,0.2221579542292171,0.2254833780836456,0.6791437864303589,1.0275688171386719,-0.0037766580935567617,1.798630182747729e-05,-21039761.338490404,0.028126465156674385,9311.80317488493,9311.803201191353,1178048000.0
train_tune_10d47_00501_501,RNN,0.0024543375153319,0.1297123561864101,0.1462007049984545,0.5875983238220215,1.0501426458358765,-0.0025308975018560886,1.2282467650948092e-05,-21082280.0528615,0.038219474256038666,12538.227850189147,12537.993650348837,388224000.0
train_tune_10d47_00502_502,RNN,0.0004469093653154,0.141191025381607,0.1518885264031141,0.9265704154968262,1.3571391105651855,-0.0035472905728965998,6.276709427766036e-06,-20699930.254127834,0.0036278730258345604,5196.269974370913,5196.269942220715,963200000.0
train_tune_10d47_00503_503,RNN,0.002412720458525,0.2197584947543156,0.2274171302032297,0.4314471483230591,0.8494048714637756,-0.0035955789498984814,5.182604581932537e-06,-21650240.278300397,0.010276401415467262,21860.142983616082,21860.14735255403,1820928000.0
train_tune_10d47_00504_504,RNN,0.0005776036030766,0.1086886966312623,0.0895181008424855,0.3820733428001404,0.537793755531311,5.256905933492817e-05,3.7941179016343085e-06,-19289398.38645479,-0.014582820236682892,23060.54659385929,23060.54783318027,3312320000.0
train_tune_10d47_00505_505,RNN,0.0004614573261844,0.0476014620926752,0.0449803209972918,0.8239243626594543,1.127738356590271,0.0017765507800504565,6.635439149249578e-06,-20088705.2523462,-0.05177555978298187,5596.8353560358155,5600.516270819939,2961344000.0
train_tune_10d47_00506_506,RNN,0.000649981376938,0.0648341253656659,0.0583297717064138,1.1032739877700806,1.4208505153656006,-0.004691566806286573,3.391257632756606e-05,-20270563.532072682,0.07696908712387085,2988.281537665194,2988.2819329235235,3154368000.0
train_tune_10d47_00507_507,RNN,0.0011862678531273,0.1592852673156641,0.1533665362078542,0.8954958319664001,1.307773232460022,-0.0010486640967428684,2.0567294995998964e-05,-20672378.694113962,-0.012919068336486816,5203.501289314413,5203.498011977829,451584000.0
train_tune_10d47_00508_508,RNN,0.000439632906523,0.1211323445245252,0.1006288212505416,0.7676503658294678,1.0789027214050293,0.0005163802998140454,9.628661246097181e-06,-19908841.7794165,-0.017995189875364304,6758.31478805388,6758.288931626399,1545728000.0
train_tune_10d47_00509_509,RNN,0.0004687288293863,0.0472801676637216,0.0333312175631936,0.4865104556083679,0.6684894561767578,0.0001807390508474782,4.477388756640721e-06,-19202008.303529315,-0.009662238880991936,15285.038344482038,15284.54682133239,1037376000.0
train_tune_10d47_00510_510,RNN,0.0003959394212685,0.1755071179304456,0.2278546679530372,0.49157512187957764,0.6875566244125366,-8.571805665269494e-07,3.874603862641379e-06,-19979206.71425964,-0.024170542135834694,14776.624035797253,14776.624037912286,5989376000.0
train_tune_10d47_00511_511,RNN,0.0004687288293863,0.0848723759684909,0.0677018493244873,0.8443742990493774,1.1173816919326782,0.0015448143240064383,1.736080230330117e-05,-19802725.206021637,-0.037793632596731186,5724.101037405233,5724.1010360159935,1783680000.0
train_tune_10d47_00512_512,RNN,0.0006619035567582,0.1980374301394932,0.2328392342612386,0.4136110842227936,0.6175196170806885,-7.919222844066098e-05,4.461012395040598e-06,-19726026.42136413,-0.0230152178555727,20470.267114135262,20470.26715344471,3371584000.0
train_tune_10d47_00513_513,RNN,0.0005779310798898,0.2637666027322536,0.2260743771870063,0.3593429625034332,0.7871981263160706,-0.003795695025473833,6.420970748877153e-06,-20717046.761533096,0.004428560845553875,27111.87014394248,27111.870093019883,3981312000.0
train_tune_10d47_00514_514,RNN,0.0016445375637666,0.1956830710710698,0.2022425745609852,0.4089963734149933,0.8300825357437134,-0.003104605246335268,1.7498448869446293e-05,-19779521.33189088,0.0203290693461895,22440.911390516052,22441.009503195874,1204928000.0
train_tune_10d47_00515_515,RNN,0.000745851202685,0.1830757511200634,0.1730839463691515,0.6862806081771851,0.9959132671356201,0.00020127653260715306,6.522593594127102e-06,-20026229.597713016,-0.005758053623139858,8314.987037025177,8314.975253131783,1245504000.0
train_tune_10d47_00516_516,RNN,0.0004469093653154,0.1134562162307493,0.0982915681868205,0.373299777507782,0.5209382176399231,-0.00015512024401687086,4.7708967940707225e-06,-19055564.282098882,0.013998703099787235,23144.772413501705,23144.771619289437,5758016000.0
train_tune_10d47_00517_517,RNN,0.0004281162883313,0.1273324772119528,0.1174040060394051,0.5730624794960022,0.8621172904968262,-0.004475744441151619,5.264595529297367e-06,-21248299.757829726,0.03198733180761337,11611.551813712016,11610.67141727003,372224000.0
train_tune_10d47_00518_518,RNN,0.0004614573261844,0.0758290546827148,0.0835498964397971,0.5440880060195923,0.7668533325195312,-8.185133629012853e-05,5.292145942803472e-06,-19221035.022823073,0.009530358016490936,12004.912071795028,12004.859692688711,613952000.0
train_tune_10d47_00519_519,RNN,0.0006065743894061,0.2675590591972521,0.2450311461784494,0.4121803939342499,0.5366395115852356,-0.00026213828823529184,3.727962848643074e-06,-19297371.50191474,0.030866406857967377,18202.134365706555,18202.134359702643,5385472000.0
train_tune_10d47_00520_520,RNN,0.0010669485256855,0.2387832730540129,0.2242749589762718,0.4277580976486206,0.8472666144371033,-0.004579508677124977,6.295114872045815e-06,-20647259.591719702,-0.03396334499120712,19742.73264575444,19742.7300677145,1805888000.0
train_tune_10d47_00521_521,RNN,0.0009748471347461,0.2394964843151601,0.2228017459935526,0.45616498589515686,0.9185917377471924,-0.003187098540365696,6.115967607911443e-06,-21605911.65694537,-0.010502656921744347,19171.886041040118,19171.890891313422,1281024000.0
train_tune_10d47_00522_522,RNN,0.0004759986818498,0.1013153033345485,0.0996571703081365,0.5964299440383911,0.803939163684845,-0.00025181073579005897,5.821862941957079e-06,-20717409.167574923,0.013142337091267109,10810.356082771916,10810.949993455022,2020224000.0
train_tune_10d47_00523_523,RNN,0.0005558582707688,0.0860799604255837,0.076396457895247,0.8269404768943787,1.1872860193252563,-0.000796581560280174,5.7941433624364436e-06,-19078295.91236288,0.025560516864061356,6270.793153836681,6270.82595328507,805568000.0
train_tune_10d47_00524_524,RNN,0.0005413531634411,0.1949636173011421,0.15116813800185,0.40637293457984924,0.5801073908805847,-0.0003603799268603325,7.035600901872385e-06,-20477687.550550956,0.03961041197180748,19497.078712678922,19497.10552307667,2902912000.0
train_tune_10d47_00525_525,RNN,0.0003959394212685,0.2042621561279761,0.1789899585413182,0.4419969916343689,0.6044448018074036,-0.00016378813597839326,5.160010914551094e-06,-19672918.72494363,0.011034601368010044,17226.478683063222,17226.480378473374,6186048000.0
train_tune_10d47_00526_526,RNN,0.0005558582707688,0.111685064307838,0.0914176771135137,1.1066763401031494,1.473137378692627,0.0006357418606057763,1.0487614417797886e-05,-19056833.01605132,-0.013632521964609623,3035.1676974306,3035.1344332138488,3995456000.0
train_tune_10d47_00527_527,RNN,0.0048602529884455,0.2869648500011225,0.2851826096347173,0.4680165648460388,0.8710001707077026,-0.0029789861291646957,8.061544576776214e-06,-21162415.711247757,-0.0325431190431118,17433.880122609342,17433.88015071149,2676224000.0
train_tune_10d47_00528_528,RNN,0.0004614573261844,0.0493275579939476,0.0598502769161345,0.43681323528289795,0.5939957499504089,-9.312867769040167e-05,7.297227966773789e-06,-19090070.15368419,-0.018281003460288048,16341.202318753856,16341.202961410941,2335168000.0
train_tune_10d47_00529_529,RNN,0.0004708669469796,0.1159870739831023,0.1082919907634644,0.35280460119247437,0.5250120162963867,1.8667742551770061e-06,1.1346943210810423e-05,-19532915.174348425,0.0005193140241317451,27429.27146487631,27429.27159203317,8239360000.0
train_tune_10d47_00530_530,RNN,0.0064480424806585,0.2231155932240533,0.2309595213728744,0.41058439016342163,0.782518208026886,-0.0033244467340409756,1.1488673408166505e-05,-21216451.959621467,-0.01499156653881073,22676.54809596212,22676.548150091767,2505024000.0
train_tune_10d47_00531_531,RNN,0.0005702327119697,0.2535541334146936,0.2426111878252517,0.8693782687187195,1.2702981233596802,0.0015198078472167253,2.698119351407513e-05,-21182339.78333708,-0.04025151953101158,5737.980045077145,5737.980045203471,2213120000.0
train_tune_10d47_00532_532,RNN,0.0006065743894061,0.0933483748781481,0.1165768850011562,0.34321537613868713,0.4930509328842163,-0.00014040959649719298,4.177667960902909e-06,-19140484.321889512,0.016054945066571236,25947.006508073362,25947.00526596319,5852736000.0
train_tune_10d47_00533_533,RNN,0.0004759986818498,0.1646082652695745,0.1572152263632409,0.3510930836200714,0.5041029453277588,-0.00018632561841513962,3.4893273550551385e-06,-19374064.03061185,0.02759399637579918,25556.47029081903,25556.470288117114,5438784000.0
train_tune_10d47_00534_534,RNN,0.0005123232027519,0.1357597146368495,0.1235962111283441,0.5785697102546692,0.755135715007782,0.0003943004412576556,3.91309913538862e-06,-19551006.815486852,-0.020964156836271286,10167.753698382927,10167.753697625172,5683840000.0
train_tune_10d47_00535_535,RNN,0.0005564259880221,0.1167522699602123,0.1035015269177489,0.3499700427055359,0.5397374629974365,-0.000379685137886554,1.18729512905702e-05,-20233342.264777612,0.021637259051203728,25279.87839124538,25279.878386349745,5576960000.0
train_tune_10d47_00536_536,RNN,0.0279987472596304,0.1616715855225474,0.1354379655775948,1.4608575105667114,1.960792064666748,0.02251223847270012,0.00019294689991511405,-18992745.579508565,-0.1634792536497116,1882.8476987801582,1882.8477008368222,6165824000.0
train_tune_10d47_00537_537,RNN,0.0004759986818498,0.0565823478392924,0.060674989543026,0.37382790446281433,0.4656003415584564,-1.9027380403713323e-05,5.8144305512541905e-06,-18816815.274886854,-0.00090890156570822,20924.531237931435,20924.495656095205,3575360000.0
train_tune_10d47_00538_538,RNN,0.0003959394212685,0.0823367867670679,0.0792190531977269,1.8314956426620483,2.4950196743011475,0.004224487580358982,4.107324275537394e-05,-21465807.040788926,-0.05111484229564667,1296.0285307550826,1296.021407518775,170688000.0
train_tune_10d47_00539_539,RNN,0.0012246551174667,0.0641657235261792,0.0472354024364207,0.6114225387573242,0.8537337779998779,0.000155544257722795,1.2309576959523838e-05,-20019833.80339258,-0.007293310947716236,10167.039987138873,10167.857809063338,1023616000.0
train_tune_10d47_00540_540,RNN,0.0024232308857958,0.1214163735047833,0.1226515741711889,0.4194657504558563,0.6400653123855591,-0.00011642374738585204,6.040504558768589e-06,-20182226.633178446,-0.0043302858248353004,17973.615566383953,17973.627277923828,1347200000.0
train_tune_10d47_00541_541,RNN,0.0005413531634411,0.0430534547291355,0.0405210364236995,0.8671119809150696,1.1006380319595337,-0.0023030147422105074,3.604403536883183e-05,-19468915.635462075,0.06549610197544098,5180.269734352629,5180.276831345838,2050048000.0
train_tune_10d47_00542_542,RNN,0.0015033194227434,0.23845591407741,0.2538181246207396,0.34662678837776184,0.7453526854515076,-0.0037566907703876495,7.93264371168334e-06,-21366185.902920447,-0.004170299507677555,26839.227514827646,26839.226640418994,2759744000.0
train_tune_10d47_00543_543,RNN,0.0004481842933814,0.1933195243457945,0.1724490779352474,0.7834871411323547,1.0444698333740234,0.0009315843926742673,8.618866559118032e-06,-19833334.96982963,-0.0333116352558136,6799.400624782622,6799.400631995848,2768768000.0
train_tune_10d47_00544_544,RNN,0.0004689950315838,0.1383414358049856,0.1444689671085202,0.6027126908302307,0.8597829937934875,-0.0002428146981401369,2.016252255998552e-05,-20097262.55783776,-0.009334219619631767,10722.947298042305,10722.940089510143,1140288000.0
train_tune_10d47_00545_545,RNN,0.00340774702982,0.2218463201375947,0.2422543274791518,0.440043181180954,0.8127329349517822,-0.0037079118192195892,2.3878827050793916e-05,-21417677.273676753,0.06154114380478859,18485.86641952955,18485.865089825216,1596288000.0
train_tune_10d47_00546_546,RNN,0.0003960744619988,0.1248621772625084,0.1185446505658111,0.442970335483551,0.6706773042678833,-0.0004263207083567977,4.194472239760216e-06,-19543083.40531245,0.008995292708277702,18130.232360657545,18130.23250651138,2152384000.0
train_tune_10d47_00547_547,RNN,0.0005558582707688,0.1023706572538714,0.0730783113954831,0.7347187399864197,0.9785867929458618,0.0013901947531849146,1.4869125152472407e-05,-19196321.410610132,-0.048317477107048035,7364.213298508075,7364.222413067021,2073536000.0
train_tune_10d47_00548_548,RNN,0.0021987596504286,0.2665597309054553,0.2380827454125082,0.3502528965473175,0.7831375598907471,-0.0037541654892265797,3.672796992759686e-06,-21155686.18427764,0.01865818165242672,26799.16852268247,26799.165309515374,2825024000.0
train_tune_10d47_00549_549,RNN,0.0009971055550682,0.1537869898626537,0.1289766658570834,0.3828746974468231,0.548098087310791,-0.0001229870831593871,5.230281203694176e-06,-20015798.371431544,0.017657950520515442,21404.011288742295,21404.014155836616,4119872000.0
train_tune_10d47_00550_550,RNN,0.0017039379967067,0.28065619683585,0.2556548856040153,0.47712746262550354,0.8849704265594482,-0.002717380877584219,7.81123890192248e-06,-20902159.29539572,-0.010528100654482841,17853.013775398984,17853.013744641914,3162240000.0
train_tune_10d47_00551_551,RNN,0.0004415888366342,0.1124423725507741,0.1132926617719398,0.5012080073356628,0.6957454085350037,5.917290400248021e-05,4.885157068201806e-06,-19236311.796056155,-0.0032625666353851557,13881.415108107969,13881.416257207251,1366272000.0
train_tune_10d47_00552_552,RNN,0.0003959394212685,0.2427950483599001,0.2303681330653409,0.33881109952926636,0.4838407337665558,7.996799831744283e-05,4.604097739502322e-06,-19089440.482597318,-0.006320388056337833,26429.200819011807,26429.200829584795,7911232000.0
train_tune_10d47_00553_553,RNN,0.0051051378489202,0.220483665996072,0.2448175247516248,0.5885404348373413,0.9348350763320923,-0.002343210857361555,1.8572098269942217e-05,-20821916.915088043,-0.06266026198863983,10676.420661089498,10676.423670480328,937920000.0
train_tune_10d47_00554_554,RNN,0.0004469601216317,0.1163886759561292,0.1194352360223727,0.8300232887268066,1.1548283100128174,-0.0014011311577633023,9.170862540486269e-06,-20922643.98221367,-0.01459268294274807,5712.054920605373,5712.054920229195,2280384000.0
train_tune_10d47_00555_555,RNN,0.0004154092115277,0.2036614816652699,0.1922330890469285,0.3306838870048523,0.445329874753952,6.013414531480521e-05,4.313348654250149e-06,-18521055.589125358,-0.009513795375823975,26306.994704586046,26307.000009244803,4017856000.0
train_tune_10d47_00556_556,RNN,0.0013728998308983,0.2073617212849345,0.1965250071903104,0.43273603916168213,0.8425080180168152,-0.004554712679237127,6.534813110192772e-06,-20701705.23804269,-0.005830566398799419,19070.77839650034,19070.772326206257,1557504000.0
train_tune_10d47_00557_557,RNN,0.0003959394212685,0.0328108718670954,0.031808653309385,0.448665976524353,0.6085807681083679,-0.00018207637185696512,4.322104359744117e-06,-19498042.572485447,0.015350338071584702,14878.70110495725,14878.1770130265,2141632000.0
train_tune_10d47_00558_558,RNN,0.0004715797923042,0.0490530363358742,0.0598143056023401,1.8478076457977295,2.5469093322753906,4.9530528485774994e-05,6.267656135605648e-05,-20654734.389490202,-0.004862755071371794,1297.4742202921125,1296.9403518394643,27776000.0
train_tune_10d47_00559_559,RNN,0.0013878931405889,0.0439724584901687,0.0442588559361505,0.6486405730247498,0.8514956831932068,-0.0007759997388347983,4.427015483088326e-06,-19840018.903695833,0.020577119663357735,8298.840172173906,8298.762078856083,528960000.0
train_tune_10d47_00560_560,RNN,0.0004293619022648,0.0990047847168971,0.0937238253053898,0.6384255290031433,0.9772027730941772,-0.0002749392297118902,7.279531018866692e-06,-20072058.128547296,0.015512574464082718,10244.738706820739,10244.9252148751,583424000.0
train_tune_10d47_00561_561,RNN,0.000439632906523,0.2109398468417982,0.2007007498295966,0.5718933939933777,0.75318443775177,0.00024204709916375577,3.844600541924592e-06,-19468172.389506485,-0.011019166558980942,10724.187929943344,10724.18793429574,6887168000.0
train_tune_10d47_00562_562,RNN,0.0004614573261844,0.2077621843450345,0.222521081455392,0.4900037348270416,0.747742235660553,-0.00025306304451078176,5.049593710282352e-06,-19928315.430618662,0.022283760830760002,15695.071749990004,15695.071750377821,4614592000.0
train_tune_10d47_00563_563,RNN,0.0004444103900084,0.1479815464800873,0.1808686362818555,0.35447147488594055,0.5921494960784912,-0.0005965869640931487,6.489933184639085e-06,-20005511.76546784,-0.007198106963187456,26046.148428428278,26046.15308747522,3054592000.0
train_tune_10d47_00564_564,RNN,0.0003959394212685,0.1752703164851678,0.1419455053946315,0.4663478434085846,0.6854131817817688,0.0003186201793141663,8.226526006183121e-06,-20094105.806273326,-0.011913027614355087,14703.052251475416,14703.051848202205,1987648000.0
train_tune_10d47_00565_565,RNN,0.0072962048414358,0.1936130980372505,0.2135993359363174,0.3523903787136078,0.7515357732772827,-0.0034452464897185564,3.3259252631978597e-06,-21152249.461589277,0.0009571094997227192,26319.54892974617,26319.54782063608,2666240000.0
train_tune_10d47_00566_566,RNN,0.001113686691444,0.1652189832476437,0.2022447506011659,0.3536882698535919,0.7827672362327576,-0.003041320014744997,5.061306183051784e-06,-20832149.24945688,-0.03375691920518875,27159.096658588533,27159.070101645066,2324480000.0
train_tune_10d47_00567_567,RNN,0.0003959394212685,0.0665450229842541,0.0636792414024099,0.46970808506011963,0.6296143531799316,0.0006950190290808678,1.3170813872420695e-05,-18878021.2947069,-0.055684782564640045,14329.914468103969,14329.914542225804,2463360000.0
train_tune_10d47_00568_568,RNN,0.0005413531634411,0.0469382656451404,0.0417024611616057,0.5657061338424683,0.8041317462921143,-0.000812315265648067,3.268579894211143e-05,-18885376.138879217,0.06239674612879753,12075.200893148258,12074.61566093093,1945152000.0
train_tune_10d47_00569_569,RNN,0.0023871435639403,0.1911454901373069,0.1611843505291381,0.5077608227729797,0.848861038684845,-0.001710296142846346,5.034964033256983e-06,-20970035.884175397,-0.014243965968489647,14886.568065349265,14886.557236875347,901184000.0
train_tune_10d47_00570_570,RNN,0.0005195831625783,0.2053317968774219,0.187947817001918,0.6150557398796082,0.8447848558425903,-0.00013099329953547567,7.009652108536102e-06,-20166012.068230025,0.006244441494345665,9331.561587511118,9331.561588317069,3427520000.0
train_tune_10d47_00571_571,RNN,0.0158628632441672,0.3218668727641275,0.2752266784464205,0.3911784887313843,0.7514410614967346,-0.0035964506678283215,1.108807191485539e-05,-20975759.45143686,-0.02096390724182129,22083.953646906542,22083.9536578462,3774528000.0
train_tune_10d47_00572_572,RNN,0.0005776036030766,0.1228609627739071,0.1133760064723205,0.729889452457428,0.9922623634338379,-0.0013306562323123217,6.7196579038864e-06,-19590530.70471986,0.03907552734017372,6746.205801359009,6746.205515993596,917504000.0
train_tune_10d47_00573_573,RNN,0.0004687288293863,0.1111541549162077,0.0868054188996389,0.7270689010620117,0.9352449178695679,-0.0010119666112586856,5.726060862798477e-06,-19439200.40528027,0.03929773345589638,6791.789140749641,6791.789141310831,3481280000.0
train_tune_10d47_00574_574,RNN,0.0007128409676525,0.3051300610125239,0.3061080144920893,0.40588831901550293,0.646288275718689,-0.001062705647200346,3.1924508220981807e-05,-19759902.136012197,0.05919882282614708,22045.145862908656,22045.146348454866,3644032000.0
train_tune_10d47_00575_575,RNN,0.0032045641170265,0.1058667136060465,0.0905620157568074,1.2943412065505981,1.7227874994277954,0.011222672648727894,5.3325937187764794e-05,-20163406.62408775,-0.11777686327695847,2411.6131368906154,2411.6028063214117,787584000.0
train_tune_10d47_00576_576,RNN,0.0005558582707688,0.1365672850849321,0.1524360882382465,0.35757237672805786,0.5280318260192871,-0.0004811302642337978,5.953655090706889e-06,-20277197.441625282,0.015192156657576561,23796.58300767559,23796.58708465689,2405312000.0
train_tune_10d47_00577_577,RNN,0.0003879969270643,0.2093397167196885,0.2104161910590539,0.3726951479911804,0.8126821517944336,-0.003762685228139162,7.779590305290185e-06,-20918531.50346654,0.0017137635732069612,26390.265413420242,26390.299904413638,2084672000.0
train_tune_10d47_00578_578,RNN,0.0071973513906892,0.2747810886085087,0.2560954875900901,0.4470074474811554,0.8329547643661499,-0.0024041845463216305,4.673067905969219e-06,-21010919.858304456,0.00030443212017416954,18818.429085700427,18818.430833157694,1793984000.0
train_tune_10d47_00579_579,RNN,0.0007193365718124,0.198485296045333,0.1733786409181354,0.5233193635940552,0.758827269077301,-0.0008924551075324416,2.8246286092326045e-05,-19979081.420573354,0.04833731800317764,12610.026520127532,12610.026524750592,3853184000.0
train_tune_10d47_00580_580,RNN,0.0004687288293863,0.1085534781980638,0.0818157573639559,0.4782039523124695,0.6293401718139648,1.8264261598233134e-05,1.0029458280769177e-05,-18542823.668565825,0.00020744046196341515,15658.167617112842,15658.168061136494,4428416000.0
train_tune_10d47_00581_581,RNN,0.0006881330000036,0.3003685602853066,0.29873744605136,0.3581610918045044,0.7573563456535339,-0.002803758718073368,4.198844180791639e-06,-20806592.532955848,0.01748109795153141,27293.538957651952,27293.538927775284,4934528000.0
train_tune_10d47_00582_582,RNN,0.0004469093653154,0.0724869074779892,0.0849341749973606,0.5152132511138916,0.7187874913215637,0.0004257722175680101,5.191744548938004e-06,-19759233.73425958,-0.02718452177941799,13073.077662079133,13072.995389489868,2143552000.0
train_tune_10d47_00583_583,RNN,0.0004687288293863,0.1557278296355414,0.1366746874012776,0.36048951745033264,0.5100338459014893,4.8222311306744814e-05,3.7216755117697176e-06,-19165289.388697717,-0.0017219259170815349,24662.46503256067,24662.465193355394,4606016000.0
train_tune_10d47_00584_584,RNN,0.0004979678517813,0.3010489561361124,0.2708001891168449,0.39728841185569763,0.8607829809188843,-0.004278230015188456,6.447539817600045e-06,-20697947.407526817,0.02207682654261589,24250.609253204497,24250.609205870223,3704768000.0
train_tune_10d47_00585_585,RNN,0.0041399750496707,0.2609198050979103,0.2561342403184506,0.3789774775505066,0.7352461814880371,-0.0031714579090476036,6.558981112902984e-06,-21112945.42871246,-0.03571881726384163,22170.804701976722,22170.804617676033,2734848000.0
train_tune_10d47_00586_586,RNN,0.0008900715791111,0.2927490375401269,0.2660673480305599,0.37529057264328003,0.7872033715248108,-0.003996296785771847,1.1901834113814402e-05,-21390782.559883658,0.024988392367959023,25414.4426890546,25414.442711996628,4253184000.0
train_tune_10d47_00587_587,RNN,0.000439632906523,0.2218926854684988,0.2053128049618021,0.40504011511802673,0.5721309185028076,-1.5316301869461313e-05,4.025075668323552e-06,-20453326.044696935,-0.011314960196614265,19677.957993287702,19677.96129076953,4324160000.0
train_tune_10d47_00588_588,RNN,0.0005600486358025,0.2913479729950451,0.2851974055799707,0.42823198437690735,0.7797373533248901,-0.0026992750354111195,6.254696927499026e-06,-20653474.29818386,-0.03297778591513634,21657.63901160664,21657.63898202149,3550592000.0
train_tune_10d47_00589_589,RNN,0.0005959745315187,0.2648661430983119,0.2543849212846549,0.5181673169136047,0.9056382179260254,-0.0029262881726026535,9.566140761307906e-06,-21102261.667175546,0.029616115614771843,15530.536661123719,15530.536674781282,2314368000.0
train_tune_10d47_00590_590,RNN,0.0004486927227189,0.2949919237240094,0.2544174296108201,0.35757631063461304,0.767516553401947,-0.0024522857274860144,6.058785402274225e-06,-21317402.21714364,0.023865269497036934,27183.711316114313,27183.711355059113,3921024000.0
train_tune_10d47_00591_591,RNN,0.0005776036030766,0.204521797136694,0.2279429607641586,0.3683452308177948,0.5558474063873291,-8.836097549647093e-05,1.794369200069923e-05,-19847135.455180347,-0.03370174393057823,23376.305407988748,23376.305186636906,4160384000.0
train_tune_10d47_00592_592,RNN,0.001665173576837,0.2258125073239589,0.214143134742417,0.3606092929840088,0.5707091093063354,-0.00017367041436955333,4.502046067500487e-06,-19762823.12077853,-0.009965925477445126,25304.503453710036,25304.503442261335,7379520000.0
train_tune_10d47_00593_593,RNN,0.0004177936099566,0.2179063586645348,0.2259593662517505,0.3434257507324219,0.45649105310440063,-2.46166018769145e-05,3.212317551515298e-06,-19744379.609397687,-0.010280219838023186,24972.586609015205,24972.59180367666,4699392000.0
train_tune_10d47_00594_594,RNN,0.0003959394212685,0.0454555896269044,0.0569474959548288,1.8598929643630981,2.5081565380096436,-0.0056102764792740345,2.356616096221842e-05,-18865113.035444833,0.0142042376101017,1300.8958891053758,1300.8958890989784,6319808000.0
train_tune_10d47_00595_595,RNN,0.0005195831625783,0.2066952166207577,0.1900249506862355,0.9386448860168457,1.1383980512619019,-0.0018467656336724758,1.5122643162612803e-05,-19858443.112875715,0.040956296026706696,4046.561202444671,4046.561202307377,2958272000.0
train_tune_10d47_00596_596,RNN,0.0023762218927619,0.2179828200717147,0.223075434786079,0.3861147463321686,0.8224536180496216,-0.003159826621413231,5.393585979618365e-06,-21126646.80501402,-0.00022639974486082792,25900.118842994547,25900.11920354212,3034880000.0
train_tune_10d47_00597_597,RNN,0.0010165371447977,0.0956718036700664,0.0869855466184676,1.3253490924835205,1.7134146690368652,0.0039001356344670057,3.0669532861793414e-05,-20505028.24863146,-0.053061068058013916,2444.7803348573602,2444.769439936968,1469888000.0
train_tune_10d47_00598_598,RNN,0.0004736215024162,0.2471715690054286,0.2451331829922925,0.6898096203804016,0.9487154483795166,0.00011973644723184407,4.477312359085772e-06,-19856450.18130195,-0.026200173422694206,8327.686322405423,8327.686365443036,2017472000.0
train_tune_10d47_00599_599,RNN,0.0006333339692108,0.2834422433664688,0.2750550699742515,0.35859647393226624,0.7766560316085815,-0.0035957524087280035,6.1444366110663395e-06,-20856792.995341003,0.0066175865940749645,26739.609857307434,26739.609968587174,3308672000.0
train_tune_10d47_00600_600,RNN,0.0004977983404281,0.1192627438535973,0.1198049325188361,0.43798425793647766,0.5762187838554382,0.00010456543532200158,3.433637402849854e-06,-19162134.28444219,-0.013337723910808563,15227.382412884554,15227.382412013954,10041152000.0
train_tune_10d47_00601_601,RNN,0.0006366723259762,0.2157190938062473,0.2048210931454751,0.5603646636009216,0.9064123630523682,-0.003891639644280076,1.6908470570342615e-05,-20757557.413818233,0.024088755249977112,12067.605322213936,12067.605254269862,1788672000.0
train_tune_10d47_00602_602,RNN,0.0006065743894061,0.2081144394908518,0.2329526290632055,0.38329827785491943,0.5548902750015259,-0.00023459196381736547,1.2440584214346018e-05,-19605998.91785804,0.024100182577967644,22448.080072704215,22448.0800875396,7965824000.0
train_tune_10d47_00603_603,RNN,0.0032883118799002,0.2780178364306288,0.2410823058023365,0.40628793835639954,0.8004209995269775,-0.0036857370287179947,5.526413588086143e-06,-20906985.38915865,-0.01687033846974373,22225.563765153558,22225.56376562627,4094976000.0
train_tune_10d47_00604_604,RNN,0.0006065743894061,0.1893393426293596,0.1474155446063481,0.5583186745643616,0.7558313012123108,0.00021751373424194753,4.392704795463942e-06,-18942721.319111906,-0.015549355186522007,10724.434501589823,10724.43450000811,6534976000.0
train_tune_10d47_00605_605,RNN,0.0004832668841367,0.1933148541807235,0.1387286400164346,0.35126692056655884,0.4601176083087921,9.738685184856877e-05,5.967510787741048e-06,-19118201.787584163,-0.019990695640444756,23965.747881209456,23965.747885510056,7171904000.0
train_tune_10d47_00606_606,RNN,0.001739705583871,0.2806727173946021,0.2793571205834272,0.39301908016204834,0.7996270060539246,-0.004136006813496351,5.643641088681761e-06,-20685523.9430221,0.010527792386710644,22926.551305268047,22926.55123655348,3130880000.0
train_tune_10d47_00607_607,RNN,0.0011487502461163,0.304630497584837,0.2801980632130638,0.38435569405555725,0.8045286536216736,-0.00331699475646019,1.0421050319564529e-05,-21472528.833331726,0.04597657918930054,25269.08345230035,25269.08346407215,4098176000.0
train_tune_10d47_00608_608,RNN,0.0003984298910958,0.0821174220389826,0.0812800913802707,1.3623789548873901,1.7689940929412842,0.007363699376583099,4.592088225763291e-05,-19548077.672745846,-0.07436784356832504,2437.589733801077,2437.5898541736024,838976000.0
train_tune_10d47_00609_609,RNN,0.000439632906523,0.1539658182249161,0.118891886006803,0.4735780656337738,0.7016459703445435,-0.0007443762151524425,4.870142220170237e-06,-19956156.725030076,0.009752425365149975,15512.10919828287,15512.132307816848,2636352000.0
train_tune_10d47_00610_610,RNN,0.0010015892314747,0.274352758737091,0.2824358763301141,0.482980877161026,0.8032984733581543,-0.0021808664314448833,4.69253609480802e-06,-20705232.414958704,-0.03674962744116783,16045.857233839924,16045.857231140193,3284544000.0
train_tune_10d47_00611_611,RNN,0.0005561735261401,0.2741836317891654,0.2530159878826557,0.36276891827583313,0.5314823389053345,-8.044628339121118e-05,4.008133146271575e-06,-19836228.962184347,-0.008765813894569874,21173.968318797837,21173.968293860074,5386880000.0
train_tune_10d47_00612_612,RNN,0.0006629644941543,0.06015411076914,0.0576645128703919,1.6791969537734985,2.17580509185791,0.02535713091492653,0.000214958970900625,-21523936.483932957,-0.1496971994638443,1303.744635991743,1303.7446348224535,956288000.0
train_tune_10d47_00613_613,RNN,0.0024933319272286,0.2314359040409669,0.2320261293552349,0.5584473013877869,0.8355469703674316,-0.002465002704411745,4.700024874182418e-06,-20819908.31496096,0.01745089516043663,11557.994054015737,11557.994065917821,1372608000.0
train_tune_10d47_00614_614,RNN,0.0023728407370012,0.1357845898080701,0.1219402520752579,0.5183231830596924,0.7112751007080078,-0.0008243488846346736,4.279049790056888e-06,-20440743.01032723,0.02531561441719532,11674.08977573337,11674.089865197311,1591232000.0
train_tune_10d47_00615_615,RNN,0.0003959394212685,0.087763424200495,0.0919055202443946,0.36178356409072876,0.4830116033554077,-0.00010213966015726328,6.627544280490838e-06,-18573187.969694644,0.011924861930310726,22576.298911359023,22576.303099392175,4084544000.0
train_tune_10d47_00616_616,RNN,0.0004761067651108,0.1486984737738262,0.1621797794546766,0.6948752403259277,1.0208748579025269,-0.0025307568721473217,1.704733949736692e-05,-20914261.573758278,-0.014494538307189941,7879.311205231896,7879.428734414027,262400000.0
train_tune_10d47_00617_617,RNN,0.0006861088504392,0.1234268748158407,0.0852564765747128,0.5890929698944092,0.8068444728851318,0.0007585433777421713,9.404455340700224e-06,-19579844.162087847,-0.038404323160648346,10294.966338221922,10294.966336022408,3613376000.0
train_tune_10d47_00618_618,RNN,0.0004689417669579,0.1243373934215304,0.1448066994217154,0.3759562373161316,0.6069490909576416,-0.0005541122518479824,3.5846624086843804e-06,-20184300.18843557,0.011816275306046009,22617.399704803604,22617.399613753638,3595008000.0
train_tune_10d47_00619_619,RNN,0.0003959394212685,0.0592476858992169,0.0602670430629326,1.0343713760375977,1.3622850179672241,-0.002347072586417198,1.301417978538666e-05,-19748070.560931638,0.0381668284535408,3604.6236903156578,3604.6236994748615,4979200000.0
train_tune_10d47_00620_620,RNN,0.0037220843672456,0.2211608199311329,0.2111538868095873,0.36606866121292114,0.735026478767395,-0.0030440334230661392,4.444682417670265e-06,-20885163.039957754,-0.012408420443534851,24943.56149011371,24943.53261218884,2110080000.0
train_tune_10d47_00621_621,RNN,0.0004105105358262,0.0898369845610333,0.1102005624160371,0.3882240951061249,0.5356630086898804,-0.00011642335448414087,4.8887613957049325e-06,-18975566.863165505,0.01020777877420187,21894.781709649113,21894.78170802899,8134784000.0
train_tune_10d47_00622_622,RNN,0.0003959394212685,0.2452194079358063,0.2319592454454228,0.39293718338012695,0.8484795093536377,-0.003422647248953581,4.8569513637630735e-06,-21768971.05179163,0.0020638767164200544,22908.638332572045,22908.640975916285,1910144000.0
train_tune_10d47_00623_623,RNN,0.0004614573261844,0.180250701775873,0.1761289467314051,0.4682948589324951,0.637065052986145,8.214612898882478e-05,3.6429714782570954e-06,-20129020.011541538,-0.004473106469959021,13976.573349098235,13976.547709714438,1504512000.0
train_tune_10d47_00624_624,RNN,0.0006592931394254,0.1752955701687696,0.179445739456,0.6042482852935791,0.9834829568862915,-0.003238146658986807,7.233763881231425e-06,-20772784.434812218,-0.016675183549523354,10737.488832958872,10737.503494923098,476480000.0
train_tune_10d47_00625_625,RNN,0.0004687288293863,0.084991477319917,0.0734424053766735,0.46252256631851196,0.5965558290481567,-0.00034068955574184656,5.193408469494898e-06,-18751528.445403084,0.028956880792975426,15568.315804658403,15568.294025568637,2064128000.0
train_tune_10d47_00626_626,RNN,0.0002100742262266,0.3155890177697789,0.3191867856239416,0.4251387119293213,0.7638323903083801,-0.00315361307002604,5.415764462668449e-06,-20752715.31970171,0.035249438136816025,18558.771150731176,18558.77114553432,3680832000.0
train_tune_10d47_00627_627,RNN,0.0030530420549493,0.2194253774501037,0.2224028747896887,0.5730093121528625,1.0241641998291016,-0.0024072551168501377,6.228699930943549e-06,-20958481.251748532,-0.0008310595294460654,12619.112932792557,12619.117580826405,965504000.0
train_tune_10d47_00628_628,RNN,0.000592092278678,0.2359974722721901,0.2432064598213066,0.39752426743507385,0.5166357755661011,-0.0001838673051679507,5.169491487322375e-06,-19180527.813992515,0.020258115604519844,19515.080431483806,19515.080419674243,6544384000.0
train_tune_10d47_00629_629,RNN,0.0006861088504392,0.0408362507659789,0.0378290558921744,1.8386664390563965,2.283750534057617,-0.004402366932481527,5.5050251830834895e-05,-19100576.473734844,-2.0997693354729563e-05,1277.1424788014544,1277.142479946228,4514560000.0
train_tune_10d47_00630_630,RNN,0.0004899959167006,0.0943173155840486,0.0890165192936052,0.6236162185668945,0.9006316661834717,-0.0008175879484042525,1.707243973214645e-05,-19547106.661458313,0.0246259905397892,10220.650058908866,10220.779951156417,634880000.0
train_tune_10d47_00631_631,RNN,0.0006144393241167,0.1516455337092839,0.1889659305858504,0.35045549273490906,0.5326482653617859,-0.0004747722705360502,3.6262858884583693e-06,-19670246.484119024,0.01145153772085905,25729.875781025017,25729.923200587116,1922944000.0
train_tune_10d47_00632_632,RNN,0.0003959394212685,0.1523174072963843,0.1830850796156457,0.37479743361473083,0.5811349153518677,-0.00038656790275126696,3.5759674119617557e-06,-20000190.0344577,0.011750474572181702,23490.372828259886,23490.369604333617,2691904000.0
train_tune_10d47_00633_633,RNN,0.00218328341211,0.2242183749183209,0.2329788424494837,0.32651588320732117,0.4973013997077942,-2.8835809644078836e-05,1.4291432307800278e-05,-20190249.650203183,-0.015573964454233646,26053.00703803329,26053.007058302202,5749632000.0
train_tune_10d47_00634_634,RNN,0.00069960913142,0.1251681621409203,0.1027353601050448,0.48659366369247437,0.6817708015441895,-0.0003451041120570153,6.0282386584731285e-06,-18710689.10613914,0.024274101480841637,14856.371526071602,14856.371206131731,1759232000.0
train_tune_10d47_00635_635,RNN,0.0279987472596304,0.1244646494088031,0.1081174125656368,0.4786888659000397,0.6260658502578735,0.00047595344949513674,2.2686333977617323e-05,-18681813.76020422,-0.041971564292907715,14452.164472859125,14452.165120902435,1922304000.0
train_tune_10d47_00636_636,RNN,0.0009024256621085,0.1936476859826147,0.1932683367374023,0.6336693167686462,1.075583815574646,-0.004510453902184963,1.4577783076674677e-05,-20796825.966171563,0.04536706581711769,11205.327367650389,11205.456619944298,430848000.0
train_tune_10d47_00637_637,RNN,0.0003959394212685,0.2315151877968477,0.2236942490695171,0.34459638595581055,0.6918559074401855,-0.002782241441309452,3.6576157071976922e-06,-20600341.12444605,0.0027322748210281134,26459.549620471866,26459.549399516454,3010752000.0
train_tune_10d47_00638_638,RNN,0.0011982907142929,0.2881917202660835,0.2744303935601265,0.45960578322410583,0.8297744989395142,-0.0023972271010279655,6.489485258498462e-06,-20658264.230472364,0.00495907012373209,17209.92182917626,17209.92182935059,3718272000.0
train_tune_10d47_00639_639,RNN,0.0010131333360769,0.0385138059375298,0.0453678865648473,1.8109509944915771,2.3871495723724365,-0.021274184808135033,3.781471968977712e-05,-21083847.388697166,0.11187945306301117,1277.89425820022,1275.1037588770453,6528000.0
train_tune_10d47_00640_640,RNN,0.0004469093653154,0.1323088141574763,0.1375530337833902,0.39630982279777527,0.5572611689567566,-0.0001211179478559643,9.763379239302594e-06,-20084125.648301512,0.019831692799925804,21082.686555055167,21082.65529315782,4622208000.0
train_tune_10d47_00641_641,RNN,0.0004687288293863,0.0400666356347825,0.0408114066134088,0.53875732421875,0.724766731262207,-0.0004450071428436786,1.61570351338014e-05,-19240110.07672047,0.02164040319621563,12053.174902603094,12053.169842944832,2147264000.0
train_tune_10d47_00642_642,RNN,0.0004469093653154,0.0634372803022942,0.0422989692339342,1.907162070274353,2.519301652908325,-0.0018526326166465878,2.6110235921805725e-05,-21402801.03859677,-0.012311904691159725,1304.9883047700514,1304.9883048368831,1617728000.0
train_tune_10d47_00643_643,RNN,0.0008921992633275,0.1961711812377305,0.184419155671027,0.3842204511165619,0.6321510672569275,-0.00029173921211622655,4.046702542837011e-06,-20097330.13558338,-0.037264883518218994,24035.03467390724,24035.053780058122,1577024000.0
train_tune_10d47_00644_644,RNN,0.0005123232027519,0.0461243043295211,0.0385131682741643,1.9414732456207275,2.6403956413269043,-0.0009601333877071738,2.346807741560042e-05,-20409759.469856273,-0.015471749007701874,1236.0898442508974,1251.474838413946,1827392000.0
train_tune_10d47_00645_645,RNN,0.000592092278678,0.1958598229393288,0.2131687153783296,0.5438820123672485,0.866647481918335,-0.003809189423918724,1.663285365793854e-05,-20439629.136096153,0.06555173546075821,11781.258886270845,11781.571941097984,392384000.0
train_tune_10d47_00646_646,RNN,0.0005123232027519,0.3187556091571244,0.2833414750392066,0.4868037700653076,0.6683832406997681,-0.0002977430121973157,1.0471759196661878e-05,-19137608.5108545,0.025927256792783737,14649.580279403313,14649.581189144774,6227328000.0
train_tune_10d47_00647_647,RNN,8.607490902012713e-05,0.2481360013874872,0.2438320572101473,0.3253362774848938,0.49566182494163513,-0.00029229719075374305,4.232434548612218e-06,-20423722.185920246,-0.008644645102322102,27687.123896305027,27687.123888895436,7779776000.0
train_tune_10d47_00648_648,RNN,0.002048846247498,0.1855858970764412,0.1703709657977323,0.5463595390319824,0.8709909915924072,-0.00419068755581975,5.546375177800655e-06,-20722855.47001785,0.01399468258023262,13017.340595229163,13017.99510131117,436032000.0
train_tune_10d47_00649_649,RNN,0.0006427509741694,0.1139800328155344,0.1030105020328358,0.5834479331970215,0.8391628265380859,-0.000658699544146657,1.4351468053064309e-05,-19817685.840832703,0.018321795389056206,10656.225946895811,10656.183290344154,2544000000.0
train_tune_10d47_00650_650,RNN,0.0005126721571413,0.1196374493631765,0.1420649639157552,0.43725740909576416,0.6021204590797424,0.00013539750943891704,1.2055369552399497e-05,-19477840.138637118,-0.0174483023583889,18082.23171496923,18082.231719003783,5262912000.0
train_tune_10d47_00651_651,RNN,0.000439632906523,0.237286029031079,0.2325884435156232,0.3622265160083771,0.5081048607826233,-1.604047793080099e-05,9.047559615282807e-06,-19941606.363562033,-0.01766282133758068,23601.50293212752,23601.503076366,3763392000.0
train_tune_10d47_00652_652,RNN,0.000594664000315,0.1427765717500774,0.1715502027453395,0.3365080654621124,0.5472708344459534,-0.000373073504306376,1.1610516594373621e-05,-20030552.180388436,-0.008933279663324356,25898.595320162305,25898.590902250184,2432448000.0
train_tune_10d47_00653_653,RNN,0.0277620414722464,0.2785185153398785,0.2584221894966755,0.4807547628879547,0.824193000793457,-0.001434756675735116,2.196106652263552e-05,-21129414.123048477,-0.039456047117710114,16031.15863903751,16031.158652733046,2841024000.0
train_tune_10d47_00654_654,RNN,0.0004977983404281,0.176676499293207,0.2006063632462502,0.433319091796875,0.6252921223640442,0.0001706379116512835,2.565612885518931e-05,-18855010.93846743,-0.02368510328233242,17337.2832337914,17337.283233893933,9480896000.0
train_tune_10d47_00655_655,RNN,0.0004687288293863,0.0966374471035888,0.0913044731821637,0.8613447546958923,1.2298983335494995,0.00012791017070412636,7.30416377336951e-06,-20072622.871981174,0.0023766474332660437,5738.85548023346,5738.855479224442,2656832000.0
train_tune_10d47_00656_656,RNN,0.0004547589404862,0.1316880186760956,0.1433508124917817,0.5144945383071899,0.6778560280799866,-0.0003591785207390785,2.3280255845747888e-05,-19453992.82183121,0.02467079646885395,12093.013233183236,12093.841335699428,1080320000.0
train_tune_10d47_00657_657,RNN,0.000439632906523,0.2096742917637568,0.174649358033831,0.4191064238548279,0.5349042415618896,-4.501949297264218e-05,4.4253579289943445e-06,-19581441.695786647,0.0041564456187188625,18082.106059892416,18082.43249449489,6541760000.0
train_tune_10d47_00658_658,RNN,0.0003769631185937,0.1457339745272712,0.1326040188619011,0.379647821187973,0.5969648361206055,-0.0002976100076921284,5.388250883697765e-06,-19766031.567410212,0.0011106946039944887,24167.616185171904,24167.61372854736,2220608000.0
train_tune_10d47_00659_659,RNN,0.0279987472596304,0.2660713449302453,0.2421928521678818,0.512542188167572,0.8453140258789062,-0.001971800345927477,5.503534703166224e-05,-20864563.554644894,-0.07625001668930054,13404.211309553146,13404.209111059463,1349312000.0
train_tune_10d47_00660_660,RNN,0.0005558582707688,0.0694056810313245,0.0656045363206172,0.47619545459747314,0.6473395824432373,-0.0004557726497296244,4.833378170587821e-06,-19053426.863238774,0.02600773610174656,15501.210472929979,15501.210465721852,3869312000.0
train_tune_10d47_00661_661,RNN,0.0012745651299777,0.2617922464494816,0.2618355228750002,0.4800100028514862,0.8450272083282471,-0.0018774529453366995,5.628881353914039e-06,-21138473.339804493,-0.00028070504777133465,16372.998805919548,16372.998785053947,2363328000.0
train_tune_10d47_00662_662,RNN,0.0005074074783873,0.1039822432354241,0.0883187592781576,0.3622839152812958,0.4948929250240326,9.691112791188061e-05,6.330328233161708e-06,-19098249.956436943,-0.017053065821528435,24945.973362801793,24946.00862496779,6203392000.0
train_tune_10d47_00663_663,RNN,0.0023055512127127,0.2971598395781324,0.2725642522748794,0.3543561100959778,0.7413569688796997,-0.002761444542557001,1.125615744967945e-05,-21155267.727058083,-0.03291119262576103,27018.88024844337,27018.880267552115,4593152000.0
train_tune_10d47_00664_664,RNN,0.0005199370217128,0.0688382298625917,0.0909052702169242,1.198743462562561,1.6488111019134521,-0.004405698738992214,9.313878763350658e-06,-20834953.380986877,0.02529481053352356,3005.9615069095,3010.785793802076,32000000.0
train_tune_10d47_00665_665,RNN,0.000461911252461,0.2744394678107633,0.248941777529325,0.5151212215423584,0.8477475047111511,-0.003921403083950281,5.401127964432817e-06,-20826814.747413628,0.02479446493089199,13903.293456501007,13903.293480719105,1808576000.0
train_tune_10d47_00666_666,RNN,0.0004170017573645,0.2779052731419251,0.2787443797969295,0.5735660791397095,0.9107179641723633,-0.002967572072520852,1.8978476873598993e-05,-20969597.367414057,0.037213098257780075,11579.067789880006,11579.067804346712,2293184000.0
train_tune_10d47_00667_667,RNN,0.0004614573261844,0.1426664066401007,0.129606772898502,0.4528176188468933,0.6497940421104431,0.00014426172128878534,4.73345244245138e-06,-18747111.210793927,-0.013427597470581532,17250.788843450828,17250.781847998624,1490944000.0
train_tune_10d47_00668_668,RNN,0.0018203810018746,0.0804752141911524,0.0840136715189779,0.4562368094921112,0.6491779685020447,0.00012236075417604297,3.8037705962779e-06,-19706897.8105897,-0.032367266714572906,16479.44945916837,16479.52911850783,1641344000.0
train_tune_10d47_00669_669,RNN,0.000439632906523,0.1092532629446613,0.1071770848447906,1.0771042108535767,1.571168303489685,-0.0010501748183742166,1.8602861018734984e-05,-19835554.38952025,0.01399820577353239,3625.545162040357,3625.5543732989036,2736704000.0
train_tune_10d47_00670_670,RNN,0.0005413531634411,0.0472642436140367,0.0408491396706237,0.3254477381706238,0.4327157735824585,-8.127804903779179e-05,6.248739737202413e-06,-18939400.547298227,0.01451181061565876,26290.05734625687,26290.05735209093,5586624000.0
train_tune_10d47_00671_671,RNN,0.0005123232027519,0.11528101635753,0.134263145734805,0.3617101311683655,0.5639169812202454,-5.817724741064012e-05,3.9233195820997935e-06,-20551345.32931263,-0.027545005083084106,22535.7544015238,22535.748810139143,2098112000.0
train_tune_10d47_00672_672,RNN,0.0004471124597782,0.2684561859854651,0.2495318857303359,0.3555375933647156,0.5427559614181519,-0.0005596998962573707,4.4337480176182e-06,-19912024.93914389,0.019878709688782692,25333.250851452314,25333.250693811566,4749824000.0
train_tune_10d47_00673_673,RNN,0.0014681489248857,0.2705878750680381,0.2476228377218492,0.483997642993927,0.834847092628479,-0.0023809410631656647,1.069143763743341e-05,-21044889.513481244,-0.037917450070381165,15957.773194859436,15957.77535090457,1435584000.0
train_tune_10d47_00674_674,RNN,0.0006861088504392,0.170900563767616,0.1848797328707938,0.3922020196914673,0.5912885069847107,7.685067248530686e-05,6.085637323849369e-06,-20316351.40672653,-0.04873709753155708,21351.377853416572,21351.37786374727,3769856000.0
train_tune_10d47_00675_675,RNN,0.0005558582707688,0.163320287625013,0.1793912287264527,0.41642826795578003,0.8847196102142334,-0.002728627761825919,8.905562935979106e-06,-20801425.853556357,0.01486743614077568,23036.307290326906,23036.388131363325,1391360000.0
train_tune_10d47_00676_676,RNN,0.0012474459920278,0.2316885356169513,0.2268928961320263,0.45483267307281494,0.8726845979690552,-0.004058524034917355,1.2881057955382857e-05,-21107265.02937421,0.022073272615671158,18356.430339060396,18356.430413270118,1892352000.0
train_tune_10d47_00677_677,RNN,0.0004602268151153,0.2782731658314015,0.2679406065099311,0.3795291781425476,0.8101319074630737,-0.004196495283395052,5.749354841100285e-06,-20543025.49503179,-0.019561205059289932,25903.976306233082,25903.976307004406,5543552000.0
train_tune_10d47_00678_678,RNN,0.0004615621313913,0.083075259870755,0.1142551093616011,1.2965534925460815,1.7744876146316528,-0.010856768116354942,4.6648587158415467e-05,-20936588.827333417,0.11635546386241913,2448.9962756440773,2448.902876799578,58880000.0
train_tune_10d47_00679_679,RNN,0.0027274936897681,0.1258058085936428,0.1483128932784718,0.4512723684310913,0.8531743288040161,-0.0053494954481720924,1.3148597645340487e-05,-21101679.48436693,-0.020432699471712112,19350.9315934399,19350.875508773082,961664000.0
train_tune_10d47_00680_680,RNN,0.000592092278678,0.2635798978103364,0.235343349370794,0.3563336431980133,0.5014413595199585,-6.525989010697231e-05,1.1209174772375263e-05,-19799730.551648695,0.012206313200294971,24274.596715560103,24274.59671987335,6263744000.0
train_tune_10d47_00681_681,RNN,0.0004614573261844,0.0798300515252843,0.0885064931568862,0.5007975101470947,0.6478736996650696,8.259942114818841e-05,9.47791886574123e-06,-19944150.91702293,-0.0018146710935980082,12155.676199646732,12155.645062630492,1014592000.0
train_tune_10d47_00682_682,RNN,0.000439632906523,0.143181359526035,0.1661181964195744,0.5833589434623718,1.0003273487091064,-0.005328834056854248,5.669534857588587e-06,-20944675.619633667,0.010102245956659317,12056.098680162497,12055.846587216332,361088000.0
train_tune_10d47_00683_683,RNN,0.0004832668841367,0.0799728341898696,0.0678183178765121,0.5445891618728638,0.7330163717269897,-0.000680438824929297,4.5095139284967445e-06,-18970961.16641491,0.03809157758951187,11624.151042852125,11624.151016496597,1815232000.0
train_tune_10d47_00684_684,RNN,0.0035355914089708,0.1996920379893408,0.1872418734208115,0.6537725329399109,1.0573210716247559,-0.0024442642461508512,1.961675297934562e-05,-21182673.830174543,-0.06055871397256851,10738.439360287894,10738.464393536462,360320000.0
train_tune_10d47_00685_685,RNN,0.0279987472596304,0.234821572172132,0.2558981644903926,0.35940879583358765,0.5509006977081299,-0.00012745626736432314,2.6306061045033857e-05,-20010013.63438456,-0.045553773641586304,22942.31545698193,22942.31544978069,6507072000.0
train_tune_10d47_00686_686,RNN,0.000439632906523,0.1935166333482865,0.1811650986449925,0.7885468602180481,1.110826015472412,-0.0013904691440984607,5.143488124303985e-06,-19714987.934896983,0.03386377915740013,5767.772970524654,5767.772972927081,4561344000.0
train_tune_10d47_00687_687,RNN,0.000439632906523,0.2632666574692473,0.2623607349517124,0.3742321729660034,0.5149848461151123,0.0002458465751260519,8.013485057745129e-06,-19603810.572771244,-0.030137041583657265,20991.07700003338,20991.087141443277,3797120000.0
train_tune_10d47_00688_688,RNN,0.0006432607472058,0.0960554675179019,0.0712362377004212,0.44709181785583496,0.625268816947937,0.0001276957045774907,5.938348749623401e-06,-19819104.65597317,-0.00020723603665828705,17741.16923319783,17741.065969972573,2618816000.0
train_tune_10d47_00689_689,RNN,0.0005875984091317,0.2251564291671147,0.2231646589432461,0.3923476040363312,0.9248390197753906,-0.005793930031359196,3.9649507925787475e-06,-20992855.11944574,0.002203230280429125,25834.249343960768,25834.251216095432,2113088000.0
train_tune_10d47_00690_690,RNN,0.0004614573261844,0.2530043610562468,0.25404232365968,0.3433062732219696,0.4635345935821533,-0.00022254875511862338,1.4187872693582904e-05,-18835558.957430724,0.03915053978562355,23086.157711323045,23086.157915132848,8037952000.0
train_tune_10d47_00691_691,RNN,0.0018073736855919,0.0839891624991147,0.0683322586355237,0.564689576625824,0.7527099847793579,0.00017970192129723728,2.916816265496891e-05,-20109884.058285452,-0.035461898893117905,10703.027553712609,10702.82430327937,1953920000.0
train_tune_10d47_00692_692,RNN,0.0004614573261844,0.1363163238633782,0.1157261316554293,0.43982642889022827,0.5849403142929077,-0.00041330629028379917,3.4489462450437713e-06,-19433153.325034134,0.03740529343485832,16808.236642575677,16808.236304941267,6509696000.0
train_tune_10d47_00693_693,RNN,0.0004977983404281,0.1698047601278008,0.1345722410944034,0.3910807967185974,0.5765124559402466,-0.00012845122546423227,4.801107024832163e-06,-18940065.4352505,0.015985241159796715,22039.404337534623,22039.40315054363,2332608000.0
train_tune_10d47_00694_694,RNN,0.000439632906523,0.2417926139037691,0.2143535646073515,0.48456573486328125,0.6096764206886292,-5.190433876123279e-05,1.1461032045190223e-05,-19376702.824114583,0.01577414572238922,13370.364270182738,13370.364266452772,5901184000.0
train_tune_10d47_00695_695,RNN,0.0003959394212685,0.2027329634596853,0.1745810978144334,0.40775415301322937,0.5731579661369324,-0.00014087143063079566,3.7912334391876357e-06,-19561447.829168662,0.017882419750094414,20590.55457027283,20590.554529435125,7390400000.0
train_tune_10d47_00696_696,RNN,0.0004687288293863,0.1354871318732632,0.1341344682835294,0.4136304259300232,0.5502703189849854,4.634682409232482e-05,3.53091627403046e-06,-18102507.70374258,-0.007279695477336645,18634.376471252017,18634.37645405168,2973376000.0
train_tune_10d47_00697_697,RNN,0.0006149560939435,0.0702371902988345,0.0536822690301029,0.9738704562187195,1.2674795389175415,-0.002170457737520337,8.047750270634424e-06,-21215428.518348105,-0.0078505240380764,4104.119320575741,4104.119301677178,865728000.0
train_tune_10d47_00698_698,RNN,0.0004832668841367,0.2742717492918836,0.2538492096087386,0.40441352128982544,0.5859739780426025,-0.00013638410018756986,4.081511178810615e-06,-19483650.002116013,-0.009347186423838139,20358.769616374335,20358.769625622597,6246912000.0
train_tune_10d47_00699_699,RNN,0.00064658882409,0.2779211722211465,0.2596186849854734,0.38746580481529236,0.7892661690711975,-0.003056632587686181,5.507959031092469e-06,-20856021.33646714,0.018361151218414307,22545.505206030954,22545.505200037307,4338560000.0
train_tune_10d47_00700_700,RNN,0.0014439207821468,0.2632562506099763,0.240524469748616,0.5301668047904968,0.8603811264038086,-0.002507863100618124,1.3463914001476951e-05,-20916201.40777871,0.031100686639547348,13828.18348597335,13828.183462799625,2101376000.0
train_tune_10d47_00701_701,RNN,0.0255201216976921,0.2532533674966508,0.2451454902243007,0.6892892122268677,0.9564733505249023,0.0015151530969887972,3.346079756738618e-05,-19983707.507857867,-0.0688151866197586,7288.113152439068,7288.111916929407,2131328000.0
train_tune_10d47_00702_702,RNN,1.006963150183519e-05,0.1080409518373327,0.1055272402837271,0.4768720865249634,0.9838680028915405,-0.004092257469892502,1.1816999176517129e-05,-21031023.305950828,0.011627815663814545,18898.810266840414,18898.754993382823,843840000.0
train_tune_10d47_00703_703,RNN,0.0004105105358262,0.1954129549614804,0.1815372474021161,0.6861752271652222,0.9307687878608704,-0.0022551557049155235,6.67212443659082e-05,-20454005.117587373,0.09301045536994934,7811.294113930271,7811.294113525843,5710336000.0
train_tune_10d47_00704_704,RNN,0.0006861088504392,0.262654082674766,0.2224265963934477,0.48856109380722046,0.6866674423217773,-0.00016559206414967775,7.513706350437133e-06,-20470240.071038418,0.00015945883933454752,15243.40684496187,15243.407595322937,2679104000.0
train_tune_10d47_00705_705,RNN,0.000542213918045,0.1945183897827351,0.181181355690739,0.3678728938102722,0.8279953002929688,-0.0032799518667161465,6.394275260390714e-06,-20753363.061294377,-0.02370438352227211,27349.36178915288,27349.340411391466,2245248000.0
train_tune_10d47_00706_706,RNN,0.000592092278678,0.0392269964862034,0.0398684960260437,1.7261252403259277,2.1744067668914795,0.004053080454468727,3.715589991770685e-05,-18856858.98006525,-0.034570615738630295,1308.3734508415885,1308.3734505497305,6297152000.0
train_tune_10d47_00707_707,RNN,0.0005413531634411,0.0796528083462137,0.0596741897453786,0.3485915958881378,0.4864768981933594,-0.00042881074477918446,4.2781384763657115e-06,-20179614.407539956,0.043787553906440735,23540.786043374363,23540.763721729367,2167168000.0
train_tune_10d47_00708_708,RNN,0.0004177936099566,0.1476140129647802,0.1226094832357843,0.37138500809669495,0.4804156422615051,-1.8548627849668264e-05,4.171754426351981e-06,-19380952.625961818,-0.008895063772797585,19941.56647093992,19941.56639799071,2862656000.0
train_tune_10d47_00709_709,RNN,0.0004105571847507,0.2536809118213071,0.2060574867198901,0.40731939673423767,0.6182209253311157,-0.0004507681296672672,5.110360689286608e-06,-18770586.759476993,0.015469687059521675,21258.141490926297,21258.141495292577,4293824000.0
train_tune_10d47_00710_710,RNN,0.0004105105358262,0.190003130164251,0.1799175400912354,0.416377454996109,0.5956545472145081,1.8476754121365957e-05,4.048918981425231e-06,-19434279.950145982,-0.0012073994148522615,20375.372877900216,20375.3728743983,4151616000.0
train_tune_10d47_00711_711,RNN,0.0005558582707688,0.1071999665734704,0.095905579283675,1.261773943901062,1.6629849672317505,-0.0064014857634902,3.4670287277549505e-05,-20673478.2816028,0.06801238656044006,2473.314251212112,2473.3142519119147,2890560000.0
train_tune_10d47_00712_712,RNN,0.0005558582707688,0.2054392556708635,0.2023430008192389,0.6477694511413574,1.0138885974884033,-0.0019400580786168575,6.008121090417262e-06,-21212201.87883636,-0.03988051414489746,10200.186434981815,10200.184855631866,825920000.0
train_tune_10d47_00713_713,RNN,0.0004614573261844,0.1513534348273471,0.1739277800715593,0.36469295620918274,0.5082991123199463,3.481001112959348e-05,4.252785402059089e-06,-19123818.442460336,-0.0058020069263875484,22854.111235450742,22854.111251090028,6001984000.0
train_tune_10d47_00714_714,RNN,0.0038213583222872,0.0899187705764776,0.1032561466614021,0.922638475894928,1.233090877532959,-0.0026308982633054256,1.0221475349680986e-05,-21026985.31670788,0.04858474060893059,4097.875168514175,4097.875183061168,1040576000.0
train_tune_10d47_00715_715,RNN,0.000526771604332,0.2244657541228178,0.2433848089614783,0.41230008006095886,0.7689700722694397,-0.0038790530525147915,1.5940042430884205e-05,-21198459.847609185,0.021397290751338005,21522.57818906408,21522.578163660826,2983808000.0
train_tune_10d47_00716_716,RNN,0.0004614573261844,0.0529630235483144,0.0474156903246864,0.9207293391227722,1.224867820739746,-0.002023033332079649,1.0775529517559335e-05,-20334341.2466465,0.0234048031270504,4686.773071248376,4686.766426882392,523776000.0
train_tune_10d47_00717_717,RNN,0.0045322847371425,0.1295902245492413,0.1090308325875041,0.5547254681587219,0.7844220399856567,8.455237548332661e-06,1.2824003533751238e-05,-20194332.909390375,-0.01075725443661213,12153.645603752459,12153.645506267108,2454272000.0
train_tune_10d47_00718_718,RNN,0.0004759986818498,0.1351480554298119,0.1325515116000283,0.35338425636291504,0.47703611850738525,-9.298374061472714e-05,4.504165190155618e-06,-19109832.59906932,0.007270443253219128,23385.139684016358,23385.13988097073,4711104000.0
train_tune_10d47_00719_719,RNN,0.0004903305870058,0.11516425580002,0.1290151645526579,0.37296077609062195,0.515938401222229,0.00013675120135303587,1.4915009160176851e-05,-18950311.464163408,-0.016857868060469627,22015.90077679854,22015.901180428515,6584512000.0
train_tune_10d47_00720_720,RNN,0.0003959394212685,0.2351563403042624,0.2272109526985739,0.4705544710159302,0.8296586275100708,-0.0029206115286797285,5.011022039980162e-06,-21217097.653059393,0.045420221984386444,15933.915915941365,15933.91624849592,1389824000.0
train_tune_10d47_00721_721,RNN,0.0026127793318857,0.2056833087866107,0.1765458685815606,0.6379851698875427,1.0397928953170776,-0.004713776055723429,5.270288966130465e-06,-21255987.02140454,-0.03526593744754791,10629.083197503842,10629.128778770868,502784000.0
train_tune_10d47_00722_722,RNN,0.0004323547947413,0.0932044228381451,0.1003539576078137,0.35985010862350464,0.5554143786430359,-0.00022401408932637423,3.861607638100395e-06,-20110329.339801416,0.011105990037322044,24714.73963155756,24714.750798595283,2429760000.0
train_tune_10d47_00723_723,RNN,0.001104341548953,0.2788492820454394,0.2514149559388445,0.5061576962471008,0.9047656059265137,-0.003813799936324358,1.2911242265545297e-05,-21074704.64431288,0.020807858556509018,15101.722934812024,15101.722938589151,2864960000.0
train_tune_10d47_00724_724,RNN,0.000439632906523,0.1850614269524385,0.1830975641270402,0.7001924514770508,0.9580052495002747,-0.001081487163901329,6.405083240679232e-06,-19108402.864685025,0.04085345193743706,7337.007840959062,7337.007837534534,3862912000.0
train_tune_10d47_00725_725,RNN,0.0006956315816738,0.1428101591618381,0.1196213686957509,0.32949841022491455,0.5286756753921509,-0.0005183079629205167,4.365005224826746e-06,-20012585.35011958,0.014965107664465904,25734.439805691127,25734.439557523663,3653696000.0
train_tune_10d47_00726_726,RNN,0.0004977983404281,0.2476387276954044,0.2514870588341361,0.3655996024608612,0.5316585898399353,-0.00015824184811208397,4.3033078327425756e-06,-19492355.12542446,0.01720767840743065,24180.310758225045,24180.282564317127,3594304000.0
train_tune_10d47_00727_727,RNN,0.0002384188064754,0.2826683999184471,0.2587841658132351,0.40408995747566223,0.5412576198577881,-7.829228707123548e-05,4.973039722244721e-06,-19242783.46403618,-0.0010026791132986546,17965.365891815694,17965.373582679018,3854912000.0
train_tune_10d47_00728_728,RNN,0.0004661238743299,0.2085420332145605,0.1914960727300263,0.3679066002368927,0.5083703398704529,5.74246296309866e-05,8.113562216749415e-06,-19107989.896697886,-0.014128285460174084,24123.484690550482,24123.484616664147,5542592000.0
train_tune_10d47_00729_729,RNN,0.0006065743894061,0.0359822695551641,0.0305312162120912,0.3655642867088318,0.4889337122440338,2.499607580830343e-05,4.2646888687158935e-06,-18827932.225089833,-0.005407349206507206,23050.25055461769,23050.254946002162,3188288000.0
train_tune_10d47_00730_730,RNN,0.0026472211605526,0.2841698744441813,0.2706678865877181,0.38910406827926636,0.789943277835846,-0.0033722943626344204,4.814505700778682e-06,-20961343.155158333,0.009811916388571262,24007.872985321555,24007.8729847508,5100672000.0
train_tune_10d47_00731_731,RNN,0.000439632906523,0.0332939627283643,0.0324037515398836,1.1611969470977783,1.6219251155853271,-0.0024877761024981737,1.1491640179883689e-05,-20533529.418828882,0.0337795652449131,3003.304897964145,3003.3048980053127,2025472000.0
train_tune_10d47_00732_732,RNN,0.0004177936099566,0.2552979903025157,0.264943963087101,0.41993239521980286,0.5915965437889099,0.00012801334378309548,9.229521310771815e-06,-19520527.332724474,-0.014708021655678749,17661.00812878144,17661.008134588817,6803200000.0
train_tune_10d47_00733_733,RNN,0.0004389918864892,0.2280316177106634,0.2428000550883335,0.33422982692718506,0.4738590121269226,3.111673140665516e-05,6.13815291217179e-06,-20289393.879076753,-0.010625103488564491,26670.12173455496,26670.12174700098,5711552000.0
train_tune_10d47_00734_734,RNN,0.024072435926413,0.2017497813861018,0.1785627023119824,0.6029715538024902,0.7720776796340942,0.0016142027452588081,2.3158136173151433e-05,-19631046.235483535,-0.0803309977054596,8767.997930520725,8767.9979273652,4163904000.0
train_tune_10d47_00735_735,RNN,0.0004177936099566,0.238112373393783,0.2331639276794993,0.3935943841934204,0.5240024924278259,1.1335978342685848e-05,8.374063327210024e-06,-18583475.8586853,-0.0005150872748345137,21658.20173389135,21658.18404425349,3395584000.0
train_tune_10d47_00736_736,RNN,0.0005123232027519,0.0483233512900738,0.0451928945182194,1.3013248443603516,1.7421660423278809,-0.007334376219660044,4.246347089065239e-05,-19279602.70720114,0.08322302997112274,2439.356385808451,2439.356386224455,6684160000.0
train_tune_10d47_00737_737,RNN,0.0004105105358262,0.0449432316390718,0.0433244019094125,1.0524033308029175,1.3844268321990967,-0.004412412643432617,1.0774909242172725e-05,-19724685.92640063,0.05668773874640465,3572.161776479066,3572.161776350893,1457792000.0
train_tune_10d47_00738_738,RNN,0.0006915858283763,0.1289500150067003,0.1525106428208963,0.5581149458885193,0.9294393062591553,-0.00428558187559247,7.321657903958112e-06,-21198386.992456168,-0.016702622175216675,13788.016083961604,13788.002893095274,641984000.0
train_tune_10d47_00739_739,RNN,0.0005123232027519,0.1943337643962842,0.1728013148410304,0.38083717226982117,0.5454992651939392,-0.0003828057670034468,1.7367172404192388e-05,-19316284.77489976,0.04661216586828232,22822.8831483858,22822.87444663331,3952896000.0
train_tune_10d47_00740_740,RNN,0.0003959394212685,0.2386659870562966,0.2101831958888382,0.37089788913726807,0.49899283051490784,3.9480277337133884e-05,3.367468934811768e-06,-19421936.66316359,-0.009814874269068241,20102.89073434099,20102.935666215526,2883648000.0
train_tune_10d47_00741_741,RNN,0.0006429693493588,0.1626600602837739,0.1335963319137917,0.4748195707798004,0.690497636795044,-0.00010866745287785307,4.250960046192631e-06,-19553742.77690692,-0.012820260599255562,15935.522989848265,15935.525116987039,1710464000.0
train_tune_10d47_00742_742,RNN,0.0005413531634411,0.0396342500101232,0.0376742396845633,0.768547534942627,1.0806537866592407,-0.00226205145008862,2.1267152988002636e-05,-19163894.2312475,0.07443390041589737,6372.375432303661,6372.375540753943,1328064000.0
train_tune_10d47_00743_743,RNN,0.0004614573261844,0.1850330331819244,0.1306050596189238,0.5302000641822815,0.7132666110992432,6.916433630976826e-05,4.269641976861749e-06,-18858472.739838906,-0.002615186618641019,12170.725279269474,12170.725765554891,4283456000.0
train_tune_10d47_00744_744,RNN,0.0023878364266925,0.0710791973046194,0.0759934522805391,1.1357988119125366,1.5043760538101196,-0.0015923997852951288,1.23099162010476e-05,-20083184.118353963,0.0007471900898963213,3010.537451099304,3010.5329670409,249920000.0
train_tune_10d47_00745_745,RNN,0.0014011688441701,0.2645406450821274,0.272283964618312,0.3992035388946533,0.7568197250366211,-0.0036004246212542057,1.9189696104149334e-05,-21030094.695614174,0.019235827028751373,22001.415626584014,22001.415455403265,2547584000.0
train_tune_10d47_00746_746,RNN,0.0004105105358262,0.2057868944003888,0.2026431960352975,0.3470296859741211,0.5346984267234802,-0.00040585335227660835,8.615763363195583e-06,-20531175.571504958,0.044802818447351456,24663.097557413395,24663.09489876593,3047040000.0
train_tune_10d47_00747_747,RNN,0.0007093227579758,0.3111130517949141,0.271521748570692,0.41003096103668213,0.6277276277542114,-9.092038089875132e-05,4.542015176411951e-06,-20044875.988411207,0.0024117000866681337,21174.408950385507,21174.40895179171,5427008000.0
train_tune_10d47_00748_748,RNN,0.0006120515155649,0.1591337788762303,0.1470938683798743,0.34328553080558777,0.5020046234130859,-0.00032947547151707113,3.6582514439942315e-06,-19714383.82107944,0.030347155407071114,24908.501432830068,24908.503915830293,3384448000.0
train_tune_10d47_00749_749,RNN,0.0005190952910641,0.0984114724688677,0.0789657942181492,0.4180430769920349,0.6851464509963989,-5.7370911235921085e-05,1.0400702194601763e-05,-20173571.388395306,-0.029785389080643654,21639.052275086335,21639.052490919723,3425152000.0
train_tune_10d47_00750_750,RNN,0.0005312124737667,0.2738704917895052,0.281656643897672,0.42263901233673096,0.5971217751502991,-0.0003124931245110929,3.946577635360882e-06,-19714095.440788552,0.009051498956978321,18679.20777196577,18679.207739189784,4774464000.0
train_tune_10d47_00751_751,RNN,0.000439632906523,0.0991484145154606,0.0789261446517099,0.5573248267173767,0.7892872095108032,0.0005004685372114182,4.369811449578265e-06,-18634715.906166308,-0.03140682354569435,11668.95394992995,11668.953954444629,3815296000.0
train_tune_10d47_00752_752,RNN,0.000592092278678,0.0407703101333192,0.0443503439646859,1.2065484523773193,1.5950819253921509,-0.004692017566412687,3.949592064600438e-05,-19369982.24794552,0.0628802701830864,2995.47323841896,2995.473238457139,3095104000.0
train_tune_10d47_00753_753,RNN,0.0007964516136424,0.152317103682899,0.1260694014332948,0.6739885807037354,0.886183500289917,-0.0004931671428494155,9.15402688406175e-06,-20217865.649656087,-0.0031458332668989897,7825.804306179323,7825.807147367208,1687232000.0
train_tune_10d47_00754_754,RNN,0.0006427509741694,0.0462980896745563,0.0474288259528226,1.4854416847229004,1.9408210515975952,0.011583495885133743,0.00012612716818694025,-20696519.657745287,-0.09687104821205139,1874.002369981871,1874.0031044413718,266688000.0
train_tune_10d47_00755_755,RNN,0.0006073331135365,0.107747339946538,0.1179227305853879,0.3778657019138336,0.6043640971183777,-0.0002570812066551298,4.114296643820126e-06,-19922809.329167236,0.02081923745572567,23566.355797355944,23566.35352308258,2772736000.0
train_tune_10d47_00756_756,RNN,0.0004329449059262,0.1096153288010039,0.1044224773039679,0.44107842445373535,0.6495907306671143,0.00039550449582748115,3.8193893487914465e-06,-20161364.80220247,-0.004618323873728514,17287.040982838953,17287.03874610536,1742912000.0
train_tune_10d47_00757_757,RNN,0.0003959394212685,0.0333568390299703,0.0333101679634862,0.8742208480834961,1.1441882848739624,-9.614483133191243e-05,1.2335166502452921e-05,-19855568.43986618,-0.0004810616374015808,5204.37407563659,5204.37426111799,2669568000.0
train_tune_10d47_00758_758,RNN,0.000439632906523,0.079064365235151,0.0730040609042164,1.0996994972229004,1.5275977849960327,-0.0021727504208683968,3.097514854744077e-05,-20246307.856900692,0.04447342827916145,3570.5795006126673,3570.5795006488893,1572608000.0
train_tune_10d47_00759_759,RNN,0.0019584918650226,0.1629400665983619,0.1699744956733693,0.4870280921459198,0.9683366417884827,-0.007411889731884003,1.4560420822817832e-05,-20678481.15424559,0.06854940205812454,18087.790746519415,18087.203704724277,809408000.0
train_tune_10d47_00760_760,RNN,0.0004832668841367,0.1613984222279044,0.1379140504806768,0.4340987801551819,0.6449295282363892,0.00011836802877951413,5.338140908861533e-06,-19993453.42430276,0.006459948606789112,17342.355565526057,17342.355566552997,3690368000.0
train_tune_10d47_00761_761,RNN,0.0004469093653154,0.0825867891603965,0.0715123547019821,0.5903263092041016,0.8979718089103699,-0.00042105757165700197,8.65432866703486e-06,-19702250.451933466,0.005020197480916977,11504.171842724549,11504.176798949324,2841280000.0
train_tune_10d47_00762_762,RNN,0.0004614573261844,0.2125249468010014,0.1995932254239704,0.3849976062774658,0.5306795239448547,-0.00018716567137744278,3.208148427802371e-06,-19055654.22018417,0.018248965963721275,21839.31121132886,21839.31120351203,7096000000.0
train_tune_10d47_00763_763,RNN,0.0004469093653154,0.2042070129866318,0.1693670196402208,0.5635386109352112,0.7591635584831238,-0.0001237984688486904,5.281469839246711e-06,-18853268.037020266,0.005073829088360071,11189.52492898343,11189.524968566215,4605312000.0
train_tune_10d47_00764_764,RNN,0.0003959394212685,0.1118124693977581,0.1213207728332592,0.5736530423164368,0.8057712912559509,0.00019921062630601227,8.632420758658554e-06,-20075576.306495585,-0.035985998809337616,11207.897104406793,11207.897417088629,2041152000.0
train_tune_10d47_00765_765,RNN,0.00017686273224,0.2618693519005542,0.2586261557457974,0.5254898071289062,0.9388273358345032,-0.0015036154072731733,7.5513089541345835e-06,-21444376.092411935,-0.05097886547446251,14882.679925935832,14882.679921640725,1584192000.0
train_tune_10d47_00766_766,RNN,0.0004106971951581,0.1460610832983032,0.150981860688515,0.36414870619773865,0.7896381616592407,-0.0033812548499554396,4.685516614699736e-06,-20626702.65850371,0.018753323704004288,27283.60810575963,27283.608901660547,2034048000.0
train_tune_10d47_00767_767,RNN,0.0006065743894061,0.1775848483423819,0.1831738599951916,0.3905775845050812,0.5280534625053406,-0.00034668153966777027,5.9359881561249495e-06,-19308805.475256704,0.043352507054805756,21957.706663430796,21957.706665152047,4736768000.0
train_tune_10d47_00768_768,RNN,0.0008587995605174,0.1293455578716501,0.1304009609819097,0.4239324927330017,0.8109989762306213,-0.003699483582749963,1.065296328306431e-05,-21140953.09402158,0.0058253854513168335,22511.309975722543,22511.24510305116,1281920000.0
train_tune_10d47_00769_769,RNN,0.0012088970056997,0.2391023028691716,0.2118474437971538,0.4005833864212036,0.8167851567268372,-0.003527925116941333,6.554727860930143e-06,-21361671.87661259,0.0032856855541467667,22030.978733005362,22030.98032318029,1959744000.0
train_tune_10d47_00770_770,RNN,0.0005564259880221,0.1993893463202892,0.172937772858373,0.5414507985115051,0.7900132536888123,-0.0006526460638269782,6.17766318100621e-06,-19981057.802673057,0.005299040116369724,12518.760708532673,12518.754676172803,2197376000.0
train_tune_10d47_00771_771,RNN,0.0036104793773766,0.1601793621604735,0.1224778889870365,0.5500064492225647,0.7845996022224426,8.164723112713546e-05,1.1982288924627937e-05,-20597320.663280934,0.002340146107599139,11632.035124936381,11632.035092263184,2393920000.0
train_tune_10d47_00772_772,RNN,0.0005558582707688,0.2191075540948345,0.2336410185195588,0.6536455750465393,0.9678798913955688,-0.004619807004928589,2.0721972759929486e-05,-20702307.673880532,0.053791072219610214,8829.44184497495,8829.441756728873,1438272000.0
train_tune_10d47_00773_773,RNN,0.0007123509339712,0.2029376877356526,0.2195807316718387,0.5580351948738098,0.940055251121521,-0.001320717390626669,8.7861872088979e-06,-20905799.03381485,-0.0027293844614177942,13793.76480462728,13793.765778000808,1254528000.0
train_tune_10d47_00774_774,RNN,0.0015270774282824,0.2376247587156065,0.2437839965523132,0.4420888423919678,0.7747650146484375,-0.0030911732465028763,8.252248335338663e-06,-20840340.635820467,-0.022114865481853485,17732.90122279167,17732.90128705376,2053568000.0
train_tune_10d47_00775_775,RNN,0.0004404332394965,0.1325224439023277,0.1073047122971113,0.5998744368553162,0.821001410484314,-0.0017941729165613651,2.4730845325393602e-05,-19727650.334329315,0.0526060089468956,9835.387196583826,9835.387197222755,2803136000.0
train_tune_10d47_00776_776,RNN,0.0005562997284378,0.085918527912427,0.0927041214089644,0.7359667420387268,1.1450456380844116,-0.0009258610662072897,3.3516367693664506e-05,-21218662.325922355,-0.04875179007649422,7801.137759484163,7801.137759228249,2316864000.0
train_tune_10d47_00777_777,RNN,0.0004500782103119,0.1664178209838083,0.132163885636847,0.4342847466468811,0.6538631319999695,-0.00021680427016690373,5.410665380622959e-06,-20227572.770674057,0.015955815091729164,19589.97975646366,19589.872560388234,1507840000.0
train_tune_10d47_00778_778,RNN,0.0022726859059754,0.2270835962185452,0.217626543925516,0.352199912071228,0.5715039372444153,-0.00010997505887644365,7.473400728486013e-06,-20227743.157964315,-0.036936599761247635,27392.659265368195,27392.659433883156,4240704000.0
train_tune_10d47_00779_779,RNN,0.0004958607251188,0.1374780578828939,0.1596881649001989,0.49767279624938965,0.7304927110671997,6.543014023918658e-05,4.331996024120599e-06,-20511393.43569333,-0.01163106132298708,14782.396387320263,14782.396629207933,2944960000.0
train_tune_10d47_00780_780,RNN,0.0010907106765917,0.1477133162792727,0.1574838694457225,0.8675776124000549,1.287647008895874,-0.0040397983975708485,5.21268793818308e-06,-21507882.448390402,0.029426248744130135,4707.9807170350905,4707.978671096063,323328000.0
train_tune_10d47_00781_781,RNN,0.0004614573261844,0.0954102231930967,0.0836632175836332,0.7890913486480713,1.0717302560806274,-0.0009610202396288514,8.83023767528357e-06,-18806569.062258888,0.026199476793408394,5775.57153169386,5775.571531812857,5048896000.0
train_tune_10d47_00782_782,RNN,0.0005558582707688,0.2941146527847133,0.280553603753467,0.33851832151412964,0.49400097131729126,-0.00011068509775213897,4.944302418152802e-06,-19557056.7902281,0.0049848128110170364,27463.348831844523,27463.348824646626,8535936000.0
train_tune_10d47_00783_783,RNN,0.0003959394212685,0.2128104530698926,0.2362043460386976,0.5527029633522034,0.8817267417907715,-0.0022650270257145166,1.7967267922358587e-05,-20917319.491880476,-0.013081097975373268,12603.1401149513,12603.140132515804,2394560000.0
train_tune_10d47_00784_784,RNN,0.0004687288293863,0.1011138314334308,0.0590602060738995,0.6209667325019836,0.8255336284637451,0.00033250756678171456,2.1413057766039856e-05,-18822347.317919478,-0.021212197840213776,9337.580819825398,9337.580611830643,2687552000.0
train_tune_10d47_00785_785,RNN,0.000439632906523,0.0335748938260307,0.0323281607468093,1.0913310050964355,1.4574415683746338,-0.00018701530643738806,5.171977136342321e-06,-19850404.4844514,-0.0016292064683511853,3600.976211753323,3600.9762075342674,1322432000.0
train_tune_10d47_00786_786,RNN,0.000439632906523,0.156352757343349,0.1535169562402868,0.5338900685310364,0.7586463689804077,-0.0005258414312265813,1.968767355720047e-05,-18728029.819208134,0.032315682619810104,13896.87957835547,13896.87957639671,3820416000.0
train_tune_10d47_00787_787,RNN,0.000439632906523,0.2248272755654524,0.2274199425064716,0.46542230248451233,0.6820646524429321,-0.00015250295109581202,8.836012057145126e-06,-20161020.70637804,0.0022711846977472305,15471.806657081053,15471.806633544298,6142912000.0
train_tune_10d47_00788_788,RNN,0.0004614573261844,0.0297413704480155,0.0275602796756288,2.6554315090179443,3.5012168884277344,-0.048685405403375626,9.724534902488813e-05,-20030111.12866291,0.1352841556072235,743.7829048656797,743.3634906443115,1576192000.0
train_tune_10d47_00789_789,RNN,0.0004687288293863,0.1747223624937074,0.1658506642206268,0.9142559170722961,1.276632308959961,-0.0036364831030368805,1.987037467188202e-05,-19024754.21107591,0.08387216180562973,5187.021801285246,5187.021783423738,7425472000.0
train_tune_10d47_00790_790,RNN,0.0005123232027519,0.1891673074748869,0.1666988540238251,0.4672277569770813,0.649124801158905,0.0002917371457442641,1.544151018606499e-05,-19016685.286168557,-0.02499050460755825,15667.558802423446,15667.558256996344,4748096000.0
train_tune_10d47_00791_791,RNN,0.0005961368761643,0.1466150479602793,0.1301705748377913,0.8133254051208496,1.0907753705978394,-0.002570231445133686,6.909114745212719e-06,-20791010.50217938,-0.0028283298015594482,5740.260803258219,5740.260806144539,1540800000.0
train_tune_10d47_00792_792,RNN,0.0004476380971856,0.1370399224148349,0.1436407186146343,0.44273996353149414,0.644740104675293,-0.00069543591234833,1.4849106264591683e-05,-20519024.71830201,0.038686204701662064,16792.927339835787,16792.95804963937,1704256000.0
train_tune_10d47_00793_793,RNN,0.0035922102598493,0.1841377774464375,0.1816991034418731,0.372858464717865,0.8115806579589844,-0.0036766650155186653,8.472429726680275e-06,-20676266.55796293,-0.01277465745806694,26353.292352953045,26353.283674292234,1940544000.0
train_tune_10d47_00794_794,RNN,0.001881651820348,0.2528470916428449,0.2484041892795266,0.3795650899410248,0.5186915993690491,0.00017647523782216012,7.828959496691823e-06,-19907427.691072334,-0.020358167588710785,20285.86970294899,20285.871201859183,3588352000.0
train_tune_10d47_00795_795,RNN,0.0005752259275518,0.266940382767759,0.2819705618667442,0.5610608458518982,0.8631173968315125,-0.0030246898531913757,5.204827175475657e-06,-20892362.2480866,0.0235766489058733,12549.944311758733,12549.944309409831,2961344000.0
train_tune_10d47_00796_796,RNN,0.0004977983404281,0.028020839250035,0.0302855645125966,0.9936961531639099,1.3911584615707397,0.0008906350703909993,1.159599287348101e-05,-19105363.857486047,-0.018741467967629433,4167.3332265515455,4167.333226294217,2135552000.0
train_tune_10d47_00797_797,RNN,0.0004264522221206,0.1615684435845537,0.145551983395012,0.7552108764648438,1.0846079587936401,-0.0009588667307980359,2.7479898562887684e-05,-20706296.622398213,-0.03420911356806755,6739.012332331569,6739.012041957363,965376000.0
train_tune_10d47_00798_798,RNN,0.0004237770305001,0.177528265088052,0.1600144490403455,0.32341131567955017,0.42748594284057617,-9.454268729314208e-05,3.5322032090334687e-06,-20247872.28618957,0.015228582546114922,25616.50439718885,25616.538589722495,2518656000.0
train_tune_10d47_00799_799,RNN,0.0003959394212685,0.0550046713603667,0.0426988536213764,0.4496464431285858,0.5869134068489075,0.00014203366299625486,4.4696125769405626e-06,-19740543.94914026,-0.014646166935563087,16902.5057106961,16902.506621308137,5662528000.0
train_tune_10d47_00800_800,CNN,0.0215384462754163,0.2496082388898407,0.2326802334975249,2.8697314262390137,11.850027084350586,-3.959681510925293,5.5105992942117155e-05,-2592.128604458663,-0.09634381532669067,122923818.01193288,122206076.22473736,4782668351.0
train_tune_10d47_00801_801,CNN,0.0004614573261844,0.3292600034016661,0.312005325804788,2.227546215057373,5.73663330078125,-2.406752109527588,9.365013283968437e-06,-6936.592960689644,-0.005873574875295162,6773877373.926704,6705928766.532179,19550599655.0
train_tune_10d47_00802_802,CNN,0.0064228983569831,0.3106670220546738,0.3577658697459098,2.2941911220550537,8.599117279052734,-2.57761287689209,2.5047367671504617e-05,-1750.5606266232235,-0.0759492814540863,5326.0720420072375,5326.0720420072375,15854687.0
train_tune_10d47_00803_803,CNN,0.0006148452455297,0.3581852046765668,0.3758468014823293,2.3023881912231445,7.78753137588501,-2.6031689643859863,2.5585237381164916e-05,-2358.511011287553,0.06101697310805321,284040.8893475326,282718.788219731,2480478031.0
train_tune_10d47_00804_804,CNN,0.0045461686460326,0.3610544558949864,0.3869774539526111,3.661372423171997,12.274822235107422,-6.691023826599121,4.31130756624043e-05,-2054.0491858368805,-0.03573328256607056,221982.45956634165,220298.60058199053,2287613815.0
train_tune_10d47_00805_805,CNN,0.003306414197109,0.3119122395057947,0.3023755855136362,2.841343641281128,9.449320793151855,-3.936551809310913,1.994950434891507e-05,-3352.6406815530318,-0.06300996243953705,165873400.51083183,171457185.23936325,3626829183.0
train_tune_10d47_00806_806,CNN,0.000447366587583,0.3108696238677172,0.2989662451002874,1.2276246547698975,4.976449012756348,-0.6977412700653076,1.0889451004914008e-05,-5274.107846152296,0.028235770761966705,419682779480.7948,428958463677.24286,19440288727.0
train_tune_10d47_00807_807,CNN,0.0006645156835184,0.3514395695206029,0.3965977888371299,2.806708812713623,10.787013053894043,-3.7903923988342285,2.8019960154779255e-05,-2133.756522287084,-0.09711628407239914,159543.6499855385,160160.82321046075,1344975103.0
train_tune_10d47_00808_808,CNN,0.0055108824153895,0.2975892012848639,0.327252884551423,1.4571787118911743,5.0893144607543945,-0.9795064926147461,9.4388133220491e-06,-1722.8478661172244,-0.010525957681238651,2085.551440599685,2085.551440599685,8663063.0
train_tune_10d47_00809_809,CNN,0.0017939238437695,0.3332744242523375,0.3177274590306971,3.006802558898926,9.736419677734375,-4.4479875564575195,2.901639891206287e-05,-4847.08639946111,0.017428230494260788,11812828859.841167,11953806590.20402,12241518919.0
train_tune_10d47_00810_810,CNN,0.0004602815388746,0.2889069573238873,0.3007836070372733,1.5208244323730469,6.287899017333984,-1.1160283088684082,1.998723018914461e-05,-25457.412894420053,0.05358152091503143,12121335648740.71,12017800087514.291,20544897863.0
train_tune_10d47_00811_811,CNN,0.0292493145363607,0.3427684453273121,0.3593130196438032,1.207754373550415,4.3794050216674805,-0.6543965339660645,1.0750874025688972e-05,-4898.574073427418,-0.0071404315531253815,179352357765.6363,184185050452.3858,10241114407.0
train_tune_10d47_00812_812,CNN,0.0004513195455212,0.3390336433523089,0.3660964112122087,2.3037619590759277,8.623489379882812,-2.5723795890808105,1.7468808437115513e-05,-5136.580857422378,0.008438275195658207,17266356212.218575,17372322781.023636,17937952223.0
train_tune_10d47_00813_813,CNN,0.0008385149817127,0.3631516976771606,0.4206477503366513,1.3789293766021729,4.853814125061035,-0.8824868202209473,1.0298907000105828e-05,-1877.2544590059103,-0.031094031408429146,126583.32055452502,126685.10699239257,5601295519.0
train_tune_10d47_00814_814,CNN,0.0004405334860516,0.3068500364525733,0.3197850207990593,1.8090213537216187,3.301649570465088,-1.2674100399017334,5.9193698689341545e-06,-3017.511619637923,-0.0719200000166893,27373382.388770916,27018120.29647412,1024273967.0
train_tune_10d47_00815_815,CNN,0.0044368131688153,0.2891529937955653,0.2789620466449961,3.814258575439453,6.631478309631348,-8.891225814819336,0.00010575427586445585,-2073.4332147805294,0.029702389612793922,3833.7055445281003,3833.7055445281003,1432799.0
train_tune_10d47_00816_816,CNN,0.0010899888684516,0.3351169940133325,0.3490950371345567,2.137775421142578,8.668824195861816,-2.2355544567108154,2.1896248654229566e-05,-7592.547896087424,0.04541401192545891,269845517.0608485,264549533.32732418,13369455023.0
train_tune_10d47_00817_817,CNN,0.0004832668841367,0.2974490942608865,0.2655811442529653,0.9607959985733032,3.86893367767334,-0.4113403856754303,1.2812242857762612e-05,-9407.899556800488,0.043760996311903,29919225063.62239,30627812062.12894,8183636551.0
train_tune_10d47_00818_818,CNN,0.0038734083353041,0.3467476296818703,0.3995141067063297,2.1479272842407227,8.128678321838379,-2.25815749168396,1.4858218492008746e-05,-2144.3665510720325,0.009205273352563381,76299.4670293919,77573.40606749049,311067695.0
train_tune_10d47_00819_819,CNN,0.0012045845069175,0.3524181816742912,0.369028761656597,2.7094063758850098,11.495116233825684,-3.6197867393493652,2.8223548724781722e-05,-5417.770725344635,-0.053224850445985794,737370303.7997973,726425008.8160609,21374345823.0
train_tune_10d47_00820_820,CNN,0.0003959394212685,0.3597691540482925,0.3561649389964532,3.629039764404297,16.242387771606445,-6.639898300170898,3.989992183051072e-05,-2742.7437034399973,-0.004509514197707176,17322592.904888198,17501245.823921043,23686232279.0
train_tune_10d47_00821_821,CNN,0.0003960294381882,0.3184477259376639,0.3332634802283538,1.1095023155212402,2.0370090007781982,-0.28487861156463623,1.780117372618406e-06,-11142.109175641554,0.0068539464846253395,9544999344565.633,9444568714745.871,21772485871.0
train_tune_10d47_00822_822,CNN,0.0007091342526932,0.3210421029303896,0.3044138655201376,0.7092374563217163,2.539152145385742,-0.1812855303287506,5.855024028278422e-06,-9215.627650684613,0.0023690443485975266,133473163527.58893,135669335648.68335,18359442367.0
train_tune_10d47_00823_823,CNN,0.003320870670641,0.3231390468666961,0.3285478108956388,2.300948143005371,8.47973346710205,-2.5202476978302,1.286967562919017e-05,-6438.008926106565,0.007715532090514898,20522911900.58322,20571816739.51644,14334640879.0
train_tune_10d47_00824_824,CNN,0.0009728347479688,0.2645659651798113,0.2646305741618581,1.833054780960083,6.2342352867126465,-1.5803742408752441,7.715485480730422e-06,-2738.9683494400565,-0.019798235967755318,2030481046.3728313,2016928201.233688,4079406823.0
train_tune_10d47_00825_825,CNN,0.0021578539144682,0.3233097606845651,0.3705991143037917,1.600694179534912,6.839991092681885,-1.2288527488708496,1.4051686775928829e-05,-1803.8326660700648,0.042531855404376984,4861.901268495916,4861.901268495916,36963151.0
train_tune_10d47_00826_826,CNN,0.0029219290571882,0.3130621341661596,0.3031990984639398,1.7908473014831543,6.059813976287842,-1.5063517093658447,8.748182153794914e-06,-12853.237322936293,0.010936645790934563,4485330296189.338,4629519471009.227,7345669695.0
train_tune_10d47_00827_827,CNN,0.0006806663171353,0.2855843740707062,0.2844497118860191,0.7834458351135254,2.218081474304199,-0.19220933318138123,7.618843483214732e-06,-22059.34906482008,-0.030461793765425682,756697828247.5591,739750117726.6311,28122878239.0
train_tune_10d47_00828_828,CNN,0.001368787622953,0.3293001682567526,0.3378310622232155,0.6383686065673828,1.572666049003601,-0.1103048324584961,1.3879613334211172e-06,-8225.619426116085,-0.00030214921571314335,14719104369350.586,14547526393576.787,25897160495.0
train_tune_10d47_00829_829,CNN,0.0015596154230395,0.3235560631435903,0.33793217791476,2.4762301445007324,6.757944583892822,-3.059782028198242,5.662874900735915e-05,-3172.977653342004,0.11011067032814026,561739712.6670636,552906363.6624796,4997843527.0
train_tune_10d47_00830_830,CNN,0.0004977983404281,0.3463736459293141,0.3358994137969716,1.4361951351165771,2.8471086025238037,-0.7479232549667358,5.383632469602162e-06,-11711.056394756572,-0.006623949855566025,11598238197207.623,11402974708830.707,37950664327.0
train_tune_10d47_00831_831,CNN,0.0006766362813894,0.3520294383753609,0.376479359952853,1.9057600498199463,6.092580795288086,-1.7794110774993896,3.386902972124517e-05,-1945.6011375123815,0.09994398802518845,297659.6116664704,297833.93269913003,4007867407.0
train_tune_10d47_00832_832,CNN,0.0008438901072261,0.3401851471764801,0.3427772150360631,2.071021556854248,4.740440845489502,-2.0966289043426514,5.611390224657953e-05,-7850.356846284722,0.12139521539211273,6760152529.861478,6558526566.631867,7075797471.0
train_tune_10d47_00833_833,CNN,0.0073605622949695,0.364064115348228,0.3894418763977033,1.7497376203536987,6.534107208251953,-1.4559348821640015,1.9954113668063655e-05,-2251.288920678219,-0.020005667582154274,221277.81245123182,219611.29012856813,7752929351.0
train_tune_10d47_00834_834,CNN,0.0011379018001547,0.2210525465451152,0.2486890802406931,4.83103609085083,8.721904754638672,-14.467578887939453,9.587338718120009e-05,-3592.6078166477764,0.09241003543138504,32303.351171938084,32475.266075515778,3081127.0
train_tune_10d47_00835_835,CNN,0.0017316470984856,0.3051804984518534,0.3472766450469314,1.7564454078674316,6.082640171051025,-1.4451334476470947,1.1798647392424755e-05,-1728.915713947677,-0.023048602044582367,3022.040521107588,3022.040521107588,10411887.0
train_tune_10d47_00836_836,CNN,0.0032275927809908,0.3604278787635431,0.4162487116233813,2.194465160369873,9.103352546691895,-2.355868101119995,1.7024503904394805e-05,-2171.1780556904796,0.01812906563282013,206994.8391935067,207946.61395007544,9087004775.0
train_tune_10d47_00837_837,CNN,0.0053021328243902,0.3277928635378564,0.3503860752105019,1.7135202884674072,7.387036323547363,-1.4240506887435913,1.7546990420669317e-05,-1829.3571763912757,-0.013044013641774654,4828.979393426818,4828.979393426818,32119759.0
train_tune_10d47_00838_838,CNN,0.0006744914487769,0.3412607963921112,0.371135102956403,3.3061742782592773,9.015209197998047,-5.797690391540527,2.2423570044338703e-05,-2361.880323785964,0.005029917694628239,125142.7234541088,126003.68895628961,568668559.0
train_tune_10d47_00839_839,CNN,0.0010153864219872,0.2918223599558936,0.2764252697497628,1.6746985912322998,6.215444564819336,-1.3251680135726929,1.1368581908755004e-05,-2699.875513946178,0.0194147527217865,81277079.2448439,82348981.25153133,5670304167.0
train_tune_10d47_00840_840,CNN,0.0021435372242882,0.3408181000745729,0.3431175687982448,1.680263876914978,4.342621803283691,-1.2864973545074463,1.1643591278698295e-05,-3322.4731893309304,0.027129720896482468,7205544664.0849,7292954800.447517,10549495167.0
train_tune_10d47_00841_841,CNN,0.0127025700513014,0.2904154902703669,0.3379063316233117,1.4511854648590088,5.003500461578369,-0.961471676826477,1.5096596143848728e-05,-1882.7853626641713,-0.02897993102669716,2314.261791764431,2314.261791764431,8666239.0
train_tune_10d47_00842_842,CNN,0.0014016041157391,0.3742920410977563,0.4338584749280529,2.167022705078125,6.256490707397461,-2.2900896072387695,1.4035935237188824e-05,-2042.4447030628714,0.0033690622076392174,102787.54162134125,102815.2168345055,2753681759.0
train_tune_10d47_00843_843,CNN,0.0030528419181718,0.2981318678508265,0.3040228763533111,2.3700456619262695,8.323955535888672,-2.698821544647217,1.543814141768962e-05,-3345.7182338749712,0.0022336249239742756,263448576.0355831,272227437.1483808,13431879695.0
train_tune_10d47_00844_844,CNN,0.0011760041694069,0.2898756679739941,0.2971407738419794,1.1402509212493896,3.4965157508850098,-0.537212610244751,5.84093641009531e-06,-10362.171704655342,0.0008680489845573902,11163329932090.11,11398235417188.723,18785892823.0
train_tune_10d47_00845_845,CNN,0.00047616082515,0.3127125590428966,0.3183406432864702,2.4186882972717285,7.440871715545654,-2.8325796127319336,2.007964940275997e-05,-5606.852226415255,0.05491279810667038,5450180692.515526,5360675147.1346,9303292335.0
train_tune_10d47_00846_846,CNN,0.0004527447651386,0.3539500170559609,0.3519891343009361,1.1763982772827148,4.518134117126465,-0.631949245929718,1.0427829693071544e-05,-2304.8701547591045,0.008753644302487373,5182979.002366198,5205208.649756908,8426449191.0
train_tune_10d47_00847_847,CNN,0.0005419677089779,0.3384483993127632,0.3481885212081118,0.8709589242935181,2.6964547634124756,-0.28762105107307434,2.464400495227892e-06,-40366.97585201332,0.006020599976181984,10971826294827.857,10886488847924.877,20601372439.0
train_tune_10d47_00848_848,CNN,0.000592092278678,0.3269234882108555,0.3229173075199657,1.4058129787445068,4.55776834487915,-0.86180579662323,5.683128620148636e-06,-6081.182000053273,0.001130612101405859,103254838.32657617,105002215.80672851,6269207039.0
train_tune_10d47_00849_849,CNN,0.0004852052822681,0.3600620641753237,0.3625590886948543,1.8839092254638672,7.522496223449707,-1.7276477813720703,1.4602723240386695e-05,-3052.744720581218,0.07953369617462158,9053409.204911908,9140170.091753326,10926125799.0
train_tune_10d47_00850_850,CNN,0.0005776036030766,0.297130821931992,0.3073481171467681,1.4321941137313843,5.1404314041137695,-0.9499173164367676,1.3576363926404156e-05,-24981.695990614346,0.011000861413776875,76817017965748.9,77281383490323.47,37503459559.0
train_tune_10d47_00851_851,CNN,0.001078167272171,0.3316805102505593,0.3350539197558101,1.5770303010940552,5.613665580749512,-1.1476353406906128,7.901095159468241e-06,-2301.047290303216,0.002506664954125881,3169115.5257503213,3188106.057614701,3610516319.0
train_tune_10d47_00852_852,CNN,0.0146462532654015,0.3090836543227954,0.3210595537149354,3.1519062519073486,9.094074249267578,-5.27978515625,5.2931089157937095e-05,-1960.0763578408078,0.15386351943016052,6692.101090521909,6692.101090521909,9173591.0
train_tune_10d47_00853_853,CNN,0.0042045174689611,0.3134701503121552,0.340079793264515,2.984935998916626,2.6427764892578125,-1.532439947128296,2.896912701544352e-05,-1972.4064191131956,0.0794621929526329,14848.053082770537,14829.725386695034,27290607.0
train_tune_10d47_00854_854,CNN,0.0005817101383127,0.3569693440875746,0.4051832858107451,1.8641512393951416,5.602926731109619,-1.643999457359314,1.4054972780286334e-05,-1960.7085328938297,-0.055125389248132706,98409.16396994927,97629.0819753637,431292759.0
train_tune_10d47_00855_855,CNN,0.000439632906523,0.288105544383702,0.2652405457919003,2.517212390899658,8.433834075927734,-3.1083836555480957,2.0397645130287856e-05,-21559.45856606845,0.05043758451938629,1229072300396.255,1216452640203.5444,26955713935.0
train_tune_10d47_00856_856,CNN,0.0067839737390031,0.3514095036376917,0.3825050180299364,2.205136299133301,8.118133544921875,-2.3294529914855957,2.045689689111896e-05,-1766.5851097238672,0.003369564190506935,145282.03311063457,145273.43796754148,3439162543.0
train_tune_10d47_00857_857,CNN,0.0005419061916443,0.3098762681447717,0.2900306516051633,1.290031909942627,3.480473279953003,-0.7062267661094666,5.805400178360287e-06,-4829.57112294592,0.058992788195610046,2925152406768.6064,3043365421566.3438,10169893887.0
train_tune_10d47_00858_858,CNN,0.0014452130634366,0.3348363565707263,0.3569516755883612,1.6542983055114746,6.805087566375732,-1.3080933094024658,3.2635784009471536e-05,-1777.041413111128,0.06211390346288681,5949.495860929168,5949.495860929168,46278175.0
train_tune_10d47_00859_859,CNN,0.007785766593221,0.3699109894614688,0.4295371178674969,1.877824068069458,5.693603515625,-1.6431976556777954,2.1783253032481298e-05,-1786.2932675325758,-0.03291992098093033,110858.63206307984,111444.8632597019,1546423919.0
train_tune_10d47_00860_860,CNN,0.000649981376938,0.287242945233228,0.3259186778379099,1.7497162818908691,4.4278740882873535,-1.4462201595306396,1.0000509064411744e-05,-15665.672423406602,-0.015741948038339615,2296599482.475868,2337539109.8454275,5166202519.0
train_tune_10d47_00861_861,CNN,0.0003959394212685,0.2740893730846223,0.2798208956836379,1.002866506576538,2.6541290283203125,-0.37538087368011475,2.394759576418437e-06,-20415.632847796896,-0.006771937943994999,17448992215063.113,17808809725841.76,20740453655.0
train_tune_10d47_00862_862,CNN,0.0005123232027519,0.3750748924327654,0.343861956621415,1.3033580780029297,1.9499415159225464,-0.33336934447288513,6.937465059309034e-06,-5934.900825834766,0.06293432414531708,1717683516213.3298,1694152380436.0396,16629678191.0
train_tune_10d47_00863_863,CNN,0.000439632906523,0.3276858695963937,0.3505371021462683,0.9701228141784668,1.7134373188018799,-0.18692328035831451,2.1894641122344183e-06,-14010.701156510782,0.010729672387242317,167761755250.64487,169143103964.7119,3733885487.0
train_tune_10d47_00864_864,CNN,0.0033928523405457,0.3419968354257633,0.3183534771856179,1.3317046165466309,2.4048261642456055,-0.5728628635406494,4.495986559049925e-06,-4364.17814881451,-0.03057895600795746,9759038453.8555,9921500753.85352,5005566047.0
train_tune_10d47_00865_865,CNN,0.0015984080187718,0.3134878654337947,0.3797214033728238,1.970881462097168,8.492677688598633,-1.8963134288787842,1.8790055037243292e-05,-1794.7878158179187,0.005359023809432983,4137.801408746818,4137.801408746818,20018287.0
train_tune_10d47_00866_866,CNN,0.0006317131067808,0.2979687423318937,0.3201411937950709,1.3091771602630615,5.40156364440918,-0.8113821148872375,9.391447747475468e-06,-1955.0913701234979,-0.0041768308728933334,2118.142591526615,2118.142591526615,14043287.0
train_tune_10d47_00867_867,CNN,0.0018871279655421,0.3577223915101111,0.3542819001119635,1.8391461372375488,7.069580554962158,-1.5857305526733398,2.0333951397333294e-05,-3427.65180498602,-0.08311769366264343,350276426.12920797,353037824.97513413,27060529151.0
train_tune_10d47_00868_868,CNN,0.0012250673195913,0.3028786055203842,0.2894523676045287,0.40833717584609985,0.7710535526275635,-0.01790381595492363,4.982347036275314e-06,-5838.073228589177,-0.0024537539575248957,46823833924.116135,49523691926.37709,6306598063.0
train_tune_10d47_00869_869,CNN,0.0063465707387455,0.3249820894915333,0.3547815262809662,1.6307973861694336,6.086391448974609,-1.2480742931365967,1.3955605936644133e-05,-1888.3232969467094,0.04284675046801567,4172.641198200687,4172.641198200687,22432975.0
train_tune_10d47_00870_870,CNN,0.0107708510068825,0.3447444728626476,0.3733473035705493,2.027310371398926,6.830822467803955,-1.9706213474273682,1.4055554856895469e-05,-2788.9371358444523,0.057277873158454895,6222391.657843373,6152327.072584619,6820358639.0
train_tune_10d47_00871_871,CNN,0.0181096930630671,0.3272571650150511,0.3674094732804392,2.0610415935516357,8.409615516662598,-2.034165382385254,2.5520948838675395e-05,-1782.3261044768806,-0.060990311205387115,5320.978484911096,5320.978484911096,24276287.0
train_tune_10d47_00872_872,CNN,0.0062563082293176,0.2726024777496483,0.3168408243072387,1.8375558853149414,5.366689682006836,-1.6538418531417847,4.7257079131668434e-05,-1854.8704854355412,-0.09512742608785629,2480.5423366550685,2480.5423366550685,4828927.0
train_tune_10d47_00873_873,CNN,0.0007486602921088,0.3288664290081828,0.3512982548333874,4.200255393981934,16.983301162719727,-8.779918670654297,4.6760680561419576e-05,-2857.619869189089,-0.013270295225083828,9412586.719379095,9552039.612077927,7146091407.0
train_tune_10d47_00874_874,CNN,0.0008066285615899,0.3594619625663934,0.4103670198104146,1.669616937637329,5.7821197509765625,-1.2828253507614136,2.3359967599390075e-05,-2124.3845672860853,-0.0314139723777771,136659.99219668075,136645.89628363433,3274143359.0
train_tune_10d47_00875_875,CNN,0.000439632906523,0.1855161780930564,0.2066458059738764,0.5827718377113342,1.2023279666900635,-0.04772476106882095,8.450064342468977e-06,-8340.091138278169,0.007698484696447849,6068569236.321396,6052281495.868158,4120085239.0
train_tune_10d47_00876_876,CNN,0.0015059370380197,0.364270501747013,0.4301515202395004,2.0330467224121094,8.239103317260742,-2.067058563232422,2.5974008167395368e-05,-1763.9375004823921,0.07101808488368988,148398.13722127507,147398.5543321386,1960447231.0
train_tune_10d47_00877_877,CNN,0.0010654340414371,0.3215874701489565,0.3522642528574874,1.4365146160125732,5.43319034576416,-0.9572908878326416,9.55206087382976e-06,-1755.959066343238,-0.013931789435446262,4251.566134542212,4251.566134542212,29840887.0
train_tune_10d47_00878_878,CNN,0.0005969045036865,0.3141032676399731,0.3500111723093156,2.192436456680298,7.383871078491211,-2.354275941848755,2.1777043002657592e-05,-1838.5763838980686,0.032383084297180176,5261.922793435451,5261.922793435451,17888815.0
train_tune_10d47_00879_879,CNN,0.0005523179933293,0.3623735400168154,0.3717138399812901,2.4948325157165527,8.5642671585083,-3.0342087745666504,7.264662417583168e-05,-2378.4593671037433,-0.17410112917423248,308086.39194717223,305441.3168116943,3387781319.0
train_tune_10d47_00880_880,CNN,0.0008372576496147,0.3370060344848178,0.3731427106808422,1.5996208190917969,2.100459575653076,-0.6368531584739685,1.1774802260333672e-05,-2125.491749356774,0.06006595864892006,48359102.80713315,48788825.41397525,10395584543.0
train_tune_10d47_00881_881,CNN,0.0037603091881416,0.3036631702790364,0.3629644175400907,1.5517897605895996,5.865364074707031,-1.1019706726074219,1.5895551769062877e-05,-1852.4598600188538,0.026613455265760422,3009.803417905482,3009.803417905482,14148543.0
train_tune_10d47_00882_882,CNN,0.0060442226463988,0.300570951901901,0.3009861375435889,1.7558550834655762,6.750235080718994,-1.439244031906128,1.067067205440253e-05,-4755.790589536707,-0.0063660042360424995,3083241965.2095776,2918150728.6234393,5601224215.0
train_tune_10d47_00883_883,CNN,0.0003959844246126,0.2996185436991672,0.2864260047030629,1.1855584383010864,4.818270683288574,-0.6688473224639893,4.970128429704346e-06,-23454.362398822155,0.005863670725375414,1191515577369.0476,1191645251536.5386,24580307279.0
train_tune_10d47_00884_884,CNN,0.0029134502016317,0.3279757600417282,0.3739727400900585,1.093259572982788,4.609092712402344,-0.551084578037262,8.959941624198109e-06,-1794.3764307666538,-0.04584882780909538,3711.9402073753918,3711.9402073753918,50905631.0
train_tune_10d47_00885_885,CNN,0.0005558582707688,0.3505009394166885,0.3500709753841617,1.399030089378357,2.1575353145599365,-0.4923959970474243,8.074678589764517e-06,-3721.1086006304404,0.0020559467375278473,875924218.4644986,883642312.373812,3866315295.0
train_tune_10d47_00886_886,CNN,0.0001673583448817,0.3539539263640986,0.3679132291136369,1.4885015487670898,5.032047271728516,-1.0106534957885742,1.802885344659444e-05,-3438.906859387258,-0.09527185559272766,101903632.15719318,102262701.75783266,5119920383.0
train_tune_10d47_00887_887,CNN,0.0003959394212685,0.3098948465660242,0.3372072310096433,0.5289821624755859,1.458102822303772,-0.06949631869792938,2.6499369596422184e-06,-17823.315614593957,-0.00041143293492496014,6000047378990.34,5940518577368.104,14304848647.0
train_tune_10d47_00888_888,CNN,0.0006427509741694,0.3291564577431238,0.3356769694794511,1.7605668306350708,5.299283504486084,-1.4593639373779297,7.864648068789393e-06,-8983.929661207854,0.03607378900051117,873237851395.5046,877747575889.7439,23621807215.0
train_tune_10d47_00889_889,CNN,0.0012713678847315,0.2639548688203177,0.2785342216782991,1.3377177715301514,3.9963650703430176,-0.7790173292160034,5.429593784356257e-06,-14959.402345775801,-0.007839844562113285,3221270375.7242327,3271481564.9032516,3361907079.0
train_tune_10d47_00890_890,CNN,0.0006303152002921,0.300032215099672,0.2846069112324778,1.3160932064056396,5.168078899383545,-0.8200759887695312,6.86082239553798e-06,-2199.7673224483688,-0.017999958246946335,37256845.336713254,36481085.74553566,2821652375.0
train_tune_10d47_00891_891,CNN,0.0003959394212685,0.3035389283774949,0.2839784605534532,1.5074782371520996,5.688741683959961,-1.0792062282562256,9.91950037132483e-06,-4514.826573089926,-0.001572436187416315,3588060584.2398267,3558494624.3704348,8192199127.0
train_tune_10d47_00892_892,CNN,0.0009105010191275,0.3681438799669927,0.3960074796354662,1.7460191249847412,6.188101768493652,-1.4533262252807617,1.686780888121575e-05,-2153.310830548244,0.06484118849039078,4386794.424284227,4368895.517322408,7714290663.0
train_tune_10d47_00893_893,CNN,0.0029469847274904,0.3637763572806407,0.393298670645547,2.252700090408325,6.111535549163818,-2.438230276107788,2.5882120098685846e-05,-2251.443451757493,-0.12818053364753723,133177.86737643438,133457.61253938152,1155355551.0
train_tune_10d47_00894_894,CNN,0.0045817993990176,0.3488839362683835,0.3502406226291238,2.6569950580596924,7.872102737426758,-3.503617763519287,1.3404996025201399e-05,-2507.612878349501,0.031292617321014404,3569504.4785757596,3558464.4357897528,3317068175.0
train_tune_10d47_00895_895,CNN,0.0028764987771855,0.3271041849574773,0.3631967537752878,1.6061558723449707,6.062214374542236,-1.2201130390167236,2.163657518394757e-05,-1815.0707396745527,-0.033664271235466,4162.882962289799,4162.882962289799,21827551.0
train_tune_10d47_00896_896,CNN,0.0019278670304833,0.3134063244191161,0.330535309051994,1.894190788269043,5.332764148712158,-1.7080237865447998,1.6891572158783674e-05,-1853.6414198302064,0.0034701311960816383,3782.4915072757944,3782.4915072757944,9571039.0
train_tune_10d47_00897_897,CNN,0.0018944849246033,0.3632452449856571,0.3682478867179956,1.3387068510055542,5.280149459838867,-0.8384592533111572,6.88033651385922e-06,-4000.772158550959,0.03659765422344208,642149263.8330745,640132888.0929533,32006518471.0
train_tune_10d47_00898_898,CNN,0.0024079646253087,0.2789227421074513,0.325910108696094,1.622201919555664,5.2029829025268555,-1.2114595174789429,1.980611341423355e-05,-1893.4220121286025,0.07022702693939209,1843.0301686419916,1843.0301686419916,4627895.0
train_tune_10d47_00899_899,CNN,0.0057702650975075,0.3617141054980363,0.3956153523610603,2.46193265914917,9.552570343017578,-2.9329705238342285,2.5613502657506615e-05,-2666.8052813363793,-0.04922114312648773,8120762.721325816,8126795.518495506,14704623975.0
train_tune_10d47_00900_900,CNN,0.0012845662968842,0.3346271379880813,0.3502978198243399,2.7216033935546875,7.191194534301758,-3.8098690509796143,3.6273555451771244e-05,-6995.433374739376,0.13059751689434052,593903379.933314,586803439.038071,13092531311.0
train_tune_10d47_00901_901,CNN,0.0004772041451262,0.333215452366481,0.3073757412444027,2.212482452392578,8.93380355834961,-2.4282495975494385,1.5134833120100666e-05,-6731.097299155239,-0.019890770316123962,54152934001765.73,55302162278097.75,41947410887.0
train_tune_10d47_00902_902,CNN,0.0058008078747898,0.3614736946310084,0.4188587260233327,2.2896924018859863,9.562178611755371,-2.6177544593811035,2.2354546672431752e-05,-1733.5130737135178,0.02134913206100464,116669.53466811514,115936.60912308385,5530883263.0
train_tune_10d47_00903_903,CNN,0.0005725707385017,0.3045018086096627,0.3553524382511435,2.0735905170440674,8.292655944824219,-2.0748512744903564,2.7843228963320144e-05,-1861.1691634747892,0.036467473953962326,3383.5134567192717,3383.5134567192717,11689439.0
train_tune_10d47_00904_904,CNN,0.0049259305977548,0.3294710152453736,0.3415427525586489,2.584228038787842,9.240032196044922,-3.316277503967285,4.2336421756772324e-05,-1720.7251568120666,0.0361328199505806,7199.787657806855,7199.787657806855,21376543.0
train_tune_10d47_00905_905,CNN,0.0009291954179271,0.3339248205087742,0.3486016537283803,1.276900291442871,3.9421145915985107,-0.7042478322982788,5.306123057380319e-06,-2980.5513852865042,0.026803620159626007,131272347.15485895,130913522.36359066,6613267783.0
train_tune_10d47_00906_906,CNN,0.0279939376479232,0.2694811498386364,0.258957669233748,1.7702717781066895,6.117158889770508,-1.4416629076004028,8.812436135485768e-06,-11584.642127784153,0.08278258889913559,269584045008.70898,265622202679.4598,14804975759.0
train_tune_10d47_00907_907,CNN,0.0004057038269857,0.239039957632288,0.269815208565667,0.6721084117889404,2.4965927600860596,-0.17405182123184204,1.8914678321380052e-06,-10973.291042673347,0.012049205601215363,1857240480505.997,1903091117049.7878,8653903823.0
train_tune_10d47_00908_908,CNN,0.000592092278678,0.340914325665669,0.3009557144012899,0.7976131439208984,2.6357502937316895,-0.23928427696228027,1.295168294745963e-05,-5665.426661177177,0.013777125626802444,1953729585055.778,1892064396973.7366,19185648647.0
train_tune_10d47_00909_909,CNN,0.0250199937892987,0.3664057623951929,0.4023185494574257,1.3553898334503174,4.7255940437316895,-0.8539471626281738,2.752028922259342e-05,-1856.280296578674,-0.07047908008098602,129417.8353029381,129416.73865575276,7042038327.0
train_tune_10d47_00910_910,CNN,0.0021701841776774,0.3409494780623158,0.3576456746718469,4.769667625427246,18.523025512695312,-11.150554656982422,6.975002179387957e-05,-2225.613769796032,-0.059569407254457474,108167.19623696283,104784.87311030886,229442751.0
train_tune_10d47_00911_911,CNN,0.0252011526300433,0.3465331742943657,0.3459335016575471,3.7126965522766113,16.202903747558594,-7.007231712341309,5.5730768508510664e-05,-1966.2101772190865,0.061522506177425385,3396068.598525837,3401845.35583769,3147273527.0
train_tune_10d47_00912_912,CNN,0.000396164540339,0.2836414405600628,0.278633697970887,1.1808029413223267,4.447376251220703,-0.6294472813606262,3.3958738185901893e-06,-16873.91636278513,0.013221857137978077,31987239337927.605,32490968051021.938,30102810687.0
train_tune_10d47_00913_913,CNN,0.0279863723620473,0.3321873114388363,0.3169105595755249,1.3034756183624268,4.122739315032959,-0.7540456056594849,1.1651972272375133e-05,-2620.472445663914,0.008021300658583641,57008552.1472261,58585438.00059649,3109506119.0
train_tune_10d47_00914_914,CNN,0.0006065743894061,0.3397211095100613,0.3187429452107372,0.5847468376159668,1.7489997148513794,-0.10552002489566803,5.314531335898209e-06,-14471.26820605546,0.02478860132396221,2299705108759.2607,2322808242859.9775,15574195287.0
train_tune_10d47_00915_915,CNN,0.0009368307516709,0.3261288662236755,0.3461422786105047,4.022701740264893,16.685382843017578,-8.249794006347656,4.911090218229219e-05,-3806.803785738581,0.018629195168614388,1681313.7868155395,1715259.4868202615,1444385487.0
train_tune_10d47_00916_916,CNN,0.000649981376938,0.3338280051095331,0.3540759127477145,0.9110246896743774,1.8754589557647705,-0.2020609825849533,2.1288904008542886e-06,-7430.453212582668,0.017756879329681396,123303601.16439998,127500941.0599511,1823080511.0
train_tune_10d47_00917_917,CNN,0.0005766477219971,0.3709839302078677,0.3916535252355997,1.4896061420440674,4.670042514801025,-0.9956414103507996,7.3406890805927105e-06,-2566.5992731719575,-0.044542621821165085,6326475.399366854,6317523.07464716,7139178287.0
train_tune_10d47_00918_918,CNN,0.0006168048514863,0.3513019620473315,0.3527848333727842,1.4047412872314453,5.678197860717773,-0.921863853931427,1.1751641977753025e-05,-4006.9752422380034,0.024895817041397095,4694385394.296627,4697573952.964512,15970141063.0
train_tune_10d47_00919_919,CNN,0.009711789771955,0.3281681838488312,0.3706259191432175,1.300750732421875,5.213020324707031,-0.7617824673652649,1.5497331332881004e-05,-1792.5136550906232,-0.028262585401535034,3241.0155378722525,3241.0155378722525,28487215.0
train_tune_10d47_00920_920,CNN,0.0004469093653154,0.2969917786526912,0.322660559388353,0.928462028503418,3.2877540588378906,-0.3557564318180084,3.998658939963207e-06,-23556.263647719163,-0.020740961655974388,258523557214.07,258534919333.00018,15399197375.0
train_tune_10d47_00921_921,CNN,0.0019941294599133,0.3504163713088201,0.3810196421707736,1.1194905042648315,4.314823150634766,-0.5790619850158691,4.5463789319910575e-06,-2735.300771569063,0.010513992048799992,117469987.85398468,119011903.12340754,15299153447.0
train_tune_10d47_00922_922,CNN,0.0019647094807373,0.2985576911351825,0.3161503919630565,4.386094570159912,12.055481910705566,-9.930343627929688,0.00010795684647746384,-4010.3932454585756,-0.2328070104122162,11637920.464081671,11709488.562829444,3983737679.0
train_tune_10d47_00923_923,CNN,0.0156977740954932,0.3332731289376161,0.3241270426064483,1.1371159553527832,4.512645244598389,-0.6059218645095825,4.873694706475362e-06,-4851.9185730286645,0.023044593632221222,4755864680.742949,4766309719.281663,7264613055.0
train_tune_10d47_00924_924,CNN,0.0028417446331591,0.3057157542429206,0.320576573757527,1.7439661026000977,7.381938457489014,-1.4689186811447144,9.872143891698215e-06,-2780.330471923962,-0.02914777398109436,40798290.94289187,41420985.790137246,2016245607.0
train_tune_10d47_00925_925,CNN,0.0058472336402597,0.3539282685164971,0.3783818152153569,2.267650842666626,6.86073112487793,-2.5231094360351562,3.3127776987385005e-05,-2238.1063323996227,-0.10231657326221466,242337.4942299711,243379.08307845314,2120241215.0
train_tune_10d47_00926_926,CNN,0.0032401762626415,0.3490360272324949,0.3975637302362175,2.060616970062256,7.590124130249023,-2.0225796699523926,1.4569421182386577e-05,-1841.1929317349213,-0.024508409202098846,243865.4247490565,243845.09370976535,3662816015.0
train_tune_10d47_00927_927,CNN,0.0010087422455117,0.3353535104228201,0.3569783026863872,4.685821533203125,20.088563919067383,-11.350586891174316,6.893008685437962e-05,-2943.1105375010666,0.16814175248146057,7524585.497771187,7372666.567382688,3673253119.0
train_tune_10d47_00928_928,CNN,0.0028809672931906,0.3045579124573112,0.3145557182631862,0.7768100500106812,2.6136860847473145,-0.2237522006034851,3.978678250859957e-06,-6689.624650079371,-0.009808470495045185,1699451115.9155898,1751584394.7867346,9493894807.0
train_tune_10d47_00929_929,CNN,0.0005085388994307,0.350767768811119,0.384744156542072,1.8510081768035889,4.795895099639893,-1.6073026657104492,9.45221290749032e-06,-2292.944987180388,0.024087416008114815,3490946.192818752,3470228.7801131457,5159612383.0
train_tune_10d47_00930_930,CNN,0.0077229626710979,0.3420307863912139,0.3679989847463561,3.915060043334961,14.32863998413086,-7.490479469299316,0.00014208399807102978,-2274.577967250993,-0.13397714495658875,1794134.0922964902,1821104.8788006038,2510120031.0
train_tune_10d47_00931_931,CNN,0.0013799546605524,0.3321202799375647,0.3219180418844419,0.42387670278549194,1.2509140968322754,-0.04209669679403305,1.5919549696263857e-06,-4429.442599770323,0.004826512187719345,407427407.94296616,402714361.6029844,8249678399.0
train_tune_10d47_00932_932,CNN,0.0317079503870726,0.3621437466822928,0.4257135833246647,2.9291257858276367,11.577681541442871,-4.204226493835449,5.865945422556251e-05,-1962.736950401466,-0.11543457210063934,242886.09722517856,246243.56460084819,8806330095.0
train_tune_10d47_00933_933,CNN,0.0005669790557041,0.3631709471341318,0.3821270197792034,3.9742705821990967,16.185482025146484,-7.965273380279541,4.931791772833094e-05,-2339.191681720203,0.04730948433279991,3834406.285994168,3807423.753546315,7830838679.0
train_tune_10d47_00934_934,CNN,0.0004105105358262,0.3370103593600574,0.3435761369845228,1.4712615013122559,4.69898796081543,-0.9588943719863892,7.13828876541811e-06,-46245.55065014697,-0.016232119873166084,27693885955152.4,27126827750034.457,18246043799.0
train_tune_10d47_00935_935,CNN,0.0004663480490989,0.299565344917685,0.3051202657425912,2.9462108612060547,6.85069465637207,-4.5399250984191895,9.81525081442669e-05,-2465.268246083086,-0.21927815675735474,101862192.08916081,101437285.99037006,8249239303.0
train_tune_10d47_00936_936,CNN,0.0003959394212685,0.3144103717735846,0.3211392477388759,0.9450455904006958,2.3661718368530273,-0.29063886404037476,2.633456460898742e-06,-5825.7279741817665,0.02138468623161316,1475464162.2679071,1453785738.5554094,11289559191.0
train_tune_10d47_00937_937,CNN,0.0005827940416904,0.2948939468098702,0.3145896137220624,2.893451452255249,3.3790717124938965,-3.4492690563201904,3.0953975510783494e-05,-2283.475818894914,-0.009242495521903038,42991.015682986894,43486.93586919928,28891759.0
train_tune_10d47_00938_938,CNN,0.0023218353072946,0.3210888732940994,0.3353247172647655,1.6770200729370117,6.558975696563721,-1.3378658294677734,7.688295227126218e-06,-3108.704879413553,0.029036134481430054,361840467.0663783,358425797.66907144,15965047471.0
train_tune_10d47_00939_939,CNN,0.0010915147686356,0.3079044417342665,0.338850311296521,2.2108402252197266,6.372807502746582,-2.483161211013794,2.5840212401817553e-05,-1725.8121304678862,0.04941795766353607,3625.495858243346,3625.495858243346,6691951.0
train_tune_10d47_00940_940,CNN,0.002468559228742,0.3621778814700407,0.3965189294668128,1.958615779876709,8.418130874633789,-1.881777286529541,1.3447601304505952e-05,-1905.6301441656146,-0.015370678156614304,233020.16433785518,233270.39531605877,9125096823.0
train_tune_10d47_00941_941,CNN,0.0026711024996894,0.3349774000602636,0.3444135717508558,2.2189364433288574,8.016334533691406,-2.373225212097168,2.3289201635634527e-05,-3669.189702706223,-0.05714218318462372,15485785.577205203,15579917.49522143,20821963223.0
train_tune_10d47_00942_942,CNN,0.0005413531634411,0.3563687434471508,0.3493199879481684,0.44505414366722107,1.255169153213501,-0.04522936791181564,6.848282737337286e-06,-15302.13674878345,-0.008266602642834187,2500442202318.381,2597548643180.741,29075137631.0
train_tune_10d47_00943_943,CNN,0.0017363937175756,0.346095071085552,0.379963119433781,3.8195247650146484,14.914749145507812,-7.1625776290893555,8.408851135754958e-05,-2744.5102603473356,-0.11018991470336914,8175564.536306612,8280735.001841932,10472186111.0
train_tune_10d47_00944_944,CNN,0.0010632652553158,0.313860024560382,0.3120210051409263,1.8155186176300049,4.18241548538208,-1.554654836654663,1.2374073776300065e-05,-11492.104630517053,0.06734123080968857,26274832478.770992,26713447704.755352,28469582615.0
train_tune_10d47_00945_945,CNN,0.0008099063294641,0.2946932413030069,0.2889252092689552,0.7664098143577576,2.2732467651367188,-0.1847550868988037,3.302487812106847e-06,-13784.247349871353,0.002664647065103054,2901091484872.5283,2853899373399.592,15374367407.0
train_tune_10d47_00946_946,CNN,0.001262414195901,0.2380708478548299,0.2508835820421665,2.4008913040161133,7.87542724609375,-2.703608989715576,4.014792648376897e-05,-5350.145970742671,-0.1070280522108078,69817777.41730405,68031884.22820117,3085947895.0
train_tune_10d47_00947_947,CNN,0.0017359053999446,0.3544448465573767,0.3491430899415312,0.659686267375946,1.5899512767791748,-0.1068323403596878,3.922142695955699e-06,-2713.7977018346674,-0.017714519053697586,228700.02063299785,223880.6946908774,111610815.0
train_tune_10d47_00948_948,CNN,0.0024917226914066,0.3753423638021649,0.4101714287245352,1.799473524093628,5.7946085929870605,-1.5302276611328125,1.7734240827849135e-05,-2269.384026112816,0.029883746057748795,194933.59660712193,194034.26468688285,3394638719.0
train_tune_10d47_00949_949,CNN,0.0004973793384101,0.3047468745794134,0.3590133880243802,1.1602492332458496,4.665766716003418,-0.6134220361709595,1.4066027688386384e-05,-1790.2512593428664,0.025116341188549995,2640.671290070891,2640.671290070891,26396471.0
train_tune_10d47_00950_950,CNN,0.0004623046696518,0.3230319745305805,0.3351009823366382,1.7584009170532227,5.1988043785095215,-1.4569029808044434,1.5446383258677088e-05,-1712.6175133403015,0.06628088653087616,3985.8200713388887,3985.8200713388887,14706463.0
train_tune_10d47_00951_951,CNN,0.0001998185733083,0.3190492735216999,0.3409378629844242,1.9742724895477295,7.827460289001465,-1.9084336757659912,1.348170917481184e-05,-2198.433833221145,0.005209432914853096,4584331.136202207,4650418.643213942,5498953887.0
train_tune_10d47_00952_952,CNN,0.0012912262605648,0.3537418873616732,0.3680857920790161,2.306662082672119,9.105640411376953,-2.6169703006744385,1.8357874068897218e-05,-2128.14593471842,-0.026630975306034088,211238.71907825212,212690.55378167183,6364060159.0
train_tune_10d47_00953_953,CNN,0.0243996093403786,0.3224808016686274,0.3428707914032336,2.291602611541748,8.816093444824219,-2.5500261783599854,2.6361307391198352e-05,-2365.340810055534,-0.04159039258956909,5483611.213737909,5427115.7684194315,5207056079.0
train_tune_10d47_00954_954,CNN,0.0004515301227033,0.3354139945669077,0.2935768454847489,1.2188127040863037,4.794646263122559,-0.6997175216674805,5.28906684849062e-06,-34708.41406339263,-0.026068758219480515,12040067013058.836,12044943325093.043,19851361583.0
train_tune_10d47_00955_955,CNN,0.0008815472909413,0.2988481780191685,0.2715143433807768,1.3146145343780518,5.175746440887451,-0.807876467704773,1.2771655747201294e-05,-7619.6085889557635,0.00024938909336924553,43426384035.63399,45207418041.70059,6443075591.0
train_tune_10d47_00956_956,CNN,0.0010415034058185,0.3293922188864346,0.3407077323027881,1.637892246246338,6.098194122314453,-1.250441551208496,2.374118957959581e-05,-4473.664329491593,-0.053725242614746094,9845458445688.125,9821279510661.18,17327817399.0
train_tune_10d47_00957_957,CNN,0.0026847438354695,0.3088287891484659,0.3603268349318422,1.4948906898498535,6.100837230682373,-1.0397542715072632,1.2989583410671912e-05,-1657.8222225297234,-0.017912140116095543,2964.7409561131676,2964.7409561131676,18099631.0
train_tune_10d47_00958_958,CNN,0.0006448681684278,0.3442344675463638,0.3469756654623945,1.6720190048217773,5.2440643310546875,-1.2951898574829102,8.522928510501515e-06,-9652.84787234556,0.019102398306131363,380929359086.0458,368236239389.9507,11815904911.0
train_tune_10d47_00959_959,CNN,0.0006660957274716,0.3501697324832279,0.3733756778683192,2.5786709785461426,10.93685531616211,-3.33736252784729,4.5385306293610483e-05,-2063.245420264305,0.06307559460401535,4243041.965185758,4216607.730066545,13885271599.0
train_tune_10d47_00960_960,CNN,0.0005378623163633,0.3385879890732556,0.3163595050443017,1.126073956489563,4.047634124755859,-0.5573757886886597,8.735367373446934e-06,-5469.175389057897,-0.044465161859989166,692189061626.6716,698236121175.7695,33758025183.0
train_tune_10d47_00961_961,CNN,0.0003959394212685,0.2810334866063783,0.2808921637362134,1.4261200428009033,5.389204025268555,-0.9344931244850159,6.040236257831566e-06,-4396.696719434447,0.012478317134082317,2622078006.148328,2641255542.9861984,4793248111.0
train_tune_10d47_00962_962,CNN,0.0126145874392801,0.3569519502104599,0.4179037877946726,2.340271234512329,5.85215425491333,-2.8186490535736084,1.3985430996399373e-05,-1953.4375770542708,0.075161412358284,68828.30094345663,68474.64023459272,1128238559.0
train_tune_10d47_00963_963,CNN,0.0013018665325405,0.3384791120405634,0.3456088855067024,2.468839168548584,9.787734031677246,-3.0148754119873047,1.7037868019542657e-05,-3207.7213146162276,0.019130002707242966,6156926.046092985,6165156.593213302,5495302751.0
train_tune_10d47_00964_964,CNN,2.8788991089807255e-05,0.3586206955544624,0.441852484841127,1.7192490100860596,6.250617027282715,-1.3912264108657837,1.2870534192188643e-05,-1749.2071603625252,-0.06067804992198944,65003.78822332944,64980.21698977136,1721876375.0
train_tune_10d47_00965_965,CNN,0.0039320942471688,0.3199683632526743,0.3290263818803447,1.9624379873275757,6.034175872802734,-1.8776726722717285,2.1325706256902777e-05,-1800.1019322191726,-0.07505835592746735,3695.5256132671525,3695.5256132671525,9719071.0
train_tune_10d47_00966_966,CNN,0.0014210599248941,0.3511398827127022,0.3609305846185338,1.3738884925842285,5.58210563659668,-0.8648363351821899,7.639651812496595e-06,-2211.3968800559364,0.04189296066761017,6588155.10484205,6552221.516389805,9540367263.0
train_tune_10d47_00967_967,CNN,0.0044903971805955,0.3631364190065898,0.4139077968412593,2.1804161071777344,8.438112258911133,-2.280905246734619,1.8531292880652472e-05,-1710.6284618467678,-0.05323689430952072,127628.72799126318,127521.97693815867,4909376783.0
train_tune_10d47_00968_968,CNN,0.0013704243229621,0.3488978830522127,0.3465038535632903,1.1732914447784424,3.9232892990112305,-0.5687245726585388,8.233296284743119e-06,-2269.206396740261,-0.007139243185520172,1628278.8742952535,1642764.1497557745,995833071.0
train_tune_10d47_00969_969,CNN,0.0004526228899162,0.319828318858505,0.3705548265057075,2.0837512016296387,8.252931594848633,-2.099142551422119,2.3589966076542623e-05,-1839.392696437259,0.08249007165431976,4774.723209148257,4774.723209148257,18507975.0
train_tune_10d47_00970_970,CNN,0.0004063426391954,0.3085699529308801,0.3295692602437993,1.8669685125350952,3.6003029346466064,-1.5989692211151123,8.17068666947307e-06,-11205.732120837893,0.02706802263855934,300784346390.9359,311974601399.2645,24285250519.0
train_tune_10d47_00971_971,CNN,0.0004398327169566,0.3614028365237487,0.393128808298667,1.959995985031128,5.564366817474365,-1.9448802471160889,1.8940158042823896e-05,-2513.927210945149,0.046591632068157196,178545.58692378236,176869.8659454197,1514537415.0
train_tune_10d47_00972_972,CNN,0.0004933054341704,0.3467170422301419,0.3520577018085156,1.6420037746429443,6.660824775695801,-1.2988529205322266,1.4378596461028792e-05,-1877.5372990677638,0.006987756118178368,2082810.4750475367,2073751.6681525465,2821997783.0
train_tune_10d47_00973_973,CNN,0.0043749402678337,0.3109545623034897,0.3120565817602659,2.7673614025115967,6.805844306945801,-4.239342212677002,3.0312008675537072e-05,-1921.8818758100704,0.0584590882062912,4654.123654384983,4654.123654384983,5199111.0
train_tune_10d47_00974_974,CNN,0.0029295044128308,0.2677310795202371,0.2462988430049281,5.595866680145264,6.978422164916992,-21.089191436767578,0.00024356898211408406,-7327.584551011421,0.1213613823056221,3456.87898933426,3456.87898933426,476959.0
train_tune_10d47_00975_975,CNN,0.0015179683691257,0.3024859706552842,0.2873432679999722,0.9447175860404968,3.0309441089630127,-0.3470204472541809,2.7935218440688914e-06,-2850.1876458867573,0.021325260400772095,33378692.58102785,32885801.88198731,5160672807.0
train_tune_10d47_00976_976,CNN,0.0006095961748858,0.345982942707576,0.3642617069171425,0.9838756322860718,2.296816110610962,-0.3287732005119324,2.870890739359311e-06,-3865.228488791546,-0.01013502199202776,8463088958.851765,8390025931.691296,24499496271.0
train_tune_10d47_00977_977,CNN,0.0031466685089437,0.3448813191221464,0.3702510713051746,4.238788604736328,17.008665084838867,-8.892582893371582,7.383533375104889e-05,-2600.5982271313023,-0.1703428328037262,10170690.444054022,10138865.652893912,10323096871.0
train_tune_10d47_00978_978,CNN,0.0004469093653154,0.3153917454920438,0.3071989792926348,1.3830872774124146,1.1997181177139282,-0.06812188774347305,1.4241988537833095e-05,-7351.342306648336,0.02221793867647648,48751214168.03366,51559935620.70468,2722981815.0
train_tune_10d47_00979_979,CNN,0.0037360261249569,0.3339524060789375,0.3463025177822073,1.7958203554153442,3.419191360473633,-1.3894717693328857,1.0179556738876272e-05,-5110.601842498988,0.047262877225875854,109747638.09532085,110968577.65195829,2302096567.0
train_tune_10d47_00980_980,CNN,0.0006427509741694,0.2740256202391927,0.2943473274450366,0.9848368167877197,3.111306667327881,-0.3482753038406372,2.9919510780018754e-06,-28171.003532034643,-0.03058760054409504,853838870769.7844,839916084244.647,23201091615.0
train_tune_10d47_00981_981,CNN,0.0003961194960479,0.257597217758636,0.2480420190522165,1.367950677871704,5.797410488128662,-0.8741305470466614,8.548702680855058e-06,-5358.0788817190205,-0.011699657887220383,1393793994.5150917,1367662443.5239372,3889606591.0
train_tune_10d47_00982_982,CNN,0.0005587721716753,0.2994282282865354,0.2804792131085423,1.2325392961502075,3.4666388034820557,-0.6058007478713989,6.608377134398324e-06,-4981.635841396997,-0.037011533975601196,2149002885.572995,2184479452.4187775,2806293471.0
train_tune_10d47_00983_983,CNN,0.0004688563997038,0.3121160651685774,0.3116844993995666,1.3484208583831787,4.084155559539795,-0.7682281732559204,7.390241535176756e-06,-9349.408720827918,0.005796560551971197,10143709922.90824,10094666487.70244,12017253439.0
train_tune_10d47_00984_984,CNN,0.0010703259608778,0.3631199818139602,0.4258800488056655,3.5527467727661133,13.980422973632812,-6.197710990905762,3.845398168778047e-05,-2189.407983853381,0.027573350816965103,231168.66479918378,234576.39802188176,3514657759.0
train_tune_10d47_00985_985,CNN,0.009457463109461,0.3620020125195892,0.3825804905862073,2.494631767272949,8.69078540802002,-3.0870823860168457,4.835228901356459e-05,-2357.3996968038887,0.11124314367771149,294999.51441053476,296100.90906514146,2928191455.0
train_tune_10d47_00986_986,CNN,0.0062996290791253,0.3259442802975685,0.3088716096066423,1.6671981811523438,4.378190040588379,-1.2454348802566528,5.268928362056613e-06,-21051.16438425224,0.02835196442902088,32247615395000.152,32842788472702.035,25426450375.0
train_tune_10d47_00987_987,CNN,0.0036550366269817,0.3291299505740699,0.3524283612968726,2.113104820251465,8.352798461914062,-2.1683990955352783,4.7314893890870735e-05,-1804.8433100855327,0.10862965881824493,6766.6814220884025,6766.6814220884025,32225575.0
train_tune_10d47_00988_988,CNN,0.0008541060484546,0.3578694353617281,0.383029581186955,1.9058542251586914,4.260771751403809,-1.7546970844268799,1.2076525308657438e-05,-1984.6242698698534,0.014811757020652294,124080.74998111853,123772.5425209089,1398341263.0
train_tune_10d47_00989_989,CNN,0.000686264131383,0.3228933796185715,0.3546686757337519,1.4757678508758545,3.941570281982422,-0.949623703956604,6.024646154401125e-06,-21283.87958478406,-0.031147655099630356,700940896132.6439,689586463402.2233,24828810999.0
train_tune_10d47_00990_990,CNN,0.0005653513070995,0.3460196261185894,0.3548948711260719,1.2021498680114746,4.586190700531006,-0.656062126159668,5.4539677876164205e-06,-5962.319021516274,-0.0036381492391228676,973134078.6790688,966334622.6122735,29921273919.0
train_tune_10d47_00991_991,CNN,0.0005196421056483,0.3259951235073499,0.3187898193537329,0.9359532594680786,2.925583600997925,-0.36346784234046936,6.090657734603155e-06,-19682.00610039664,-0.0016619795933365822,1524576759119.8176,1486092896384.8076,6331420407.0
train_tune_10d47_00992_992,CNN,0.0004842871520131,0.335784438579165,0.3733036482082896,2.3360629081726074,8.40230941772461,-2.6615960597991943,2.015790596487932e-05,-3097.3991796074843,0.035454656928777695,10583746.588243488,10535734.919672724,11479326911.0
train_tune_10d47_00993_993,CNN,0.000649981376938,0.2304936281412145,0.2187015275080998,2.4729437828063965,9.895187377929688,-2.977539539337158,1.8342974726692773e-05,-14145.222162929686,-0.053743306547403336,691614505869.9285,667800226248.8306,23954437255.0
train_tune_10d47_00994_994,CNN,0.0118975349106411,0.3253755069810344,0.3005382965445854,1.1792598962783813,4.220070838928223,-0.6160198450088501,5.411500751506537e-06,-8586.661397240561,-0.022744569927453995,72526912508.07607,76470911314.79326,10803027287.0
train_tune_10d47_00995_995,CNN,0.0004843429969338,0.3242330583888986,0.3619142107875893,1.4741408824920654,5.75776481628418,-1.0141874551773071,5.122692982695298e-06,-7204.193246606239,-0.05403406545519829,610419257461.058,625293202006.5922,14173941287.0
train_tune_10d47_00996_996,CNN,0.0014652193897947,0.3567916692435519,0.3780944104940076,1.571280598640442,5.5879926681518555,-1.1352272033691406,7.722328518866561e-06,-2492.7316482429846,0.009372011758387089,4912505.16890683,4813586.295233516,5118067679.0
train_tune_10d47_00997_997,CNN,0.0004105105358262,0.3227980561275192,0.2962432075606366,3.418057441711426,13.9734468460083,-5.866072654724121,5.678089655702934e-05,-2246.9443664011424,-0.04805228114128113,315467987.06085503,315926780.7634416,10286241663.0
train_tune_10d47_00998_998,CNN,0.0066305254504,0.323684400992658,0.3374440063746782,2.572263717651367,8.811761856079102,-3.3237342834472656,6.189820123836398e-05,-1754.4860309992346,0.07062367349863052,7220.406947885015,7220.406947885015,20487199.0
train_tune_10d47_00999_999,CNN,0.0004930526421846,0.3061819908584772,0.3130277957898457,1.5585906505584717,4.699914455413818,-1.0921391248703003,8.010300916794222e-06,-19495.783643009836,0.017202103510499,5991113621837.693,5888298412482.463,7970242559.0
train_tune_10d47_01000_1000,CNN,0.0004546487838145,0.3293139891724316,0.3127877919736091,1.1113349199295044,4.320196151733398,-0.5668256282806396,1.4690527677885257e-05,-16624.29415771536,0.04778861999511719,1767798938017.9243,1774327981129.397,30255610951.0
train_tune_10d47_01001_1001,CNN,0.0058022783764404,0.327211406151303,0.3235806226961038,1.3625693321228027,3.0610430240631104,-0.7301841974258423,8.384799912164453e-06,-2887.007498875737,0.0038797541055828333,1160342887.6951556,1158043464.821344,4668256535.0
train_tune_10d47_01002_1002,CNN,0.0015365557690363,0.3358347600392742,0.3819224765882349,2.665592908859253,10.62872314453125,-3.4720053672790527,2.7019281333195977e-05,-1985.596475537755,0.046624556183815,122964.07688493347,122537.7894084802,1597720431.0
train_tune_10d47_01003_1003,CNN,0.000439632906523,0.3713140103536235,0.3692392656355588,2.0781564712524414,6.982884883880615,-2.060145139694214,2.212197068729438e-05,-2413.4647218721902,0.0692068487405777,177371098.1419319,178083963.62056136,7852460655.0
train_tune_10d47_01004_1004,CNN,0.000649981376938,0.3727028021159182,0.4137712649065645,1.8819077014923096,7.571113109588623,-1.7281584739685059,1.4078705135034397e-05,-2117.512382451998,-0.021198324859142303,171411.6069233568,171149.44313245604,6093335679.0
train_tune_10d47_01005_1005,CNN,0.0011106792066397,0.3442566382175333,0.3256817338046637,1.7867180109024048,3.423884868621826,-1.3249127864837646,2.6334986614529043e-05,-6413.710813745801,-0.08390004932880402,1369135737152.3481,1410526642120.1782,16538813439.0
train_tune_10d47_01006_1006,CNN,0.0127017685905938,0.3321480060619143,0.3463802117599758,1.7962183952331543,5.127346038818359,-1.521677851676941,4.785048440680839e-05,-4218.684159029389,-0.08539890497922897,207835521.2653194,210526787.7568089,5413578639.0
train_tune_10d47_01007_1007,CNN,0.0024754195263041,0.3107732842045584,0.3238673947775346,1.270353078842163,3.878911256790161,-0.671877384185791,4.357999387138989e-06,-9088.47250503317,0.006294738035649061,32127425012.66294,32454275049.72901,24486359695.0
train_tune_10d47_01008_1008,CNN,0.0004759986818498,0.3363189327567847,0.3629795802379243,1.435439109802246,2.288831949234009,-0.6005477905273438,3.761718835448846e-05,-5104.2344532094285,0.07750990986824036,115905633238.43056,113849640259.6758,11726093199.0
train_tune_10d47_01009_1009,CNN,0.0005195831625783,0.25285946601684,0.2744028885563827,1.3201320171356201,4.755296230316162,-0.7620790600776672,6.554289939231239e-06,-11527.546768639788,-0.00569414347410202,244462611329.40247,235663288071.31012,12131743295.0
train_tune_10d47_01010_1010,CNN,0.0070304560687825,0.3080241821461672,0.3425728705493815,1.3174883127212524,5.298295974731445,-0.7929571270942688,1.6212317859753966e-05,-1802.7157218617645,-0.01755049265921116,2588.233955551815,2588.233955551815,18739183.0
train_tune_10d47_01011_1011,CNN,0.0054676815093721,0.3118403107796021,0.3630067607453867,1.7512229681015015,7.377063274383545,-1.4817967414855957,1.764048465702217e-05,-1715.9790504034156,0.012104623951017857,4005.4707319398894,4005.4707319398894,23490183.0
train_tune_10d47_01012_1012,CNN,0.0120173177381226,0.2973914544807797,0.3517357730048371,2.1075279712677,7.363531112670898,-2.137766122817993,5.1443392294459045e-05,-1778.6353620734478,-0.07860599458217621,4009.2182272283917,4009.2182272283917,11034663.0
train_tune_10d47_01013_1013,CNN,0.0004020160359729,0.3567793689618548,0.3612197104333237,3.2985012531280518,12.321045875549316,-5.335467338562012,3.5575365473050624e-05,-3138.722751170968,-0.010256295092403889,10646468.375066001,10652769.153870115,10497565263.0
train_tune_10d47_01014_1014,CNN,0.0004485478264119,0.3283956182540639,0.3455886938456311,2.2619616985321045,2.955737352371216,-1.8540194034576416,1.1549294868018478e-05,-2302.500177846254,-0.014091173186898232,96482.00146156026,96340.9478412111,263177583.0
train_tune_10d47_01015_1015,CNN,0.000439632906523,0.3172958357177505,0.3561652344697615,1.1979615688323975,2.1257402896881104,-0.35640642046928406,1.1845236258523073e-05,-21497.904774757913,-0.016037365421652794,1186944306274.521,1159067956872.7668,7413243687.0
train_tune_10d47_01016_1016,CNN,0.000439632906523,0.3373487637456632,0.3610998774998417,0.5521969795227051,1.7931880950927734,-0.09472976624965668,1.9002621911567985e-06,-25090.86045488294,0.004063956439495087,4249711314036.4053,4075115979875.0884,12666713071.0
train_tune_10d47_01017_1017,CNN,0.0004685321186204,0.2912931209537641,0.3118407117929172,1.686392903327942,5.456197261810303,-1.2990281581878662,1.6711339412722737e-05,-20068.564252290675,-0.03397341072559357,30431369509491.04,30909999202071.402,22260786975.0
train_tune_10d47_01018_1018,CNN,0.0008869531762168,0.3182858240747566,0.3336357536337147,0.9160136580467224,3.360767364501953,-0.35863009095191956,4.183767032372998e-06,-6420.5074225443295,0.011305497959256172,2728850709.472695,2666810438.0798483,5786100287.0
train_tune_10d47_01019_1019,CNN,0.0008178992029377,0.3094705698069559,0.3054614335818298,2.3684160709381104,6.253650665283203,-2.8398542404174805,2.445245991111733e-05,-1735.3132007948839,-0.03182308375835419,4153.931363198552,4153.931363198552,6391455.0
train_tune_10d47_01020_1020,CNN,0.0011840045583144,0.1230911250865474,0.1130452735294771,8.736741065979004,10.73291301727295,-57.46091842651367,0.0003949823440052569,-3726.8399303263254,0.5461463332176208,4248.229200827791,4248.229200827791,334999.0
train_tune_10d47_01021_1021,CNN,0.0094860801499196,0.310675055212933,0.3342574580939346,1.5253140926361084,5.38313102722168,-1.107318639755249,1.4982915672590025e-05,-1747.3588060947106,-0.01294154953211546,4198.026639255083,4198.026639255083,23879167.0
train_tune_10d47_01022_1022,CNN,0.0073902624488625,0.2690799680283584,0.2250796985262856,1.8377184867858887,7.066429615020752,-1.6089441776275635,2.11635615414707e-05,-4426.5110870111,-0.047376006841659546,259493532989.14157,254703227826.18726,20290307591.0
train_tune_10d47_01023_1023,CNN,0.0006431150152739,0.323202531015724,0.3770125639929183,3.2991552352905273,9.210278511047363,-5.707550525665283,5.12892147526145e-05,-2370.0343464880534,-0.004422806203365326,52164.881732192196,50592.49670186476,49154359.0
train_tune_10d47_01024_1024,CNN,0.0004105105358262,0.2780705140627207,0.2758638110093532,2.118225574493408,8.038459777832031,-2.150465488433838,1.8083228496834636e-05,-14346.38392813446,0.08547447621822357,1983699323312.6626,1790213984878.663,4073418735.0
train_tune_10d47_01025_1025,CNN,0.0040802067357636,0.3792594302027479,0.4158177926168336,3.2440571784973145,12.349908828735352,-5.2278594970703125,5.581329241977073e-05,-1987.2736019708113,0.07879609614610672,264543.997192548,263328.6052653736,5532517575.0
train_tune_10d47_01026_1026,CNN,0.0003058062717268,0.3388009827738334,0.3663218236179519,1.1512409448623657,4.236797332763672,-0.5746424198150635,9.412145118403714e-06,-2793.6522638910014,0.02277584932744503,197886631.2593249,195722783.23476925,12012824223.0
train_tune_10d47_01027_1027,CNN,0.0004328464422223,0.2471410269209671,0.2590770816321834,0.8247369527816772,2.830373764038086,-0.2535099685192108,5.4010374697099905e-06,-13139.902275537173,0.013044643215835094,6085089225754.877,5934626750062.701,17238116663.0
train_tune_10d47_01028_1028,CNN,0.0003971128425557,0.3161872674343621,0.2782110420092382,1.60383939743042,6.292159080505371,-1.2434550523757935,8.975099262897857e-06,-7121.27665069775,0.043207649141550064,504757927104.26514,508698536745.9689,17664702007.0
train_tune_10d47_01029_1029,CNN,0.0005181086713605,0.3538141906845539,0.3487206889383749,1.609080195426941,3.477078914642334,-1.1547892093658447,3.418169217184186e-05,-3143.0039806361397,0.06769122183322906,4658882.729355628,4641967.278060958,4016909671.0
train_tune_10d47_01030_1030,CNN,0.0126426806917284,0.2823249781568919,0.2560496040787257,1.1353083848953247,4.319653511047363,-0.5794024467468262,8.528651960659772e-06,-5528.895809504482,-0.03257094323635101,29116451061.05768,29284276007.957024,3932650719.0
train_tune_10d47_01031_1031,CNN,0.0008574197410221,0.3304223402040834,0.3799495906286476,3.494058609008789,5.370123863220215,-6.966364860534668,3.7338933907449245e-05,-1902.2958649215227,0.015672139823436737,32967.89289136142,32593.65551053673,49446111.0
train_tune_10d47_01032_1032,CNN,0.0011330460670072,0.2841685059453118,0.296430264000894,2.7419304847717285,8.34331226348877,-3.7120532989501953,1.8864277080865577e-05,-7188.119298245095,0.02609831839799881,150289627.85925084,150243571.18855894,2504852279.0
train_tune_10d47_01033_1033,CNN,0.0007116719022813,0.2649410587670806,0.291559896967884,1.9185196161270142,5.845059871673584,-1.7319791316986084,8.345756214112043e-06,-4329.191743955264,0.061132557690143585,137786886.78747886,143231111.08799317,5735836639.0
train_tune_10d47_01034_1034,CNN,0.0135184135910599,0.3542844025263851,0.4027381740676625,1.5122053623199463,4.476962566375732,-1.052484154701233,1.4003308024257421e-05,-1925.8939666348442,0.016712581738829613,151545.6591446371,151737.54434042328,2230097023.0
train_tune_10d47_01035_1035,CNN,0.0003960294381882,0.2272445594234787,0.2213703907079491,1.3456746339797974,5.691932201385498,-0.8659583926200867,7.207914222817635e-06,-18298.52437457997,0.016563760116696358,1090920998676.3774,1098635552442.2474,33229529711.0
train_tune_10d47_01036_1036,CNN,0.000520409584332,0.3100577686517916,0.3200943777559865,1.193502426147461,3.999239683151245,-0.619475245475769,4.023816018161597e-06,-10869.472196497463,0.038947202265262604,552131194842.8059,561168443312.7211,30085830711.0
train_tune_10d47_01037_1037,CNN,0.0072022040412216,0.3352999318776878,0.3407014448846205,2.9369375705718994,8.009995460510254,-4.438811779022217,4.865526352659799e-05,-2100.469634346865,-0.06727449595928192,3285488.3617861047,3260471.998024137,3070718751.0
train_tune_10d47_01038_1038,CNN,0.0004255369448811,0.3502546773972355,0.3977929149814786,2.9766032695770264,10.867217063903809,-4.376264572143555,2.387689528404735e-05,-1858.4507750752653,-0.03651593625545502,3254761.6305083223,3220395.6493082964,3015919551.0
train_tune_10d47_01039_1039,CNN,0.0004469093653154,0.2650006385683402,0.2390652482317711,0.8726593255996704,3.000526189804077,-0.28615087270736694,2.7406695153331384e-06,-3104.0262535878164,0.006853116676211357,701282363.4241534,707979462.8735902,14676813191.0
train_tune_10d47_01040_1040,CNN,0.0005163215841054,0.3015586897724435,0.3375986610192077,3.226515769958496,9.631307601928711,-5.318416118621826,1.926950426422991e-05,-3085.1274455900775,-0.026306625455617905,1133120.434201481,1141563.6462635174,353489775.0
train_tune_10d47_01041_1041,CNN,0.0009030988744749,0.347027565516752,0.3793062893343779,2.4969115257263184,3.6496214866638184,-2.9670369625091553,5.9353926189942285e-05,-3329.568585029242,0.1666160523891449,87786489.02279651,88345408.91021407,3494922647.0
train_tune_10d47_01042_1042,CNN,0.0005230453866491,0.2175657782449201,0.2057642984450369,1.695199728012085,6.7415947914123535,-1.3744405508041382,1.347078796243295e-05,-16642.368489464694,-0.0630597472190857,4903484914827.216,4940471431413.742,10139565607.0
train_tune_10d47_01043_1043,CNN,0.0006427509741694,0.3039557666466826,0.3034463206188628,1.5216436386108398,5.8552470207214355,-1.1115227937698364,6.836426109657623e-06,-5180.229661502956,0.04775365814566612,385984103179.5908,393370621076.3811,19639952455.0
train_tune_10d47_01044_1044,CNN,0.005104076029778,0.3807375596380159,0.4373864621018372,2.614687919616699,9.751133918762207,-3.3641247749328613,2.8284453946980648e-05,-2053.8996211308236,0.03518253192305565,158965.1578987745,157665.63077002886,1322586895.0
train_tune_10d47_01045_1045,CNN,0.0038200633745555,0.3183390902455434,0.3666588435506167,1.2807503938674927,4.4086995124816895,-0.7463339567184448,1.223397885041777e-05,-1671.96568144757,0.03287944197654724,3748.872214853668,3748.872214853668,28251095.0
train_tune_10d47_01046_1046,CNN,0.0015512357175689,0.309817529297185,0.318595952085007,2.8485665321350098,7.859744071960449,-4.371805191040039,2.8141323127783835e-05,-1846.733097209145,-0.04227812960743904,4746.886245058467,4746.886245058467,6086527.0
train_tune_10d47_01047_1047,CNN,0.0012513802957529,0.2433330337818594,0.2513877959021694,3.76950740814209,8.701711654663086,-8.143390655517578,0.00010297655535396188,-1944.6748262152914,-0.12590545415878296,3690.0786278583437,3690.0786278583437,1900615.0
train_tune_10d47_01048_1048,CNN,0.0279963835220569,0.2833389411646752,0.258924361211376,1.1635797023773193,3.693650484085083,-0.5908980369567871,7.267526598297991e-06,-8630.668394650203,0.019992463290691376,73774199860.86235,73021829757.26646,6280983223.0
train_tune_10d47_01049_1049,CNN,0.0004469093653154,0.3680680604077879,0.3619614192289544,1.7036045789718628,2.815765380859375,-0.9490828514099121,7.591747362312162e-06,-7321.656128978626,0.038106709718704224,908304074226.7341,911457899785.7245,5615383311.0
train_tune_10d47_01050_1050,CNN,0.0004614573261844,0.3371058313932873,0.3172162885197575,1.1297502517700195,4.389657974243164,-0.5915327072143555,4.886216174782021e-06,-3247.473017991963,-0.007718745619058609,1472369738.0394552,1546314245.023301,11373719695.0
train_tune_10d47_01051_1051,CNN,0.0086308681239866,0.3055762289694526,0.3166449936077747,2.1558406352996826,5.565005302429199,-2.415416717529297,2.835889972629957e-05,-1768.582970502368,-0.05474245920777321,4224.03525105969,4224.03525105969,7981247.0
train_tune_10d47_01052_1052,CNN,0.0005151869760732,0.3279559993867235,0.3497163400315224,3.7406492233276367,8.058259963989258,-7.712590217590332,0.00017164861492346972,-5903.457745100966,-0.32292941212654114,56243622.86590767,52264954.31186085,1503126487.0
train_tune_10d47_01053_1053,CNN,0.001171970627807,0.2932247621546416,0.298230591654909,0.8041713833808899,3.0790228843688965,-0.2708691358566284,2.4091641535051167e-06,-3735.7706217137916,-0.013842953369021416,3722953799.752123,3772571400.2525625,11957358215.0
train_tune_10d47_01054_1054,CNN,0.0022342505844731,0.3648814197806977,0.4122856969965615,3.528907299041748,11.178781509399414,-6.293924808502197,3.220789949409664e-05,-1967.3320429374394,0.018669992685317993,121641.93234644744,120864.21966114704,1026390583.0
train_tune_10d47_01055_1055,CNN,0.0003925780526647,0.3019847091382636,0.304773498007408,1.2108289003372192,3.569700002670288,-0.5704538822174072,1.7959700926439837e-05,-6179.962944994138,0.03618017956614494,72101365298.77296,71085726700.29742,6597956375.0
train_tune_10d47_01056_1056,CNN,0.000950059683544,0.3012564640924237,0.3185437224056618,2.9532182216644287,8.654779434204102,-4.53963041305542,5.1339204219402745e-05,-1723.1783160754828,-0.09257912635803223,5710.900084436052,5710.900084436052,8205511.0
train_tune_10d47_01057_1057,CNN,0.0026173013439829,0.3016836767694848,0.3419506135793762,0.9179944396018982,3.1221325397491455,-0.34985584020614624,6.248926183616277e-06,-2430.2618293598116,-0.0019915602169930935,33389117.473911226,32388614.78958154,3919620719.0
train_tune_10d47_01058_1058,CNN,0.0005064177275993,0.3262519219639989,0.3766874575185947,1.9497348070144653,8.053165435791016,-1.843039631843567,1.9408937077969313e-05,-1843.9769245999578,0.022508013993501663,6287.481706097688,6287.481706097688,39246623.0
train_tune_10d47_01059_1059,CNN,0.0006428965411435,0.2622313364950193,0.2474260267638126,1.1055549383163452,3.567556142807007,-0.5202111005783081,3.878478764818283e-06,-21693.252096129778,0.007673926651477814,10451107720827.027,10189810483030.592,15273247503.0
train_tune_10d47_01060_1060,CNN,0.0018154411851613,0.3180513967142135,0.3332561383214979,1.8936246633529663,3.147611141204834,-1.4009302854537964,1.085015719581861e-05,-4495.329310944257,0.030996499583125114,587604067.9829961,590711139.1794926,5595744327.0
train_tune_10d47_01061_1061,CNN,0.0004672394676436,0.2948345645921035,0.3157207565039528,1.511031150817871,4.060967922210693,-0.9828444123268127,3.482919964881148e-06,-6485.567222793615,0.0033291704021394253,231680865130.68414,238234522634.4109,23349301519.0
train_tune_10d47_01062_1062,CNN,0.0012265748475039,0.3140578499566512,0.3166721955263901,1.267836570739746,5.232768535614014,-0.7751856446266174,4.373114279587753e-06,-4844.220920025439,0.018299035727977753,7454438754.014965,7574980977.269514,16849775679.0
train_tune_10d47_01063_1063,CNN,0.0046203027187452,0.3442275448542334,0.3809650989322897,2.316197633743286,7.694244861602783,-2.522435188293457,1.7013022443279624e-05,-2543.1782451600934,-0.07003406435251236,8480402.453633733,8472570.039250806,6963731119.0
train_tune_10d47_01064_1064,CNN,0.0005123232027519,0.3154716798929322,0.3130114266134274,1.1373213529586792,3.7709035873413086,-0.5417211651802063,9.053021130966954e-06,-9235.985094713482,-0.010180467739701271,766309346504.0593,778804603405.615,27619564967.0
train_tune_10d47_01065_1065,CNN,0.0012059505350804,0.2943627586843424,0.3255209179816096,1.042978286743164,4.092690467834473,-0.487629771232605,5.957826033409219e-06,-17335.30615813471,-0.011234823614358902,26434593707330.312,27105892407116.24,22948762103.0
train_tune_10d47_01066_1066,CNN,0.0031050933094733,0.3455728550574247,0.3850802001952308,2.5345559120178223,9.453458786010742,-3.1062557697296143,3.928507794626057e-05,-2350.6347353397487,0.06401786208152771,242611.3156551951,242526.0581595212,6822534367.0
train_tune_10d47_01067_1067,CNN,0.0062983488916401,0.2897031296953972,0.3078207418891707,3.7307419776916504,8.33763599395752,-8.253779411315918,7.377148722298443e-05,-1925.5000119924264,-0.037373751401901245,5599.633168202025,5599.633168202025,4034335.0
train_tune_10d47_01068_1068,CNN,0.0007403818890533,0.3337098624534055,0.3336237782296601,1.7215664386749268,6.649176120758057,-1.4231518507003784,1.0659219697117805e-05,-4639.354611447885,0.011477280408143997,3174271109.1507163,3179869923.575842,7103910183.0
train_tune_10d47_01069_1069,CNN,0.0,0.2868053205669793,0.328176304989365,1.4900238513946533,4.992893695831299,-1.0491653680801392,1.5314199117710814e-05,-1970.1778941248817,0.06882640719413757,1839.4557627876825,1839.4557627876825,5860863.0
train_tune_10d47_01070_1070,CNN,0.0018362534198266,0.347558677874696,0.4175123555657052,2.1678099632263184,6.3206610679626465,-2.332118034362793,1.535263072582893e-05,-1699.289824097985,-0.006714092567563057,90317.50858040297,90208.43814370694,575047415.0
train_tune_10d47_01071_1071,CNN,0.0015964539957787,0.3679361569794421,0.3902716875548522,2.4953980445861816,9.151721954345703,-3.0590686798095703,2.264803697471507e-05,-2400.5932239861922,0.044734735041856766,230277.03081717924,229176.204875008,7801573239.0
train_tune_10d47_01072_1072,CNN,0.0007787722247303,0.2898126497169619,0.2976359474731451,1.4789931774139404,5.722214221954346,-0.9904804229736328,5.637694357574219e-06,-7429.04277425906,-0.044729083776474,761935286098.612,743698806354.6614,28569662367.0
train_tune_10d47_01073_1073,CNN,0.0039444849837224,0.3478868827315157,0.3726131486374711,2.410304546356201,8.578064918518066,-2.8625268936157227,2.4205268346122466e-05,-2990.464943598386,0.08864414691925049,10333993.158499304,10403033.53862935,8884665671.0
train_tune_10d47_01074_1074,CNN,0.0011061197769701,0.3432502374573917,0.3386896266611445,2.2403693199157715,8.023407936096191,-2.3987772464752197,2.0091854821657762e-05,-3891.494166614979,-0.07828524708747864,9047825.21118127,9378378.247968826,12388257463.0
train_tune_10d47_01075_1075,CNN,0.0006042481379376,0.2924792130014164,0.3141980464575934,0.5672565698623657,1.6589043140411377,-0.0902257040143013,1.2379038707877044e-05,-48381.4518801959,-0.03673651069402695,2937174114381.2803,3230387851095.615,21122474199.0
train_tune_10d47_01076_1076,CNN,0.0004867683986864,0.3544678909773509,0.3492975624838018,1.7830086946487427,3.726762533187866,-1.4758418798446655,1.2740493730234448e-05,-2952.6653682136134,0.005265902727842331,156980109.45492122,154856110.9063249,10882599103.0
train_tune_10d47_01077_1077,CNN,0.0004005335409054,0.3331875713955462,0.3287638097507842,1.5952203273773193,4.8461384773254395,-1.151468276977539,4.975601314072264e-06,-4661.219499351463,-0.018763499334454536,5564459743287.222,5541358778084.938,16714670031.0
train_tune_10d47_01078_1078,CNN,0.0007051456830981,0.3577752448645682,0.3584810683790049,1.0481635332107544,3.9757819175720215,-0.49344077706336975,3.8763732845836785e-06,-2940.604590746875,0.009536528959870338,2423932.6039739894,2436456.657740545,1243285679.0
train_tune_10d47_01079_1079,CNN,0.0052639113362457,0.3272824121440414,0.3258527996081309,1.7495869398117065,6.985661029815674,-1.4750218391418457,9.170777047984302e-06,-7412.939395631536,-0.031450025737285614,25442604736.85744,25603402577.7286,23458991759.0
train_tune_10d47_01080_1080,CNN,0.0004469601216317,0.325115696867534,0.3526890573223331,1.5601701736450195,3.332584857940674,-0.9558274745941162,8.019904271350242e-06,-4352.744295962663,0.030236046761274338,13691679904.119864,13957179426.491243,6373014111.0
train_tune_10d47_01081_1081,CNN,0.0021671925034718,0.3705550783322878,0.4114376760852346,2.059152603149414,8.087153434753418,-2.069185495376587,1.3266235328046605e-05,-1732.2250900887168,0.01291568111628294,77225.45989817835,77661.11748686331,757902223.0
train_tune_10d47_01082_1082,CNN,0.0007926661152467,0.3204313838770534,0.3261489969638067,2.095595121383667,8.33176326751709,-2.154971122741699,2.6499119485379197e-05,-4638.357688564993,0.08977806568145752,8175293969.922179,7795291842.93021,9739727207.0
train_tune_10d47_01083_1083,CNN,0.000687586862702,0.3183222422507416,0.330282852950758,1.769614577293396,3.890366315841675,-1.3762205839157104,1.3991075320518576e-05,-8138.158822334251,-0.004372694995254278,10569142190.069643,10668841851.240301,15709634487.0
train_tune_10d47_01084_1084,CNN,0.0032051612068359,0.277228647390205,0.2966262197619295,3.2659177780151367,9.3430757522583,-5.693752288818359,3.499885860946961e-05,-1735.4190751102565,0.04162728786468506,5200.907916488371,5200.907916488371,5901887.0
train_tune_10d47_01085_1085,CNN,0.0004742089601783,0.2770454252714975,0.2651080001461927,1.8889628648757935,6.275084495544434,-1.704209804534912,9.44920611800626e-06,-4893.661768133945,0.04255746304988861,431239231081.4221,434523073912.347,20396644023.0
train_tune_10d47_01086_1086,CNN,0.0003968068717613,0.3331337358689288,0.3424306744337518,1.511054515838623,6.039023399353027,-1.1026020050048828,7.381261639238801e-06,-6305.548622175188,0.05553491786122322,657557156368.5225,667534470177.9813,34165407807.0
train_tune_10d47_01087_1087,CNN,0.0005895426002707,0.3085076712491837,0.3190893891073649,0.6461468935012817,2.2258858680725098,-0.1530950665473938,2.9153620744182263e-06,-10722.909517135022,0.0240344051271677,109523408490.1265,108443727191.27934,6868963655.0
train_tune_10d47_01088_1088,CNN,0.0076962601708648,0.3180208495268337,0.3695009910086835,1.8093433380126953,7.070137023925781,-1.5298044681549072,2.0876956114079803e-05,-1823.240633247111,-0.02378220483660698,4436.373651752325,4436.373651752325,22234687.0
train_tune_10d47_01089_1089,CNN,0.010275053093882,0.2938233055872128,0.2983509098372579,3.269382953643799,8.134833335876465,-6.12057638168335,9.422071889275685e-05,-1926.108512108602,0.16347655653953552,5759.035120526882,5759.035120526882,5813023.0
train_tune_10d47_01090_1090,CNN,0.0010856079404466,0.3029441532724648,0.3101802861817601,1.878028154373169,4.553256988525391,-1.5952038764953613,8.867699762049597e-06,-2396.7284837419325,0.016683120280504227,614783943.9071342,603796008.1659184,1886242895.0
train_tune_10d47_01091_1091,CNN,0.0009322115864261,0.3161045412824736,0.3671699410411025,1.360271692276001,5.947404861450195,-0.8708805441856384,9.70196197158657e-06,-1754.2557521328697,0.014565951190888882,2960.654977269538,2960.654977269538,24943327.0
train_tune_10d47_01092_1092,CNN,0.0011633724294547,0.366211581835565,0.3714040173197979,1.530794620513916,4.960834503173828,-1.0661559104919434,1.2949043593835086e-05,-3375.693791030492,0.08972351253032684,10925873.875447422,10808925.169697452,13412998983.0
train_tune_10d47_01093_1093,CNN,0.0008984680099444,0.3422165514766885,0.3776068901655312,1.2739789485931396,2.5288939476013184,-0.5602617263793945,4.667294433602365e-06,-2375.8873708739384,-0.009150543250143528,94226.49218152302,94200.94303097809,1682744959.0
train_tune_10d47_01094_1094,CNN,0.0039514005790149,0.3512244480961256,0.3728427941108665,1.5574532747268677,6.123102188110352,-1.1702301502227783,1.2388565664878115e-05,-3521.6996639932395,0.022097012028098106,19111131.79636556,19054467.38096585,24356812055.0
train_tune_10d47_01095_1095,CNN,0.0029364216568082,0.2991922880635936,0.3178797127660044,1.3281974792480469,5.443175792694092,-0.8364101648330688,5.1402112148934975e-06,-2199.304206015452,-0.000922410748898983,21729538.915184073,21901322.49305307,1784123055.0
train_tune_10d47_01096_1096,CNN,0.0279765015784082,0.3193752962771745,0.3424890315254715,1.6994357109069824,5.49690580368042,-1.3056457042694092,6.625008973060176e-05,-1784.7268406819276,-0.17963510751724243,3222.1942101780587,3222.1942101780587,12140767.0
train_tune_10d47_01097_1097,CNN,0.0005195831625783,0.3204666588100052,0.30738045876493,0.8206758499145508,2.87355375289917,-0.2701472043991089,5.322699507814832e-06,-54759.07305088154,-0.008450942113995552,35291999008909.34,35470386995253.46,28522861359.0
train_tune_10d47_01098_1098,CNN,0.0009298775779166,0.3243764198475981,0.3157930216997082,1.8896100521087646,7.745748043060303,-1.7429008483886719,1.368311950500356e-05,-4526.866085721723,0.010509091429412365,89613038346.45923,91331802814.28741,9889682191.0
train_tune_10d47_01099_1099,CNN,0.0004359697185778,0.3047647490686436,0.28897719216529,3.309903144836426,13.650126457214355,-5.446345329284668,3.8876591133885086e-05,-2816.5715318113116,0.010544102638959885,6733542.040130382,6869915.459531304,3212775607.0
train_tune_10d47_01100_1100,CNN,0.0010977214184555,0.3423354085187161,0.3888456059839422,3.3399908542633057,14.892683982849121,-5.639659881591797,4.4805248762713745e-05,-1810.8267305676827,0.16636264324188232,48215.6660648641,47966.01232455649,330315711.0
train_tune_10d47_01101_1101,CNN,0.000609135518049,0.2471531045574518,0.2931397990753988,1.728259801864624,6.658781051635742,-1.4487136602401733,1.4324376024887897e-05,-4821.8296898870685,0.05280173569917679,142532177.92070147,145089389.09133086,7952891175.0
train_tune_10d47_01102_1102,CNN,0.0009661317159572,0.3633621388393952,0.3970657559421667,2.329549551010132,5.142532825469971,-2.942723274230957,2.064644286292605e-05,-2003.1909443520676,0.08282604068517685,77689.35295714848,78815.58809791556,452040783.0
train_tune_10d47_01103_1103,CNN,0.0005579455856226,0.3242871704564886,0.3559307653307577,2.5326414108276367,8.917376518249512,-3.1910200119018555,2.7605223294813186e-05,-1750.7617966938426,-0.01619444228708744,6760.362195201973,6760.362195201973,20699583.0
train_tune_10d47_01104_1104,CNN,0.0012135771708758,0.3388978190816925,0.3663404315062067,1.8272593021392822,6.622209548950195,-1.6015596389770508,1.5505613191635348e-05,-2128.1897236596205,0.028389550745487213,363579.43594985997,363796.16086847207,6636660095.0
train_tune_10d47_01105_1105,CNN,0.0003959394212685,0.2973940826054371,0.3098035913331245,2.5012404918670654,6.612396717071533,-3.162896156311035,1.596792026248295e-05,-19197.911534935345,-0.09380283206701279,371748779031.79407,374230912289.0465,10173237551.0
train_tune_10d47_01106_1106,CNN,0.0004614573261844,0.3224763311092586,0.3296331225942162,1.0127350091934204,2.5809009075164795,-0.3556986451148987,4.1864091144816484e-06,-6432.831414876921,0.02034657448530197,30190969714.995415,30566574745.72219,8304296159.0
train_tune_10d47_01107_1107,CNN,0.0050296488931896,0.3506618533921254,0.3783005878166107,2.6375880241394043,11.26860523223877,-3.4103217124938965,5.3713163651991636e-05,-2012.8009519594057,-0.07587979733943939,155412.57743894248,155473.68620275304,2520551271.0
train_tune_10d47_01108_1108,CNN,0.0013555803113701,0.3099415424613922,0.3055282063900699,0.5850735902786255,1.6067819595336914,-0.08498939871788025,2.9586467462650035e-06,-9058.345263707388,0.009968516416847706,95456789655.8233,94021461069.06076,8638435703.0
train_tune_10d47_01109_1109,CNN,0.0005199267581436,0.3133513857393436,0.3235920423813898,1.631547451019287,5.949536323547363,-1.2398483753204346,9.884372047963552e-06,-3338.164500457598,0.018734276294708252,126305932.76196504,127863547.61706094,6761701199.0
train_tune_10d47_01110_1110,CNN,0.0012660890008054,0.3265681720588744,0.3377528576875755,1.0475893020629883,4.109560012817383,-0.48668408393859863,1.314819928666111e-05,-5253.8626753142735,-0.03830386698246002,3306290377.3267307,3407840251.337187,9458201143.0
train_tune_10d47_01111_1111,CNN,0.0004614573261844,0.3213489918270575,0.335672540570516,0.8209922909736633,1.8243136405944824,-0.14889012277126312,3.846118943329202e-06,-43186.735181846736,0.014508724212646484,13659979802564.559,13680766365264.639,16587442111.0
train_tune_10d47_01112_1112,CNN,0.0006165746475715,0.3783833798535572,0.3774589920455301,2.851536273956299,11.284161567687988,-3.95615553855896,3.842976730084047e-05,-2298.6586521412937,-0.0757557824254036,3726365.321553028,3736363.001458158,14536874343.0
train_tune_10d47_01113_1113,CNN,0.0015318765127057,0.345119109924138,0.3913364384074684,2.977057933807373,9.927029609680176,-4.332554340362549,2.4482138542225584e-05,-2186.129640882279,-0.04826308786869049,3233482.622947932,3177975.446793045,1464038127.0
train_tune_10d47_01114_1114,CNN,0.0063290864732989,0.3597842837888068,0.4013316941878558,1.5110077857971191,5.195878982543945,-1.0587689876556396,8.141440048348159e-06,-1926.3530375426876,-0.02272525243461132,128542.86138037912,128326.88882035282,6395976367.0
train_tune_10d47_01115_1115,CNN,0.0066822807978968,0.3199890039183097,0.3691115831493113,1.9182697534561157,8.289026260375977,-1.8011350631713867,2.6156554667977616e-05,-1719.2101685063249,0.0344916433095932,4786.18850518002,4786.18850518002,23905367.0
train_tune_10d47_01116_1116,CNN,0.0005938560239878,0.3080242191315833,0.3185014607821718,0.8007494807243347,2.0262532234191895,-0.17800822854042053,8.246002835221589e-06,-13505.477663393682,0.010237736627459526,263166712137.2445,263353353318.23297,12113721247.0
train_tune_10d47_01117_1117,CNN,0.0023048202754494,0.341155353642583,0.345446051302056,1.896618127822876,5.684784889221191,-1.6826316118240356,1.7417187336832285e-05,-2976.4939703128825,0.029620034620165825,131805046.2767115,127755523.0503087,3963547375.0
train_tune_10d47_01118_1118,CNN,0.0004333392091192,0.3100003011103519,0.3431531318284578,2.1763246059417725,3.528041362762451,-2.204463481903076,1.1194627404620405e-05,-6493.552066890342,-0.0006059110164642334,141928060.03483853,146584667.82833126,918595007.0
train_tune_10d47_01119_1119,CNN,0.0030552712093575,0.3622618100415058,0.3867588993583014,2.159029483795166,7.7967658042907715,-2.2506399154663086,1.1252041076659225e-05,-2489.5893959368896,0.01786147430539131,212539.35779715542,213487.79436172912,4464439807.0
train_tune_10d47_01120_1120,CNN,0.0007707532682271,0.3542063768358679,0.3557882758319304,2.383251190185547,9.303902626037598,-2.7307143211364746,1.5284404071280733e-05,-2785.450600450501,0.023322638124227524,8763307.615565386,8758771.678632569,10861560031.0
train_tune_10d47_01121_1121,CNN,0.0005067687159747,0.3524713452971461,0.4091937102400765,1.7368841171264648,5.474923133850098,-1.4046084880828857,8.188306310330518e-06,-2353.154850954697,0.03229682147502899,2405825.3472445766,2374220.087553303,2680803247.0
train_tune_10d47_01122_1122,CNN,0.005041555119811,0.3195366559293195,0.3672490501213257,1.6948041915893555,6.721578121185303,-1.3793153762817383,2.9577828172477894e-05,-1660.8669097553177,0.046383511275053024,3978.3888896176927,3978.3888896176927,20168711.0
train_tune_10d47_01123_1123,CNN,0.0025105259589694,0.3639718219775381,0.411959621357551,3.949122905731201,14.312705039978027,-7.70371150970459,4.95677231810987e-05,-2159.405815981987,0.03483113646507263,135264.99914246256,133320.2374789539,570217871.0
train_tune_10d47_01124_1124,CNN,0.0004624549014714,0.3251560031747443,0.3281564788799547,2.8805246353149414,7.4430365562438965,-4.376880645751953,1.4376817489392124e-05,-3096.6053586939597,0.05389716476202011,165530448.10593376,166346938.56430477,7643705839.0
train_tune_10d47_01125_1125,CNN,0.0018689773315455,0.3563638903130428,0.3795594954137973,1.977094054222107,8.250280380249023,-1.9541290998458862,1.5187239114311524e-05,-2770.3830361771143,0.02466910518705845,10083891.28285378,9942104.189937651,9510953535.0
train_tune_10d47_01126_1126,CNN,0.0,0.3638481133536727,0.3891720845402492,2.0539779663085938,6.9552178382873535,-1.983729362487793,1.5046314729261212e-05,-2456.3095780234153,-0.020565031096339226,4311380.940289548,4301625.702242652,4621235983.0
train_tune_10d47_01127_1127,CNN,0.0004850836769342,0.365906780684158,0.3528164040414773,2.6919643878936768,7.7334885597229,-3.675241470336914,2.218804911535699e-05,-4030.9713338331494,-0.07110391557216644,178930291.24140802,176037811.1999675,6808219335.0
train_tune_10d47_01128_1128,CNN,0.0009443349495451,0.3266004176314723,0.3427016927814859,2.092766523361206,8.470455169677734,-2.120176315307617,1.799038909666706e-05,-1751.1017507558504,0.06347648054361343,7089.9046493903115,7089.9046493903115,36050719.0
train_tune_10d47_01129_1129,CNN,0.0006357598893871,0.366834627715175,0.3839834543239948,1.947863221168518,7.0836591720581055,-1.8500471115112305,1.765576598700136e-05,-2673.0345004544315,0.12848959863185883,184095275.28385994,184068373.64119533,13392918903.0
train_tune_10d47_01130_1130,CNN,0.0004469093653154,0.356867655137473,0.3305327311925237,0.9003552198410034,3.3201563358306885,-0.34115925431251526,3.734997562787612e-06,-12493.748264959546,-0.02589648962020874,6111908883346.887,5909235369337.379,19731452919.0
train_tune_10d47_01131_1131,CNN,0.000647052675065,0.3440941357870437,0.3490268929340084,1.8096497058868408,7.031001091003418,-1.5956881046295166,1.0682604624889791e-05,-2442.04446430948,0.05272779241204262,2413973.1375403255,2413799.5017543756,3475320847.0
train_tune_10d47_01132_1132,CNN,0.0039029212822298,0.3021879205240216,0.3405544461111449,1.2493319511413574,4.930068492889404,-0.7072038650512695,1.1182342859683558e-05,-1877.4979545666156,-0.028985904529690742,1898.255417010014,1898.255417010014,10680647.0
train_tune_10d47_01133_1133,CNN,0.0134481637407508,0.3687967960108753,0.4120346933700964,3.9461510181427,14.744110107421875,-7.497293949127197,6.568542448803782e-05,-1867.0068760697222,-0.13585548102855682,100820.56192777229,98997.74482695006,1663709527.0
train_tune_10d47_01134_1134,CNN,0.0033320328444887,0.3039214286849837,0.2851642578446415,2.3521809577941895,8.69694709777832,-2.642686605453491,2.012421828112565e-05,-2836.3279245841604,0.06929905712604523,3250843.3703459217,3226906.3785922667,1329639959.0
train_tune_10d47_01135_1135,CNN,0.003080124714459,0.3158581190159867,0.3672460168706916,4.904240608215332,18.4272403717041,-11.919567108154297,8.137464465107769e-05,-2489.8227570431004,0.010564513504505157,61423.148313604055,61521.21296810164,116910567.0
train_tune_10d47_01136_1136,CNN,0.0015581993323661,0.3070638596738285,0.3198103334103513,1.9141740798950195,7.7513628005981445,-1.793243408203125,1.7111426132032648e-05,-3477.016463427661,0.029278606176376343,328415425.0257171,321536940.8002686,13182517775.0
train_tune_10d47_01137_1137,CNN,0.0024346413892136,0.2867773491907699,0.2733023454043526,1.8514409065246582,6.627488613128662,-1.6061317920684814,9.445995601709e-06,-15486.089429469373,0.005138098727911711,199261015816.8946,207005236596.68198,10455101463.0
train_tune_10d47_01138_1138,CNN,0.0005874008444363,0.329113797231283,0.3155263109526307,1.4381827116012573,5.869011878967285,-0.9823200106620789,8.978278856375255e-06,-5851.951557160839,-0.014812937006354332,532047340082.0333,535255624787.25195,15711300791.0
train_tune_10d47_01139_1139,CNN,0.0002019635343618,0.3145484178946341,0.3705944180408928,1.5299198627471924,6.671246528625488,-1.1150503158569336,1.2026672266074456e-05,-1764.487153320987,0.009113211184740067,3430.403627809582,3430.403627809582,24320551.0
train_tune_10d47_01140_1140,CNN,0.0007937993524815,0.3490905557944971,0.3022487324701869,3.5982022285461426,15.089499473571777,-6.537178039550781,5.3714051318820566e-05,-2828.059981039768,-0.028210757300257683,129426967.0695151,124770865.52330211,20159655679.0
train_tune_10d47_01141_1141,CNN,0.0005242812362699,0.3060507802228482,0.3102159113556074,1.4125813245773315,3.4840147495269775,-0.8457547426223755,6.427810149034485e-06,-9560.6404834649,0.014338620938360691,263227736188.26666,271130406861.54077,14135248103.0
train_tune_10d47_01142_1142,CNN,0.0005559212932484,0.239018555634914,0.2366491810763357,0.8331049680709839,3.1712141036987305,-0.2924264073371887,4.973464456270449e-06,-6249.226010872932,-0.005770365707576275,6198513220.912542,6202261282.142604,11308580871.0
train_tune_10d47_01143_1143,CNN,0.0004423457595629,0.3227040203079537,0.3279118158892627,1.8279492855072021,4.69517183303833,-1.609358787536621,2.0669431251008064e-05,-4991.740083546431,0.03732892498373985,478725664.0622103,481018977.987537,18930034143.0
train_tune_10d47_01144_1144,CNN,0.0028126237350424,0.3663946735782684,0.3649301751905631,3.0344643592834473,6.044649124145508,-5.156415939331055,2.3737014998914674e-05,-2782.648900672905,-0.025238238275051117,115104.65960169079,115435.14366953423,333436631.0
train_tune_10d47_01145_1145,CNN,0.0004399326902983,0.244123181562553,0.2725378882679914,1.1000618934631348,4.517091274261475,-0.5605641603469849,4.055609679198824e-06,-8253.39775687004,-0.01937120221555233,6445367788.884461,6491760084.384979,15618669015.0
train_tune_10d47_01146_1146,CNN,0.0004759986818498,0.2950443609527577,0.2862626970366822,0.5806337594985962,1.6940559148788452,-0.09777133166790009,1.8201867533207405e-06,-6682.065814104811,-0.00842845719307661,29254157551.940018,29506784281.61342,10294210039.0
train_tune_10d47_01147_1147,CNN,0.0004323547947413,0.3296822475777128,0.3335414195272881,1.3812932968139648,5.373076438903809,-0.8905819654464722,5.371599399950355e-06,-10440.454250802832,0.010870300233364105,693671961392.8481,681740304548.324,20477702991.0
train_tune_10d47_01148_1148,CNN,0.0018062028504745,0.3183661125824669,0.3382604175976317,2.674009084701538,10.683050155639648,-3.53049635887146,2.827508797054179e-05,-3433.8480421111494,0.15373294055461884,5682334.445453329,5710667.6501898,2769097319.0
train_tune_10d47_01149_1149,CNN,0.008823931791566,0.3575022316574566,0.3719734488026446,2.062898635864258,6.676236629486084,-2.0512547492980957,9.968432095774915e-06,-3620.9431295054324,0.03293904662132263,8573241.718447361,8513424.343223147,9948499551.0
train_tune_10d47_01150_1150,CNN,0.0001212294874196,0.2725269228416235,0.3117311015385676,1.8105223178863525,5.772638320922852,-1.5707954168319702,2.0798644982278347e-05,-1763.0277785577107,0.09133249521255493,2034.7176062673493,2034.7176062673493,3843279.0
train_tune_10d47_01151_1151,CNN,0.0028133653376373,0.3606978051515926,0.4220059831019963,1.6358470916748047,5.436722755432129,-1.255777359008789,1.0332869351259433e-05,-1859.0139458246426,0.019949257373809814,151374.00721991181,151178.70722564045,1852289071.0
train_tune_10d47_01152_1152,CNN,0.0012841355108572,0.2745853169993797,0.2476078800232662,2.0758628845214844,8.735881805419922,-2.1129837036132812,1.1788039955717977e-05,-4996.035208539849,0.017908962443470955,362705374488.9247,366146991207.39185,25755546839.0
train_tune_10d47_01153_1153,CNN,0.0006068493551311,0.3315983176841724,0.348834277491538,1.8830649852752686,7.963558673858643,-1.7281057834625244,1.2573710591823328e-05,-9740.585946829908,0.014648688957095146,1420758134847.9941,1395711275000.0728,34808264855.0
train_tune_10d47_01154_1154,CNN,0.0004667319581318,0.3485307728031883,0.3646362246535546,0.547470211982727,1.8013825416564941,-0.09258107095956802,1.5212767721095588e-06,-17153.42482516608,-0.00389366177842021,3004527033604.9985,3033158005960.3755,28061870031.0
train_tune_10d47_01155_1155,CNN,0.0007092351855031,0.3126913634384396,0.283787562282748,1.0268750190734863,3.827371835708618,-0.44898200035095215,1.1595930118346587e-05,-2923.381817826596,-0.023468755185604095,38551573502.98816,37554691808.57568,10168676783.0
train_tune_10d47_01156_1156,CNN,0.0004614573261844,0.3164652793072263,0.3253056502458379,1.234191656112671,2.6607394218444824,-0.49401161074638367,3.817133347183699e-06,-4489.314864568294,0.00218775263056159,3549512160.326775,3493079640.9265165,16875182231.0
train_tune_10d47_01157_1157,CNN,0.0004932740034323,0.3694474944098735,0.4180194880429747,1.3701558113098145,5.038749694824219,-0.8843642473220825,9.507451977697201e-06,-1984.9966757540606,-0.03967081755399704,164339.77626741707,164356.57077500323,8671305903.0
train_tune_10d47_01158_1158,CNN,0.0012479781059295,0.2898661177165333,0.295513640945547,1.537889003753662,6.398844242095947,-1.123136043548584,7.868402462918311e-06,-13238.60967550844,-0.025541802868247032,1103843179592.1348,1114402554715.3364,25633841719.0
train_tune_10d47_01159_1159,CNN,0.0004257750787123,0.3205032733091231,0.3590078519398176,1.3187878131866455,5.4808549880981445,-0.8050541281700134,1.4276958609116264e-05,-1690.8141232257015,-0.05877139791846275,3657.877473860808,3657.877473860808,29698063.0
train_tune_10d47_01160_1160,CNN,0.0017511310219494,0.355040253528477,0.4149862029584861,3.270125389099121,10.364261627197266,-5.373383522033691,3.269620719947852e-05,-2137.4902194948468,-0.05044727772474289,244526.70082784293,245197.0961263753,4488720991.0
train_tune_10d47_01161_1161,CNN,0.0014347931204447,0.2751671633951759,0.2913499334966728,2.293091058731079,9.639535903930664,-2.6325843334198,2.4229593691416085e-05,-12497.441120579026,0.07750998437404633,125301410268.27428,125522397462.2603,13391548591.0
train_tune_10d47_01162_1162,CNN,0.0010006540382459,0.265546354180755,0.2631408240881388,1.8233411312103271,4.7972259521484375,-1.609692096710205,8.13374572317116e-06,-8254.61304579358,-0.022044770419597626,123843873822.51282,127356415213.25227,12609977335.0
train_tune_10d47_01163_1163,CNN,0.000439632906523,0.2517729682599062,0.2589535167665624,0.9390284419059753,3.2431039810180664,-0.3651427924633026,1.2151465853094123e-05,-24254.99286095458,0.014688229188323021,20514100439902.28,20200408154521.71,20680195127.0
train_tune_10d47_01164_1164,CNN,0.000400490972266,0.3180785372082761,0.341247938936816,1.6764527559280396,7.095825672149658,-1.3788748979568481,1.4204495528247207e-05,-9006.314105875363,0.06029514595866203,29671152226.28031,29582955575.570786,16013276271.0
train_tune_10d47_01165_1165,CNN,0.0004190791287565,0.2207426164708353,0.2412702325475991,1.2068045139312744,4.124468803405762,-0.6204819679260254,5.6888397921284195e-06,-4001.565609783579,-0.028984827920794487,33427393.134367228,32893177.71859426,1124264487.0
train_tune_10d47_01166_1166,CNN,0.0042377058292,0.3148116249656119,0.3486259613395301,1.494399070739746,6.262882709503174,-1.045291781425476,1.1533215001691133e-05,-1719.7250851907306,0.03462732583284378,4827.05420248092,4827.05420248092,44546463.0
train_tune_10d47_01167_1167,CNN,0.0006531937702306,0.345630760568247,0.3313500552650755,1.433788776397705,5.88351583480835,-0.9912383556365967,1.2303346011321992e-05,-2653.40090849248,0.019151030108332634,27222762.652643375,27924225.589807216,2321836143.0
train_tune_10d47_01168_1168,CNN,0.0036011937615742,0.3544956290077569,0.3637587278170865,2.5551133155822754,9.399459838867188,-3.182608127593994,2.3317414161283523e-05,-2637.7721404937915,0.05041307955980301,13296229.393783003,13106486.18664693,11474377295.0
train_tune_10d47_01169_1169,CNN,0.0016453815647277,0.3069755553211002,0.2976871220488381,1.4915177822113037,6.154711723327637,-1.0631834268569946,8.068239367275964e-06,-3397.085466838987,-0.027727434411644936,6505816802.50272,6633908251.058628,14534592447.0
train_tune_10d47_01170_1170,CNN,0.000517278540125,0.3392938462681214,0.3115019326025033,1.557509183883667,6.0580315589904785,-1.1577800512313843,9.256495104636997e-06,-12039.082966398793,0.010547936893999577,13812635416032.72,14415170009573.236,22195937047.0
train_tune_10d47_01171_1171,CNN,0.0044335921034321,0.2960041009194681,0.3149515853961492,2.980760097503662,9.014657020568848,-4.650613307952881,2.9243979952298105e-05,-1710.3784800786195,0.04978022351861,5273.700450614981,5273.700450614981,7177887.0
train_tune_10d47_01172_1172,CNN,0.000592092278678,0.285381792769324,0.3120810031826934,1.1599252223968506,3.011714220046997,-0.5441408157348633,4.795371296495432e-06,-6687.788657139982,-0.042344436049461365,2418896704.872189,2437007328.046526,2996688815.0
train_tune_10d47_01173_1173,CNN,0.0001273943309522,0.3361160935585307,0.343821066323149,1.8090567588806152,7.311854362487793,-1.6110074520111084,1.1893116607097909e-05,-3394.2737264132684,0.06336960196495056,253784405.0027421,253896897.8994335,14168470623.0
train_tune_10d47_01174_1174,CNN,0.0001478331572379,0.359054422244581,0.39554677881858,2.063692808151245,7.602372169494629,-2.074707269668579,4.438361793290824e-05,-2391.8633655045655,0.12183837592601776,237044.4187911956,238684.43505098787,8014162079.0
train_tune_10d47_01175_1175,CNN,0.0009878245738922,0.3281402518834609,0.3615970424780289,1.6238102912902832,6.977906703948975,-1.2591861486434937,1.9154695110046305e-05,-1849.1094125779605,-0.01061265543103218,5563.885223662051,5563.885223662051,48123495.0
train_tune_10d47_01176_1176,CNN,0.0002257169431699,0.2978589915029737,0.2945793654814895,3.2456493377685547,13.213963508605957,-5.258040904998779,3.0769602744840086e-05,-7755.472145270042,-0.06504952907562256,555645424021.4766,530672919524.60565,22750817039.0
train_tune_10d47_01177_1177,CNN,0.0049820815543867,0.2920290989421665,0.3323962167574534,1.2650017738342285,4.675726890563965,-0.7302230596542358,8.902308763936162e-06,-1733.913018387986,0.04437963664531708,1900.0609986656664,1900.0609986656664,9223503.0
train_tune_10d47_01178_1178,CNN,0.0005413531634411,0.3080595549526366,0.3371684585958261,1.1877492666244507,2.0705766677856445,-0.34714531898498535,3.163287601637421e-06,-12317.260234538488,0.011790110729634762,79716170017.76065,81399993802.3048,7360967775.0
train_tune_10d47_01179_1179,CNN,0.0005780621746113,0.310277560166378,0.3290814711986282,2.233027458190918,8.088337898254395,-2.448726177215576,2.4663861040608026e-05,-6562.761562528346,0.10766667127609253,44896065870.51251,44602676007.45875,31755064487.0
train_tune_10d47_01180_1180,CNN,0.0032765143921349,0.2996762244047278,0.3094561652286454,1.9918992519378662,6.272617816925049,-1.8892889022827148,1.2206608516862616e-05,-3628.7107721026487,-0.01060091145336628,64715199.90228452,64554715.08374727,2365661359.0
train_tune_10d47_01181_1181,CNN,0.0006065743894061,0.3530721049207769,0.3747637937434979,2.802865743637085,4.039799690246582,-3.420567274093628,2.212937943113502e-05,-5290.1208466517355,-0.10415974259376526,2433827073.7665024,2464683130.764444,13461509167.0
train_tune_10d47_01182_1182,CNN,0.0063884503387551,0.3126021525394912,0.2987009993335311,2.765091896057129,11.705709457397461,-3.696516990661621,4.235421511111781e-05,-2591.537409311908,-0.13331641256809235,41663163.37586607,41541885.14672343,2414619087.0
train_tune_10d47_01183_1183,CNN,0.0025696203172734,0.3301282709172238,0.3127637969906748,1.4009937047958374,5.421792984008789,-0.9305701851844788,6.946809207875049e-06,-3221.48049885558,-0.0036542005836963654,330314076.79874206,327462000.6564066,15439467047.0
train_tune_10d47_01184_1184,CNN,0.0011172041373519,0.3096381134963148,0.327690097902308,2.709071159362793,10.871941566467285,-3.6225409507751465,2.0911906176479533e-05,-2463.9670240672335,0.019457850605249405,932113.6522583902,909883.3151559954,213729407.0
train_tune_10d47_01185_1185,CNN,0.0279987472596304,0.3068012740713149,0.308423208922319,1.243155598640442,4.789528846740723,-0.6979386806488037,2.308243711013347e-05,-4324.825352205635,-0.06031053513288498,7656233696.00342,7706435999.52839,15545111047.0
train_tune_10d47_01186_1186,CNN,0.0008876735905414,0.3423118060958547,0.3760496644412139,1.7024898529052734,5.069575786590576,-1.3693537712097168,1.0301424481440336e-05,-2935.4916531892213,-0.06228024512529373,158148846.56858623,156033197.37350103,5803583087.0
train_tune_10d47_01187_1187,CNN,0.0003959394212685,0.2709101869342607,0.3074170768338883,0.7923790216445923,2.2471542358398438,-0.19899854063987732,4.415435796545353e-06,-23181.33682586648,-0.00835397094488144,4954236931856.947,4991682453055.292,18454630943.0
train_tune_10d47_01188_1188,CNN,0.000592092278678,0.2902413743940495,0.275636175812655,2.827511787414551,10.433887481689453,-3.9156746864318848,2.3895416234154254e-05,-4986.366288929427,0.029349016025662422,14246012695.60801,14396654923.039093,18719332375.0
train_tune_10d47_01189_1189,CNN,0.0140395102078567,0.3204535349566476,0.3174170983169654,2.29321026802063,9.80716323852539,-2.6113038063049316,2.3788474209140986e-05,-2188.141908885541,-0.006690470036119223,6328016.037925949,6243863.496607648,4875704599.0
train_tune_10d47_01190_1190,CNN,0.0010028744809964,0.3291530380675656,0.3360005665045272,1.7512097358703613,4.381126403808594,-1.4188086986541748,6.592356385226594e-06,-7419.22198506949,0.0064101871103048325,284645583889.8803,289944050875.7677,17267369887.0
train_tune_10d47_01191_1191,CNN,0.0014278194828225,0.2669187212127993,0.2530613747796837,1.5333433151245117,4.938525676727295,-1.0490686893463135,9.76495721261017e-06,-60304.988898326934,0.00954328291118145,5839144017888.115,5914231832416.375,14818071775.0
train_tune_10d47_01192_1192,CNN,0.0007745448875568,0.2636986871666939,0.2860230120207864,1.1028907299041748,4.216348171234131,-0.5503004789352417,4.317002549214521e-06,-4823.545594382069,0.0059723323211073875,25008449.618664667,24184691.58074753,616530175.0
train_tune_10d47_01193_1193,CNN,0.0090920337079207,0.3119232333510116,0.3384497948193194,0.9950725436210632,2.5075361728668213,-0.3181036710739136,8.571785656386055e-06,-19342.08815002679,0.011644763872027397,202685946662.32452,206876454851.77908,14560145239.0
train_tune_10d47_01194_1194,CNN,0.0010171719191976,0.3567148303369261,0.3658477917473404,2.1020336151123047,8.144758224487305,-2.1613569259643555,1.7678672520560212e-05,-2764.2606786390998,0.07514558732509613,10950471.100037495,10962305.808069736,9728131191.0
train_tune_10d47_01195_1195,CNN,0.020668401060033,0.3550947117164212,0.3558010513183199,2.1628148555755615,7.921898365020752,-2.235755681991577,3.387296601431444e-05,-2536.9749388091514,-0.048673152923583984,336947.7522034481,342505.4356056146,5283099679.0
train_tune_10d47_01196_1196,CNN,0.0009134428337026,0.3742454828418587,0.4186306528222171,2.297189950942993,9.413117408752441,-2.5828323364257812,2.7717658667825162e-05,-2110.944477063464,-0.05007339268922806,97025.2128864108,96798.81897593549,1340696791.0
train_tune_10d47_01197_1197,CNN,0.0005471536013746,0.2800438107090157,0.2975712773936959,1.0362865924835205,2.602203607559204,-0.38296622037887573,1.2130703908042051e-05,-29454.93289696727,0.04188603162765503,2574560447977.4863,2411206436871.7476,6091077711.0
train_tune_10d47_01198_1198,CNN,0.0004645831508638,0.393392896175929,0.417086634639833,1.0343420505523682,3.0456995964050293,-0.4126611351966858,6.816391760366969e-06,-2122.313492093795,0.006987961940467358,649584.6040810244,649630.7044629196,507997791.0
train_tune_10d47_01199_1199,CNN,0.0116034696522818,0.3215458068800391,0.3280936812389733,4.2990827560424805,16.92709732055664,-9.09581184387207,6.584355287486687e-05,-2066.613588864255,0.07371853291988373,194397.10486176616,195694.85112139556,1076032647.0
train_tune_10d47_01200_1200,CNN,0.0005559212932484,0.2730976958216174,0.2853079342186794,1.216009259223938,4.188086032867432,-0.6439799070358276,9.845081876846962e-06,-14835.668671970418,-0.006332767195999622,195665347026.667,196921725844.17188,10240435231.0
train_tune_10d47_01201_1201,CNN,0.000439632906523,0.3123324120008665,0.3098199217761515,0.7867571115493774,2.649172782897949,-0.2352607101202011,2.065310582111124e-06,-28866.572743386336,-0.013094823807477951,14688248121372.363,14533109722501.473,17524733783.0
train_tune_10d47_01202_1202,CNN,0.0288008986991766,0.3062482761328747,0.3364699155570605,1.4172741174697876,5.546649932861328,-0.930557370185852,3.9164096961030737e-05,-1741.3709705876795,-0.07791519165039062,2984.8960888696047,2984.8960888696047,17054831.0
train_tune_10d47_01203_1203,CNN,0.0028963821322105,0.3522345855115983,0.3600511260398793,1.4842920303344727,2.2506372928619385,-0.6861629486083984,5.705155672330875e-06,-36665.20118312269,-0.02535119466483593,7341300689126.676,7417923982419.002,15992350287.0
train_tune_10d47_01204_1204,CNN,0.0004759986818498,0.3310008954836904,0.3579494630405912,0.6893466711044312,1.1627073287963867,-0.07496217638254166,2.0076158762094565e-06,-27722.91454665229,0.031873054802417755,5323088717464.984,5354334007786.175,27576919607.0
train_tune_10d47_01205_1205,CNN,0.0003973392983282,0.3044805202621142,0.3222474177629511,2.050729513168335,3.1128978729248047,-1.6438077688217163,9.750639037520159e-06,-5035.444882054209,0.01573704183101654,1642022760.1741726,1624068538.818363,7946296095.0
train_tune_10d47_01206_1206,CNN,0.0004222663276702,0.3267162619944998,0.3503405709058185,2.038391351699829,8.243429183959961,-1.9953348636627197,2.0564088117680512e-05,-1908.7776849981167,0.014623301103711128,7130.391460990228,7130.391460990228,38274079.0
train_tune_10d47_01207_1207,CNN,0.0119194259991391,0.3258727995690519,0.3689232492747181,1.485205888748169,5.697915077209473,-1.0197649002075195,2.032796328421682e-05,-1674.9368100296815,-0.060583725571632385,4168.320606977568,4168.320606977568,27276367.0
train_tune_10d47_01208_1208,CNN,0.0005558582707688,0.340733341862755,0.3460812603659475,1.4683939218521118,3.6033592224121094,-0.8886562585830688,9.35138450586237e-06,-3212.356021989949,-0.022023435682058334,857565392.4838034,853512854.2951052,3304815199.0
train_tune_10d47_01209_1209,CNN,2.5517256044400027e-05,0.3390653511376048,0.3466923234159815,1.727414846420288,4.934450149536133,-1.432369589805603,1.2033734492433723e-05,-3514.1846829933143,0.059976931661367416,97878546.48834679,95919821.04854956,5421241663.0
train_tune_10d47_01210_1210,CNN,0.0005413531634411,0.332227657360142,0.3510554341005374,0.773687481880188,2.8080499172210693,-0.24567386507987976,2.620335635583615e-06,-8563.023272436465,0.046387553215026855,10688762307.852894,10630589849.233612,15444469519.0
train_tune_10d47_01211_1211,CNN,0.0009809936190716,0.3211878594930014,0.3178065917341404,2.1490583419799805,7.527204990386963,-2.1966793537139893,2.1769534214399755e-05,-2424.5445166167074,-0.04897491633892059,4958929.436875148,4939450.446597336,3968657303.0
train_tune_10d47_01212_1212,CNN,0.0004737750470954,0.2930260702203885,0.3242906731172603,1.3907148838043213,4.170724391937256,-0.8866195678710938,6.241846676857676e-06,-3140.065809896498,0.004807986319065094,43269154.89349162,43834666.07294153,1493272879.0
train_tune_10d47_01213_1213,CNN,0.0005123232027519,0.3369950465455402,0.3368122321077832,0.9768896102905273,1.4838032722473145,-0.156720370054245,2.743014192674309e-06,-8074.158501814681,0.013737086206674576,1998798728472.3315,2020846824627.0488,7493710271.0
train_tune_10d47_01214_1214,CNN,0.0004528750139203,0.3116382815763408,0.3124709561585932,2.9259800910949707,10.943187713623047,-4.162655830383301,1.880622949101962e-05,-3944.138087951447,0.024008825421333313,3847099925.320372,3866273738.118582,10717440319.0
train_tune_10d47_01215_1215,CNN,0.0009659800255034,0.3470934122755173,0.4058871331049548,1.899406909942627,7.432620048522949,-1.7703146934509277,1.4971592463552952e-05,-1980.8740618481775,-0.005321908742189407,269113.40471909905,269344.4562021296,7718956303.0
train_tune_10d47_01216_1216,CNN,0.0006547057965127,0.3504192509434852,0.4072857419518632,2.0432400703430176,4.891406536102295,-2.030852794647217,9.151758604275528e-06,-1820.5615439241083,-0.014245261438190937,48811.54128254446,49607.65378076124,183396791.0
train_tune_10d47_01217_1217,CNN,0.0012080720246211,0.3466067681242534,0.3464984197417487,1.8977665901184082,7.412665367126465,-1.7447242736816406,1.235163836099673e-05,-4354.366729764639,-0.056421250104904175,14967244.817933945,14882053.499193303,17182295447.0
train_tune_10d47_01218_1218,CNN,0.0017896822015897,0.3518177077795415,0.3616760593246574,3.7309248447418213,14.740703582763672,-6.92482328414917,5.82554166612681e-05,-2971.3031145267123,0.1416868269443512,7806908.461400944,7757138.045953721,12474321351.0
train_tune_10d47_01219_1219,CNN,0.0004845054391503,0.2610569932692338,0.2584681515439335,1.4979057312011719,6.14255952835083,-1.0590124130249023,7.304523933271412e-06,-8332.36978406303,-0.006961616687476635,581773813319.0409,585504457730.2618,33978782055.0
train_tune_10d47_01220_1220,CNN,0.0326326217430992,0.3588461981726988,0.4051730971450916,2.5435309410095215,10.835241317749023,-3.160553455352783,4.389844980323687e-05,-2174.7664378793966,-0.07745590060949326,245100.48920973524,246445.88127463264,13065934863.0
train_tune_10d47_01221_1221,CNN,0.0006500549625122,0.3565758765658313,0.3567459809417822,1.8302273750305176,3.519732713699341,-1.4615466594696045,7.976164852152579e-06,-6877.287278749016,-0.025524228811264038,6597755261.357492,6589423378.358713,13467522031.0
train_tune_10d47_01222_1222,CNN,0.0005123232027519,0.2540451283111997,0.2831088347365821,1.301231026649475,4.966326713562012,-0.787726104259491,1.6830284948810004e-05,-7486.927744739876,-0.03286587446928024,1940658958.9500828,1969989094.928451,3833267327.0
train_tune_10d47_01223_1223,CNN,0.0005953869419735,0.2638022696968444,0.2749475192494513,1.8062609434127808,6.694615840911865,-1.5526909828186035,8.325759154104162e-06,-9628.948707350093,-0.015548989176750183,787374250738.2622,791427533067.6935,22755514575.0
train_tune_10d47_01224_1224,CNN,0.0022295732380663,0.3135445928646546,0.3572039169050401,1.941356897354126,8.292917251586914,-1.8515563011169434,2.170442348869983e-05,-1789.8343702610753,-0.02627241611480713,3394.8588054496445,3394.8588054496445,14379551.0
train_tune_10d47_01225_1225,CNN,0.0004601290624304,0.3465776538092213,0.3792224389071844,2.5721542835235596,6.085981845855713,-3.4492409229278564,1.744963628880214e-05,-2253.8968294262677,-0.010648692026734352,2758830.8291138513,2801333.560496274,1482288911.0
train_tune_10d47_01226_1226,CNN,0.0006065743894061,0.3352080004809321,0.3364424822509913,1.4121863842010498,2.1162381172180176,-0.5356741547584534,2.0515924916253425e-05,-4317.59143054205,0.034345533698797226,1415926725.5255837,1384991785.6231809,3918723255.0
train_tune_10d47_01227_1227,CNN,0.0026847438354695,0.3088287891484659,0.3603268349318422,1.4948906898498535,6.100837230682373,-1.0397542715072632,1.2989583410671912e-05,-1657.8222244463225,-0.017912140116095543,2964.7409561131676,2964.7409561131676,18099631.0
train_tune_10d47_01228_1228,CNN,0.0005413531634411,0.31834482392947,0.3122924588598054,0.6032907962799072,2.0728538036346436,-0.12439889460802078,1.8303244360140525e-06,-9539.007123696074,-0.01505676656961441,63587838494.31636,61131431528.7605,14804707455.0
train_tune_10d47_01229_1229,CNN,0.0005885275715519,0.3340353535832517,0.3448876710320646,2.060187339782715,8.344124794006348,-2.0884227752685547,1.1144994459755253e-05,-2234.002329627309,-0.003890642896294594,3726933.58316443,3702374.571636607,2309639487.0
train_tune_10d47_01230_1230,CNN,0.000439632906523,0.2908523266991809,0.2884141392687469,1.843453288078308,7.018640041351318,-1.5978267192840576,9.002372280519921e-06,-4013.909667261679,0.026575598865747452,168899771330.48816,166492990308.43622,16268884975.0
train_tune_10d47_01231_1231,CNN,0.0004614573261844,0.295028826830784,0.2770167192987344,0.5244594812393188,1.521634578704834,-0.06646611541509628,4.499843726080144e-06,-25171.20577217999,0.015018710866570473,11428409135.326435,11303379189.67112,2239334391.0
train_tune_10d47_01232_1232,CNN,0.0004105105358262,0.3033204117392248,0.3014757771451223,1.673069715499878,5.870393753051758,-1.2695485353469849,1.4548999388352968e-05,-3787.130671836176,-0.04633669555187225,168315746.0316831,165372599.35211545,6492075183.0
train_tune_10d47_01233_1233,CNN,0.000592092278678,0.3132706085609379,0.314688184767491,1.271200180053711,4.680419445037842,-0.7291671633720398,4.283672751626e-06,-6285.657844197305,0.007916342467069626,109548203907.55263,108098602448.08342,11539089335.0
train_tune_10d47_01234_1234,CNN,0.000944926923579,0.3270246320701948,0.3755104650983444,3.1169052124023438,11.037049293518066,-4.704793930053711,2.9303726478246972e-05,-2026.8908912121701,-0.04264971613883972,28187884.213168062,28104991.433731735,1368514591.0
train_tune_10d47_01235_1235,CNN,0.00132431206435,0.289710263469726,0.2924815810355515,3.997313976287842,14.548855781555176,-8.016485214233398,7.991756137926131e-05,-2662.6465792696636,0.18192213773727417,2558873.1927284296,2567173.267815605,1465514255.0
train_tune_10d47_01236_1236,CNN,0.0009590037653689,0.2851573025662863,0.3233569072389833,1.6687384843826294,5.413272857666016,-1.318542242050171,1.5272104064933956e-05,-1726.3107342892401,0.04053691774606705,2085.227745789234,2085.227745789234,5524599.0
train_tune_10d47_01237_1237,CNN,0.0006427509741694,0.33556557968828,0.3287089835680968,0.8120735883712769,2.3013975620269775,-0.21425676345825195,2.349532223888673e-06,-14501.90949097557,-0.012048394419252872,1968261196337.3398,2052983117723.797,12842544063.0
train_tune_10d47_01238_1238,CNN,0.0132501062058936,0.3600460456483406,0.3854738952408134,2.076852798461914,4.444662094116211,-2.091686725616455,2.0223089450155385e-05,-1980.0335800105408,-0.09519989788532257,102279.14054317927,102082.50969673309,385858687.0
train_tune_10d47_01239_1239,CNN,0.0086254045411809,0.3448079411161776,0.3440720890597395,2.0039079189300537,3.567925453186035,-1.6814634799957275,1.3233888239483349e-05,-3454.517311610156,0.051842398941516876,563813104.1024266,561289828.787343,2609624159.0
train_tune_10d47_01240_1240,CNN,0.0045478204895409,0.3303735243326846,0.3523436934490124,3.97441029548645,11.581692695617676,-8.377418518066406,3.9777176425559446e-05,-2167.046544332593,-0.048512596637010574,66167.63327271775,64964.949117709526,50654887.0
train_tune_10d47_01241_1241,CNN,0.0002918043998632,0.3451917998551808,0.3538020108796145,1.5740140676498413,4.022759914398193,-1.118470549583435,5.108411187393358e-06,-3009.0885766480205,-0.005464729852974415,67179301.0740779,66562878.37882539,2890096903.0
train_tune_10d47_01242_1242,CNN,0.0003806041157484,0.3211941377820636,0.3324598130566553,0.9347996711730957,2.4340243339538574,-0.32142403721809387,2.704451162571786e-06,-9487.91152867151,0.015134014189243317,841965624782.4849,840713567435.5663,29796584111.0
train_tune_10d47_01243_1243,CNN,0.0004832668841367,0.3522519978080252,0.3701230929364761,1.9015109539031982,6.364590644836426,-1.652457356452942,2.0697221771115437e-05,-2531.1948424396282,-0.032261691987514496,6122394.5106855165,6112954.240880255,8966090879.0
train_tune_10d47_01244_1244,CNN,0.000512846812657,0.3728795933400816,0.4105601057793576,3.3986029624938965,14.558646202087402,-5.8271636962890625,4.443436046130955e-05,-2188.760851827224,-0.004397089593112469,308716.1694498394,310264.6951131766,9740350191.0
train_tune_10d47_01245_1245,CNN,0.0005829519855761,0.326327506529491,0.3414530745398044,3.6606521606445312,14.770639419555664,-6.657792091369629,6.335666694212705e-05,-2973.2879367431588,-0.10654599219560623,297595893.4982447,300666817.04564726,6587946303.0
train_tune_10d47_01246_1246,CNN,0.0005676979846721,0.3464482589034049,0.3578048052745547,2.0398263931274414,7.33229923248291,-1.9626699686050415,1.1612572052399628e-05,-3465.4663045366183,0.017454054206609726,11596407.409974268,11604055.440927247,11774485735.0
train_tune_10d47_01247_1247,CNN,0.0108037305743538,0.3201305752006664,0.340865614846541,2.1140007972717285,7.1658735275268555,-2.148200035095215,3.9517803088529035e-05,-1784.630622263817,-0.09439429640769958,5289.308311998142,5289.308311998142,16488303.0
train_tune_10d47_01248_1248,CNN,0.000592092278678,0.3516273972318867,0.3493905548014139,0.713546872138977,1.3468401432037354,-0.0661240965127945,8.43636917124968e-06,-20134.301232605067,0.01651901751756668,3937470850431.466,3953168324407.787,16962377975.0
train_tune_10d47_01249_1249,CNN,0.0004760527173455,0.3525499043448346,0.3608717342768195,2.197577953338623,8.286300659179688,-2.302720785140991,4.881429049419239e-05,-2223.183003160248,-0.09994830191135406,3572565.0816935576,3604404.005899312,3161862895.0
train_tune_10d47_01250_1250,CNN,0.0016174761751623,0.2593143256899383,0.2556876080076712,0.7663670778274536,2.520075798034668,-0.22368764877319336,2.8388471946527716e-06,-11361.163505585997,-0.003972516395151615,1249175675582.4954,1275076969857.9707,6198500079.0
train_tune_10d47_01251_1251,CNN,0.0011911712686932,0.3274112177161771,0.3085887228006854,1.647216558456421,6.217818260192871,-1.2852143049240112,1.9410006643738598e-05,-4221.725354350926,0.04161853343248367,1923410505.7941427,1980304429.0925627,4964351095.0
train_tune_10d47_01252_1252,CNN,0.0006427509741694,0.3375492698307989,0.3166939536931857,1.4032838344573975,1.3598055839538574,-0.1410187929868698,4.521195478446316e-06,-8647.781144579736,-0.018783537670969963,588706312145.5837,603495369842.0098,7252902735.0
train_tune_10d47_01253_1253,CNN,0.0023919196652131,0.3576989302907181,0.4148807288725054,1.2268288135528564,3.4260101318359375,-0.6117836833000183,5.541529390029609e-06,-1746.2660403419704,-0.015236216597259045,69310.00853478271,69001.62752419831,1070454303.0
train_tune_10d47_01254_1254,CNN,0.0004687288293863,0.2279246113141299,0.2101639260934161,0.4270675778388977,1.1258827447891235,-0.0345260389149189,1.5197349512163782e-06,-22181.56331282011,-0.008290325291454792,1449264609863.0762,1440414945727.102,22761268311.0
train_tune_10d47_01255_1255,CNN,0.000511922962512,0.3316438557380308,0.3529699365138978,2.943772792816162,7.6862993240356445,-4.469992160797119,4.097618511877954e-05,-4275.8567645608155,-0.10731902718544006,265784176.29002,267291146.1734752,4905378695.0
train_tune_10d47_01256_1256,CNN,0.0007119021134593,0.2924103606828819,0.2994973483672781,3.0482563972473145,10.760330200195312,-4.572414398193359,3.194366581737995e-05,-5403.5148081675325,-0.06110772490501404,664489450.1725132,655824382.015574,11679148711.0
train_tune_10d47_01257_1257,CNN,0.0014682105648455,0.344775774743185,0.3892716067349187,3.3142194747924805,12.033136367797852,-5.430517196655273,2.7370631869416684e-05,-2304.536408360389,-0.02820199355483055,3113610.3491275106,3149949.7019910812,5054557279.0
train_tune_10d47_01258_1258,CNN,0.0027032846339869,0.3143474035436029,0.3147773015276239,2.898138999938965,8.234282493591309,-4.499701499938965,4.5480486733140424e-05,-1860.7473598920824,-0.06066816672682762,5233.954498661211,5233.954498661211,7034847.0
train_tune_10d47_01259_1259,CNN,0.0043181727652172,0.2484184965135686,0.2858764997909548,4.370981216430664,4.729198455810547,-10.36024284362793,7.050195563351735e-05,-2940.1847131114732,-0.14669975638389587,58097.76056707978,58344.49553372803,36569223.0
train_tune_10d47_01260_1260,CNN,0.0154944437247169,0.3624760293746994,0.4251359748517873,1.3395497798919678,4.79412841796875,-0.8073395490646362,1.7055535863619298e-05,-2084.7365126931627,-0.028381600975990295,139073.49013293505,138135.92528848693,3091082927.0
train_tune_10d47_01261_1261,CNN,0.0020052438341951,0.3095938862059638,0.3137742576037666,0.8661398887634277,3.030566692352295,-0.28368666768074036,7.010065019130707e-06,-3668.7996191842067,0.01720789447426796,18256670136.26117,18528185326.17758,5512092583.0
train_tune_10d47_01262_1262,CNN,0.0021662848178846,0.319787179527812,0.3134858603386908,2.616697311401367,10.946654319763184,-3.475172758102417,2.395951742073521e-05,-7696.780183139302,0.08021083474159241,6605074050.49255,6627515137.624844,12662676823.0
train_tune_10d47_01263_1263,CNN,0.0007310333582748,0.3393617776775828,0.3716682156766712,1.2090892791748047,2.9912960529327393,-0.5842370390892029,5.190000592847355e-06,-5175.720924335223,-0.004539343062788248,90645544824.71161,91755155072.70258,10454915447.0
train_tune_10d47_01264_1264,CNN,0.0076045444230305,0.3152796797774904,0.3755051733713339,1.4336940050125122,5.925667762756348,-0.9820810556411743,1.1220769010833465e-05,-1762.9658242356343,-0.021523650735616684,3804.6198331994738,3804.6198331994738,31421887.0
train_tune_10d47_01265_1265,CNN,0.0004746239832408,0.3266568968892536,0.3240169441311395,2.638909339904785,10.856217384338379,-3.478684425354004,2.145866528735496e-05,-3065.413486906522,0.019575539976358414,9372712.701566214,9312842.431424357,5712446639.0
train_tune_10d47_01266_1266,CNN,0.0011267473179505,0.3069815624603379,0.3221710646797387,1.5259404182434082,5.769073009490967,-1.0940980911254883,1.735385558276903e-05,-12758.019922566276,0.02287018671631813,19868137942568.89,20139981874779.86,28536820583.0
train_tune_10d47_01267_1267,CNN,0.0037843876553553,0.320689884155995,0.3615313680533031,1.5071302652359009,5.630514621734619,-1.0337564945220947,3.5068911529378965e-05,-1813.6461388186785,0.08096116781234741,4415.33235686809,4415.33235686809,30269983.0
train_tune_10d47_01268_1268,CNN,0.007009089527655,0.2843674734264222,0.3273630637513023,1.6321287155151367,5.175684928894043,-1.2463788986206055,1.0198240488534793e-05,-1786.7435678129152,0.03676222264766693,2274.7332357094674,2274.7332357094674,6907471.0
train_tune_10d47_01269_1269,CNN,0.0004105105358262,0.310646377747148,0.3239593312449218,2.1871845722198486,7.837808609008789,-2.286288261413574,1.6082285583252087e-05,-3490.9800331552,-0.006738141179084778,244256738.35913274,248975607.37370127,12592181743.0
train_tune_10d47_01270_1270,CNN,0.0005413531634411,0.2776012890983035,0.2859468308082895,3.604358434677124,3.682438850402832,-3.9688827991485596,6.742610275978222e-05,-3610.7117248059417,-0.029346903786063194,11547635.36269172,11820470.656782018,1281047095.0
train_tune_10d47_01271_1271,CNN,0.0040204268548898,0.2983281038798763,0.3266190574773465,1.4296071529388428,5.5135178565979,-0.9725520610809326,1.3790091543341987e-05,-1811.1988711058882,0.009958617389202118,2100.123411466162,2100.123411466162,9559767.0
train_tune_10d47_01272_1272,CNN,0.0010029219175881,0.3479493159875458,0.3812449420082196,3.6828367710113525,15.464940071105957,-6.862682342529297,5.389943180489354e-05,-2540.526022708632,0.15003731846809387,495617.09619805333,496749.7556078608,18655985183.0
train_tune_10d47_01273_1273,CNN,0.0017627655826013,0.3390081386205563,0.3623864091080911,6.1681318283081055,25.718740463256836,-19.44770622253418,0.0002463348500896245,-2209.3081747821043,0.2140999734401703,2008935.9985832234,2108762.6482577967,1997030639.0
train_tune_10d47_01274_1274,CNN,0.0070157314661368,0.3640915878734048,0.3636365449952405,2.396937847137451,9.823677062988281,-2.8232297897338867,2.2280848497757688e-05,-3887.4568463875244,-0.070249542593956,18807120.34715054,18706787.471365575,2702725391.0
train_tune_10d47_01275_1275,CNN,0.0020976195767776,0.3045607034827897,0.3202084855540064,2.056628704071045,7.315529823303223,-2.031769275665283,1.5128449376788922e-05,-2599.3187636452117,0.03820458799600601,174159909.72203606,174976854.70450628,16484216863.0
train_tune_10d47_01276_1276,CNN,0.0030839320269862,0.3539370694321906,0.3730326629021224,3.1599369049072266,11.580581665039062,-4.841334342956543,2.6584475563140586e-05,-2345.1591905106106,0.015343276783823967,337102.35010354785,340197.3262226056,7163173887.0
train_tune_10d47_01277_1277,CNN,0.0006733966956306,0.3095237548853385,0.357688997797524,1.4249911308288574,5.519629955291748,-0.9272667169570923,1.2244929166627117e-05,-1699.8907720147422,-0.061770062893629074,2987.628095902009,2987.628095902009,18715567.0
train_tune_10d47_01278_1278,CNN,0.001690289300084,0.3013756439825896,0.290846979130792,2.3618907928466797,6.746771812438965,-2.7385902404785156,1.2591539416462183e-05,-9044.421980606274,-0.04759131371974945,11397085394.508488,11485949763.715454,11064692023.0
train_tune_10d47_01279_1279,CNN,0.009998182481533,0.3622844479235634,0.3934246120400697,2.5078089237213135,10.542383193969727,-3.0909719467163086,2.0587051039910875e-05,-1936.4654767726126,-0.04843291640281677,302217.97677724285,301501.85696179967,8937350839.0
train_tune_10d47_01280_1280,CNN,0.0006580524616825,0.3543235524669438,0.4179304950625222,1.8539276123046875,7.601585388183594,-1.6643695831298828,1.1341130630171392e-05,-2063.4508734063297,-0.010875470004975796,140128.46369754913,140688.89727289387,3046940735.0
train_tune_10d47_01281_1281,CNN,0.0008654804270317,0.3006367595121774,0.2821077382066769,1.8190933465957642,7.013662815093994,-1.6022579669952393,9.380572009831667e-06,-11645.816197459,0.004313022363930941,374408801629.522,370360411926.3168,13512406543.0
train_tune_10d47_01282_1282,CNN,0.0016536489620484,0.3052028032725511,0.2929805930644728,1.720015287399292,6.124108791351318,-1.3447129726409912,1.016126225295011e-05,-7501.571252360061,-0.031094573438167572,6688282574.827439,6677126760.520941,7041473415.0
train_tune_10d47_01283_1283,CNN,0.0272821868695175,0.335616946683843,0.3365780260798557,3.134857416152954,6.285295486450195,-5.609918594360352,2.1839905457454734e-05,-4891.556523922407,0.045245446264743805,154546435.98956943,155272962.60480338,8249946119.0
train_tune_10d47_01284_1284,CNN,0.000402666547358,0.3236711820368224,0.3081527003797247,2.0163238048553467,7.984140396118164,-1.9558525085449219,1.269415679416852e-05,-4897.876372583678,-0.026952285319566727,7495599487.2444725,7289049478.261089,8209815079.0
train_tune_10d47_01285_1285,CNN,0.0005413531634411,0.3155457230594803,0.291972329496674,0.5955722332000732,1.5721235275268555,-0.08670678734779358,5.231063369137701e-06,-18503.602338134046,0.01658133789896965,770843107494.0791,777519180803.1743,6663372903.0
train_tune_10d47_01286_1286,CNN,0.0010918167847267,0.339660935653296,0.3563936214889042,1.2296063899993896,4.189791679382324,-0.6630235314369202,5.3213680075714365e-06,-3357.8177703112774,-0.028104795143008232,5441193.740970748,5330572.728556502,3761703295.0
train_tune_10d47_01287_1287,CNN,0.0010816217839004,0.31311968082738,0.3249841624715622,2.4054555892944336,5.657744407653809,-2.9725072383880615,1.4737326637259685e-05,-5101.65125083963,0.07872660458087921,3573931429.5620203,3515290058.686572,5911988839.0
train_tune_10d47_01288_1288,CNN,0.0014212271374,0.3439778414135576,0.3419331907748318,3.338343858718872,12.794507026672363,-5.4796977043151855,3.578296673367731e-05,-6156.415872912794,-0.04296940192580223,327261601.4241472,322387930.136008,11743437887.0
train_tune_10d47_01289_1289,CNN,0.0040503265114681,0.2977939069756704,0.2913850128453814,1.6012028455734253,6.350371837615967,-1.2293314933776855,8.936196536524221e-06,-8721.116544445184,-0.028786802664399147,363847275860.54297,356572777073.54095,10673770079.0
train_tune_10d47_01290_1290,CNN,0.0004620343445529,0.3390819434553098,0.3264530231538757,1.1580700874328613,2.5484933853149414,-0.41673871874809265,6.4189734985120595e-06,-6049.46237701587,0.008972412906587124,111440680745.31898,113432022441.53304,9859299927.0
train_tune_10d47_01291_1291,CNN,0.0006502951997946,0.352143920600778,0.3631576791978769,1.4906342029571533,4.822671890258789,-0.9963326454162598,1.7292331904172897e-05,-5542.766440582444,0.07694694399833679,10526126498.3918,10536964781.112644,16771114415.0
train_tune_10d47_01292_1292,CNN,0.0011009917832952,0.3251007181751112,0.3331221482184114,1.1601698398590088,4.487362384796143,-0.6089115142822266,1.0550536899245344e-05,-25942.1919481176,0.037866681814193726,46081082956437.46,45534163313463.33,36475596375.0
train_tune_10d47_01293_1293,CNN,0.000450112528132,0.3601845269288748,0.3937310733739676,2.8353121280670166,9.077810287475586,-3.938662052154541,2.1210034901741892e-05,-2201.6065206897906,-0.037568241357803345,6822909.992371501,6801432.125342942,7728688383.0
train_tune_10d47_01294_1294,CNN,0.0006913493079152,0.3420527502808375,0.3537631862014015,1.3982487916946411,4.54715633392334,-0.8279927372932434,6.3648617469880264e-06,-3567.628097486682,0.02857346460223198,238064868.5444385,237814088.22628418,8891467831.0
train_tune_10d47_01295_1295,CNN,0.0013255325184722,0.2764194953308274,0.3207569638435956,1.016869068145752,2.364323377609253,-0.35168081521987915,2.5318149710074067e-06,-15963.925088317668,0.026697155088186264,7539250005.450565,7508286673.55751,16748808567.0
train_tune_10d47_01296_1296,CNN,0.0004622971029381,0.3538828376992827,0.3411093768614027,1.4703645706176758,3.3735570907592773,-0.891436755657196,5.511239578481764e-06,-2622.79763639104,-0.056431740522384644,2280872949.4895234,2256414577.137532,9996113039.0
train_tune_10d47_01297_1297,CNN,0.0007234411927493,0.3196028686375433,0.3551482965131991,2.057612419128418,7.504129886627197,-2.0501370429992676,1.4475259376922622e-05,-4331.750622085011,0.07280246913433075,544240349.6464474,546516022.0127392,16561439215.0
train_tune_10d47_01298_1298,CNN,0.0279987472596304,0.3293184860222942,0.3366721550581156,0.5812627077102661,1.8049190044403076,-0.10044069588184357,7.741163244645577e-06,-13599.014884127764,-0.02463732473552227,1101397021595.8198,1046615712138.8188,12988895287.0
train_tune_10d47_01299_1299,CNN,0.0005123232027519,0.3388355662376614,0.3423085725296064,1.6368496417999268,4.923150539398193,-1.289482593536377,9.350444088340737e-06,-3805.894037546063,0.04265231639146805,277025781974.44995,282765319812.8999,16609063351.0
train_tune_10d47_01300_1300,CNN,0.0007012622720897,0.3216339030379595,0.3443872168122143,2.096226215362549,7.511562347412109,-2.146446466445923,2.169511753891129e-05,-1843.64920598251,0.03309877961874008,5250.553176610805,5250.553176610805,18589071.0
train_tune_10d47_01301_1301,CNN,0.0005562366201306,0.2734785682292445,0.2979081679720228,3.124547243118286,8.542315483093262,-5.2680864334106445,4.8428526497446e-05,-14290.225521835984,0.1076132133603096,5066329403.506029,5039624074.230927,3212262063.0
train_tune_10d47_01302_1302,CNN,0.0049259305977548,0.3247142808462514,0.3471903724420527,1.5632154941558838,5.405367374420166,-1.1282203197479248,1.519598845334258e-05,-1921.093498452668,0.011826352216303349,4003.977312579651,4003.977312579651,21376543.0
train_tune_10d47_01303_1303,CNN,0.0004644099781801,0.3260172583204024,0.3509017109305387,0.8546485900878906,2.551752805709839,-0.2646055817604065,1.0193569323746487e-05,-3668.27196994916,0.008537455461919308,38562230.09199834,39681823.95305842,2002068055.0
train_tune_10d47_01304_1304,CNN,0.0020096563633455,0.3574323095143517,0.3471104630706802,2.547227621078491,10.607549667358398,-3.1985082626342773,2.838224099832587e-05,-4523.720144581073,-0.03629850596189499,988361965.0632842,995535037.5128239,37403660575.0
train_tune_10d47_01305_1305,CNN,0.010009884027266,0.3441964271938041,0.3361591146614514,3.0942440032958984,11.187504768371582,-4.717259883880615,4.501479270402342e-05,-4531.10943769293,-0.0008334014564752579,224254427.65697688,225815179.704695,16541952375.0
train_tune_10d47_01306_1306,CNN,0.0005319527536047,0.361266846691011,0.4085951496367624,2.651698589324951,10.69048023223877,-3.543464422225952,2.8439186280593276e-05,-2076.425248229394,-0.011148285120725632,3351620.1926362733,3320382.1477039782,2368141967.0
train_tune_10d47_01307_1307,CNN,0.0008314548429056,0.3044349781909736,0.3299528642882877,2.4368977546691895,8.744867324829102,-2.886955976486206,2.8100690542487428e-05,-2624.3030641587598,0.061340175569057465,8356271.804629062,8340510.80586887,8246116599.0
train_tune_10d47_01308_1308,CNN,0.0003799088978462,0.3075761890241392,0.3597771169704061,1.7898802757263184,7.37067985534668,-1.5331953763961792,1.39980129461037e-05,-1779.4538498192328,0.02734242007136345,3999.0986851653806,3999.0986851653806,20376303.0
train_tune_10d47_01309_1309,CNN,0.0011454353281125,0.3268732742263395,0.3310613083867085,1.0190306901931763,3.9822511672973633,-0.4518592655658722,8.974750016932376e-06,-5601.552353715628,-0.03198961913585663,366566441009.9516,367600877087.6061,21568831855.0
train_tune_10d47_01310_1310,CNN,0.0057181205104573,0.3202250820413533,0.3469420462724181,1.7397723197937012,5.931272029876709,-1.4098314046859741,2.9975810321047902e-05,-1865.631791205191,-0.03758691996335983,4248.746397000106,4248.746397000106,18314895.0
train_tune_10d47_01311_1311,CNN,0.0022068942237165,0.3248016553573844,0.3710217365273288,1.515059471130371,6.12665319442749,-1.0795941352844238,1.380830417474499e-05,-1758.1745838476643,0.01406021136790514,4152.156098551053,4152.156098551053,30908911.0
train_tune_10d47_01312_1312,CNN,0.0035791203379235,0.3238758173874425,0.3901856377673018,2.6461586952209473,8.465010643005371,-3.539781332015991,2.01390175789129e-05,-2254.705514863189,0.002609075978398323,44662.41545952814,44242.8539546229,68580943.0
train_tune_10d47_01313_1313,CNN,0.0005123232027519,0.3585356435789472,0.359535983757709,1.686279058456421,5.7221832275390625,-1.3240097761154175,7.79785568738589e-06,-5188.632673089582,0.032990001142024994,17202992351.666393,17153867423.183292,19079248223.0
train_tune_10d47_01314_1314,CNN,0.0006040696395344,0.2904570885098337,0.3359002787835494,1.7325375080108643,6.114477157592773,-1.4159070253372192,2.616544225020334e-05,-1819.9714545907127,0.04078831896185875,2429.7453427826345,2429.7453427826345,8326799.0
train_tune_10d47_01315_1315,CNN,0.0019267320518478,0.3521704401228309,0.3871376690651108,2.224593162536621,5.10426139831543,-2.5705995559692383,1.9112614609184675e-05,-2054.0589135840596,0.06868921220302582,99610.21944261831,98971.99705582125,287338079.0
train_tune_10d47_01316_1316,CNN,0.0172644721578565,0.3595384737706392,0.3934127383472982,2.0649428367614746,7.714968204498291,-2.026601552963257,3.6651039408752695e-05,-2209.5014534506095,-0.06092864274978638,197999.9598398885,199625.71724909966,4825122375.0
train_tune_10d47_01317_1317,CNN,0.0265737917230643,0.3518969482689237,0.3537727250960361,2.4309282302856445,8.532299995422363,-2.845996379852295,3.402564470889047e-05,-3059.848384707397,-0.07633405178785324,209261547.37778157,202149771.95953065,6849796167.0
train_tune_10d47_01318_1318,CNN,0.0004805074158311,0.3351597382830981,0.3478050120298289,2.690497398376465,10.06937026977539,-3.5477728843688965,1.7603560991119593e-05,-2256.8338162798473,0.022813305258750916,4797972.69348613,4737331.576712634,2718789207.0
train_tune_10d47_01319_1319,CNN,0.0006572547782422,0.3590462118615167,0.3877794654722424,1.505414366722107,5.206223964691162,-1.029093861579895,8.742685167817399e-06,-2210.780542446558,0.006747399922460318,188839.51617604238,189042.69909954988,3908289295.0
train_tune_10d47_01320_1320,CNN,0.0004624022899922,0.3254021123104091,0.3076010790566044,1.658355474472046,6.167375564575195,-1.3102673292160034,1.855750997492578e-05,-4379.265561797006,0.05917893722653389,7242736392.187099,7601958548.316076,9329728447.0
train_tune_10d47_01321_1321,CNN,0.0081151118541829,0.3320522578829194,0.3641187735664463,1.7894959449768066,7.776993274688721,-1.5628817081451416,4.451853237696923e-05,-1823.0628380017254,0.08448778837919235,5209.322136837951,5209.322136837951,36095471.0
train_tune_10d47_01322_1322,CNN,0.0024695169007562,0.3571805939982793,0.3768819651953573,3.0354084968566895,10.042919158935547,-4.643293857574463,4.96256398037076e-05,-2485.3564883460062,0.19477447867393494,6741059.199662907,6726740.348871212,6919870543.0
train_tune_10d47_01323_1323,CNN,0.0008059718677438,0.328775181581651,0.3347106283813228,1.4019496440887451,5.364084243774414,-0.9052284955978394,6.241543360374635e-06,-5193.953842324663,-0.010402862913906574,77184321916.68494,76028209130.53256,14957521927.0
train_tune_10d47_01324_1324,CNN,0.002444316807836,0.3389502477450288,0.3459594324826495,3.356645107269287,13.002397537231445,-5.644588470458984,9.402632713317871e-05,-2123.8439853381656,0.18094632029533386,3668809.2310989397,3682525.203737862,4845765623.0
train_tune_10d47_01325_1325,CNN,0.0023632629575482,0.3098935240736857,0.3133806837704107,1.6332144737243652,5.147805213928223,-1.2057926654815674,1.072151462722104e-05,-7237.460562669506,0.038709282875061035,9402232937.880302,9375157713.937756,6710308895.0
train_tune_10d47_01326_1326,CNN,0.0002577208882779,0.3396457130260898,0.3411782805137164,3.914716958999634,16.7447509765625,-7.749027252197266,5.062618583906442e-05,-4289.733228466717,0.020384471863508224,31709782.36668118,32052153.945809163,23175570127.0
train_tune_10d47_01327_1327,CNN,0.0014729220631873,0.3679585154323633,0.4270548343055974,3.843278408050537,11.960213661193848,-7.345272541046143,6.365386070683599e-05,-2091.2042011619155,-0.10409203916788101,126249.26261222182,126226.02651312402,1154716031.0
train_tune_10d47_01328_1328,CNN,0.0018804224636279,0.3619440857429747,0.3759470715564627,3.450730085372925,6.2908549308776855,-7.048264503479004,2.2752063159714453e-05,-2464.0699467608433,0.007215350866317749,126154.87425024736,125206.00199253418,325557847.0
train_tune_10d47_01329_1329,CNN,0.0054092742323856,0.3216249742203806,0.3633474604664496,2.000622034072876,7.2718682289123535,-1.9246212244033813,1.883160621218849e-05,-1803.00242883271,0.01928219199180603,4847.185428013411,4847.185428013411,18195007.0
train_tune_10d47_01330_1330,CNN,0.0004760527173455,0.3587992335433392,0.385553608382351,1.3948185443878174,4.178480625152588,-0.8334813714027405,9.079829396796413e-06,-2071.4368534525247,-0.005619334988296032,161832.5537703153,161782.37796357519,2288657831.0
train_tune_10d47_01331_1331,CNN,0.0005123232027519,0.3003001977381073,0.3043805694793993,1.962468147277832,7.036302089691162,-1.8376257419586182,8.135729331115726e-06,-6767.22139891206,0.04036592319607735,410208158284.4507,410310047552.04047,16244756407.0
train_tune_10d47_01332_1332,CNN,0.000396164540339,0.3108726449437313,0.3134423060859084,1.008615255355835,3.077863931655884,-0.37790679931640625,2.4253770334325964e-06,-8069.735752548393,-0.019580714404582977,35193427819.108376,35109419139.45204,36760280655.0
train_tune_10d47_01333_1333,CNN,0.0151613214380098,0.3599388867695007,0.3563782709573891,2.4708080291748047,10.02198314666748,-3.000856876373291,3.4683384001255035e-05,-2847.434702872346,-0.06427031755447388,6752833.429507328,6718644.5032920055,4851598615.0
train_tune_10d47_01334_1334,CNN,0.0004617718846889,0.2802759277261704,0.2897539043784465,2.2909796237945557,6.451573371887207,-2.562831163406372,9.63617094384972e-06,-4889.227091771643,0.04147433117032051,5664212686.557625,5484156331.665417,9510387135.0
train_tune_10d47_01335_1335,CNN,0.0006635053584218,0.3564180715228649,0.3562272540593181,1.1326658725738525,3.657569408416748,-0.531183123588562,1.2439468264346942e-05,-3462.689528946566,-0.02208615466952324,21520209.433845833,21314918.47748051,537536287.0
train_tune_10d47_01336_1336,CNN,0.000592092278678,0.3000050556020489,0.3111384550109239,3.1089401245117188,10.642553329467773,-4.763529300689697,2.41643483605003e-05,-4845.296669615295,0.0032849982380867004,5377898487.073353,5577620706.161311,4567620735.0
train_tune_10d47_01337_1337,CNN,0.0052411102642386,0.3439332376261061,0.3375102983611636,1.5724782943725586,5.255409240722656,-1.122599482536316,1.9961247744504362e-05,-5441.041459201114,-0.02583775669336319,30872857084.445625,31063821003.579903,29387595191.0
train_tune_10d47_01338_1338,CNN,0.0004702234663551,0.3567031127423911,0.3550030400543494,1.4607195854187012,5.61865234375,-1.0433465242385864,7.048991392366588e-06,-3415.954233037345,-0.01849517412483692,11059532154.039484,11102265289.468445,16976498831.0
train_tune_10d47_01339_1339,CNN,0.0049726738007313,0.3566936111715915,0.3882039290943167,3.245467185974121,12.591007232666016,-5.201706886291504,6.657197081949562e-05,-2126.7401548019357,0.11149612069129944,361806.1952022796,365475.41757292725,6022735327.0
train_tune_10d47_01340_1340,CNN,0.0005199370217128,0.2987048825420076,0.3056750716357723,1.9563151597976685,5.4694366455078125,-1.7575526237487793,1.1970174455200322e-05,-4583.641183704683,-0.025109022855758667,7089979198.786364,7054206188.138525,17435477559.0
train_tune_10d47_01341_1341,CNN,0.002681962455567,0.3138244351574075,0.362596453195915,1.4423439502716064,6.251044273376465,-0.9918209910392761,9.599576515029185e-06,-1731.2357255330303,-0.0013754497049376369,3430.866726628201,3430.866726628201,25981287.0
train_tune_10d47_01342_1342,CNN,0.0005561735261401,0.3037830775226618,0.2833772466140504,1.0085806846618652,3.817667245864868,-0.4368080794811249,4.224056283419486e-06,-14698.967658698259,0.03323855251073837,324503400500.6538,319409458040.2826,23094640599.0
train_tune_10d47_01343_1343,CNN,0.000439632906523,0.2704407512030601,0.2183019066790685,0.9426707029342651,1.6916217803955078,-0.1673995554447174,1.959898781933589e-06,-5878.020543985946,-0.013180950656533241,6953662036.691164,5759541690.195036,10141978695.0
train_tune_10d47_01344_1344,CNN,0.0309035049204946,0.2987189940763585,0.3616832655559806,2.2169127464294434,8.557954788208008,-2.330811023712158,5.397295899456367e-05,-1842.2902721143507,-0.07790133357048035,4130.929834708838,4130.929834708838,12503551.0
train_tune_10d47_01345_1345,CNN,0.0114028705399137,0.3165889078594529,0.3292637996583931,1.9607012271881104,6.085690021514893,-1.924100637435913,2.6171344870817848e-05,-1852.2909057432503,0.057403773069381714,4531.590715122562,4531.590715122562,13817119.0
train_tune_10d47_01346_1346,CNN,0.0004472140762463,0.3414466894722469,0.3575859395288834,1.5050498247146606,4.98855447769165,-1.0095151662826538,1.1507001545396633e-05,-3273.8092170868695,0.025713777169585228,162117309.4471812,160930729.2821102,7210452751.0
train_tune_10d47_01347_1347,CNN,0.0029003653378714,0.3249982098675101,0.3238257059172047,0.5221625566482544,1.691379189491272,-0.07845999300479889,1.3756563248534803e-06,-6495.614168797798,-0.017897803336381912,5682802691321.243,5625576952044.409,20265092647.0
train_tune_10d47_01348_1348,CNN,0.0106323954426037,0.3094697663823958,0.3290579377157841,2.1693432331085205,5.271117210388184,-2.420833110809326,3.1606406992068514e-05,-1863.0604751705985,-0.042347583919763565,3084.272819452502,3084.272819452502,4270255.0
train_tune_10d47_01349_1349,CNN,0.0004177936099566,0.3447543646638765,0.3414617324327715,0.778354287147522,2.5446159839630127,-0.22472061216831207,3.61892489308957e-06,-17194.07669222261,-0.021985013037919998,17332997099814.613,17020784381395.863,19224020959.0
train_tune_10d47_01350_1350,CNN,0.0002132764596107,0.3057034066971312,0.3076971844496708,0.7547719478607178,2.8546576499938965,-0.23166443407535553,5.552447873924393e-06,-5947.354062053813,-0.017704250290989876,7728712783.783591,7681281293.033897,14216291759.0
train_tune_10d47_01351_1351,CNN,0.0006741582159986,0.2891569908783788,0.3024590762232361,0.9328786134719849,2.4024341106414795,-0.27201855182647705,4.111648195248563e-06,-58503.295565695844,0.015342983417212963,8309329810803.158,8450720841106.842,12159450447.0
train_tune_10d47_01352_1352,CNN,0.0003959394212685,0.2549948744343692,0.2397814392395128,2.08599591255188,8.260359764099121,-2.142878532409668,3.7084002542542294e-05,-3614.726036910194,0.08203418552875519,113571749.53522527,114446984.74276541,3204907375.0
train_tune_10d47_01353_1353,CNN,0.0004614573261844,0.3112326118451256,0.3429851917503093,0.6244794130325317,1.5593637228012085,-0.10040676593780518,4.730578439193778e-06,-15325.825917596625,0.00203509908169508,3692718117471.7637,3748854111936.509,13234179103.0
train_tune_10d47_01354_1354,CNN,0.0014978334500008,0.3633401406068429,0.3972473288750249,1.4468131065368652,4.9392781257629395,-0.9631080627441406,6.958824542380171e-06,-2157.0623381777277,-0.005502065643668175,172158.2288254843,171910.55555162494,5515410455.0
train_tune_10d47_01355_1355,CNN,0.010303022552451,0.3743313055893441,0.445593822729423,2.699483871459961,11.086795806884766,-3.618011713027954,3.2960429962258786e-05,-1946.3479451245291,-0.006205032113939524,162684.04722021584,165026.71535836457,7431615247.0
train_tune_10d47_01356_1356,CNN,0.0010320357662406,0.3150167541309034,0.3241707953444174,1.5886057615280151,5.518789768218994,-1.1724764108657837,9.12456562218722e-06,-3388.847529967349,0.020990855991840363,312751450.21079975,305011039.08915204,14024147231.0
train_tune_10d47_01357_1357,CNN,0.0007477208949694,0.2592585455759411,0.2702686642806452,1.7070810794830322,6.207932472229004,-1.4020655155181885,9.829898772295564e-06,-9842.625058100131,-0.04021761938929558,11476388211.546173,11499394465.588554,11410964951.0
train_tune_10d47_01358_1358,CNN,0.0005123232027519,0.2588490131950458,0.2669197137683819,1.8158495426177979,6.719357490539551,-1.5403145551681519,7.81349172029877e-06,-6515.337534916181,0.06995528191328049,4650420692.498372,4685714400.297493,9423247655.0
train_tune_10d47_01359_1359,CNN,0.0005038341139167,0.3913877633046773,0.412815155278778,3.2621917724609375,13.347700119018555,-5.247313976287842,3.697116335388273e-05,-2205.1686123502764,0.1019003614783287,108317.98571908698,105538.68145692025,2435767463.0
train_tune_10d47_01360_1360,CNN,0.000423205250768,0.3337801775208964,0.3562133207620246,0.6284850835800171,1.8636339902877808,-0.11902964115142822,1.692772002570564e-06,-28131.399644132674,-0.0007175931241363287,2786799127272.8184,2810769246314.91,5540143495.0
train_tune_10d47_01361_1361,CNN,0.0003281023679387,0.317714777895812,0.3254170426491404,1.742736577987671,6.152751445770264,-1.4554204940795898,1.568639709148556e-05,-3307.526153951472,0.040061868727207184,4781199833.092161,4846499567.214937,12638812127.0
train_tune_10d47_01362_1362,CNN,0.0004687288293863,0.3143830358228674,0.3081232774863611,1.28766667842865,1.2297931909561157,-0.10859912633895874,4.174714376858901e-06,-9598.81061847782,-0.0003879780415445566,685313087.5581403,685555423.7953327,3242791807.0
train_tune_10d47_01363_1363,CNN,0.0011641052018743,0.3605660577966237,0.3657903968767356,1.7179937362670898,6.2978339195251465,-1.404145359992981,8.928464012569748e-06,-2138.1592748743105,-0.033996351063251495,3560778.355762303,3600830.2476573708,4495481983.0
train_tune_10d47_01364_1364,CNN,0.001410546952981,0.3337336431892855,0.3671406118129052,2.0355381965637207,7.625778675079346,-2.01448917388916,1.2139787941123359e-05,-9755.799519726454,-0.0014465991407632828,96360135.29248235,96063797.24838538,6599864287.0
train_tune_10d47_01365_1365,CNN,0.0063971849468699,0.2894959629446902,0.3227766395916312,1.954977035522461,6.665884017944336,-1.7918293476104736,2.0544539438560605e-05,-1824.4431137875417,0.023379988968372345,2398.730369133983,2398.730369133983,5748775.0
train_tune_10d47_01366_1366,CNN,0.0002407787114987,0.3303865561073116,0.2937721583048997,0.8138450384140015,2.8044662475585938,-0.25421640276908875,2.3575619252369506e-06,-109019.03885213328,0.010438136756420135,9909075222889.629,10032358185438.137,10404459815.0
train_tune_10d47_01367_1367,CNN,0.0297282754909873,0.3305928557447929,0.3351742303720602,1.6471338272094727,6.029275417327881,-1.2763721942901611,2.8585294785443693e-05,-4114.368878880867,-0.047955118119716644,357668076.44618785,357363697.45671487,7175955191.0
train_tune_10d47_01368_1368,CNN,0.000439632906523,0.3606541612114118,0.3774048144466491,0.6700900197029114,2.3800361156463623,-0.16313916444778442,9.233564014721196e-06,-3316.7633737451583,0.025468021631240845,35053160.39503736,35013171.720459245,11979889743.0
train_tune_10d47_01369_1369,CNN,0.0017098085925434,0.3693091964991788,0.4023806934607946,1.7213497161865234,6.416742324829102,-1.399165153503418,9.895435141515918e-06,-2434.419919585987,-0.04619666188955307,259020.8692700781,258043.9149769931,7671241487.0
train_tune_10d47_01370_1370,CNN,0.0216925489610567,0.3506109694112547,0.3609443509841276,3.0263848304748535,11.283683776855469,-4.455228805541992,8.078292739810422e-05,-3253.621094721386,-0.11585530638694763,13981374.885065518,14097219.293847702,7666034711.0
train_tune_10d47_01371_1371,CNN,0.0004469423556096,0.2795514740504531,0.2632730565010175,1.5056536197662354,5.013078689575195,-1.0532934665679932,5.269581379252486e-06,-4554.560791769563,0.01777557283639908,19531195299.359474,19355043015.814957,28774648167.0
train_tune_10d47_01372_1372,CNN,0.0014334939909971,0.3490474895197016,0.3641236894703855,1.5464677810668945,5.693413257598877,-1.1235787868499756,9.833553122007288e-06,-2034.0090292850284,0.012745572254061699,263494.41167633166,263018.72080126574,7280880479.0
train_tune_10d47_01373_1373,CNN,0.0005776036030766,0.3260820673226248,0.356163576179237,1.616086721420288,2.200143814086914,-0.6889569163322449,3.887142611347372e-06,-3225.1255685315455,-0.005696308333426714,765445232.7456872,775370702.9422557,4454600599.0
train_tune_10d47_01374_1374,CNN,0.0018750489713462,0.2593439219426649,0.2739370070331054,1.5702087879180908,3.716186046600342,-1.1694586277008057,7.320519216591492e-06,-10632.129376133425,0.07818956673145294,6450629031.34118,6710790222.185505,12971567671.0
train_tune_10d47_01375_1375,CNN,0.012210115118036,0.3215527421612296,0.3145101080628377,2.1914021968841553,9.124016761779785,-2.3072290420532227,2.6871708541875705e-05,-6788.943018821006,-0.04788524657487869,28959070931.078613,31922314411.706387,18186639687.0
train_tune_10d47_01376_1376,CNN,0.0004703841715726,0.3351398032603633,0.3666876973457101,2.4288675785064697,3.479790210723877,-2.1784257888793945,2.939644764410332e-05,-2145.6249596156194,0.1128792017698288,66848.06497497806,66400.56377573307,401610223.0
train_tune_10d47_01377_1377,CNN,0.0018310138708993,0.3048750570515212,0.2568759641286091,1.722513198852539,6.323480606079102,-1.3893622159957886,8.533208529115655e-06,-11098.728959047194,0.019611619412899017,4626969720715.98,4284139140751.385,9741893383.0
train_tune_10d47_01378_1378,CNN,0.0012704899470874,0.3032835118005801,0.3569947141563237,1.455229640007019,5.7707624435424805,-0.9642919301986694,1.1081294360337779e-05,-1743.6670085104486,-0.010943331755697727,2985.8842003717828,2985.8842003717828,19338343.0
train_tune_10d47_01379_1379,CNN,0.0031962248587444,0.3008788522543009,0.3129270512810287,3.1488053798675537,8.707839965820312,-5.417807579040527,9.235114703187719e-05,-1958.1848937908926,0.2085898071527481,5875.850157110962,5875.850157110962,7297375.0
train_tune_10d47_01380_1380,CNN,0.0004476719225307,0.3116905763235384,0.3033690426812898,0.9789885878562927,3.5137181282043457,-0.4044561982154846,3.8188968574104365e-06,-6207.13042584086,-0.013532496988773346,87527529130.42775,88332709708.13133,14348083935.0
train_tune_10d47_01381_1381,CNN,0.0288008986991766,0.3140150028103681,0.3614675871163162,2.1220040321350098,8.445319175720215,-2.1633780002593994,6.982008926570415e-05,-1775.0949699376015,-0.11154207587242126,4771.703131352355,4771.703131352355,17054831.0
train_tune_10d47_01382_1382,CNN,0.000439632906523,0.3025704519794377,0.2805357647002831,2.432093620300293,9.851998329162598,-2.942171335220337,2.036072692135349e-05,-3543.2811651749976,0.04526576027274132,2622545618.1453447,2566367454.9883575,7302051631.0
train_tune_10d47_01383_1383,CNN,0.0004687288293863,0.340510432328412,0.343568177671645,0.759037435054779,2.774355888366699,-0.22930721938610077,3.27640896102821e-06,-11944.542170990626,0.0048873331397771835,892788735537.0608,896424182178.384,6524810087.0
train_tune_10d47_01384_1384,CNN,0.0045147590235337,0.33347616463981,0.3715805513358984,2.2166457176208496,7.953061103820801,-2.3789329528808594,1.458728002035059e-05,-2186.6056139483717,-0.0028081145137548447,2802752.811004784,2808506.943519656,2705041519.0
train_tune_10d47_01385_1385,CNN,0.0029180501918098,0.3638923603019696,0.3740019171237578,2.638702630996704,8.611324310302734,-3.411709785461426,2.4989818484755233e-05,-1957.833171534057,0.07472626864910126,219446.51952394767,218611.49105128052,5114032863.0
train_tune_10d47_01386_1386,CNN,0.0004689417669579,0.3147032487546872,0.3283687361632141,1.6172778606414795,5.523535251617432,-1.2093815803527832,7.129575351427775e-06,-3846.270676402442,-0.03986872732639313,318679841.6267097,316085133.7502754,11568830687.0
train_tune_10d47_01387_1387,CNN,0.0011705638356141,0.3305843449150525,0.3450632000567454,1.6354022026062012,6.704473495483398,-1.2852914333343506,1.606461410119664e-05,-1754.1821820442392,-0.0671546459197998,5930.381367765696,5930.381367765696,49390879.0
train_tune_10d47_01388_1388,CNN,0.0005558582707688,0.3187528385797799,0.3197305687465486,1.9104933738708496,5.0729594230651855,-1.7698676586151123,8.890163371688686e-06,-4088.026279846295,-0.037785470485687256,53799380235.53824,51756586758.51976,4664411815.0
train_tune_10d47_01389_1389,CNN,0.0057968531624013,0.3328790525135596,0.3732104746423214,2.1199140548706055,8.418730735778809,-2.1622114181518555,2.7458101612864994e-05,-1697.3712298298951,-0.0018256409093737602,5805.727647611056,5805.727647611056,24249247.0
train_tune_10d47_01390_1390,CNN,0.0004469093653154,0.3515507007578913,0.3477760137510183,1.6183524131774902,2.0849039554595947,-0.6897863149642944,3.0386530852410942e-05,-10558.925180384489,0.05771973729133606,25430852997.76268,25878954227.998158,8663832855.0
train_tune_10d47_01391_1391,CNN,0.0004315430129956,0.3643391320243775,0.4299304737230968,2.4221646785736084,8.63244915008545,-2.905031204223633,2.3910626623546705e-05,-2018.6889795703391,0.07701482623815536,141778.3374603605,140315.42165160173,2778986559.0
train_tune_10d47_01392_1392,CNN,0.0021627722560586,0.2751714015245313,0.2733246881517758,1.5688233375549316,6.1007513999938965,-1.1640325784683228,1.0996667697327211e-05,-8765.289898049501,-0.0055009000934660435,10689632198.937706,10653348677.812496,9439245263.0
train_tune_10d47_01393_1393,CNN,0.0004396828421098,0.2925960996259032,0.2622726173953617,1.2619494199752808,4.19193172454834,-0.6735667586326599,7.098721198417479e-06,-3893.6677735221947,0.0007929750718176365,48049188.45933944,45806434.40709554,1894737007.0
train_tune_10d47_01394_1394,CNN,0.0004595380512573,0.305916148123973,0.3011539028927166,3.090139865875244,7.591296195983887,-4.939460754394531,1.643732321099378e-05,-10417.673650037708,-0.07656614482402802,238136887139.04623,246465026220.33942,18304963927.0
train_tune_10d47_01395_1395,CNN,0.000924916036949,0.3709987631490375,0.4226403557893365,2.9329915046691895,8.792973518371582,-4.405160903930664,1.6810145098133944e-05,-2096.4985309316417,0.015474285930395126,81435.67905300474,80666.69212607804,600681295.0
train_tune_10d47_01396_1396,CNN,0.0016242709845619,0.2998090944664653,0.3048042840268828,2.6295626163482666,6.780946731567383,-3.674755096435547,3.367131284903735e-05,-1754.8862740287532,0.04734005779027939,3974.7621050437792,3974.7621050437792,4875679.0
train_tune_10d47_01397_1397,CNN,0.0027765135283069,0.3434698801057665,0.3304595113408138,1.8206558227539062,6.839280605316162,-1.5649245977401733,1.2653550584218465e-05,-2477.689182693867,-0.03249718248844147,171868010.09313756,172743777.9366596,14452504983.0
train_tune_10d47_01398_1398,CNN,0.0010072145084358,0.2391234835420572,0.2032343840427497,1.422871470451355,5.897317409515381,-0.9491062760353088,6.686682354484219e-06,-8293.21787171349,0.0035620681010186672,3496688062620.1367,3556560809814.066,10909133271.0
train_tune_10d47_01399_1399,CNN,0.0069603491859449,0.3263006980050623,0.3440465534561575,2.838224411010742,8.995722770690918,-4.0909318923950195,2.0756573576363735e-05,-10977.941371040855,0.04347805306315422,37182827060.05769,36623420837.23796,18524947903.0
train_tune_10d47_01400_1400,CNN,0.0004656336497917,0.3041895544713327,0.3129975061512308,3.020928382873535,7.907100677490234,-4.7420573234558105,2.4836695956764743e-05,-3446.495439201594,0.02764568105340004,290840859.30628675,287611083.18088484,20559500935.0
train_tune_10d47_01401_1401,CNN,0.004493910724473,0.315382482798856,0.2906647214998303,2.9416680335998535,10.638140678405762,-4.207972526550293,3.142123750876635e-05,-3394.933215652891,0.009521426633000374,8597553.46389985,8562316.063172981,4963044719.0
train_tune_10d47_01402_1402,CNN,0.0010915147686356,0.3079044417342665,0.338850311296521,2.2108402252197266,6.372807502746582,-2.483161211013794,2.5840212401817553e-05,-1725.8121365856364,0.04941795766353607,3625.495858243346,3625.495858243346,6691951.0
train_tune_10d47_01403_1403,CNN,0.0012901642782797,0.3535294091048419,0.3469428540280345,1.294006586074829,2.3371517658233643,-0.46986550092697144,4.803131105290959e-06,-6634.28257331872,-0.0339086689054966,258862060692.2913,247917377301.6665,20256935151.0
train_tune_10d47_01404_1404,CNN,0.0005177737252677,0.2773053787896061,0.2817594200696629,0.9500066637992859,2.4314305782318115,-0.3074672222137451,2.877601673390018e-06,-4960.341412429287,0.020307403057813644,3628092168.1992645,3715519508.703176,636194295.0
train_tune_10d47_01405_1405,CNN,0.0096370178470418,0.3230026014361082,0.363161819771585,1.6378659009933472,6.057245254516602,-1.2409467697143555,3.436482438701205e-05,-1794.3127256418445,-0.08679942786693573,4454.664410952527,4454.664410952527,24191119.0
train_tune_10d47_01406_1406,CNN,0.0004628640603859,0.2702951941067795,0.2842559541392542,0.9224547743797302,2.942415237426758,-0.3323734700679779,3.3401765904272906e-06,-8038.914547635654,0.009494777768850327,201275228895.7802,201981324681.74515,16152726535.0
train_tune_10d47_01407_1407,CNN,0.0004760527173455,0.2828819123704922,0.2931739707874133,2.350647211074829,7.146941661834717,-2.7596487998962402,4.31212320108898e-05,-20334.61452272601,-0.06735444068908691,231563095189.1184,228844667805.67728,6715757423.0
train_tune_10d47_01408_1408,CNN,0.0005636592146856,0.3614640129082681,0.3800816696758784,1.9856634140014648,6.713915824890137,-1.877704381942749,1.925285323522985e-05,-1913.8870971903327,0.01194307953119278,319445.0640810884,317581.90482879966,7773865303.0
train_tune_10d47_01409_1409,CNN,0.0007460843176101,0.2467464637944403,0.223315483909283,1.4722447395324707,5.477449417114258,-0.9954494833946228,1.4724772881891113e-05,-4671.404163794679,-0.0269014872610569,2345066994.84665,2343550048.9368486,6419652943.0
train_tune_10d47_01410_1410,CNN,0.0004469601216317,0.3409632496920535,0.3343285144674069,1.2724138498306274,4.216828346252441,-0.7022053003311157,6.088352165534161e-06,-3739.7701868095146,0.017080167308449745,435707297.1422136,439543324.185814,12377597927.0
train_tune_10d47_01411_1411,CNN,0.0014635205539389,0.2917935395608981,0.2654918298880431,1.3567733764648438,5.3909759521484375,-0.8530359268188477,5.2353298087837175e-06,-4093.039395964675,0.012168597429990768,4192224703.684655,4150451292.1940365,7903127623.0
train_tune_10d47_01412_1412,CNN,0.0032398479397014,0.2702854319287122,0.2716411845000143,3.8717637062072754,7.794638156890869,-9.199121475219727,8.208223152905703e-05,-2023.7994453376198,-0.044755008071660995,4837.866347213188,4837.866347213188,2255647.0
train_tune_10d47_01413_1413,CNN,0.0016081554801586,0.3116267664044757,0.341037013227544,1.5829944610595703,5.971958160400391,-1.1860392093658447,1.6225338185904548e-05,-1819.7004554489267,0.020941829308867455,2936.986575510041,2936.986575510041,12343663.0
train_tune_10d47_01414_1414,CNN,0.0002452456901907,0.3564412891833928,0.368603812711351,2.1768527030944824,7.702350616455078,-2.304077625274658,1.5103447367437184e-05,-2217.2643123688795,-0.007218511775135994,354003.2294478724,353410.3178874125,5769237255.0
train_tune_10d47_01415_1415,CNN,0.000520587016853,0.336088469415679,0.2799609474648403,1.1062841415405273,4.197494029998779,-0.5444716215133667,1.2585868716996629e-05,-7822.880707451129,0.014463835395872593,370245732168.2853,363321191798.09735,20392101679.0
train_tune_10d47_01416_1416,CNN,0.0004687288293863,0.2276645741350378,0.2511420627062712,1.362381935119629,4.885621547698975,-0.8211584091186523,7.596405339427292e-06,-8983.048070114162,0.03264417499303818,1892028270302.9888,1781524240519.0122,8626534415.0
train_tune_10d47_01417_1417,CNN,0.000649981376938,0.330424788129328,0.3688200938616023,1.410539984703064,1.1436872482299805,-0.009508734568953514,1.6660958863212727e-05,-29978.35073217929,-0.04228758066892624,1058155413773.7723,1054308722760.2936,19827118327.0
train_tune_10d47_01418_1418,CNN,0.0003996181426636,0.3106550668662902,0.2872339013555793,1.5516645908355713,5.69511079788208,-1.0876555442810059,2.298278923262842e-05,-5617.2954440723715,-0.06432478874921799,161914052972.08884,161281844491.66357,11234837271.0
train_tune_10d47_01419_1419,CNN,0.0006428965411435,0.357111469124131,0.3627086462346963,2.221914768218994,8.55505084991455,-2.421868085861206,1.2661728760576807e-05,-4292.071623119088,0.007917423732578754,19060705817.736362,19083412350.956272,20969322431.0
train_tune_10d47_01420_1420,CNN,0.0019939612363432,0.3390407522685117,0.3768909148292366,1.9900197982788086,8.078256607055664,-1.9317617416381836,1.0294234016328119e-05,-1977.0915666570875,0.025851069018244743,2836712.2079408867,2808499.883701106,2255405263.0
train_tune_10d47_01421_1421,CNN,0.0117402831366858,0.3190920990516412,0.3512366891186842,1.173341989517212,4.876773834228516,-0.6297914385795593,9.603665603208356e-06,-1738.2623882228963,-0.0019955639727413654,2927.0331041660356,2927.0331041660356,32187487.0
train_tune_10d47_01422_1422,CNN,0.0007854109121723,0.3058146181133637,0.309300980416325,0.3631417751312256,0.9862422943115234,-0.022178202867507935,2.3841905658628093e-06,-11662.926738115744,0.007074567023664713,766207777943.9406,752489344881.3807,13780805735.0
train_tune_10d47_01423_1423,CNN,0.0004366319117702,0.2569756653422761,0.2555400742815034,1.3998236656188965,5.334224700927734,-0.9398289918899536,6.922595275682397e-06,-6206.820711597357,0.045596644282341,6689102280.979584,6538247131.481654,6480956191.0
train_tune_10d47_01424_1424,CNN,0.0029824760022714,0.3084297161830146,0.3211022129909019,2.221605062484741,5.4015398025512695,-2.60779070854187,2.424567901471164e-05,-1987.9323934209299,-0.0439746230840683,3198.654466469094,3198.654466469094,3362119.0
train_tune_10d47_01425_1425,CNN,0.0004985337243401,0.3074088869493183,0.2810773106117702,0.735227644443512,2.3928494453430176,-0.18136867880821228,4.175464255240513e-06,-3235.3369270445496,0.003348092781379819,13381352830.924837,12835428454.619862,4356217383.0
train_tune_10d47_01426_1426,CNN,0.0014936389543531,0.3275006635116331,0.3243526177240849,0.9522305727005005,1.1406488418579102,-0.07668054103851318,9.626909559301566e-06,-14058.966003409052,0.010884050279855728,37006905726.63246,35985752487.18698,7514031079.0
train_tune_10d47_01427_1427,CNN,0.0020203865116017,0.357929509620177,0.3926806466720766,2.364875316619873,8.148822784423828,-2.720320224761963,3.684079274535179e-05,-2669.2302523796043,0.07709476351737976,11267659.828362852,11246340.866803046,8479755607.0
train_tune_10d47_01428_1428,CNN,0.0039847299549511,0.3598323212884491,0.3890779699843411,3.8946614265441895,16.953184127807617,-7.604747295379639,4.5592540118377656e-05,-2232.4352739772885,-0.042409393936395645,144803.0555998361,147617.51490669517,1809570295.0
train_tune_10d47_01429_1429,CNN,0.0254427796356729,0.3273762726478292,0.3205218629976314,1.949850082397461,6.979342460632324,-1.8069708347320557,2.535650673962664e-05,-10955.056600639573,-0.050459831953048706,31767665645.489864,31098006794.86303,27498511951.0
train_tune_10d47_01430_1430,CNN,0.0004469093653154,0.3253105052891812,0.2966139481235819,2.082155704498291,8.250658988952637,-2.1183834075927734,3.0285176762845367e-05,-66816.689923804,-0.04738903045654297,115011267087778.4,114497074792253.72,31631810055.0
train_tune_10d47_01431_1431,CNN,0.0005045327866226,0.2783501253582979,0.3023530083137598,1.4719723463058472,4.161517143249512,-0.9207443594932556,9.595420124242082e-06,-6572.540883601242,-0.060729749500751495,1009395237.3927562,997954447.1191955,3321215791.0
train_tune_10d47_01432_1432,CNN,0.0004105105358262,0.3023156732386523,0.2917956802016039,0.6049078702926636,1.9734864234924316,-0.12996023893356323,7.67332676332444e-06,-2529.9082369735133,0.008945219218730927,87406555.69084722,90121232.59039307,1526421215.0
train_tune_10d47_01433_1433,CNN,0.0016260653424889,0.3592165979073267,0.3695669339938681,2.406616687774658,6.890542507171631,-2.776005983352661,7.345743506448343e-05,-2523.8776939684467,-0.2230931669473648,153403425.13201877,152684109.80685794,7293169951.0
train_tune_10d47_01434_1434,CNN,0.0009678215951631,0.3290181662300089,0.3313380966476017,0.9709298610687256,3.5364673137664795,-0.3994794487953186,4.611597887560492e-06,-58650.62742945528,0.027980709448456764,51129152526978.2,49798296989025.27,26245353655.0
train_tune_10d47_01435_1435,CNN,0.0023659971875803,0.35088501994076,0.3709446534093954,3.770697593688965,13.578290939331055,-6.985513687133789,3.0346094717970118e-05,-1919.4512685957018,0.01736011728644371,165070.3004097069,164623.3375679157,2188236231.0
train_tune_10d47_01436_1436,CNN,0.0004469093653154,0.2916418974424074,0.336183036234969,2.3731529712677,3.2514820098876953,-2.2837047576904297,1.1493188139866106e-05,-5940.915329106545,0.04726685956120491,2037685912.4509268,2006941375.5500216,9495161695.0
train_tune_10d47_01437_1437,CNN,0.0008277371600143,0.3290331741609694,0.3306613823258656,1.1152575016021729,2.1511077880859375,-0.3972739577293396,1.1234928933845367e-05,-6835.429111215316,-0.052711330354213715,357818533.7033475,359315152.1326589,15744860559.0
train_tune_10d47_01438_1438,CNN,0.0071529664398697,0.3024716580025919,0.3327632425655733,2.082873821258545,7.176348686218262,-2.047197103500366,1.576734757691156e-05,-1774.9298916668918,0.015040148980915546,3863.4772779124796,3863.4772779124796,9474687.0
train_tune_10d47_01439_1439,CNN,0.0016182927997633,0.318737648279625,0.3075137181906306,2.9763362407684326,13.29780387878418,-4.513334274291992,2.8505670343292877e-05,-1973.4135625548972,0.06165695562958717,1325870.2254171344,1280405.79148948,1068606775.0
train_tune_10d47_01440_1440,CNN,0.0006666662527571,0.3234847994797001,0.3126076620147867,1.9086729288101196,8.18883991241455,-1.8219730854034424,1.8925002223113552e-05,-2610.8682560166235,0.04843253642320633,10049975.739969207,9998140.85504067,11559268367.0
train_tune_10d47_01441_1441,CNN,0.0010146278889833,0.3406353940483205,0.3293740363879618,2.911325454711914,11.281079292297363,-4.155797004699707,3.135584120173007e-05,-3595.532127874364,0.03324589878320694,212434891.14677298,214082675.38915873,6222259759.0
train_tune_10d47_01442_1442,CNN,0.0007317966305108,0.3388036084113234,0.3301784597239983,1.7527480125427246,7.305398464202881,-1.4819252490997314,1.4176832337398082e-05,-5537.515155664743,-0.03653475269675255,21209844798.556076,21272188806.754784,23811730823.0
train_tune_10d47_01443_1443,CNN,0.0007667866753532,0.3222589615491632,0.3613312872866679,1.5521732568740845,6.115224361419678,-1.1124423742294312,1.8093462131218985e-05,-1784.9667043634984,-0.033867768943309784,4474.979979106842,4474.979979106842,28392655.0
train_tune_10d47_01444_1444,CNN,0.0005893806241119,0.3473625171720654,0.355165832520379,1.9100067615509033,7.902681827545166,-1.7482695579528809,1.084922314475989e-05,-5481.4316080783165,0.014894112013280392,470665621.1178335,491614070.3806633,23757334751.0
train_tune_10d47_01445_1445,CNN,0.0037631323925731,0.3245684001236389,0.3464339199213364,1.620922565460205,5.931716442108154,-1.2463998794555664,2.026857328019105e-05,-1967.5846695982787,0.058698445558547974,5083.5117566028075,5083.5117566028075,32048671.0
train_tune_10d47_01446_1446,CNN,0.0004469093653154,0.364425118279593,0.3946219981569054,1.9609291553497314,7.794536590576172,-1.8762798309326172,2.159870564355515e-05,-2239.8452363718447,0.08350765705108643,260182.32452806024,260450.91021246527,7820029039.0
train_tune_10d47_01447_1447,CNN,0.0013954436419618,0.2783340971921365,0.2970885079936254,0.7001323103904724,2.4300644397735596,-0.18670788407325745,3.653375642898027e-06,-5298.982753476842,0.01770300418138504,2943912895.114197,2791819517.5149126,14165131959.0
train_tune_10d47_01448_1448,CNN,0.0003681902070609,0.338164493582522,0.3800339038999865,2.481609344482422,7.437193393707275,-2.989894151687622,1.5147269550652709e-05,-3595.8000459635205,0.018148668110370636,11929073.70291793,11906068.580238197,9116023671.0
train_tune_10d47_01449_1449,CNN,0.0026470166331764,0.3576146160766391,0.3884829062037562,2.740302085876465,6.670387268066406,-3.968954086303711,2.2375192202161998e-05,-2402.8086553015737,-0.03221245855093002,120535.37998415018,119634.63632365344,606418863.0
train_tune_10d47_01450_1450,CNN,0.0005126721571413,0.3341557651694576,0.3049184891606526,0.7135953903198242,2.3785064220428467,-0.17711660265922546,1.9388614873605547e-06,-17187.53314916151,0.01920299045741558,22922419028659.97,23196749865778.2,26795790751.0
train_tune_10d47_01451_1451,CNN,0.010275053093882,0.3054278217063143,0.3176332415063409,2.323659896850586,5.652917861938477,-2.8565359115600586,5.1539900596253574e-05,-1815.175142276417,0.11194279789924622,3845.066669541671,3845.066669541671,5813023.0
train_tune_10d47_01452_1452,CNN,0.0094860801499196,0.315780166917001,0.3381600755612284,1.957768440246582,6.9900736808776855,-1.8777036666870117,2.2469093892141245e-05,-1728.1694415052689,-0.018126659095287323,5594.713385355442,5594.713385355442,23879167.0
train_tune_10d47_01453_1453,CNN,0.0031805568106675,0.3457251138327147,0.386624942546123,3.21632719039917,6.1068878173828125,-5.889024257659912,2.3166794562712312e-05,-2130.6042035927403,-0.04309282451868057,43987.27998187976,44342.66562138799,65060007.0
train_tune_10d47_01454_1454,CNN,0.0004687288293863,0.3056937472721521,0.3012891742926597,0.8352286219596863,1.7503101825714111,-0.13881224393844604,5.926200174144469e-06,-17250.80553580732,0.01135697029531002,73543060987.5613,73393993604.85367,11443227287.0
train_tune_10d47_01455_1455,CNN,0.0052005768457117,0.327631570033186,0.3237098845505756,1.8484177589416504,5.131900787353516,-1.5787127017974854,1.5962967154337093e-05,-6732.308324442072,0.035569798201322556,107677238450.87834,109317977526.17355,7189577967.0
train_tune_10d47_01456_1456,CNN,0.0009343981495817,0.3575264941005127,0.3241071721871094,2.9083285331726074,11.878589630126953,-4.162519931793213,2.417587165837176e-05,-2716.3212437352054,0.031972914934158325,262409458.44672006,268278606.3441396,16101419831.0
train_tune_10d47_01457_1457,CNN,0.0006956769213134,0.3559836791430221,0.3596363409628943,2.7353129386901855,11.618916511535645,-3.667620897293091,3.936898792744614e-05,-2350.5057087732225,-0.14903375506401062,8148037.675890781,8367335.452748705,17654849151.0
train_tune_10d47_01458_1458,CNN,0.0064917587411059,0.2913687896914027,0.2664095621627429,2.034640312194824,6.515566825866699,-2.023022413253784,8.11528843769338e-06,-3351.5726722243303,0.011212232522666454,40462225.64773935,41557539.35637729,1551985807.0
train_tune_10d47_01459_1459,CNN,0.00027808676307,0.3496146442722355,0.3258112949565005,2.687621593475342,8.878432273864746,-3.5133676528930664,2.2484648070530966e-05,-3126.2016530405444,0.07276997715234756,201184963.32808107,201451133.6942922,12480087415.0
train_tune_10d47_01460_1460,CNN,0.0012035597409947,0.309221085197569,0.287190375835715,2.2021467685699463,8.930350303649902,-2.3750715255737305,1.48063318192726e-05,-9029.632369576342,-0.03423231467604637,358194308896.6504,356906194253.4559,14634017111.0
train_tune_10d47_01461_1461,CNN,0.0280904268453153,0.3373818489906863,0.3613324659471807,1.3962631225585938,4.2981276512146,-0.8788678646087646,1.4296382687462028e-05,-2426.684857900985,-0.019896864891052246,4367103.055109657,4348469.352006901,6016946199.0
train_tune_10d47_01462_1462,CNN,0.0007668934988787,0.3093457028109195,0.3224200914542814,1.3732421398162842,4.1620025634765625,-0.8282873034477234,4.91739001517999e-06,-4633.23351720441,0.017554596066474915,10311674504.684746,10499968376.272133,11679916055.0
train_tune_10d47_01463_1463,CNN,0.0004177936099566,0.360269654370238,0.3546763549638022,1.4094946384429932,2.520689010620117,-0.6332859396934509,5.325045094650704e-06,-5818.84660333886,-0.05789538472890854,2305216931484.169,2244726543440.134,23585891871.0
train_tune_10d47_01464_1464,CNN,0.001268619144144,0.3566444832030653,0.3705421989178244,2.575777053833008,10.077608108520508,-3.2098917961120605,2.012206823565066e-05,-2361.3338650478127,0.014179226011037827,384795.80938380264,384539.3989961353,8644480247.0
train_tune_10d47_01465_1465,CNN,0.0004222663276702,0.3257671005221092,0.3569693875120526,1.7402880191802979,6.993680477142334,-1.4344704151153564,1.539322875032667e-05,-1788.611356350258,0.012037117034196854,5943.125257996584,5943.125257996584,38274079.0
train_tune_10d47_01466_1466,CNN,0.0005566154848963,0.3407494470908357,0.3684022642233485,2.37961745262146,7.634829521179199,-2.7750813961029053,1.651914863032289e-05,-3769.829829460903,-0.008998440578579903,1815180844.5525727,1699790970.0357609,5522063399.0
train_tune_10d47_01467_1467,CNN,0.0007629627368999,0.2987935800454381,0.2982653275421907,2.3302884101867676,7.932073593139648,-2.660280704498291,2.0561643395922147e-05,-7263.07414447191,0.04690954461693764,8207910952131.106,8327513056600.276,13237315999.0
train_tune_10d47_01468_1468,CNN,0.0010985188260421,0.3523876887741911,0.3569673288107716,2.765334367752075,10.588769912719727,-3.7581450939178467,1.9976883777417243e-05,-5785.29221642388,0.039499636739492416,172604997.91939157,173483964.6092286,5294802119.0
train_tune_10d47_01469_1469,CNN,0.0028308872539921,0.2769980366148991,0.2344806034598154,1.4587453603744507,6.0960283279418945,-1.0164766311645508,1.7413180103176273e-05,-9194.704403392363,0.049612440168857574,2031382484908.0386,1959811487339.9092,8726502415.0
train_tune_10d47_01470_1470,CNN,0.0019590092930315,0.341736747653132,0.3303474934689717,1.3859323263168335,4.50689172744751,-0.8330739736557007,9.177254469250329e-06,-2712.535404468473,-0.024442948400974274,2695245.753455962,2638079.140052654,1263678359.0
train_tune_10d47_01471_1471,CNN,0.0005123232027519,0.3377480821947825,0.3345925611025416,1.7509634494781494,4.627429962158203,-1.445453405380249,9.202412911690772e-06,-9712.756470907723,-0.02872655913233757,119375627164.36945,111261137729.20094,10394205271.0
train_tune_10d47_01472_1472,CNN,0.0018353392572757,0.3512806975882813,0.387528787783346,2.73915433883667,8.495487213134766,-3.7789478302001953,2.36425348703051e-05,-2397.0477098722713,0.005560505203902721,109883.45055019019,109383.53340836606,418580711.0
train_tune_10d47_01473_1473,CNN,0.0018330369710568,0.3451912021072074,0.3557495730490526,3.278247356414795,9.17578411102295,-5.629196643829346,2.0173867596895434e-05,-3659.1279482252057,0.0571260042488575,1907252.214040635,2033974.8296345132,1049081215.0
train_tune_10d47_01474_1474,CNN,0.0005489041804224,0.3415707741299152,0.3692022844229304,2.114529609680176,6.249621868133545,-2.180440664291382,1.652984610700514e-05,-2545.9178481695512,0.025297507643699646,62940589.40324479,63772782.60908857,6449395487.0
train_tune_10d47_01475_1475,CNN,0.0016307231641848,0.3271706961893156,0.3067484497535181,0.42315131425857544,1.0374245643615723,-0.033713310956954956,2.7111418603453785e-06,-21927.1974240255,-0.00728509621694684,2435001975024.2905,2446254094242.3945,27453688327.0
train_tune_10d47_01476_1476,CNN,0.0013060772262701,0.2978779146352343,0.2779833517017993,1.6203954219818115,5.654976844787598,-1.2606348991394043,9.839939593803138e-06,-12972.86059630926,-0.02118569426238537,210557310352.73663,213983952851.5758,17135997903.0
train_tune_10d47_01477_1477,CNN,0.0005295667895427,0.3413624789964586,0.3279873059316714,1.3659169673919678,4.768643856048584,-0.8513570427894592,7.0778041845187545e-06,-4060.5953803436655,0.019095484167337418,9828750918.140598,9919430536.954731,17860546383.0
train_tune_10d47_01478_1478,CNN,0.0034304565986366,0.2507249010072744,0.2455519252314226,1.2808384895324707,4.945131301879883,-0.7573117613792419,5.736854291171767e-06,-3502.795021784058,0.01931343972682953,46934857.58233443,47365844.24646089,1949540495.0
train_tune_10d47_01479_1479,CNN,0.0017299171613606,0.3091115878904327,0.3098934385334648,2.455516815185547,8.583813667297363,-2.901366710662842,5.760675048804842e-05,-3093.995259049616,-0.11342716217041016,164981644.48445773,166350216.77688044,7382372535.0
train_tune_10d47_01480_1480,CNN,0.001018124106334,0.3678812399607358,0.3937902796350602,2.8213021755218506,11.610252380371094,-3.959632396697998,2.6558293029665947e-05,-1818.6183636638336,0.05164710432291031,86557.33919170118,88759.43173090307,732936991.0
train_tune_10d47_01481_1481,CNN,0.0005561104464615,0.292079547906322,0.2863767328209354,1.0903167724609375,4.274681568145752,-0.524285614490509,3.558837306627538e-06,-5567.241106653209,0.006577267311513424,975963016.5188651,1003491908.0607513,2516030575.0
train_tune_10d47_01482_1482,CNN,0.0004053841014361,0.2772834888088033,0.2810970204757015,1.1382102966308594,3.834723711013794,-0.566706657409668,5.141735528013669e-06,-15283.848854542912,-0.0070929499343037605,187732824290.81592,187066177717.14282,8003577263.0
train_tune_10d47_01483_1483,CNN,0.0011232334390019,0.2570758749690962,0.2526843779142784,1.3585798740386963,5.469814300537109,-0.8604698181152344,8.77599450177513e-06,-10093.24835346128,0.023129763081669807,9642673703856.441,9891491056399.54,13777061863.0
train_tune_10d47_01484_1484,CNN,0.0002297582942744,0.3452151069724029,0.3448994728651269,2.2130188941955566,6.612558364868164,-2.3210256099700928,1.2360384971543681e-05,-2509.077320074279,-0.045348674058914185,8763598.608567119,8816777.337523239,6105035783.0
train_tune_10d47_01485_1485,CNN,0.0078701715026915,0.3040082049964838,0.3253349297068776,1.9587833881378174,5.389503002166748,-1.895824670791626,3.104043935309164e-05,-1775.457646737378,-0.03909551352262497,3525.1916359063894,3525.1916359063894,7735103.0
train_tune_10d47_01486_1486,CNN,0.0008540334781123,0.3153693980835985,0.2656856519085865,1.4031871557235718,5.679348945617676,-0.924496591091156,5.728174073738046e-06,-3653.509388119246,0.01583169214427471,889609173.3023295,914871268.8304522,4519293063.0
train_tune_10d47_01487_1487,CNN,0.0010219163917055,0.3558913003492651,0.359801903603395,3.162224292755127,13.070324897766113,-4.978697776794434,3.2174364605452865e-05,-2488.104692636679,-0.06841899454593658,8763034.439373348,8701426.36737107,9749564775.0
train_tune_10d47_01488_1488,CNN,0.000649981376938,0.3031456074572115,0.2930366654240643,1.4774844646453857,5.357644557952881,-1.0016758441925049,1.0032212230726145e-05,-8320.61922101003,0.00609408225864172,14269943439523.664,14240834756518.848,20537879543.0
train_tune_10d47_01489_1489,CNN,0.0007771650618589,0.2841637276501433,0.2766595237294548,2.138472557067871,8.104125022888184,-2.165006399154663,1.4167209883453324e-05,-13663.702333220768,0.04647655785083771,5788922750619.943,5666278022508.704,15664240503.0
train_tune_10d47_01490_1490,CNN,0.0005613292904414,0.3596494926429255,0.4063097171988207,2.4145402908325195,8.070651054382324,-2.8271825313568115,2.1098174329381436e-05,-1955.0590453730942,-0.025201108306646347,180361.824159867,180320.9579806757,2906904591.0
train_tune_10d47_01491_1491,CNN,0.0003839674395611,0.3610859882896561,0.4424391619097704,2.7019612789154053,10.820783615112305,-3.5628914833068848,2.7406731533119455e-05,-1732.8523983200525,-0.012976170517504215,110982.43271840115,110943.93764170352,3250147711.0
train_tune_10d47_01492_1492,CNN,0.0028107446824672,0.2740402878772986,0.2955057075908242,3.1153762340545654,8.536773681640625,-5.196155548095703,6.685701373498887e-05,-1897.1217154039743,-0.041405610740184784,4570.901946406109,4570.901946406109,4599311.0
train_tune_10d47_01493_1493,CNN,0.0089402062675937,0.3454537303446708,0.3844919127116381,2.8341944217681885,8.998628616333008,-3.9921650886535645,2.3401997168548405e-05,-1954.0561953007784,0.03368274122476578,136380.06827047118,134556.86553474428,1378036607.0
train_tune_10d47_01494_1494,CNN,0.000785691731864,0.3640963939309973,0.4046642106974564,2.143256664276123,6.801724910736084,-2.2516849040985107,1.960929512279108e-05,-2081.330670762751,0.11700712889432907,148294.5708758749,149343.05626266505,1856708895.0
train_tune_10d47_01495_1495,CNN,0.0153503736723759,0.2922015673561377,0.3184305953420145,2.4906113147735596,10.10175609588623,-3.0672450065612793,2.1349995222408324e-05,-3461.963752484975,0.027842503041028976,473236215.27286965,463775096.6776678,12419280751.0
train_tune_10d47_01496_1496,CNN,0.0005776036030766,0.3160054111976202,0.3193446846693472,1.8013793230056763,2.419255495071411,-1.0395021438598633,9.001199032354634e-06,-3829.9413281690104,-0.021380364894866943,64000244.88544789,62723547.73454994,7495308327.0
train_tune_10d47_01497_1497,CNN,0.0062206758958034,0.3482634101009916,0.3812880036282416,2.2772042751312256,9.096290588378906,-2.5335021018981934,2.7899750421056524e-05,-2015.0193293589004,0.032916173338890076,356321.74257044424,359746.5858143327,7529643487.0
train_tune_10d47_01498_1498,CNN,0.0006861088504392,0.3399398522052514,0.3342594594437295,1.1470699310302734,4.472329139709473,-0.6091997623443604,9.402078831044491e-06,-12627.063882362716,-0.009545518085360527,3431544811825.5264,3495950441090.471,15525622455.0
train_tune_10d47_01499_1499,CNN,0.0004614573261844,0.2591784821951006,0.2740472714050004,0.9113842248916626,2.9010698795318604,-0.26965096592903137,2.3352499738393817e-06,-14120.001611358466,-0.019252721220254898,10924272092098.238,11230116488215.742,26457131047.0
train_tune_10d47_01500_1500,CNN,0.0003959394212685,0.2122884020319523,0.1884378181516587,1.3136839866638184,5.506990432739258,-0.8047753572463989,1.5044457541080192e-05,-14036.635171715356,0.032619815319776535,14367331013961.133,14049486447740.926,22798161303.0
train_tune_10d47_01501_1501,CNN,0.0006067805903317,0.3291692629865839,0.3402172709346972,1.3048876523971558,3.6779708862304688,-0.7106590270996094,1.706042530713603e-05,-4691.457730123653,-0.038854844868183136,6268437830.215778,6131948013.885963,11950440879.0
train_tune_10d47_01502_1502,CNN,0.0023244839148475,0.3089756916321493,0.2955554415910763,2.8896098136901855,8.16319465637207,-4.327895641326904,1.510575384600088e-05,-4968.559657191882,-0.029894063249230385,340141474.1821974,340844698.6866778,13584885423.0
train_tune_10d47_01503_1503,CNN,0.0042181728774464,0.3484591912892873,0.3856074571695168,2.0764694213867188,6.147167682647705,-2.0258069038391113,1.3055805538897403e-05,-2373.5835461488596,-0.03170440346002579,54304056.222006105,53164278.735353455,1503037447.0
train_tune_10d47_01504_1504,CNN,0.0016926077127195,0.3396394055339252,0.3358394996606783,1.8159313201904297,3.759324073791504,-1.573340654373169,1.1415916560508776e-05,-5605.296079108149,0.07680049538612366,307219711.0151819,313016948.5433416,9511761743.0
train_tune_10d47_01505_1505,CNN,0.00576169860546,0.3519946463862949,0.3855717378884096,2.160820484161377,7.362756252288818,-2.2575674057006836,1.4523297068080865e-05,-2607.6894923812347,0.01915237307548523,4522775.625006041,4539456.004160519,2853299567.0
train_tune_10d47_01506_1506,CNN,0.0013328534121841,0.3084055306607339,0.292610072826126,1.8826961517333984,6.394135475158691,-1.684785008430481,1.0696708159230184e-05,-5645.605412351344,0.049276456236839294,427689812296.9342,427930194746.2306,6760849175.0
train_tune_10d47_01507_1507,CNN,0.000399755704847,0.3128690151494473,0.3180977963982298,1.3878390789031982,2.7691423892974854,-0.6520676016807556,9.758914529811591e-06,-4764.445617037117,0.06748704612255096,1564041075.4664803,1519564730.3425696,7216984039.0
train_tune_10d47_01508_1508,CNN,0.0006985109591663,0.3417790941379361,0.3746971106212503,3.310190200805664,14.028752326965332,-5.428706169128418,3.661795926745981e-05,-2394.5705841866247,-0.06411044299602509,68202.31111235387,68103.41660632835,252892055.0
train_tune_10d47_01509_1509,CNN,0.0004254237676138,0.2839776640172478,0.26371600905775,3.0862784385681152,11.288679122924805,-4.70703649520874,3.056721470784396e-05,-4204.74352529409,-0.010826310142874718,287943620772.3835,308629568005.86816,12539987559.0
train_tune_10d47_01510_1510,CNN,0.000439632906523,0.3238800036913714,0.3563919729512215,2.9697327613830566,11.737879753112793,-4.332715034484863,2.557667176006362e-05,-2437.905334978933,0.02523849904537201,7028070.664591381,7070485.448178088,11403545263.0
train_tune_10d47_01511_1511,CNN,0.0022244214945902,0.3178830755673822,0.3115455380952424,2.2397799491882324,7.4379072189331055,-2.424135446548462,1.1605618055909872e-05,-2590.493452306381,-0.046452999114990234,1658062.8457877636,1586383.0330855863,506724263.0
train_tune_10d47_01512_1512,CNN,0.0012913389448121,0.2715818924199281,0.2484151459805287,0.8337476849555969,3.0102286338806152,-0.2875903248786926,2.328073378521367e-06,-4701.024951450256,0.008080726489424706,8557255.793916881,8590467.666342009,1132781679.0
train_tune_10d47_01513_1513,CNN,0.0014679972409973,0.3410484384434014,0.3418288659859141,1.8869245052337646,5.955352783203125,-1.653591275215149,1.2960262210981455e-05,-5549.098817663287,-0.025253796949982643,4866373307.975266,4856954455.062536,19230728631.0
train_tune_10d47_01514_1514,CNN,0.0036708369796508,0.3308581888625902,0.3442482896843463,1.508589744567871,5.729123592376709,-1.0799286365509033,1.1609556167968549e-05,-1781.2632928610344,0.007531381212174892,5083.13100902778,5083.13100902778,34716703.0
train_tune_10d47_01515_1515,CNN,0.0053424465317955,0.3429527689650298,0.3438850100030298,2.5336873531341553,10.512003898620605,-3.1910150051116943,2.199406299041584e-05,-4020.492416898278,0.028200313448905945,27762466.557249792,27562070.579348236,21357385479.0
train_tune_10d47_01516_1516,CNN,0.0005413531634411,0.2710556569132663,0.2859888665979948,0.7693867683410645,2.893866539001465,-0.231074258685112,2.4308999400091125e-06,-3442.745658538357,0.02890750579535961,39307498.25217246,37029932.144332886,3947188079.0
train_tune_10d47_01517_1517,CNN,0.0004050993911356,0.3241199545650658,0.341230683892108,2.5701327323913574,8.716389656066895,-3.180469274520874,1.8226470274385065e-05,-2645.1196316884398,-0.018326878547668457,211127044.89402705,209674294.21989033,13309887695.0
train_tune_10d47_01518_1518,CNN,0.0089573898764331,0.3127925520871967,0.3648841228663594,1.4150691032409668,5.7356648445129395,-0.9175903797149658,1.604993849468883e-05,-1843.0423992314534,-0.09059780836105347,3335.6642457329544,3335.6642457329544,21979487.0
train_tune_10d47_01519_1519,CNN,0.0052490446320862,0.2849781365919832,0.2951335537864326,4.5535688400268555,10.131321907043457,-13.138697624206543,0.00010631776240188628,-2049.990009529663,0.11318501085042953,6754.151074299598,6754.151074299598,3144991.0
train_tune_10d47_01520_1520,CNN,0.0005123232027519,0.3162410414259119,0.2895059487889002,2.3077707290649414,2.6264050006866455,-1.4251782894134521,1.598059134266805e-05,-6467.553609078901,0.059682704508304596,1981885281.326457,1986396380.8256633,7397993863.0
train_tune_10d47_01521_1521,CNN,0.0006042270361812,0.3706557048010028,0.4001339273825299,2.638056755065918,7.34101676940918,-3.5741994380950928,1.589579915162176e-05,-2218.4612739511276,0.04218452423810959,180626.86995683663,179854.9043929714,1725620415.0
train_tune_10d47_01522_1522,CNN,0.0027339637758147,0.3157384000726485,0.3452911846607345,2.3184280395507812,8.613701820373535,-2.573699474334717,1.2547548067232128e-05,-3002.244126197265,-0.028021909296512604,373112257.403195,370590057.97745717,11466163919.0
train_tune_10d47_01523_1523,CNN,0.0005123232027519,0.3029310573147358,0.3060064106748548,1.267608880996704,3.1174981594085693,-0.6389254331588745,3.9159176594694145e-06,-40362.15839935853,-0.014789730310440063,2131409080536.815,2196496999471.942,8725973511.0
train_tune_10d47_01524_1524,CNN,0.0029883637348381,0.373507293826321,0.4241824448580313,3.0339317321777344,10.94495677947998,-4.502684593200684,3.311237378511578e-05,-1874.9292712869649,0.06341524422168732,60524.49227361845,60369.64627775489,566111695.0
train_tune_10d47_01525_1525,CNN,0.0021578539144682,0.313895061998397,0.3469915657729107,1.4046647548675537,5.981564998626709,-0.9310764074325562,1.0924870366579853e-05,-1638.2733265607712,0.03609165549278259,4168.161486019719,4168.161486019719,36963151.0
train_tune_10d47_01526_1526,CNN,0.0062563082293176,0.2726024777496483,0.3168408243072387,1.8375558853149414,5.366689682006836,-1.6538418531417847,4.7257079131668434e-05,-1854.870486267492,-0.09512742608785629,2480.5423366550685,2480.5423366550685,4828927.0
train_tune_10d47_01527_1527,CNN,0.0006066431074745,0.3082340476055718,0.3243211348002959,1.4605852365493774,3.5714402198791504,-0.8580847978591919,1.8521168385632336e-05,-3316.7392276150313,0.08927587419748306,51340389.34351805,50238335.03710141,9413920519.0
train_tune_10d47_01528_1528,CNN,0.0003959394212685,0.342032246744438,0.3283520265380324,1.8086802959442139,7.576455593109131,-1.631123661994934,1.4795688002777752e-05,-5049.220147306448,0.04635336250066757,37620396108.38748,37595395308.40518,33905743071.0
train_tune_10d47_01529_1529,CNN,0.0048400423790129,0.3088685342774297,0.3645318570096018,1.7430793046951294,7.214155673980713,-1.4602711200714111,1.6781050362624228e-05,-1768.6173718569516,0.0012858668342232704,3976.2778279147033,3976.2778279147033,22659815.0
train_tune_10d47_01530_1530,CNN,0.0019460161290806,0.326585726441755,0.3394072370055551,1.013230323791504,3.510854721069336,-0.4453389346599579,6.414467861759476e-06,-4231.740739379464,-0.0025133658200502396,46941589664.75896,47076901320.699554,10558924527.0
train_tune_10d47_01531_1531,CNN,0.0006065743894061,0.3557791824550924,0.3603300206117933,1.872431993484497,7.653463840484619,-1.6984163522720337,1.165290450444445e-05,-2947.6286001114977,-0.015627983957529068,582219741.8932931,581068818.860056,21791478911.0
train_tune_10d47_01532_1532,CNN,0.0004049745602344,0.2433118941215087,0.2412338889865998,1.0581777095794678,4.334474563598633,-0.5035836696624756,5.125826646690257e-06,-8199.019741434206,-0.007163633592426777,268922293683.14346,271159476773.06647,14357122495.0
train_tune_10d47_01533_1533,CNN,0.0005123232027519,0.3200115319100919,0.3176773379534985,0.8811315298080444,2.0617077350616455,-0.20322388410568237,2.780472186714178e-06,-7662.134367474581,-0.011005617678165436,418393601934.75665,431791611037.6078,6257224735.0
train_tune_10d47_01534_1534,CNN,0.0003964350213634,0.3275661989736151,0.3292073971542905,0.6641519069671631,2.0463790893554688,-0.14251433312892914,2.34884078054165e-06,-9921.121321529381,-0.009754603728652,7373832596706.45,7282993330159.689,23007391887.0
train_tune_10d47_01535_1535,CNN,0.0013169830639027,0.3202093324539865,0.2911786227964653,1.9156248569488525,7.1373186111450195,-1.7395946979522705,1.1039484888897277e-05,-4925.899773051702,-0.028979407623410225,358679503.288577,359889271.9608116,17130372143.0
train_tune_10d47_01536_1536,CNN,0.0053163726863221,0.3291133997554084,0.3531709250410311,1.1999717950820923,4.93206787109375,-0.647010087966919,1.177581725642085e-05,-1818.3552218364493,-0.03936636820435524,3946.3154273433893,3946.3154273433893,50280223.0
train_tune_10d47_01537_1537,CNN,0.0010152048569781,0.3053322797149625,0.3273428757153951,1.9680054187774658,5.104348182678223,-1.9843435287475586,1.725154470477719e-05,-1850.385252786747,0.09962664544582367,3164.719557721481,3164.719557721481,5783815.0
train_tune_10d47_01538_1538,CNN,0.001446376487463,0.3096487207160245,0.3210135010152942,1.492586612701416,4.536004066467285,-0.9774932265281677,7.4476274676271714e-06,-9241.66142736065,0.0386899933218956,246835841630.69626,251666515512.3837,8639613671.0
train_tune_10d47_01539_1539,CNN,0.0005133714939477,0.3059484393610245,0.3266625451567017,0.9569531679153442,2.718557834625244,-0.3396992087364197,8.107568646664731e-06,-3192.7611839978244,0.0071032969281077385,524169.1406216051,509517.042305455,171069743.0
train_tune_10d47_01540_1540,CNN,0.0066001676854038,0.3296674741873229,0.3446136912049621,2.1175734996795654,8.975348472595215,-2.2298154830932617,1.3862559171684552e-05,-3227.1668905066017,0.027748191729187965,370005948.1942104,371259813.6826807,11786436111.0
train_tune_10d47_01541_1541,CNN,0.0001763173712682,0.3597879430330976,0.3893477610260887,2.688202142715454,10.0824556350708,-3.527559757232666,3.4016553399851546e-05,-2549.2265077232055,0.03921474888920784,225471.29123884966,225074.02154476938,3337825487.0
train_tune_10d47_01542_1542,CNN,0.0012101423649893,0.3094945708701676,0.3049567495729655,1.7390415668487549,6.1988630294799805,-1.4397927522659302,1.6197544027818367e-05,-3368.5272362924215,-0.046167436987161636,5562642744.703434,5689389439.6518955,7977806911.0
train_tune_10d47_01543_1543,CNN,0.0004616145518492,0.317401213484724,0.3153401666577225,0.892576277256012,2.698448657989502,-0.29790180921554565,2.8351455512165558e-06,-22518.5901089539,0.007749204523861408,9491605613875.594,9561241806855.953,19869899095.0
train_tune_10d47_01544_1544,CNN,0.000783066223414,0.3019287856479416,0.3070546228368889,1.691877841949463,6.045737266540527,-1.3028391599655151,8.946200978243724e-06,-9323.508020571602,-0.01497045811265707,181724113062.7552,182701104642.83612,9683249087.0
train_tune_10d47_01545_1545,CNN,0.0004140863296053,0.3304602556504715,0.339052863613347,1.2774441242218018,5.0751423835754395,-0.7846997976303101,5.809121830679942e-06,-2928.266155090748,0.04417727142572403,140438454.6062647,141087703.08659774,5858983335.0
train_tune_10d47_01546_1546,CNN,0.0051221498843047,0.3190348834575593,0.3527004581982317,1.8972673416137695,7.1173248291015625,-1.7142287492752075,2.0161889551673084e-05,-1786.419840768056,-0.03556646406650543,5630.194351830662,5630.194351830662,26661303.0
train_tune_10d47_01547_1547,CNN,0.000731003280573,0.3336180822659711,0.3291786543038569,1.9545977115631104,5.248198509216309,-1.7996678352355957,1.0356759958085604e-05,-2981.3594312809746,0.02345065400004387,3015260.585661955,2966865.010750887,1588056351.0
train_tune_10d47_01548_1548,CNN,0.0003959394212685,0.3279867300718448,0.3339846570319252,0.5542312264442444,0.8234655857086182,-0.01464861910790205,2.8306276362854987e-06,-8839.296795478935,-0.00807324517518282,29855824013.30194,30436326169.547108,13404045895.0
train_tune_10d47_01549_1549,CNN,0.0013292572515209,0.3511887516403972,0.3633304645590137,1.1040284633636475,4.001185894012451,-0.5565304756164551,4.678045115724672e-06,-3157.286931821154,0.013076448813080788,5960436.684123457,5881555.191443922,2709972719.0
train_tune_10d47_01550_1550,CNN,0.0030930497462833,0.3119284459458102,0.3287350809983348,1.9461615085601807,5.508755207061768,-1.8859992027282715,1.1907507541764062e-05,-1718.91462450507,-0.00957544520497322,3703.7650334222167,3703.7650334222167,9113647.0
train_tune_10d47_01551_1551,CNN,0.0006403838237013,0.35888972286965,0.3611454976642894,2.544423818588257,11.107402801513672,-3.223212957382202,2.0549727196339518e-05,-2019.494449650025,-0.03947673738002777,131963.5425417397,130186.14571018814,2385057743.0
train_tune_10d47_01552_1552,CNN,0.0004759986818498,0.3147029725494989,0.3282918066835905,1.5452321767807007,6.596983432769775,-1.167738914489746,9.961571777239442e-06,-16250.697108276237,-0.018503734841942787,36764775823235.875,36945964210048.625,30106600775.0
train_tune_10d47_01553_1553,CNN,0.0011582160050019,0.1323730324104426,0.1222141699504875,5.6660332679748535,7.058177471160889,-21.84575843811035,0.00016160155064426363,-2852.8818590883875,0.1869601309299469,2664.5913085866973,2664.5913085866973,287487.0
train_tune_10d47_01554_1554,CNN,0.002039268989686,0.3079072163494563,0.3273229231102135,2.623631000518799,8.044744491577148,-3.6789674758911133,5.545671228901483e-05,-1706.1294197595273,0.1628400832414627,5273.03656159698,5273.03656159698,8785487.0
train_tune_10d47_01555_1555,CNN,0.0206781808988749,0.3202887151106774,0.331671029926702,1.9514555931091309,6.687168121337891,-1.840800166130066,1.991980207094457e-05,-1781.9894415253468,0.023292675614356995,4503.4136719814305,4503.4136719814305,15788047.0
train_tune_10d47_01556_1556,CNN,0.0014450339670176,0.3489940858436496,0.3494118438231783,0.926640510559082,3.2418007850646973,-0.3639441430568695,4.1762591536098626e-06,-40860.653874987365,-0.017096614465117455,11935741896050.176,12077994822494.066,20135477639.0
train_tune_10d47_01557_1557,CNN,0.0100726622294603,0.3603797017490759,0.3761722401291844,2.3837618827819824,6.46524715423584,-2.8064169883728027,1.1061591976613272e-05,-2244.3637181453464,-0.041173048317432404,3425549.193596772,3372217.433118101,3033813103.0
train_tune_10d47_01558_1558,CNN,0.0110366834901871,0.2657819090778932,0.2912634665051218,2.896782875061035,8.700465202331543,-4.351217746734619,7.760480366414413e-05,-1764.8125569804024,0.12888777256011963,3939.311312756443,3939.311312756443,4509151.0
train_tune_10d47_01559_1559,CNN,0.0004469093653154,0.370074816499001,0.3929798551468946,2.104757785797119,6.487928867340088,-2.1502819061279297,1.6612444596830755e-05,-1875.6958537157216,0.015086151659488678,62239.0900765597,62710.24252614325,742632647.0
train_tune_10d47_01560_1560,CNN,0.0024616012969422,0.3116373057075443,0.3204480844162591,1.4843745231628418,6.070915222167969,-1.0339434146881104,8.46466082293773e-06,-6410.2872029470955,0.005234061274677515,14679281158.926235,15162599143.786167,21989369023.0
train_tune_10d47_01561_1561,CNN,0.0020427126116459,0.3299038144526598,0.3525152562078594,1.4388368129730225,5.095660209655762,-0.9510315656661987,1.0659054169082083e-05,-1907.8935983059746,0.01975420117378235,3515.2664335257896,3515.2664335257896,19989583.0
train_tune_10d47_01562_1562,CNN,0.0291115824331158,0.3464406674700007,0.3911550038304485,4.856832981109619,20.05173683166504,-11.823932647705078,7.227400783449411e-05,-2399.7821192007136,0.1038631796836853,342115.7874204806,341059.1671553999,3853853327.0
train_tune_10d47_01563_1563,CNN,0.0047669795761547,0.3224629969950278,0.3573885917850706,3.3151731491088867,9.045707702636719,-5.902482986450195,5.698377935914323e-05,-2292.2203421723434,0.20057375729084015,73999.64773854477,72347.8121023564,188209327.0
train_tune_10d47_01564_1564,CNN,0.0279723203646018,0.2843252004335025,0.266140593169212,2.286994218826294,8.37552261352539,-2.5172290802001953,1.6248426618403755e-05,-7275.992865875297,0.01374473050236702,145675869761.60132,148300421955.11115,7554775751.0
train_tune_10d47_01565_1565,CNN,0.0014894220686604,0.298008568117136,0.3075270336255943,1.9024410247802734,6.0880818367004395,-1.727791666984558,3.1931904231896624e-05,-2705.984725425886,0.11412942409515381,109054429.53233978,108957183.45188709,6138103783.0
train_tune_10d47_01566_1566,CNN,0.0026105015606595,0.3220079249223168,0.3627148658963245,1.588531732559204,6.1908369064331055,-1.173337459564209,1.1254528544668574e-05,-1760.3523610439797,0.04685527831315994,4859.717891141995,4859.717891141995,29045991.0
train_tune_10d47_01567_1567,CNN,0.0094164725306245,0.3365460330484299,0.3624558353734382,1.5089197158813477,5.787538528442383,-1.0708978176116943,2.095819218084216e-05,-3701.7653586230394,-0.05600818991661072,441190772.1095402,441973221.3614891,21860164607.0
train_tune_10d47_01568_1568,CNN,0.0006610925366987,0.3290124849062724,0.3682540269420922,1.5365560054779053,6.129855632781982,-1.1360541582107544,1.0411778930574656e-05,-3390.673274933113,0.1012086495757103,6771165.963138001,6839817.68313655,4817357815.0
train_tune_10d47_01569_1569,CNN,0.0038275235555355,0.3509254084127236,0.3817991405195329,2.8766016960144043,9.686909675598145,-4.024880886077881,2.276427585456986e-05,-3233.6934329416135,-0.05665047839283943,8820131.872694274,8971670.052580733,2909125767.0
train_tune_10d47_01570_1570,CNN,0.0014580412700981,0.3329270863802249,0.3566379591244204,1.786637544631958,7.511536121368408,-1.548262119293213,2.0397130356286652e-05,-1647.676692782153,0.041936662048101425,7074.340778905467,7074.340778905467,56505631.0
train_tune_10d47_01571_1571,CNN,0.0004469093653154,0.3133175543601557,0.3222006838041781,1.385420799255371,5.794302940368652,-0.9201170802116394,6.951074738026364e-06,-45852.20890574048,-0.029657412320375443,183324585854109.88,184501081475361.5,55065017839.0
train_tune_10d47_01572_1572,CNN,0.0009541882095671,0.2861490537734834,0.3583581939239753,3.2661375999450684,11.787627220153809,-5.17802619934082,5.8897734561469406e-05,-3639.6850013213293,-0.06582862883806229,468556.46374390495,523913.16193898756,115801615.0
train_tune_10d47_01573_1573,CNN,0.0003959394212685,0.3280851807659407,0.3035224826143314,1.596301555633545,3.48335599899292,-1.0275808572769165,1.2516262358985841e-05,-27877.967460787608,0.1260359287261963,9614498114476.648,9744699442071.34,18548046703.0
train_tune_10d47_01574_1574,CNN,0.0015355131951003,0.3533063154836581,0.3805812980309245,2.490093469619751,8.511966705322266,-2.9554615020751953,1.5882647858234122e-05,-3140.3635634715934,-0.03624618425965309,63598246.72579168,62505523.01212184,2462361279.0
train_tune_10d47_01575_1575,CNN,0.0007879354490543,0.3723953065373428,0.3907309293624773,3.962834358215332,13.28630256652832,-7.702508926391602,0.00012321691610850394,-1970.89112412201,-0.13686491549015045,1939903.672056798,1911036.7149831816,2116804927.0
train_tune_10d47_01576_1576,CNN,0.0047999635767645,0.2829850729774712,0.266850780502508,2.5453150272369385,9.343875885009766,-3.188229560852051,4.025056477985345e-05,-6317.5087126078015,0.06764079630374908,494099637927.7064,503329814592.0674,25457470439.0
train_tune_10d47_01577_1577,CNN,0.0008337579609937,0.3214943974000956,0.3412743853121161,1.9817825555801392,6.1842780113220215,-1.957584261894226,3.671799277071841e-05,-1842.6291133448844,0.1525009125471115,5104.091738728384,5104.091738728384,15151135.0
train_tune_10d47_01578_1578,CNN,0.0004687288293863,0.278576351001892,0.287321738756608,1.4576002359390259,4.061177730560303,-0.889523983001709,6.214960194483865e-06,-4982.614817860965,-0.014829462394118309,4379780768.559903,4418051922.587184,15081807599.0
train_tune_10d47_01579_1579,CNN,0.0005123232027519,0.3268629387149701,0.3143964310530175,1.2499651908874512,4.324086666107178,-0.6847144365310669,4.642164185497677e-06,-11152.554789429892,0.015602555125951767,9129933559196.389,8730948222148.988,26146626975.0
train_tune_10d47_01580_1580,CNN,0.0005558582707688,0.3305179566045763,0.3283925809542232,2.438474416732788,8.395066261291504,-2.856914758682251,1.909915590658784e-05,-2777.1450334088713,-0.03608488291501999,199577141.59562296,198600941.71024287,11818144111.0
train_tune_10d47_01581_1581,CNN,0.0107092261188075,0.3419922121378955,0.369892604517977,3.6557493209838867,8.547592163085938,-7.468501091003418,0.00010802072938531637,-2130.3229479518227,-0.21407809853553772,65481.50509451325,65485.66777139573,64784463.0
train_tune_10d47_01582_1582,CNN,0.0004686969054286,0.3592038347882697,0.3748211864977908,2.5533809661865234,9.260183334350586,-3.2098729610443115,5.119802517583594e-05,-2145.0810917142353,0.13783781230449677,224839.37656006735,224939.17814762206,2189208799.0
train_tune_10d47_01583_1583,CNN,0.000903069629943,0.2732995441484251,0.2871216925317935,2.5959177017211914,10.064522743225098,-3.31966495513916,1.884389712358825e-05,-5602.665263417474,0.0055251345038414,274734518059.44202,270088639858.1431,18710142943.0
train_tune_10d47_01584_1584,CNN,0.0005123232027519,0.319111226071152,0.3016080498632582,0.3402024805545807,0.7865256071090698,-0.014388308860361576,1.5713576431153342e-06,-5890.18208995774,0.0015041453298181295,9411635896.53544,8860708989.455631,10501079679.0
train_tune_10d47_01585_1585,CNN,0.0024866591230452,0.3503758457382523,0.3530235004742816,0.8832172155380249,1.577885389328003,-0.1450182944536209,1.4597917470382527e-06,-13499.120507623122,-0.015541169792413712,3218255670358.5728,3294472443804.0176,17004025543.0
train_tune_10d47_01586_1586,CNN,0.0012371892052973,0.3641421422433394,0.4249383652284793,3.119565010070801,11.81856632232666,-4.828851699829102,3.7565921957138926e-05,-2163.0578364707903,0.09889409691095352,105760.16519404069,105264.74427479254,318988887.0
train_tune_10d47_01587_1587,CNN,0.0044435624423035,0.3318156445752476,0.2928128206849546,1.1791627407073975,4.437480449676514,-0.6361434459686279,4.578682819555979e-06,-4342.262791176895,0.0005509548354893923,11518477899.96431,11552985707.353338,14645240791.0
train_tune_10d47_01588_1588,CNN,0.002200489259262,0.3391206918120401,0.3821694295031396,2.1245741844177246,4.514127254486084,-2.2879722118377686,2.843311449396424e-05,-2133.1129729924955,0.05175136774778366,2695868.1071692826,2680200.704893632,1264202135.0
train_tune_10d47_01589_1589,CNN,0.0018705245350768,0.3306567277913833,0.3578269206490365,1.9134154319763184,5.1655778884887695,-1.7383278608322144,1.1936427654291037e-05,-4966.841431626309,0.017412537708878517,115264349.21886161,117474021.92534125,4404674791.0
train_tune_10d47_01590_1590,CNN,0.0005922936021322,0.3092124705948916,0.3171677407434334,4.189687252044678,16.672901153564453,-8.669636726379395,4.166053986409679e-05,-2526.526761342016,-0.05938993766903877,2784044.554354977,2779821.149223002,1692403031.0
train_tune_10d47_01591_1591,CNN,0.000440032709098,0.2690442535230272,0.2600862744136729,1.2499040365219116,4.502823829650879,-0.6911394596099854,5.996661911922274e-06,-4522.959609659062,0.03957658261060715,1865443561.4687638,1847348587.2045174,7421194191.0
train_tune_10d47_01592_1592,CNN,0.0004687288293863,0.2743808212153809,0.2356123435336093,1.2192140817642212,3.0057146549224854,-0.5345470905303955,4.074252501595765e-06,-3546.155909429574,-0.002953212708234787,432838.89344815793,436938.3475461945,164122927.0
train_tune_10d47_01593_1593,CNN,0.0007489333599886,0.3061251084915046,0.3232758568696582,1.223909854888916,4.6533894538879395,-0.6734999418258667,9.034285540110432e-06,-7704.32398246977,0.0006621996872127056,23718912815.022537,23646422111.721375,21951291143.0
train_tune_10d47_01594_1594,CNN,0.0014866208719567,0.3492929210581078,0.4003693917593316,4.408206939697266,17.784101486206055,-9.67936897277832,6.396795652108267e-05,-1806.2027276648405,-0.01431037113070488,174750.82788379514,169551.3983679406,2980122879.0
train_tune_10d47_01595_1595,CNN,0.0278051733114357,0.300836538927239,0.2960870323574853,0.8930339813232422,3.019285202026367,-0.3013053834438324,1.010904998111073e-05,-5643.328930807373,-0.02783948928117752,107541385233.40028,105242242626.37912,9606310607.0
train_tune_10d47_01596_1596,CNN,0.0008276427496325,0.2753693828153916,0.273795104423127,2.0218589305877686,5.4747724533081055,-1.9809281826019287,1.6557061826460995e-05,-3249.8366946193587,0.015920251607894897,3022275465.958687,3071002242.2051067,12914014943.0
train_tune_10d47_01597_1597,CNN,0.0007363675119821,0.3555917340772966,0.4054596531372457,2.043125629425049,5.450915813446045,-1.9498196840286255,9.76290539256297e-06,-2253.95853592116,0.014322016388177872,157574.55378962946,157622.03204571278,1488830543.0
train_tune_10d47_01598_1598,CNN,0.0005210717701924,0.3186455982322183,0.2985070934577959,2.6705119609832764,10.860773086547852,-3.5437698364257812,2.3642785890842788e-05,-3022.6030215235946,-0.006388531997799873,208838989.1496868,215150325.48196834,6866606311.0
train_tune_10d47_01599_1599,CNN,1.864897500571125e-05,0.301645924648887,0.3369888236153718,2.0551393032073975,6.955533981323242,-2.056090831756592,1.598885137354955e-05,-1754.411567326356,0.02295203134417534,4014.8832017112427,4014.8832017112427,11865031.0
train_tune_10d47_01600_1600,CNN,0.0004227760805449,0.3175560758081739,0.3330176767519078,2.216468334197998,9.189054489135742,-2.4231224060058594,1.6974774553091265e-05,-2296.151022175168,0.006742173805832863,5730341.7884366885,5783851.59725976,4337714759.0
train_tune_10d47_01601_1601,CNN,9.046732837055418e-05,0.3243268704873059,0.3443616806417833,1.2105929851531982,2.081587314605713,-0.4105091691017151,1.1972146239713766e-05,-8533.197751001815,-0.05416254699230194,81689111735.97577,83667418766.89578,7369755559.0
train_tune_10d47_01602_1602,CNN,0.0023507416248521,0.3297561700970676,0.3477528016472234,1.3311750888824463,3.9269375801086426,-0.723619818687439,8.51630829856731e-06,-5012.262299501557,0.001981576904654503,230608687.50664446,230128735.88151756,6884442727.0
train_tune_10d47_01603_1603,CNN,0.0009455588245058,0.3625121322972575,0.3645167984827117,2.943039894104004,11.864012718200684,-4.236884117126465,5.790450086351484e-05,-2758.4985742607805,-0.1342625916004181,13903907.195845604,13697433.84474523,10241557263.0
train_tune_10d47_01604_1604,CNN,0.0282106304774537,0.2936881064850409,0.285588735911121,0.937056303024292,3.531724214553833,-0.37129366397857666,4.2327260416641366e-06,-14651.129350123096,0.02651340141892433,4307691404223.4736,4408023497569.225,22725221383.0
train_tune_10d47_01605_1605,CNN,0.0008023787166976,0.3321818437920363,0.3613283915787731,1.538074254989624,4.274501800537109,-1.0666415691375732,1.3753005077887792e-05,-2735.9431458527247,-0.0698707103729248,97222329.21483341,97260862.99360466,2605537071.0
train_tune_10d47_01606_1606,CNN,0.0006363621348012,0.3056726879252597,0.3024978688719794,1.7601749897003174,6.958575248718262,-1.49234938621521,9.257699275622144e-06,-6060.2525557630715,-0.00017996784299612045,294970692271.1558,290667198626.0803,9978480359.0
train_tune_10d47_01607_1607,CNN,0.0187206524636705,0.3668641645742249,0.3872997204353977,1.8749895095825195,4.974306583404541,-1.6495414972305298,2.8291233320487663e-05,-2170.1985760004773,-0.07446068525314331,128709.97910346068,128689.23693823584,1210626519.0
train_tune_10d47_01608_1608,CNN,0.0007611190189803,0.3407170784701942,0.3314902199434211,2.4349923133850098,9.92465591430664,-2.917630195617676,3.291825851192698e-05,-3338.25856693295,-0.037856198847293854,33138634.69679451,33669316.79741107,3951659487.0
train_tune_10d47_01609_1609,CNN,0.0014323996836092,0.3307470225795779,0.3008814941281119,4.726722717285156,19.34200668334961,-11.256954193115234,6.958847370697185e-05,-3096.6940776125352,0.0920388400554657,483154161.8315922,487369491.26373893,15530127751.0
train_tune_10d47_01610_1610,CNN,0.0027348711797659,0.3508450333245354,0.3570685802643856,1.875516653060913,7.807315826416016,-1.7258455753326416,1.5229647033265792e-05,-2049.42544618602,0.008673420175909996,121337.94072409232,121347.31215824885,2253468463.0
train_tune_10d47_01611_1611,CNN,0.0049447713001124,0.3167310113635023,0.3161659773221307,3.1451973915100098,9.106999397277832,-5.062400817871094,2.8202979592606425e-05,-2432.9580290443146,0.0758267343044281,1643489.558529353,1592007.2477347604,486625863.0
train_tune_10d47_01612_1612,CNN,0.0068411114430431,0.2880778784320075,0.3123396679055964,2.1667356491088867,5.3863372802734375,-2.3482019901275635,4.1590919863665476e-05,-1986.9205858038856,-0.07426722347736359,2829.251649137926,2829.251649137926,4115487.0
train_tune_10d47_01613_1613,CNN,0.0004761067651108,0.3199173204949592,0.3263755913820985,1.9114043712615967,7.464014530181885,-1.748437523841858,1.3018626304983627e-05,-6520.546892351292,0.0004076072946190834,24295820346.406387,24419662052.50331,31792443663.0
train_tune_10d47_01614_1614,CNN,0.0017183693168852,0.3628636282835204,0.3827191895380302,2.8755345344543457,6.494131088256836,-4.2980780601501465,4.00600147258956e-05,-2425.1140502403996,-0.16176681220531464,4099337.427786288,4105813.474938631,7165104711.0
train_tune_10d47_01615_1615,CNN,0.0004759986818498,0.287453397957069,0.2746833434244338,0.8960250616073608,2.6973776817321777,-0.2910920977592468,5.692898866982432e-06,-16017.531830962407,-0.00564595079049468,1640651189713.2617,1784869266550.509,7849120951.0
train_tune_10d47_01616_1616,CNN,0.0012704240428329,0.3281643329772715,0.3486430949230616,3.4222970008850098,12.48927116394043,-5.80832052230835,2.5145080144284293e-05,-4490.827964197886,-0.02984766662120819,366546467.35788083,365484740.3604525,8195716935.0
train_tune_10d47_01617_1617,CNN,0.0042174728155475,0.3334966609680619,0.3550386032307951,3.6608080863952637,12.660215377807617,-6.680454730987549,3.675109110190533e-05,-2034.122599079802,-0.004472300410270691,61258.39879516808,60104.983669131485,301479079.0
train_tune_10d47_01618_1618,CNN,0.0024985950793103,0.2808633609498221,0.287114978845701,3.8503079414367676,6.437782287597656,-8.83927059173584,0.00013980209769215435,-2259.7330382972077,0.43318668007850647,3088.982388740328,3088.982388740328,1243135.0
train_tune_10d47_01619_1619,CNN,0.0280745967741935,0.3299584692156324,0.3208813192344889,1.3444514274597168,4.861376762390137,-0.8298472166061401,3.121377085335553e-05,-16008.87637520694,-0.06899375468492508,28965065885.684288,29103011056.219337,18905837263.0
train_tune_10d47_01620_1620,CNN,0.0004750928843705,0.2961993786076791,0.2859753505032986,0.9311624765396118,3.4479103088378906,-0.38352203369140625,8.369497663807124e-06,-2387.6761135188312,-0.02250227890908718,553928032.3732016,536204589.08808404,2820946111.0
train_tune_10d47_01621_1621,CNN,0.0238127606011823,0.293896748094296,0.2811842355841572,2.844773769378662,9.82433032989502,-3.9000892639160156,2.9341068511712365e-05,-3682.2157288615867,-0.045251376926898956,48047013.101740465,45754183.35937196,1418041951.0
train_tune_10d47_01622_1622,CNN,0.0004716268101702,0.3498982954962341,0.3737139349337932,2.14850115776062,8.844797134399414,-2.2670536041259766,1.5128940503927879e-05,-1775.4377846282928,-0.024680212140083313,1971986.2829540446,1989650.0920234863,3898160775.0
train_tune_10d47_01623_1623,CNN,0.0018683732422509,0.3296200611605925,0.3658347327781881,1.2693586349487305,4.956995010375977,-0.7346521615982056,1.1300258847768418e-05,-1782.1514236879264,0.01495276391506195,3744.4133097765534,3744.4133097765534,35802607.0
train_tune_10d47_01624_1624,CNN,0.002638010534543,0.3465587730978225,0.3798924406271514,2.477832794189453,9.061339378356934,-3.004958152770996,1.5706289559602737e-05,-2264.0131708063227,-0.046429794281721115,199010.37552888296,197906.3525003876,2608601799.0
train_tune_10d47_01625_1625,CNN,0.0010968934498119,0.3520713528382798,0.3688295993382705,2.5763654708862305,8.345621109008789,-3.2880399227142334,2.4942090021795593e-05,-3661.9643019201962,0.02470037341117859,5510662.469199082,5439417.8203695435,4374794927.0
train_tune_10d47_01626_1626,CNN,0.001075468814217,0.344286840824129,0.3720948909430141,1.1657878160476685,4.264861583709717,-0.638229250907898,5.76325419388013e-06,-2710.4365134022855,-0.021097756922245026,298319099.77396536,299542850.28934115,15697529263.0
train_tune_10d47_01627_1627,CNN,0.0017394054395951,0.3262342136583587,0.3324575326925759,2.7613706588745117,8.90202522277832,-3.9331469535827637,3.389402263564989e-05,-1746.8076408016318,-0.026396971195936203,6813.720058384665,6813.720058384665,13148071.0
train_tune_10d47_01628_1628,CNN,0.0003959394212685,0.3323248104602039,0.3439849583878822,1.2016420364379883,3.2346959114074707,-0.5445756912231445,2.0771814888576046e-05,-10262.32893424597,0.0732385590672493,81009024960.51636,83855134694.34138,4553394775.0
train_tune_10d47_01629_1629,CNN,0.000486016498281,0.30901459584175,0.3198626153138322,0.9273041486740112,2.804116725921631,-0.3430826663970947,3.0709079510415904e-06,-13810.089119316352,-0.005941055715084076,25640479998.291046,25775859666.5933,22461993591.0
train_tune_10d47_01630_1630,CNN,0.0005101049358725,0.2929246115731559,0.3108389400463389,2.768775224685669,6.003145217895508,-4.223807334899902,3.669815123430453e-05,-1910.0492638182395,-0.06724906712770462,3342.3172041966445,3342.3172041966445,3183439.0
train_tune_10d47_01631_1631,CNN,0.0004759986818498,0.2977594677632521,0.284660795805362,2.1893301010131836,8.133814811706543,-2.312371253967285,2.3355951270787045e-05,-3954.943136933085,0.03422239422798157,1150974395.7351365,1144966273.6650364,6030124319.0
train_tune_10d47_01632_1632,CNN,0.000902739995601,0.3255779387293052,0.2997650085851518,0.5467673540115356,1.8466604948043823,-0.09417443722486496,1.5372718280559639e-06,-4742.966816767551,0.007691218517720699,23571889.26146545,23171296.616224766,5513592263.0
train_tune_10d47_01633_1633,CNN,0.0011570978434239,0.3247148584730482,0.3505378206075997,1.5226836204528809,5.713207721710205,-1.0755980014801025,1.6130201402120292e-05,-1702.1338632832842,0.01118672825396061,3964.7188624767327,3964.7188624767327,21740223.0
train_tune_10d47_01634_1634,CNN,0.0004939624665707,0.3219878416750423,0.3126293235981373,1.322974681854248,4.997561454772949,-0.794594407081604,6.939025752217276e-06,-7197.286942492243,-0.04628906399011612,2396095120.587307,2236078425.7615604,10799265783.0
train_tune_10d47_01635_1635,CNN,0.000456213051495,0.2797408000895579,0.2874228027322274,3.0330376625061035,7.261634826660156,-5.136427879333496,3.193176962668076e-05,-1921.1467861954857,0.006244596093893051,3917.386762029144,3917.386762029144,3664831.0
train_tune_10d47_01636_1636,CNN,0.0014270007520812,0.3142648386490961,0.3366887301644796,3.004025459289551,9.783329963684082,-4.472594261169434,1.9733866793103516e-05,-2517.4569536198383,0.0006392030045390129,199484263.63505954,204412713.52217937,5451400607.0
train_tune_10d47_01637_1637,CNN,0.0019095839362368,0.345965131214785,0.3654357828799344,1.98182213306427,7.888429641723633,-1.887166976928711,1.3285170098242816e-05,-3459.883408767534,-0.048510514199733734,15713741.830918321,15506201.00919082,20640453087.0
train_tune_10d47_01638_1638,CNN,0.0004324039092244,0.3181870327080783,0.3752331511161917,1.9274702072143555,7.92036247253418,-1.8037147521972656,2.0329518520156853e-05,-1841.9042800822872,0.03424476459622383,4748.487259198524,4748.487259198524,25773695.0
train_tune_10d47_01639_1639,CNN,0.0047407053889283,0.3526644321383835,0.3620951154592404,2.097153425216675,8.098762512207031,-2.1325933933258057,1.3795744962408207e-05,-2883.9337193172178,-0.02799757942557335,4837549.972344007,4886870.813101297,3426861647.0
train_tune_10d47_01640_1640,CNN,0.0231498359882555,0.3104679227134864,0.3048413169133502,2.6207456588745117,9.57247257232666,-3.3429532051086426,3.4204087569378316e-05,-3290.17825886329,-0.03889724612236023,162612988.48088053,161205114.17159772,6995014031.0
train_tune_10d47_01641_1641,CNN,0.0069163044387807,0.3143022948367753,0.3560442661113736,2.0939443111419678,7.35764217376709,-2.1617178916931152,1.954399522219319e-05,-1724.7047811442435,0.08762561529874802,4894.033284321409,4894.033284321409,16681447.0
train_tune_10d47_01642_1642,CNN,0.0006861088504392,0.3365605078635913,0.3314077665101052,0.7795588970184326,2.6613168716430664,-0.22843772172927856,6.67740278004203e-06,-7484.94673982056,-0.008875652216374874,70581698305.80142,68709160692.73189,16611655447.0
train_tune_10d47_01643_1643,CNN,0.0004589712351525,0.317953542657182,0.2985389334093606,0.7330304384231567,2.7551867961883545,-0.21851763129234314,7.128133347578114e-06,-5263.692645483607,-0.011735592968761921,1097211932.0842109,1069023606.2628924,5624512415.0
train_tune_10d47_01644_1644,CNN,0.0005828174809922,0.3538763110219457,0.3809727869163424,2.940901279449463,10.6259183883667,-4.265097618103027,6.050841329852119e-05,-1978.2660742199505,-0.11836092174053192,253424.04197222664,255214.2165305309,2916970103.0
train_tune_10d47_01645_1645,CNN,0.0004105105358262,0.3222979345233938,0.3576501748099369,0.9449496269226074,2.516348123550415,-0.3013991117477417,1.4104575711826328e-05,-10986.074357316154,0.04033368080854416,306053946185.54553,311136547653.1249,24622301991.0
train_tune_10d47_01646_1646,CNN,0.0028597077875766,0.3441923094704421,0.3908410518851323,1.6614915132522583,3.309628486633301,-1.2078585624694824,2.7027488613384776e-05,-1839.9641249201911,-0.09029967337846756,64135.395311177446,64343.48701752766,305171711.0
train_tune_10d47_01647_1647,CNN,0.0007356739889648,0.3363350238089651,0.3231801704668449,2.710834264755249,4.557135581970215,-3.9348697662353516,1.936798435053788e-05,-2523.9716852247375,0.025423351675271988,55523964.16857238,55967535.75357709,3874653383.0
train_tune_10d47_01648_1648,CNN,0.0026507972671869,0.3269661134337107,0.3304953844497268,1.868982195854187,6.9926981925964355,-1.6765931844711304,9.66477546171518e-06,-6337.7353814231155,-0.009123794734477997,16140262804.24572,16187834341.85271,12680285911.0
train_tune_10d47_01649_1649,CNN,0.0113021238439496,0.3506862951358355,0.416521639552954,1.8506646156311035,6.6287407875061035,-1.5840144157409668,1.1796837497968227e-05,-1794.3865786670763,-0.016154127195477486,101418.70488164011,101467.01077037003,1754032567.0
train_tune_10d47_01650_1650,CNN,0.0016032289052855,0.3289217267718481,0.3665020621226832,3.483462333679199,12.645185470581055,-5.836215972900391,5.376834815251641e-05,-1895.941201027186,-0.12955857813358307,101523.57248148747,101875.43612231195,624767839.0
train_tune_10d47_01651_1651,CNN,0.0005822223204875,0.3227733628976238,0.3492926568479522,1.7122011184692383,4.732367992401123,-1.3324788808822632,8.051982149481773e-06,-9684.508261593639,0.011391378939151764,26739817509.223373,26647847609.293564,28823044199.0
train_tune_10d47_01652_1652,CNN,0.0028495205960018,0.3140782835797503,0.3463091562108503,1.6746628284454346,6.858930587768555,-1.3305078744888306,1.3072110959910788e-05,-1883.3815244514112,0.010486637242138386,5620.865746675461,5620.865746675461,42559223.0
train_tune_10d47_01653_1653,CNN,0.0011386706347877,0.339800095563369,0.3417892846662127,1.8374027013778687,6.4109601974487305,-1.6218717098236084,1.973045800696127e-05,-6240.41322248786,0.06448321044445038,1826774884.5185297,1861464896.6684058,11423529175.0
train_tune_10d47_01654_1654,CNN,0.0055259112245574,0.3287294048656251,0.3823137455437526,1.7939105033874512,2.785815477371216,-1.141811728477478,9.050650987774134e-06,-1917.3353015846956,0.03920317813754082,33772.28362789408,33876.38501178594,112638039.0
train_tune_10d47_01655_1655,CNN,0.000525314532076,0.3106544696902503,0.3199760168557373,2.1168036460876465,7.853325843811035,-2.133331060409546,2.0970004698028788e-05,-7458.967335117878,-0.029679814353585243,14907034640.039598,15208085905.433989,11875510039.0
train_tune_10d47_01656_1656,CNN,0.0006303715078258,0.3275139063516427,0.3201363981140139,1.1993417739868164,3.9672906398773193,-0.613713264465332,4.646869001589948e-06,-2900.095406137906,-0.02859456092119217,2611708596.4716926,2678958688.6310844,4666684319.0
train_tune_10d47_01657_1657,CNN,0.000531104436028,0.2942342204811086,0.2923637502698754,1.1727403402328491,4.015527725219727,-0.5910770297050476,6.904534984641941e-06,-15738.757229571858,-0.020120441913604736,7610317164256.695,7604006907003.143,13255467599.0
train_tune_10d47_01658_1658,CNN,0.0037836400597455,0.3563951810297802,0.3998679633297778,1.8895111083984375,3.523378849029541,-1.556423306465149,1.606777914275881e-05,-1919.5127617331266,0.059573061764240265,51552.54661594584,51322.88033319167,254164191.0
train_tune_10d47_01659_1659,CNN,0.0008888062377147,0.2692947560773231,0.310970350436084,2.519253730773926,8.771088600158691,-3.0875630378723145,2.3416898329742253e-05,-3015.33840396544,0.03623697906732559,169921789.2485613,173052898.39342317,5330932871.0
train_tune_10d47_01660_1660,CNN,0.0066576362087995,0.2653717967716468,0.2588438370541455,1.7862591743469238,6.08914852142334,-1.4640965461730957,3.056709829252213e-05,-3969.3487940848354,-0.08208456635475159,2639005443.1474915,2660432911.145746,6636022447.0
train_tune_10d47_01661_1661,CNN,0.0006861088504392,0.3115898430329876,0.3083457358975467,2.9958600997924805,10.860419273376465,-4.417047500610352,3.71807545889169e-05,-3626.6800764765794,0.07076985388994217,92485178.23304942,94459756.71099596,4427485199.0
train_tune_10d47_01662_1662,CNN,0.001949615256307,0.3146042304726558,0.3325249874450957,1.5816007852554321,5.261575698852539,-1.1771035194396973,1.0755718903965317e-05,-1839.4900113410126,-0.016174830496311188,3989.628902091443,3989.628902091443,20042527.0
train_tune_10d47_01663_1663,CNN,0.0027657288102919,0.354980596552492,0.3820065999246194,2.40077805519104,3.8183374404907227,-2.6415488719940186,8.839477959554642e-05,-2065.1455086063056,-0.14600658416748047,43303.35095306748,43250.15318697112,156361191.0
train_tune_10d47_01664_1664,CNN,0.0021616126437671,0.3070207830773212,0.2805111756937523,0.967842698097229,3.6695897579193115,-0.4045878052711487,4.19973230236792e-06,-10786.680409410286,-0.007674986030906439,1876895308315.9368,1859546737780.5764,9912806327.0
train_tune_10d47_01665_1665,CNN,0.0016999032054492,0.235071943898916,0.2296669812197944,0.9680976867675781,3.2346277236938477,-0.3683146834373474,3.958130491810152e-06,-11894.545637404979,0.023582961410284042,56110826978.67702,55615218875.82909,11086808415.0
train_tune_10d47_01666_1666,CNN,0.0014976403250685,0.3528941734666664,0.3534526453458786,1.4391065835952759,2.097529888153076,-0.5273655652999878,7.345297035499243e-06,-13240.571681757776,0.0002141352742910385,2917928046239.214,2843634638251.8535,7396363671.0
train_tune_10d47_01667_1667,CNN,0.0014313269038909,0.3112878309294709,0.3165363532790443,1.2086982727050781,3.241685390472412,-0.5790195465087891,1.0723599189077504e-05,-4695.04635157847,-0.02010183408856392,1156062990.5589302,1156065678.6980913,6958786927.0
train_tune_10d47_01668_1668,CNN,0.0005470979061538,0.2797875749028322,0.2641989954420284,1.5220696926116943,4.718216419219971,-1.0565252304077148,1.1068348612752743e-05,-15527.636885212707,-0.07565224170684814,2452137291709.6836,2396884975029.577,12669862087.0
train_tune_10d47_01669_1669,CNN,0.0083119550850098,0.2941117078965153,0.3297773156071586,2.2936501502990723,7.615856170654297,-2.6097359657287598,2.624774060677737e-05,-1759.0795272785845,-0.041232045739889145,4013.633556876339,4013.633556876339,9166335.0
train_tune_10d47_01670_1670,CNN,0.0004494613831621,0.2654853653245821,0.2661480059615122,0.7966235876083374,2.6186728477478027,-0.2394125759601593,2.353873696847586e-06,-6260.751516979204,0.029660020023584366,53302008574.73359,53549532673.24154,7968546671.0
train_tune_10d47_01671_1671,CNN,0.0003960294381882,0.3328506382101571,0.3273416634342548,1.634602665901184,3.765260934829712,-1.126939296722412,7.96387394075282e-06,-4258.437955125505,-0.05095429718494415,2843972203.931325,2826164563.3231993,3862565287.0
train_tune_10d47_01672_1672,CNN,0.0008623738093235,0.318376186009162,0.335486496712282,0.6874959468841553,2.2583720684051514,-0.16276878118515015,4.507984158408362e-06,-4126.374812924548,0.0016958214109763503,6809028.672829062,6662584.873407397,652401999.0
train_tune_10d47_01673_1673,CNN,0.0015944812446475,0.3515506119391153,0.4081135733022853,2.001983165740967,6.518591403961182,-1.9320793151855469,2.738319381023757e-05,-2011.5721172040505,0.13572490215301514,151068.12202069507,150230.2135699275,2183109327.0
train_tune_10d47_01674_1674,CNN,0.0019140065919666,0.326874799103474,0.3433580402006285,1.6212435960769653,5.412866592407227,-1.204547643661499,9.839744961936958e-06,-4246.8098292091745,0.01872009038925171,601644142.3154974,599412405.1979032,11906376127.0
train_tune_10d47_01675_1675,CNN,0.0061566697511397,0.3375701677870589,0.3262127956918916,1.2754361629486084,4.116753578186035,-0.7021161913871765,4.699809778685449e-06,-68935.85812390341,0.0398239828646183,24965879708052.227,24634848398344.65,17270071647.0
train_tune_10d47_01676_1676,CNN,0.0003860573889156,0.3322651509558059,0.3398219778583033,1.475309133529663,3.2695629596710205,-0.8850502967834473,5.450706794363214e-06,-5434.518074834892,-0.031489335000514984,201786283.81201345,203040199.16714448,9004512143.0
train_tune_10d47_01677_1677,CNN,0.0004687288293863,0.2834493141462166,0.2568504006626547,1.3614994287490845,5.235835552215576,-0.8530322313308716,1.0362170542066451e-05,-4677.572642300849,-0.01707674190402031,11225478885.642586,11171793614.963125,16016379007.0
train_tune_10d47_01678_1678,CNN,0.0013493370077525,0.3296758297269434,0.3227471674785435,2.714681386947632,10.995309829711914,-3.6768877506256104,3.1633077014703304e-05,-3998.803175855803,0.07099401950836182,7229372246.809763,7032403780.94823,19676998799.0
train_tune_10d47_01679_1679,CNN,0.0020914019488448,0.3174823311285019,0.3286737285877964,1.3591058254241943,3.680100679397583,-0.7519544363021851,5.016556769987801e-06,-3231.535817160406,0.013870256952941418,284297577.23415023,282247048.52856016,13200315999.0
train_tune_10d47_01680_1680,CNN,0.0005086017267028,0.3556671743287768,0.3706673096746679,2.2193002700805664,7.975098133087158,-2.379446029663086,3.1816292903386056e-05,-2445.5628601097555,0.13238108158111572,1371347.847543321,1380524.6751781665,725780335.0
train_tune_10d47_01681_1681,CNN,0.0006546500380653,0.2882117658704297,0.2886528245469557,2.5779776573181152,10.887715339660645,-3.2772417068481445,2.3218242859002203e-05,-3119.1472820321014,0.021761246025562286,106849066855.94733,107386312443.40814,9612813823.0
train_tune_10d47_01682_1682,CNN,0.0073969130884473,0.3391800289394744,0.3749302939631746,3.581376552581787,12.433242797851562,-6.320704460144043,3.222688610549085e-05,-3245.0798450750694,0.0042094457894563675,3987958.4694444872,3840695.0628080675,1011801095.0
train_tune_10d47_01683_1683,CNN,0.0021753265501784,0.3446465665997114,0.3376512834142178,1.6310656070709229,6.683712482452393,-1.2844555377960205,1.0768328138510697e-05,-5171.693946044233,0.001907074823975563,27865007185.277946,27822431250.897697,23390988847.0
train_tune_10d47_01684_1684,CNN,0.0003962997346993,0.3655166006191913,0.4006699659228337,3.284501075744629,11.742122650146484,-5.320267677307129,3.0611456168117e-05,-2346.276237884477,0.0932072103023529,3445714.3620770886,3550649.8428056855,3469636103.0
train_tune_10d47_01685_1685,CNN,0.0005214595072207,0.3443995102609584,0.3778364250382788,3.000904083251953,9.674427032470703,-4.426982402801514,2.2382479073712602e-05,-2479.8202852855684,0.06911665946245193,4962894.869662685,5024477.775754056,7387138103.0
train_tune_10d47_01686_1686,CNN,0.0012740316837059,0.3119237817823065,0.3326284622850455,1.2890349626541138,3.397128105163574,-0.6955194473266602,3.5987814044347033e-06,-19787.386942638077,0.0021702535450458527,301687984602.4846,300569953700.6581,12252647559.0
train_tune_10d47_01687_1687,CNN,5.63049853372434e-05,0.3219477539741563,0.3593322667491887,1.4195854663848877,2.9543991088867188,-0.8000144958496094,1.4806173567194492e-05,-6642.823173798653,0.05984802916646004,4109610871.878201,4167286317.95399,13231002167.0
train_tune_10d47_01688_1688,CNN,0.0004687288293863,0.3105572084343009,0.319340440086757,1.8350026607513428,6.74763298034668,-1.5873456001281738,1.700627944956068e-05,-11508.869633671786,0.060603655874729156,32934870924.44313,32862660814.615913,23081401703.0
train_tune_10d47_01689_1689,CNN,0.0160353473397167,0.3386423840240251,0.337557644264788,1.7985166311264038,7.237792015075684,-1.556398868560791,3.5176726669305936e-05,-3009.942805165755,-0.09496966004371643,45182646.90444261,42722603.31359464,1956832471.0
train_tune_10d47_01690_1690,CNN,0.0003959394212685,0.3474560092020965,0.3554134768512518,0.8639018535614014,2.155890941619873,-0.23081254959106445,1.2959290870639961e-05,-4903.706810659605,-0.019995884969830513,54954326.95472215,55523500.35625726,5234619783.0
train_tune_10d47_01691_1691,CNN,0.0003959394212685,0.2794652757357094,0.298078365381309,0.8612169027328491,2.7312569618225098,-0.27271783351898193,3.2093266781885177e-06,-16246.930408843366,0.02146541327238083,502871945878.2235,499971208617.2771,12040480223.0
train_tune_10d47_01692_1692,CNN,0.021391048645595,0.3471310376428267,0.3685428556295752,1.2218029499053955,4.901541709899902,-0.7029834985733032,1.6924743249546736e-05,-3499.116816500665,-0.034389931708574295,19395556.771347757,19430868.509814393,25384499871.0
train_tune_10d47_01693_1693,CNN,0.0006427509741694,0.3006345014801176,0.3104376304892176,0.9630549550056458,2.3058457374572754,-0.3092131018638611,3.7467298170668073e-06,-6350.478666858801,-0.021613238379359245,21050982867.78355,20116261142.88133,4522843743.0
train_tune_10d47_01694_1694,CNN,0.0172775013228039,0.2956004083052738,0.3072147072976517,1.9928653240203857,8.354499816894531,-1.948004961013794,1.4691808246425353e-05,-2131.3080257288366,0.020874740555882454,2154655.511665542,2214332.5078193666,1967668247.0
train_tune_10d47_01695_1695,CNN,0.001891280357698,0.3381951766179513,0.3732278186961599,1.8770500421524048,3.949875831604004,-1.649993896484375,6.253445008042036e-06,-2377.1497746147634,0.016489971429109573,123448.00827897177,122837.05256861968,912779295.0
train_tune_10d47_01696_1696,CNN,0.0004614573261844,0.3301009950998604,0.3284217081105833,0.9726855754852295,2.3795652389526367,-0.3203916847705841,3.991161065641791e-06,-26103.82167831527,-0.03156472370028496,1859743778141.189,1850906663426.6934,34520269751.0
train_tune_10d47_01697_1697,CNN,0.0003274930407728,0.3406955103515871,0.3425421528014936,1.574465036392212,4.041822910308838,-1.149970293045044,6.904253041284392e-06,-2731.7324847790883,0.0008454956114292145,11021075.047848728,11011918.462028049,13497457047.0
train_tune_10d47_01698_1698,CNN,0.0006367445519916,0.3159847064182793,0.316336972748294,0.5548717975616455,1.4998821020126343,-0.08032189309597015,6.117481461842544e-06,-9605.286553410859,0.012154013849794865,25688343613.31192,26284462363.320816,13474241071.0
train_tune_10d47_01699_1699,CNN,0.0005786900117342,0.3648619189304842,0.3901392443167384,2.611098289489746,8.545806884765625,-3.326489210128784,1.2708344002021477e-05,-1969.6413203341945,-0.009767822921276093,3368070.7040184066,3373680.246174345,2861074055.0
train_tune_10d47_01700_1700,CNN,0.0005123232027519,0.3487972263829684,0.3587730602880378,2.328397274017334,9.42536735534668,-2.686190128326416,2.639937520143576e-05,-1961.6218503737346,0.0242181234061718,100201.23194935262,100155.13727303033,1421529015.0
train_tune_10d47_01701_1701,CNN,0.026419867974376,0.3432962140816316,0.3478701567057162,1.870680809020996,2.3600752353668213,-0.7524802684783936,3.758326784009114e-05,-3303.999332482123,-0.0496843159198761,3750520.2335522594,3739636.7424196107,10313890559.0
train_tune_10d47_01702_1702,CNN,0.0014153640183799,0.3187565866908871,0.2911662558433971,2.7517333030700684,11.15906810760498,-3.767307758331299,2.330613278900273e-05,-12373.44376864594,-0.008253362029790878,27563889051456.24,27063937183586.918,19571511527.0
train_tune_10d47_01703_1703,CNN,0.000439632906523,0.2944666242693621,0.3141955128976541,2.506002426147461,8.075695991516113,-3.034621238708496,3.6347159038996324e-05,-3677.242051868947,-0.03620503842830658,293874417.4142486,297224380.7632022,6849801207.0
train_tune_10d47_01704_1704,CNN,0.0003959394212685,0.2351523311695008,0.2162924324636418,1.061302900314331,2.825441360473633,-0.4203357994556427,4.263616574462503e-06,-7054.761302091424,0.0024560175370424986,49400768475.38143,49317108528.25636,5105202959.0
train_tune_10d47_01705_1705,CNN,0.0005220703397869,0.3087668995331472,0.3355073079186101,1.5956475734710693,2.090913772583008,-0.6114714741706848,4.941063252772437e-06,-2446.4955590782024,0.01920316368341446,965877.08958294,971163.3602344359,570188055.0
train_tune_10d47_01706_1706,CNN,0.0010182954685879,0.3187626468010683,0.3032096539172974,2.0997161865234375,6.841586112976074,-2.1631383895874023,1.4862393982184585e-05,-6016.06579163776,-0.0002948278561234474,55402170514.864716,57377235343.94078,4940933991.0
train_tune_10d47_01707_1707,CNN,0.020522069973642,0.3088608878858459,0.3179789689680606,2.914297103881836,8.015419960021973,-4.452564239501953,9.238011989509687e-05,-1780.0209891499921,-0.14867842197418213,5611.160572665446,5611.160572665446,7186351.0
train_tune_10d47_01708_1708,CNN,0.0004832668841367,0.2595337211467713,0.2566786050651594,1.610234022140503,5.700563907623291,-1.230889916419983,6.6476250140112825e-06,-23637.504094166605,0.050842054188251495,5277528628806.651,5215292032572.944,16553521943.0
train_tune_10d47_01709_1709,CNN,0.0108955622099853,0.303549763408716,0.3473214389488155,1.7268946170806885,7.41009521484375,-1.4466110467910767,2.0756728190463036e-05,-1633.2865512463377,0.016479289159178734,2822.973634102096,2822.973634102096,13819111.0
train_tune_10d47_01710_1710,CNN,0.0031483484865615,0.3387867833777626,0.3350223206861559,2.054647207260132,3.489027500152588,-1.821574091911316,9.837903235165868e-06,-2848.541736250855,0.022440413013100624,2821977.0969046755,2799556.711854794,1375136271.0
train_tune_10d47_01711_1711,CNN,0.0004614573261844,0.328324668161359,0.3456397867639887,0.6344954967498779,1.1126725673675537,-0.061137571930885315,1.864381601990317e-06,-26852.638774121595,0.013992533087730408,2211296797490.667,2193629371996.899,9786378191.0
train_tune_10d47_01712_1712,CNN,0.0003959394212685,0.3350139877099389,0.3457702145053276,2.435922622680664,3.7425191402435303,-2.45758056640625,1.7224749171873555e-05,-4801.721515944743,0.04006321728229523,9130738021.757229,8919038878.074978,21596737799.0
train_tune_10d47_01713_1713,CNN,0.0038948578240685,0.3672730522639826,0.3795959792852342,3.39919114112854,8.096820831298828,-6.475358486175537,1.7950671463040635e-05,-3252.663033256809,-0.007009606808423996,4963121.815136567,5024114.465424908,4849786271.0
train_tune_10d47_01714_1714,CNN,0.0005148932883659,0.3518471291989057,0.3380475205054876,1.4089922904968262,5.354968070983887,-0.914539635181427,5.9775993577204645e-06,-2426.6213412880693,0.007875282317399979,287074870.1220907,287849041.66995776,20344213567.0
train_tune_10d47_01715_1715,CNN,0.0005123232027519,0.288890150997433,0.2775252857680098,2.2457714080810547,9.129982948303223,-2.5266993045806885,1.4165705579216592e-05,-3054.2315333453225,0.02916129305958748,2399384603.6694784,2369282325.118418,5814211295.0
train_tune_10d47_01716_1716,CNN,0.0025142402577806,0.3047887300211953,0.3467721827077012,2.6502199172973633,8.849100112915039,-3.574578285217285,2.8957336326129735e-05,-1674.5596388276876,0.01066971942782402,5290.321567743143,5290.321567743143,11005887.0
train_tune_10d47_01717_1717,CNN,0.0004105105358262,0.2530357138394243,0.2281859636674538,2.5989990234375,11.047602653503418,-3.370208978652954,2.9244376491988078e-05,-2657.2937143181916,0.06406617909669876,1508435021.218161,1451653458.291671,4566726103.0
train_tune_10d47_01718_1718,CNN,0.0004825497007042,0.3411639360532839,0.3257179731314586,1.1501065492630005,1.9505982398986816,-0.39813417196273804,4.090458787686657e-06,-12051.518389225765,0.00540968868881464,4986506642519.8545,4922640789403.158,21492321911.0
train_tune_10d47_01719_1719,CNN,0.0278310676613484,0.3505008187985898,0.3611343167947628,2.413059711456299,8.917531967163086,-2.766036033630371,4.1207309550372884e-05,-3128.92389833539,-0.04914792627096176,13567077.128911229,13529165.916828569,12120302351.0
train_tune_10d47_01720_1720,CNN,0.0033837603804091,0.3453025182179723,0.3849002886009379,1.957275152206421,8.218902587890625,-1.874162197113037,1.9647750377771445e-05,-1774.4277712156754,-0.0039603086188435555,5845.85682187103,5845.85682187103,32725183.0
train_tune_10d47_01721_1721,CNN,0.0279349481895642,0.3012636798664455,0.3177351557069708,1.0516469478607178,2.1753487586975098,-0.33752626180648804,1.4395186553883832e-05,-7832.719768238528,-0.015638317912817,7578656458.931236,7712625927.052393,20919176223.0
train_tune_10d47_01722_1722,CNN,0.0009128210024594,0.3302028239218703,0.305974087926596,0.8679171204566956,1.422613263130188,-0.11524475365877151,2.090414909616811e-06,-5421.543752223081,0.007967453449964523,62795790082.42828,64617348227.45719,9799702295.0
train_tune_10d47_01723_1723,CNN,0.000895692146077,0.3161094913910115,0.3383072123415304,2.38258695602417,7.48541259765625,-2.843726634979248,3.024294346687384e-05,-1770.2801055738173,0.06280121952295303,5646.889871488632,5646.889871488632,13942967.0
train_tune_10d47_01724_1724,CNN,0.0015538647633904,0.3296163113099485,0.3721917700123354,0.5055791139602661,1.4286421537399292,-0.06262947618961334,1.933514795382507e-06,-5857.021583164521,0.0035633505322039127,11105579.047812417,10500120.50645165,2975675487.0
train_tune_10d47_01725_1725,CNN,0.0007404360345536,0.3326652676437766,0.3405812927334732,1.858499526977539,6.771202564239502,-1.649665355682373,1.4429144357563928e-05,-5775.422610042396,-0.016415469348430634,483545691.62407696,492827075.11605024,14755028023.0
train_tune_10d47_01726_1726,CNN,0.0016599472291504,0.3043053206843547,0.302685304597839,1.8010215759277344,6.227498531341553,-1.5206832885742188,8.089088623819407e-06,-8622.171560513949,0.02836000919342041,8693402648.377735,8437587272.133525,15037915647.0
train_tune_10d47_01727_1727,CNN,0.000592092278678,0.304045701885158,0.3488677543612978,1.7869203090667725,7.095608234405518,-1.539125680923462,2.0981484340154566e-05,-1759.1945874903995,0.046095967292785645,3988.7903309263916,3988.7903309263916,17262423.0
train_tune_10d47_01728_1728,CNN,0.0083075147690496,0.3660377753476973,0.4245888726157644,1.6362762451171875,5.168129920959473,-1.2214007377624512,9.790279364096932e-06,-1900.2351824675534,-0.06082712858915329,83458.10739410034,83317.59007274268,2335994215.0
train_tune_10d47_01729_1729,CNN,0.0004575611988103,0.2885088536081605,0.2744935037161497,1.709090232849121,6.020683288574219,-1.361696720123291,1.8136430298909545e-05,-3031.139716264564,0.0516677051782608,5589935418.635113,5559966718.80882,11802817287.0
train_tune_10d47_01730_1730,CNN,0.0004481307072384,0.3512194940690655,0.3401303493547561,2.8096232414245605,11.55271053314209,-3.854351043701172,2.2372190869646147e-05,-2552.1802728591306,-0.04816137254238129,165545377.3213235,165106966.3143562,9505765511.0
train_tune_10d47_01731_1731,CNN,0.0004469093653154,0.3363962083050573,0.3461200411599232,1.2963933944702148,3.9359912872314453,-0.7267643809318542,7.268303761520656e-06,-3137.327990324712,-0.04232202470302582,991186971.9467136,931780682.1190231,3367779887.0
train_tune_10d47_01732_1732,CNN,0.0033685896516918,0.3049949961779349,0.3297636282550616,1.269430160522461,4.294313430786133,-0.7331717014312744,8.98039979801979e-06,-3232.6312785674886,0.033568333834409714,2338439.3575112317,2357090.198566725,919998087.0
train_tune_10d47_01733_1733,CNN,0.0003959394212685,0.3487035585423413,0.3497858560024455,0.5531319975852966,1.9053874015808105,-0.10031461715698242,4.529742454906227e-06,-5441.998808692259,0.01067416463047266,1991935064756.4346,1972484070255.9905,15314249151.0
train_tune_10d47_01734_1734,CNN,0.000439632906523,0.3325383084475546,0.3391812017512464,1.4724122285842896,1.960830807685852,-0.41113728284835815,1.0086696420330554e-05,-17092.295133350905,-0.01810181699693203,218297881111.72238,223325422507.91705,19655884951.0
train_tune_10d47_01735_1735,CNN,0.0010614357589638,0.3388086300613628,0.3397864989937175,1.8109004497528076,2.9836997985839844,-1.1364253759384155,9.511908501735888e-06,-4741.288631498102,0.012595477513968945,4625600657.372391,4571781789.030398,10968786559.0
train_tune_10d47_01736_1736,CNN,0.0127587372495476,0.3572930530582055,0.385357825827037,1.9756039381027222,7.489568710327148,-1.8737871646881104,3.153593570459634e-05,-2235.2966993701093,-0.06382128596305847,286409.96427517536,288123.11373804975,8166324607.0
train_tune_10d47_01737_1737,CNN,0.0083877581148579,0.3124161639544973,0.3636333957876298,1.4336118698120117,5.786795139312744,-0.9619224667549133,1.794264608179219e-05,-1794.213532577746,-0.041934698820114136,3765.461896584772,3765.461896584772,32442687.0
train_tune_10d47_01738_1738,CNN,0.0037631323925731,0.3207198243397046,0.3523452715009839,1.3112564086914062,4.730570316314697,-0.7863656282424927,1.4749997717444785e-05,-1804.1964146837781,0.04613819718360901,3955.46783793575,3955.46783793575,32048671.0
train_tune_10d47_01739_1739,CNN,0.0058446246079095,0.2978421983496979,0.3186147259846051,1.1547143459320068,3.6878366470336914,-0.5417409539222717,3.2793857371871127e-06,-29356.450559686822,0.03742317482829094,1310707744434.8992,1331225355827.9785,28970518511.0
train_tune_10d47_01740_1740,CNN,0.0004759986818498,0.3181946340987919,0.3209168388225391,1.6341992616653442,6.822961807250977,-1.26517915725708,1.0154728443012573e-05,-9456.792416328559,-0.004232008010149002,25237843117.14377,26179687414.474052,25888923255.0
train_tune_10d47_01741_1741,CNN,0.0121729079381483,0.3258913605513964,0.3651511591800357,2.053476095199585,8.324257850646973,-2.0165255069732666,3.403182563488372e-05,-1789.1545608799547,-0.06733526289463043,6773.792462218724,6773.792462218724,33020471.0
train_tune_10d47_01742_1742,CNN,0.0004614573261844,0.2952822600070938,0.292326493867908,1.6522259712219238,6.689069747924805,-1.332326889038086,8.76214835443534e-06,-6932.604465267961,0.021258767694234848,411929791200.8424,402623842351.5576,24973598815.0
train_tune_10d47_01743_1743,CNN,0.0004408847086486,0.3252190821477174,0.3496967830829785,2.160950183868408,8.799857139587402,-2.3169851303100586,1.1296025149931666e-05,-3315.2143316029264,0.020531143993139267,8355874.087409137,8463440.349330803,6500401503.0
train_tune_10d47_01744_1744,CNN,0.0038501652575673,0.2804720115626021,0.2997116673304755,3.0767087936401367,11.642953872680664,-4.689769744873047,3.723761619767174e-05,-3762.2029058486405,0.04415717348456383,15085539504.014809,15067085735.43848,17109314175.0
train_tune_10d47_01745_1745,CNN,0.0031593557364653,0.3561059300440706,0.4345138215180647,1.8214538097381592,6.105221271514893,-1.5800957679748535,1.424208858225029e-05,-1858.2181754943467,-0.061127670109272,68251.7178998251,68027.30254847539,509080191.0
train_tune_10d47_01746_1746,CNN,0.0020191012798781,0.2842308738045521,0.2626193675719574,1.8353729248046875,6.368370056152344,-1.5987794399261475,7.489734343835153e-06,-8446.357245075844,-0.0149571243673563,4186655410245.0127,4351437760148.3086,15008852751.0
train_tune_10d47_01747_1747,CNN,0.002092731791179,0.315234267599392,0.3391861846416009,2.3343255519866943,9.521894454956055,-2.696199655532837,1.4993163858889602e-05,-6440.823169269696,0.016097871586680412,28053387023.78394,28621846714.312878,22895426775.0
train_tune_10d47_01748_1748,CNN,0.0004469093653154,0.3231196630751127,0.3427625577012782,0.5471400022506714,1.4749811887741089,-0.07112416625022888,1.909691491164267e-06,-4319.402832281132,0.008762429468333721,295754642.10424554,274314248.45015526,8080717839.0
train_tune_10d47_01749_1749,CNN,0.0012042302328616,0.3842431919390726,0.4398239493987336,1.8246138095855713,6.851454257965088,-1.5830001831054688,1.5630192137905397e-05,-1808.0074913634196,0.056960366666316986,141389.68621073972,141196.02261325993,5946367655.0
train_tune_10d47_01750_1750,CNN,0.000649981376938,0.309251847540865,0.323578015939334,1.079953908920288,3.363826274871826,-0.47709470987319946,7.105604709067848e-06,-38769.30689347107,0.0013477415777742863,309338816698.546,311057253335.4068,20096010759.0
train_tune_10d47_01751_1751,CNN,0.0075264229682083,0.2889738280392067,0.2736898030127427,1.723006248474121,6.540313243865967,-1.4334747791290283,1.3613012924906798e-05,-75899.09560651345,-0.03410283103585243,41417658418385.68,42451320025611.12,19965509791.0
train_tune_10d47_01752_1752,CNN,0.0004323547947413,0.2983016819883824,0.259287382434221,0.705897331237793,2.2912204265594482,-0.16833120584487915,1.5798743788764114e-06,-7248.627108514981,0.017197635024785995,10257883914.069065,9940150179.29152,13106490039.0
train_tune_10d47_01753_1753,CNN,0.0304601027659693,0.3579820135456915,0.3387108284581318,2.5352258682250977,9.274524688720703,-3.1113076210021973,2.1529480363824405e-05,-3149.5691016364517,-0.018830399960279465,220354224.25823563,221919186.1462484,11284144583.0
train_tune_10d47_01754_1754,CNN,0.0003670323396272,0.3388233633333532,0.3491258749109642,1.2038737535476685,3.2935099601745605,-0.5660185813903809,1.0836709407158196e-05,-4456.891754177892,0.028481222689151764,480014142.33880293,481448209.721349,21965887167.0
train_tune_10d47_01755_1755,CNN,0.0004764854433697,0.3167697635328199,0.2950479228279488,1.4100632667541504,5.246549606323242,-0.9017431139945984,5.780599167337641e-06,-4073.3362950183387,0.004497717134654522,3385924151.0742326,3395047450.3666925,8096691343.0
train_tune_10d47_01756_1756,CNN,0.0005525405157356,0.295164690811515,0.3171065259796706,1.559893012046814,4.039971351623535,-1.1204315423965454,5.995281753712334e-06,-8349.867468113904,0.065474733710289,9633512310.817127,9707408822.28717,15957830639.0
train_tune_10d47_01757_1757,CNN,0.0049320081529864,0.3540567599534062,0.3783873606396788,2.503131151199341,9.545572280883789,-3.0975799560546875,2.437090006424114e-05,-2253.9883766649796,0.08477432280778885,410010.4303204081,409109.55672470364,7337129983.0
train_tune_10d47_01758_1758,CNN,0.000512613965069,0.3465395926939695,0.3707291842852022,3.3871445655822754,4.933785438537598,-6.267345905303955,5.9467773098731413e-05,-5950.896722778441,0.13534924387931824,210127373.83008987,209380533.8021468,16763422727.0
train_tune_10d47_01759_1759,CNN,0.0031412981849939,0.3286204788790687,0.348339619477464,2.3596789836883545,7.967743873596191,-2.7341737747192383,4.1513791074976325e-05,-1805.370923398163,0.08269909024238586,5237.926521120609,5237.926521120609,13687279.0
train_tune_10d47_01760_1760,CNN,0.0022664680914269,0.2929805659020362,0.3468883202062856,1.3021180629730225,4.821174621582031,-0.7700076103210449,8.452882866549771e-06,-1676.9454448352544,-0.01989603042602539,2297.0668301398628,2297.0668301398628,12983215.0
train_tune_10d47_01761_1761,CNN,0.0078361962992502,0.3551459646551051,0.3954179007331672,1.362349510192871,5.3659844398498535,-0.8733643889427185,1.1292224371572956e-05,-2135.8282602409067,-0.041102126240730286,216406.07073315178,215809.16817393573,10008472991.0
train_tune_10d47_01762_1762,CNN,0.0011016065055251,0.3191626128470348,0.330742860948416,0.36923837661743164,1.028620719909668,-0.02523418515920639,4.5582746679428965e-06,-11121.351805558492,0.0026243943721055984,86841462933.99158,97283074011.52452,5702064127.0
train_tune_10d47_01763_1763,CNN,0.0231488900119565,0.331499761101553,0.3616120674336494,1.5920429229736328,6.878937244415283,-1.2125422954559326,3.8684767787344754e-05,-1906.017717694882,-0.06538404524326324,5540.053083355217,5540.053083355217,48918391.0
train_tune_10d47_01764_1764,CNN,0.0024899624462754,0.3077435985926384,0.3140648469480683,2.6198477745056152,7.990928649902344,-3.4219260215759277,2.7452762878965586e-05,-1918.6111165501525,-0.038963526487350464,5291.090785261773,5291.090785261773,10185999.0
train_tune_10d47_01765_1765,CNN,0.004221040093483,0.2658442127968742,0.2538425061408993,1.8268070220947266,7.5082902908325195,-1.6238399744033813,1.0446322448842693e-05,-24173.401216041133,0.01166139729321003,190931432505.29407,189056479444.59375,9312487983.0
train_tune_10d47_01766_1766,CNN,0.0005774046172071,0.3230202102869406,0.3674661958045306,1.6285691261291504,6.3252434730529785,-1.2392337322235107,2.117867552442476e-05,-1699.2224278076708,0.048512041568756104,3816.3158645207404,3816.3158645207404,19682687.0
train_tune_10d47_01767_1767,CNN,0.0045760114340541,0.2843426484218888,0.3106630562275262,2.2968173027038574,6.365416526794434,-2.7072689533233643,1.9494680600473657e-05,-1817.7136886147257,0.03790809214115143,2807.3050094334967,2807.3050094334967,3768943.0
train_tune_10d47_01768_1768,CNN,0.000439632906523,0.3327801262557568,0.3343958038590338,0.5547136068344116,0.9966919422149658,-0.038398634642362595,1.051515596373065e-06,-3140.0260810058085,-0.008722564205527306,3708603589.3150606,4098170712.979179,3990371087.0
train_tune_10d47_01769_1769,CNN,0.0005776036030766,0.3437672759162388,0.3301266572510026,1.7120959758758545,6.221324920654297,-1.3493309020996094,8.080346560745966e-06,-3299.8029926277395,-0.056745029985904694,5261394659.458328,5109429651.578295,9797749303.0
train_tune_10d47_01770_1770,CNN,0.0004830392528412,0.3675500480467906,0.4035678064975367,2.265443801879883,7.464870929718018,-2.490474224090576,1.7066071450244635e-05,-2070.4237139039064,0.08436703681945801,1466737.8496474987,1453347.9745125913,800562239.0
train_tune_10d47_01771_1771,CNN,0.0007104297852279,0.33846376083134,0.3918050900745182,2.654090404510498,9.997779846191406,-3.405243158340454,2.7546917408471927e-05,-2298.466965784214,-0.02408461645245552,53411.25244214146,52009.75757146856,245099007.0
train_tune_10d47_01772_1772,CNN,0.0278447616794031,0.282769876542109,0.2542375135909475,2.6189465522766113,10.314732551574707,-3.4014644622802734,2.746351674431935e-05,-19825.901908172156,-0.0038813073188066483,4081772354029.3,4129704996273.8765,15399693775.0
train_tune_10d47_01773_1773,CNN,0.0009420137741651,0.3284417280528695,0.3325100699779167,2.0708887577056885,8.32859992980957,-2.0449042320251465,1.8701739463722333e-05,-1755.4619309514378,0.01459374651312828,7125.477296731149,7125.477296731149,36940063.0
train_tune_10d47_01774_1774,CNN,0.0004612687967034,0.3184595117125956,0.3220980014624548,1.1974596977233887,4.395203113555908,-0.647742748260498,4.346578862168826e-06,-8679.150970316117,-0.01883169636130333,287483193514.13904,293803912976.87787,14010860583.0
train_tune_10d47_01775_1775,CNN,0.0014387902212013,0.3480799443533262,0.380835893161046,3.3081271648406982,10.170454025268555,-5.706567287445068,4.186740261502564e-05,-2336.8247253079967,0.1397780179977417,142235.7375907807,143444.4793972148,1074936447.0
train_tune_10d47_01776_1776,CNN,0.0009530060942105,0.3519271112442355,0.4041986369092421,1.9496288299560547,7.0153326988220215,-1.822993516921997,1.169275856227614e-05,-2057.880978822509,-0.02846907638013363,152483.87683053644,153046.35885408783,2653632847.0
train_tune_10d47_01777_1777,CNN,0.0037078868806896,0.2919180798174543,0.3146110235185287,2.6213741302490234,7.716874122619629,-3.5308966636657715,3.404836752451956e-05,-1862.392451669039,-0.07347585260868073,3912.9574553709845,3912.9574553709845,5222087.0
train_tune_10d47_01778_1778,CNN,0.0017541515737722,0.2467316146450081,0.2542787568632259,0.8969931602478027,3.3977866172790527,-0.3476223945617676,6.263872819545213e-06,-12024.178864320429,0.0005151263903826475,175652496771.06302,179666697348.92853,11240072551.0
train_tune_10d47_01779_1779,CNN,0.0004687288293863,0.2993762224057812,0.2973285974701984,0.4230998158454895,1.144569993019104,-0.04252985119819641,5.4866832215338945e-06,-18870.50539458459,0.0020554177463054657,308938234871.831,308377911290.64374,30762381999.0
train_tune_10d47_01780_1780,CNN,0.0026608025494276,0.358891459776519,0.3882114400727179,2.0823652744293213,7.542882919311523,-2.118354320526123,2.04306015803013e-05,-2294.424516148494,0.0691516175866127,212197.48001191235,211478.66496572836,2412223255.0
train_tune_10d47_01781_1781,CNN,0.0110220426130042,0.3123421579957939,0.339614702910706,2.3581602573394775,7.974893569946289,-2.7258119583129883,5.1846996939275414e-05,-1778.4409037706123,-0.1672368049621582,4473.652726009324,4473.652726009324,9985087.0
train_tune_10d47_01782_1782,CNN,0.0006227863962388,0.3372428988344053,0.3861252217846544,4.394114971160889,10.262565612792969,-11.32966423034668,3.7686048017349094e-05,-3124.1782013779803,0.11086758971214294,950550.0762372584,981547.0740478532,283724031.0
train_tune_10d47_01783_1783,CNN,0.0005655419507242,0.3537663741335036,0.3720597564350673,1.3906141519546509,5.427867412567139,-0.8880035877227783,1.5909392459434457e-05,-2447.0179599171274,-0.04330308735370636,234011453.61223108,237909601.40500432,14079897191.0
train_tune_10d47_01784_1784,CNN,0.0025672310579303,0.3481244734628827,0.3821541830322522,2.080143690109253,7.2099785804748535,-2.0744991302490234,1.2171904018032365e-05,-2895.877237648352,-0.023651160299777985,7210320.560287361,7178905.826431518,7371435439.0
train_tune_10d47_01785_1785,CNN,0.0027217741935483,0.3264719854001467,0.3564312198346465,3.142637252807617,11.10632038116455,-4.885855674743652,5.2197661716490984e-05,-2367.691934900414,0.013241933658719063,1950222.4093880751,1910877.5800382916,2974681071.0
train_tune_10d47_01786_1786,CNN,0.0004745771649287,0.3307447146101012,0.3192272017462401,2.717306613922119,10.93791389465332,-3.6276352405548096,2.2807000277680345e-05,-3538.411999073611,0.012266309931874275,158326448.74220443,155718065.44349208,7267433439.0
train_tune_10d47_01787_1787,CNN,0.0280005595935847,0.2323851566675178,0.2212180960073072,1.1329905986785889,4.345148086547852,-0.583020806312561,1.1654878107947297e-05,-5982.320448133672,-0.004253370687365532,1000644686720.581,1046810245939.0737,11135762655.0
train_tune_10d47_01788_1788,CNN,0.0006504231404475,0.2370346444166826,0.2420961922130317,0.6069175601005554,1.6870691776275635,-0.10543467849493027,1.642599499973585e-06,-5949.764018474256,-0.008507555350661278,345574529.77743375,348713913.8962859,994092823.0
train_tune_10d47_01789_1789,CNN,0.000592092278678,0.3211635909193904,0.3351871087996324,2.953075408935547,9.576070785522461,-4.321867942810059,3.144720903947018e-05,-60601.476098581246,0.07051075249910355,65418219900860.58,68883082841323.266,22495492687.0
train_tune_10d47_01790_1790,CNN,0.0003817088075637,0.3181982302751238,0.3125542263433493,2.0824437141418457,3.4486429691314697,-1.7821414470672607,1.1675223504425958e-05,-4573.062631715493,0.0010746093466877937,4346307577.850618,4348286739.576103,17620170591.0
train_tune_10d47_01791_1791,CNN,0.0004415888366342,0.3247273743424801,0.3208030665707932,2.347412347793579,7.620210647583008,-2.655536651611328,2.682202284631785e-05,-4668.419079844099,0.06665259599685669,406176502.786897,405679926.2668079,7121668063.0
train_tune_10d47_01792_1792,CNN,0.0010188220286061,0.3314451946874943,0.3596581437129829,2.778278350830078,6.3752360343933105,-4.159053802490234,1.677580803516321e-05,-2560.562313371895,0.015494071878492832,1087624.9775046736,1089953.2035610806,202272479.0
train_tune_10d47_01793_1793,CNN,0.0007286347047431,0.3181191785331873,0.279577829830042,3.7333433628082275,3.5578091144561768,-5.142807960510254,2.6274623451172374e-05,-2543.8701608667348,0.08350023627281189,481150.70450870437,486263.3549448184,1366689311.0
train_tune_10d47_01794_1794,CNN,0.002681962455567,0.3093374340803639,0.3576119748964677,1.2865328788757324,5.543899059295654,-0.7774159908294678,7.6163032645126805e-06,-1775.5273670327847,-0.0015567847294732928,3002.722721622419,3002.722721622419,25981287.0
train_tune_10d47_01795_1795,CNN,0.0022886871364948,0.2753544388690026,0.2935447177234984,3.4883534908294678,14.084488868713379,-5.986209869384766,3.529612877173349e-05,-2363.157365323229,0.037579040974378586,150774172.82852307,151038314.70231658,12989299503.0
train_tune_10d47_01796_1796,CNN,0.0006919014408479,0.3451600159917879,0.3605707550248709,2.047201633453369,8.080916404724121,-2.0241575241088867,1.2869963939010631e-05,-3463.6900037268424,0.023937609046697617,342091459.90310967,344289556.5504285,14252757559.0
train_tune_10d47_01797_1797,CNN,0.0003407101414741,0.3518157513511949,0.3868975052594287,2.8900041580200195,11.101916313171387,-4.1505022048950195,2.7130994567414746e-05,-1974.443317543512,0.02960835210978985,177683.44496688206,176700.59910911217,3052055191.0
train_tune_10d47_01798_1798,CNN,0.0006439173590607,0.3268953524036463,0.3451896027017317,2.604391098022461,10.364776611328125,-3.3528709411621094,1.913122287078295e-05,-2649.971604703025,0.0452038012444973,11136381.187936645,10852912.437694184,13843505303.0
train_tune_10d47_01799_1799,CNN,0.0012627488271598,0.3536961074917722,0.3592228675257043,0.9138422012329102,3.3884570598602295,-0.34436553716659546,7.893121619417798e-06,-2931.1348545297274,-0.005364269483834505,666265.3295651185,666302.5182306881,253805079.0
train_tune_10d47_01800_1800,CNN,0.0002898877490216,0.3405316983415568,0.345389719973209,0.6792123913764954,1.7436796426773071,-0.12073089182376862,1.838262733144802e-06,-23808.2308076654,-0.007204124704003334,5967707765384.981,6207722987226.981,17349805703.0
train_tune_10d47_01801_1801,CNN,0.0277186041793467,0.3427343234765341,0.351146910520718,0.9906034469604492,1.7721858024597168,-0.24424150586128235,1.2013075320282951e-05,-8691.15649742185,-0.035873349756002426,4482517118828.511,4476490967555.119,13078355551.0
train_tune_10d47_01802_1802,CNN,0.0004818060845225,0.3635605837379109,0.4001937093873369,1.4638667106628418,5.288510799407959,-1.0123839378356934,1.385666382702766e-05,-2331.494795683201,0.026520228013396263,4821729.195817292,4844919.691047927,4102247479.0
train_tune_10d47_01803_1803,CNN,0.00045167954447,0.3560075947785263,0.3773472747542078,2.0408613681793213,4.784411907196045,-2.0102152824401855,2.067848799924832e-05,-2349.664035938423,0.003145563881844282,84635031.81319976,84111151.58451664,6904357911.0
train_tune_10d47_01804_1804,CNN,0.0009793350423385,0.3571190962166292,0.393448011050893,1.9409105777740479,8.01776123046875,-1.8152689933776855,1.570906533743255e-05,-2222.3116673982117,0.01434609666466713,268532.13968328544,265307.4370392216,14953753991.0
train_tune_10d47_01805_1805,CNN,0.0004477177587248,0.3373293585711838,0.3246076438085442,1.0976743698120117,3.7137980461120605,-0.5196835994720459,3.510720262056566e-06,-19312.517676467767,-0.01572200283408165,173660799056517.56,171584143574212.25,66623239911.0
train_tune_10d47_01806_1806,CNN,0.0007900897832661,0.2934373597124805,0.2810804102681017,1.5024800300598145,5.15645170211792,-1.013805866241455,8.414302101300564e-06,-4274.408163218896,0.008600784465670586,7750691572.106682,7916265073.114462,15838181727.0
train_tune_10d47_01807_1807,CNN,0.0004937458854509,0.3565579193651806,0.3719888642811273,1.5098131895065308,6.2120280265808105,-1.1411268711090088,1.8068398276227526e-05,-3391.420112616286,0.05296856164932251,435460178.6573963,429433244.1685965,30864929031.0
train_tune_10d47_01808_1808,CNN,0.003928971044893,0.3257787671028215,0.3317654769369667,1.0807902812957764,3.069094657897949,-0.46360403299331665,9.101580872084014e-06,-6749.530156022347,0.005000600591301918,105392669.92312762,107800412.06392086,5130082999.0
train_tune_10d47_01809_1809,CNN,0.0002507953493705,0.3746893987507934,0.4004298166472049,2.965165615081787,10.486069679260254,-4.335966110229492,2.5246017685276456e-05,-1951.8696427073694,0.038219764828681946,189243.74712228496,187773.03626554727,5042917687.0
train_tune_10d47_01810_1810,CNN,0.0052666731851624,0.3670727486640207,0.401359657212774,2.4156198501586914,6.920368194580078,-2.8995606899261475,1.6608108126092702e-05,-2050.7697959408442,0.04081094264984131,135372.2334606076,134527.37027023008,1133116127.0
train_tune_10d47_01811_1811,CNN,0.0005123232027519,0.3231792580804185,0.329699626924347,0.9452507495880127,3.5377190113067627,-0.40180549025535583,4.036603968415875e-06,-3887.9856293156436,0.045702848583459854,7480711626.930207,7588658599.742323,13592479111.0
train_tune_10d47_01812_1812,CNN,0.0035761051129155,0.3256897262832792,0.312818789964269,1.6112489700317383,6.634828090667725,-1.2496254444122314,1.2292563042137772e-05,-10827.74119156362,-0.01488073542714119,38480958569.46734,38373294356.84928,21910483567.0
train_tune_10d47_01813_1813,CNN,0.0006604291951121,0.3494088671007188,0.3616688073349178,2.187084913253784,9.089083671569824,-2.3782405853271484,1.2753811461152509e-05,-2789.453266395306,0.0113762728869915,75597635.47791514,79706838.44208702,6162378727.0
train_tune_10d47_01814_1814,CNN,0.0021426479082647,0.2912913115367501,0.2813212259613835,2.505591869354248,10.73991584777832,-3.1510462760925293,3.324476710986346e-05,-2633.40235969396,0.04097342491149902,123420120.15351461,121399866.61220759,4633491039.0
train_tune_10d47_01815_1815,CNN,0.0192737920440252,0.3671766228316676,0.4179825489632141,1.3718520402908325,5.312121391296387,-0.8790580630302429,2.15377876884304e-05,-1765.1570619277657,-0.05719434469938278,68329.71344262446,68380.50227896817,1841054623.0
train_tune_10d47_01816_1816,CNN,0.0004323547947413,0.3256152556071183,0.337532078342827,1.5172823667526245,2.2923178672790527,-0.647050142288208,6.135258900030749e-06,-3758.5019086554043,-0.008865521289408207,2545386382.1295023,2503857326.556837,8124158711.0
train_tune_10d47_01817_1817,CNN,0.0004687288293863,0.2867031676821548,0.2839676693425588,1.6539828777313232,5.26655912399292,-1.2245697975158691,8.511935448041186e-06,-24557.45585536683,-0.05347662419080734,9773473817588.332,9480842426413.355,13672546943.0
train_tune_10d47_01818_1818,CNN,0.0004006752119312,0.3310816979286322,0.3594463913129712,0.9766908884048462,2.0760133266448975,-0.2855190634727478,6.19739284957177e-06,-3572.3271310562727,0.0008468269370496273,18895667.84586876,18752891.971151337,1182539031.0
train_tune_10d47_01819_1819,CNN,0.0056763605712756,0.356799381312425,0.433180252069908,2.2341575622558594,7.433987617492676,-2.4140756130218506,3.976939115091227e-05,-1779.3814504430782,-0.16582244634628296,88001.29116041269,87785.79033680774,518768287.0
train_tune_10d47_01820_1820,CNN,0.0004107905884941,0.3381730783967167,0.3462123177253286,0.8274189233779907,3.295485258102417,-0.2811645567417145,2.7626274459180422e-06,-5936.924313120224,-0.011909106746315956,2011886618.7195945,2023523163.14776,18298786191.0
train_tune_10d47_01821_1821,CNN,0.0004469093653154,0.3157323912665527,0.3116449416282971,2.7316126823425293,3.469533920288086,-3.1645164489746094,7.527639536419883e-05,-2834.5556440612995,0.17488406598567963,14633112.091939867,14741354.699931547,1087030615.0
train_tune_10d47_01822_1822,CNN,0.0010241668185081,0.3049359609796312,0.3238099384876606,2.228386402130127,8.083860397338867,-2.403442144393921,3.1655017664888874e-05,-2760.2782623030025,0.06681410223245621,179896731.97232932,182177519.3820853,6758696575.0
train_tune_10d47_01823_1823,CNN,0.004630133558621,0.3455273939157486,0.3603266185215593,1.0636942386627197,3.892195224761963,-0.5018003582954407,6.550333182531176e-06,-4857.445235914838,0.02622777596116066,518209063.2188628,525248345.2489213,17125165975.0
train_tune_10d47_01824_1824,CNN,0.0004629289440811,0.3256121186614507,0.3314624137968723,1.492997407913208,5.869263172149658,-1.046093463897705,8.549408448743634e-06,-8457.834253434148,0.039481986314058304,27108073140613.918,27336230354304.816,27604934423.0
train_tune_10d47_01825_1825,CNN,0.0004734439288331,0.3019470826765039,0.2791796234940721,2.1762521266937256,8.382331848144531,-2.298336982727051,1.8590169929666445e-05,-3319.219521202329,0.05051644891500473,111111762.07908623,110026182.66387367,7954804919.0
train_tune_10d47_01826_1826,CNN,0.0004423401431871,0.3539427438002324,0.401746618800359,1.8760056495666504,7.156261920928955,-1.6854031085968018,1.2696545127255376e-05,-1709.0642436882686,-0.054729998111724854,108255.93373256587,107960.67193403587,2051062071.0
train_tune_10d47_01827_1827,CNN,0.0024118179185619,0.3655143439941318,0.3826191668159115,2.4459331035614014,9.885367393493652,-2.880079746246338,3.0746698030270636e-05,-2291.284847064021,-0.05111198127269745,246895.3107057625,248448.38798356766,9185656751.0
train_tune_10d47_01828_1828,CNN,0.000396164540339,0.348554692311442,0.3486865410340686,0.9511749744415283,3.5220303535461426,-0.40022575855255127,1.0402140105725266e-05,-2811.946361947888,0.03191806375980377,127081538.98465021,124576702.5259183,11578756607.0
train_tune_10d47_01829_1829,CNN,0.0010720749665474,0.3508964985010591,0.3762869081162464,3.1014347076416016,11.457294464111328,-4.685076713562012,2.4434430088149384e-05,-2545.8805633776924,-0.03874284029006958,13383689.28622882,13445711.809799185,12080099567.0
train_tune_10d47_01830_1830,CNN,0.001309712668334,0.2901558560394053,0.2705140038456383,1.251615047454834,4.566614151000977,-0.7035847306251526,6.745647624484263e-06,-6950.81088843683,-0.01400003768503666,12425177541.497202,12689823932.842752,19206480847.0
train_tune_10d47_01831_1831,CNN,0.0004936886395511,0.3130755745288647,0.3663763115463344,1.394633173942566,5.153080940246582,-0.8967829346656799,1.1780778550019022e-05,-1775.22161142205,0.029800409451127052,2989.8994919311426,2989.8994919311426,20583895.0
train_tune_10d47_01832_1832,CNN,0.0023349518650979,0.3616017882705847,0.3557606608162094,1.9734249114990234,7.741489887237549,-1.9291329383850098,1.5032172996143345e-05,-2776.8365226084384,-0.024377651512622833,241702992.18571752,240693869.9468643,17653182375.0
train_tune_10d47_01833_1833,CNN,0.0005779310798898,0.3387669688778023,0.3425695045063969,0.8492625951766968,2.4298694133758545,-0.2532162070274353,1.0234300134470686e-05,-12819.962351088881,-0.017045913264155388,1054017083188.3868,1059603213223.6873,34293771663.0
train_tune_10d47_01834_1834,CNN,0.0012563943685962,0.2849814022535635,0.2677087612683934,2.1465184688568115,6.180422306060791,-2.242436408996582,1.4891234059177805e-05,-4616.217174368883,0.07412649691104889,64863725139.69958,63496027333.36593,11122973319.0
train_tune_10d47_01835_1835,CNN,0.0006861088504392,0.3171642873265515,0.3078925634606969,3.030336380004883,4.694923400878906,-4.842133522033691,3.22507657983806e-05,-6003.149357276672,0.0768086314201355,1674021038.5986233,1632652719.726535,3630314047.0
train_tune_10d47_01836_1836,CNN,0.0006331317863813,0.2720917157399754,0.2456633697466488,1.998823642730713,7.85376501083374,-1.9076818227767944,1.0661646228982136e-05,-3280.119544461795,0.06610934436321259,6021255693.124472,5767265300.337542,11756320943.0
train_tune_10d47_01837_1837,CNN,0.0004105105358262,0.3338249030218844,0.331930235228244,1.1511943340301514,4.122989177703857,-0.5953818559646606,3.7666586649720557e-06,-17921.599511556757,0.01652897335588932,28476733711171.453,27523122818203.03,20882973767.0
train_tune_10d47_01838_1838,CNN,0.0046315606249067,0.3177679360468824,0.3173543503316603,0.9924637675285339,3.1836915016174316,-0.4094398617744446,4.8064321163110435e-06,-14544.376255370087,-0.0249047689139843,748245330254.2079,752381928134.0544,21701530695.0
train_tune_10d47_01839_1839,CNN,0.0003468091152995,0.3203923032362923,0.3098314416588174,2.2979350090026855,9.156750679016113,-2.5708377361297607,1.7046633729478344e-05,-3109.018588211319,-0.03422418236732483,4632083.143335095,4664054.696852058,3067922407.0
train_tune_10d47_01840_1840,CNN,0.0004759986818498,0.3424078936920979,0.3453719887535781,1.2457239627838135,2.908285140991211,-0.5659050941467285,6.821657734690234e-06,-4239.114561753633,-0.015942130237817764,189699873.14784384,189329754.2206242,6925354535.0
train_tune_10d47_01841_1841,CNN,0.0004687288293863,0.2613244157039158,0.2338810901647389,1.3856475353240967,5.589017868041992,-0.9099284410476685,5.828419944009511e-06,-17048.43897369489,-0.008952241390943527,3353313463864.8184,3400030009113.0195,11104668375.0
train_tune_10d47_01842_1842,CNN,0.0022739485953026,0.3531101284967185,0.3732768368168788,1.8767575025558472,7.823929786682129,-1.7452675104141235,1.1354710295563564e-05,-2877.850332856343,0.005590727087110281,14558459.942694072,14593021.630973948,21335030711.0
train_tune_10d47_01843_1843,CNN,0.0003959844246126,0.3111049020159388,0.3092895211774822,1.8517976999282837,7.21349573135376,-1.634664535522461,9.96785456663929e-06,-4719.141836819579,0.026550423353910446,320395795.4973228,323885652.1508125,8509131191.0
train_tune_10d47_01844_1844,CNN,0.0163655744613775,0.3264406144121289,0.3675106097777308,1.1901752948760986,4.9205474853515625,-0.6542161703109741,8.840385817165952e-06,-1887.0697248682302,-0.031059999018907547,2949.608653566519,2949.608653566519,29380287.0
train_tune_10d47_01845_1845,CNN,0.0060971486648413,0.366832936030418,0.3877167468406129,2.7161128520965576,10.145120620727539,-3.6333608627319336,1.92880706890719e-05,-2574.0332937366693,0.026748042553663254,11615498.635338457,11820607.83998621,12868213919.0
train_tune_10d47_01846_1846,CNN,0.0017000370176585,0.3390500008298368,0.3533940967620947,2.224004030227661,7.120636463165283,-2.3152377605438232,1.8572194676380605e-05,-2787.746297952949,0.06783903390169144,163830893.92990372,163903851.29274395,6127007975.0
train_tune_10d47_01847_1847,CNN,0.0005299832420791,0.3490292941107102,0.3572561889451365,2.1402535438537598,8.526753425598145,-2.2137956619262695,1.5139617971726693e-05,-3047.044662185451,0.02439890056848526,112691485.17898318,110479457.3102237,6170344959.0
train_tune_10d47_01848_1848,CNN,0.0094398283020206,0.3198565412950701,0.3471709723993292,1.5940344333648682,6.250228404998779,-1.1839579343795776,1.1778418411267921e-05,-1684.1443944298776,-0.02203383296728134,4481.692823693431,4481.692823693431,26642015.0
train_tune_10d47_01849_1849,CNN,0.0078386881262208,0.359215401782992,0.3845767499158368,3.014712333679199,9.161090850830078,-4.620933532714844,8.367986447410658e-05,-3440.0442070493214,0.16624918580055237,53221041.120235644,52324376.92789956,1874805367.0
train_tune_10d47_01850_1850,CNN,0.0026013483196235,0.3684181497336628,0.415164741495467,3.038585662841797,11.588393211364746,-4.542219638824463,3.676991764223203e-05,-2041.9705214999512,0.06585658341646194,110297.7172348503,109454.69740989986,1198797583.0
train_tune_10d47_01851_1851,CNN,0.0008347328041518,0.3344198539324059,0.3247970494369286,2.3270511627197266,8.491594314575195,-2.5916192531585693,2.128089909092523e-05,-2100.619574690936,0.094523124396801,1360966.1407245928,1342197.2259790637,1039911295.0
train_tune_10d47_01852_1852,CNN,0.0043174989595703,0.3619502908000113,0.38605546651456,2.496140480041504,7.074902057647705,-3.1192660331726074,2.2748776245862246e-05,-2139.1007382475905,-0.060501761734485626,140719.45531727778,141191.1479405515,1715753263.0
train_tune_10d47_01853_1853,CNN,0.0003678927715201,0.3160024407282568,0.3139252893670016,1.7064770460128784,6.096213340759277,-1.370746374130249,1.4214572729542851e-05,-3450.0940174857133,-0.03674466907978058,7487645597.577383,7525970735.922493,13643148175.0
train_tune_10d47_01854_1854,CNN,0.0005558582707688,0.3349757898722885,0.318966143788913,1.3107283115386963,3.066173553466797,-0.6840816736221313,4.832778358832002e-06,-9432.748538859827,0.02699938602745533,61730585084.616325,58157222713.879456,4597084351.0
train_tune_10d47_01855_1855,CNN,0.0004690683994002,0.3211440373707194,0.3810020044887447,2.24770450592041,8.91004753112793,-2.520843505859375,2.9887934942962602e-05,-3191.246305983681,0.10875435173511505,49438.42236134219,49856.582240486125,76087119.0
train_tune_10d47_01856_1856,CNN,0.0024644429129985,0.3317523905753142,0.3235119102218975,1.2322463989257812,3.722721576690674,-0.6014052629470825,6.36087270322605e-06,-5955.255802597275,-0.0063869040459394455,22019681428.566162,21944002132.55468,21354982703.0
train_tune_10d47_01857_1857,CNN,0.0040110338417544,0.3111531748272809,0.3181035097827075,2.437190294265747,7.07706356048584,-2.977508783340454,2.64976843027398e-05,-1975.343491355692,0.08877139538526535,5127.3659581508955,5127.3659581508955,10259743.0
train_tune_10d47_01858_1858,CNN,0.0007500286922985,0.3438057694028927,0.3155678006326674,1.6735923290252686,6.695085525512695,-1.350811243057251,1.430858264939161e-05,-3676.526069022409,0.028980065137147903,309844282.95057815,311063569.4273525,15092981639.0
train_tune_10d47_01859_1859,CNN,0.0003997662904763,0.2535284862091863,0.2641967734483606,1.5030981302261353,3.785881519317627,-0.9260803461074829,1.5941950550768524e-05,-10706.116145181668,-0.0555511899292469,1294336584602.745,1268203245442.287,6219224855.0
train_tune_10d47_01860_1860,CNN,0.0007622387208978,0.3228798285956005,0.339565953669123,1.6642745733261108,6.158502578735352,-1.300915241241455,1.658692599448841e-05,-1788.9792872388955,0.02870200388133526,4509.063644631013,4509.063644631013,23140735.0
train_tune_10d47_01861_1861,CNN,0.0004469093653154,0.3255996892942795,0.3202295968973995,1.6708359718322754,5.602200508117676,-1.3043529987335205,1.4703146007377654e-05,-3764.5776726901377,0.10030917823314667,102103694959.00134,102620949199.18083,2171784255.0
train_tune_10d47_01862_1862,CNN,0.0010925560972236,0.3681186392857686,0.3989026834560163,2.5855517387390137,8.973836898803711,-3.2490041255950928,3.192018630215898e-05,-2343.6102243855144,-0.05552929639816284,250960.48484523527,249978.76056953514,1319692223.0
train_tune_10d47_01863_1863,CNN,0.000439632906523,0.2986207956099372,0.2977808027034609,1.0751549005508423,3.020540714263916,-0.41093868017196655,3.2269626899505965e-06,-15026.548218316871,0.034085482358932495,8302680982131.314,8249192610626.856,24456841879.0
train_tune_10d47_01864_1864,CNN,0.009421237680887,0.3203433870848108,0.3291508915018034,2.935943126678467,9.177604675292969,-4.328580856323242,2.4050395950325765e-05,-3106.7475603553,0.012293210253119469,225845478.67388606,232515188.06558478,7715297631.0
train_tune_10d47_01865_1865,CNN,0.0044695123923129,0.3229207668267135,0.3509526741481072,0.9671070575714111,3.2193613052368164,-0.38366377353668213,4.494564564083703e-06,-5650.3621173253305,-0.008800966665148735,11314297443.944054,11272596241.902712,11335514871.0
train_tune_10d47_01866_1866,CNN,0.0005558582707688,0.3016628828944542,0.2888115812110011,3.3461551666259766,12.316703796386719,-5.545182228088379,2.9073429686832242e-05,-2880.119109933763,0.102369025349617,106962506.41285977,109798439.87212172,3562830351.0
train_tune_10d47_01867_1867,CNN,0.001513923235216,0.3686572681375106,0.4087751499244402,2.723501682281494,11.475502967834473,-3.700364351272583,2.710770240810234e-05,-2167.2137211134136,0.006277968641370535,167736.87369303848,167816.1584897559,6176246695.0
train_tune_10d47_01868_1868,CNN,0.0005212979584944,0.3337195570656965,0.3482842635442613,1.173764705657959,4.111469745635986,-0.6027307510375977,1.1675972928060219e-05,-3519.8013825825756,-0.03573649376630783,6931659651.608778,6952738121.246819,9743643127.0
train_tune_10d47_01869_1869,CNN,0.000592092278678,0.279910091356111,0.3127713631093497,0.8283676505088806,2.7822670936584473,-0.27048259973526,3.092521637881873e-06,-10998.684982089168,-0.004939935635775328,36914273031.21466,35818077117.39139,3985573463.0
train_tune_10d47_01870_1870,CNN,0.0003959394212685,0.3030856164627094,0.299285443365086,1.8330661058425903,6.54335880279541,-1.5494096279144287,3.264424958615564e-05,-7080.679507323239,-0.09770628809928894,69431665989.75037,69817941114.68974,6218714119.0
train_tune_10d47_01871_1871,CNN,0.0011003480268228,0.2884867489125207,0.2559784161908206,2.2660276889801025,9.114522933959961,-2.5069308280944824,1.719418287393637e-05,-15121.906384010286,0.019300132989883423,773606649407.6882,781225962098.2527,18695542159.0
train_tune_10d47_01872_1872,CNN,0.0015064019156959,0.3065997890374065,0.33791234667172,1.7015457153320312,5.670737266540527,-1.370851993560791,2.8841481253039092e-05,-1794.8001134504,-0.07074274122714996,3328.6797844553803,3328.6797844553803,12026687.0
train_tune_10d47_01873_1873,CNN,0.0051676035971168,0.3070938832010584,0.3503625112886301,1.3680297136306763,5.489589691162109,-0.8810489177703857,1.7280228348681703e-05,-1756.5468757762885,0.012043984606862068,2136.4080977438407,2136.4080977438407,12474055.0
train_tune_10d47_01874_1874,CNN,0.0031233561637545,0.3059653117262964,0.3527313067769425,1.5698943138122559,6.098703861236572,-1.1672980785369873,1.70640523720067e-05,-1862.4350115181771,0.03444288671016693,2444.8941108020563,2444.8941108020563,12025703.0
train_tune_10d47_01875_1875,CNN,0.0006043626849591,0.2489403544315116,0.2799417101413933,1.2325881719589233,5.101019382476807,-0.6988546848297119,5.179144864086993e-06,-4170.681014673547,0.026524804532527924,131957513.00760095,131304353.34601252,12085725823.0
train_tune_10d47_01876_1876,CNN,0.0010247556751626,0.2919915629458685,0.3621511666844917,3.0054433345794678,12.277817726135254,-4.382901191711426,5.700150359189138e-05,-3295.8219700989766,-0.09595158696174622,50188.87059088598,48491.866614894105,73091359.0
train_tune_10d47_01877_1877,CNN,0.0084298365826894,0.3154703033414719,0.3312655597470514,1.7691768407821655,5.872443199157715,-1.4601460695266724,2.3745853468426503e-05,-1819.7294889487016,-0.0954776406288147,4469.056966263184,4469.056966263184,18708511.0
train_tune_10d47_01878_1878,CNN,0.000592092278678,0.3273944022410328,0.333957751684164,1.4397497177124023,3.546867847442627,-0.8776472210884094,2.92975346383173e-06,-7798.63361590747,0.031551115214824677,93095913658.71317,91666350553.93608,6523181199.0
train_tune_10d47_01879_1879,CNN,0.0004108840243155,0.2593986144938707,0.2625932164102776,0.9760848879814148,3.6273157596588135,-0.3955346345901489,1.5582052583340555e-05,-10200.127425150056,-0.03614621236920357,311735122640.1746,320120002681.47253,20242836303.0
train_tune_10d47_01880_1880,CNN,0.0004927845710117,0.3207266719915566,0.3327537385997222,1.3842666149139404,5.577151298522949,-0.9100630879402161,8.994205018098e-06,-8330.55667740445,0.015309416688978672,5911744053.597656,5909839343.032614,9686782343.0
train_tune_10d47_01881_1881,CNN,0.0004408847086486,0.321669289578724,0.3051002519832186,0.7489092946052551,2.145324230194092,-0.1849275678396225,1.6428820117653231e-06,-3811.06519779044,0.016670458018779755,70223840295.85449,71585281541.4244,13500779127.0
train_tune_10d47_01882_1882,CNN,0.0023779334078125,0.3261313791371064,0.3481043646122728,2.1068952083587646,8.106847763061523,-2.1114861965179443,2.4545181076973677e-05,-1577.4872707166642,-0.025671888142824173,5829.557593968379,5829.557593968379,23038399.0
train_tune_10d47_01883_1883,CNN,0.0023689307524548,0.3436617165767051,0.3364433172389204,0.9211553931236267,3.0566439628601074,-0.3181496858596802,2.538700528020854e-06,-9161.076864427016,-0.0006223670206964016,4272341675168.501,4345747926736.1045,14507442495.0
train_tune_10d47_01884_1884,CNN,0.0058045659619152,0.3285299661479672,0.362857296910106,2.894496440887451,12.239828109741211,-4.221195697784424,4.915711178909987e-05,-2329.714728525291,0.09762299060821533,66271.22422224144,63591.71729522428,453682863.0
train_tune_10d47_01885_1885,CNN,0.0005415373807154,0.210665830450406,0.1910227464838419,0.8706930875778198,3.360342502593994,-0.31634294986724854,8.295835868921131e-06,-8225.14531431524,-0.02541256695985794,96644063511.14648,95860971860.86755,1854295407.0
train_tune_10d47_01886_1886,CNN,0.0005933757686913,0.2345225948946468,0.2495908946702659,2.19519305229187,7.562589645385742,-2.3028297424316406,2.3338636310654692e-05,-29641.27603559136,-0.07050929963588715,38486909361124.19,37754161293683.43,40120415887.0
train_tune_10d47_01887_1887,CNN,0.0003959394212685,0.3368800775129733,0.3484173087534144,2.1507134437561035,2.1155824661254883,-0.6518680453300476,1.2357259038253687e-05,-3485.3106746015014,0.017941415309906006,228361864.52708423,215702400.36757958,2400565759.0
train_tune_10d47_01888_1888,CNN,0.0013740296306824,0.3231211928813956,0.3585638152273688,1.558497667312622,5.201872825622559,-1.1264232397079468,1.1046558938687667e-05,-1796.6644099824086,-0.0680168867111206,3735.8234926559,3735.8234926559,17519999.0
train_tune_10d47_01889_1889,CNN,0.0110366834901871,0.2736815096680237,0.3120210122079888,1.9582321643829346,5.752573490142822,-1.8653062582015991,3.8150457839947194e-05,-1817.8806708193836,0.0748576819896698,2466.5012181360603,2466.5012181360603,4509151.0
train_tune_10d47_01890_1890,CNN,0.0074081754949256,0.373204837428806,0.4026077280043941,2.897757053375244,9.997966766357422,-4.110252380371094,3.6880854167975485e-05,-2090.7391195019563,-0.054046425968408585,262541.70481320634,264709.163458653,5401994495.0
train_tune_10d47_01891_1891,CNN,0.0177490008535633,0.3522775898226243,0.363911780644355,2.247184991836548,9.6681489944458,-2.5284197330474854,3.1299896363634616e-05,-2185.2138767822394,-0.06601041555404663,4831499.05040843,4855580.532649044,7280561279.0
train_tune_10d47_01892_1892,CNN,0.0005620024851047,0.3154194197589897,0.3066754733740233,1.436591386795044,5.7418928146362305,-0.9735240340232849,1.0148395631404128e-05,-2521.6957572498823,0.014768962748348713,70910583.01577014,71980324.99966413,4054579647.0
train_tune_10d47_01893_1893,CNN,0.0007633371971388,0.3505398984229486,0.3473292405860379,1.2130327224731445,4.498737812042236,-0.6699668765068054,9.45167357713217e-06,-2526.769930249161,0.04582235962152481,50962198.03338912,52096443.52379404,4607496503.0
train_tune_10d47_01894_1894,CNN,0.000447824746355,0.3093897119914409,0.311612249000103,1.9461524486541748,7.375251293182373,-1.8280291557312012,1.2335614883340895e-05,-10518.238945823261,0.05367680639028549,581480133335.9138,580168730902.0754,15247057223.0
train_tune_10d47_01895_1895,CNN,0.0083877581148579,0.3124161639544973,0.3636333957876298,1.4336118698120117,5.786795139312744,-0.9619224667549133,1.794264608179219e-05,-1794.2135304742046,-0.041934698820114136,3765.461896584772,3765.461896584772,32442687.0
train_tune_10d47_01896_1896,CNN,0.0011299160263268,0.3200737634345661,0.3641441183084341,1.838576316833496,7.390401840209961,-1.607303261756897,1.7787582692108117e-05,-1734.4381505489068,0.02129327692091465,4466.501244045216,4466.501244045216,20703487.0
train_tune_10d47_01897_1897,CNN,0.0030578614726473,0.355694094734805,0.3667103669765582,1.603622317314148,5.350847244262695,-1.1421780586242676,3.274135087849572e-05,-2689.1101739394535,0.07483899593353271,7726998.711899497,7727174.142594372,10471728143.0
train_tune_10d47_01898_1898,CNN,0.0003971581130576,0.3275681839416815,0.3475124215217072,1.3770897388458252,4.408748149871826,-0.8248229026794434,1.03768161352491e-05,-11182.56904254619,0.01640326902270317,37817570924.22306,36985359688.14798,22244281799.0
train_tune_10d47_01899_1899,CNN,0.0096950693515048,0.3575780681368598,0.3842441647162672,3.364171028137207,14.046069145202637,-5.634321689605713,5.611697270069271e-05,-2194.06155495506,-0.09030382335186005,334525.4028075497,337342.6767069718,8952847047.0
train_tune_10d47_01900_1900,CNN,0.0004177936099566,0.3239466102838338,0.3041766828381114,2.1245615482330322,8.263872146606445,-2.1968374252319336,1.650875128689222e-05,-11280.48896117608,0.061185821890830994,1254421612338.225,1280676626081.5625,35475148447.0
train_tune_10d47_01901_1901,CNN,0.0004469093653154,0.2814395693823454,0.2487008468301979,2.666952610015869,11.080674171447754,-3.5293173789978027,3.1199186196317896e-05,-4230.864437900182,0.04260135442018509,365639839.715778,369646197.2511779,1279920623.0
train_tune_10d47_01902_1902,CNN,0.0005341135110788,0.3504861737949986,0.3594803138682134,1.9292871952056885,7.212856769561768,-1.7643349170684814,1.2949167285114527e-05,-2739.6755883507185,0.06042264401912689,10299588.210400801,10391352.423777483,16287708343.0
train_tune_10d47_01903_1903,CNN,0.001802288225348,0.3286741150321618,0.3082782499049776,1.088869333267212,3.556572437286377,-0.5038807392120361,6.8795247898378875e-06,-23292.115890958084,0.017052769660949707,14814079576174.754,14924355909726.064,20374594711.0
train_tune_10d47_01904_1904,CNN,0.0006799876867094,0.2621396759422314,0.2546292045865105,1.060105800628662,3.919851779937744,-0.4714371860027313,3.404036760912277e-06,-4661.934758278962,-0.01138168666511774,66818549.349043444,65036554.48772317,4211051071.0
train_tune_10d47_01905_1905,CNN,0.0009584728758824,0.350989261269412,0.4071648836616359,1.5020110607147217,5.389492988586426,-1.0904672145843506,8.773966328590177e-06,-1946.2900730096599,-0.01383752841502428,220629.92282693885,220385.93006395284,3809363047.0
train_tune_10d47_01906_1906,CNN,0.0038887103089192,0.3157803637703419,0.3599709089666378,1.7033638954162598,7.163236618041992,-1.3938790559768677,1.606449586688541e-05,-1861.2036744889563,0.04801902174949646,3441.428852096529,3441.428852096529,19218847.0
train_tune_10d47_01907_1907,CNN,0.0034772322993024,0.3322268304746009,0.3297425234298619,1.8700783252716064,2.959635019302368,-1.242626667022705,6.286255484155845e-06,-3414.1831088066615,-0.003729572519659996,50575414.41089139,51266007.655745044,3069423551.0
train_tune_10d47_01908_1908,CNN,0.002712970453474,0.2999986442012904,0.3038789358443577,3.7617053985595703,9.344850540161133,-8.309988021850586,6.871540972497314e-05,-1830.6945231027978,0.189394012093544,7005.742662122872,7005.742662122872,6257695.0
train_tune_10d47_01909_1909,CNN,0.0006564249456398,0.3090530706495239,0.359225774427429,2.552138328552246,8.163409233093262,-3.1973249912261963,5.3340459999162704e-05,-3255.113505052541,0.21636804938316345,9254642.050543474,9221681.965793923,4883172087.0
train_tune_10d47_01910_1910,CNN,0.0006915069702431,0.3022967728889089,0.2799638039972421,1.5567935705184937,6.574129104614258,-1.156203269958496,7.160298991948366e-06,-4283.529404787872,0.028830954805016518,1899863456041.22,1937531208883.2158,13703854935.0
train_tune_10d47_01911_1911,CNN,0.0004766479185152,0.2375702544015001,0.2629445820621126,1.1436734199523926,4.148754596710205,-0.5883567333221436,4.67274503535009e-06,-15529.083653932174,-0.016181278973817825,42635992694097.79,42189877289761.48,45001563311.0
train_tune_10d47_01912_1912,CNN,0.004090223075233,0.3481149389125311,0.3577305087075584,1.4867466688156128,2.954782009124756,-0.8294679522514343,1.035447530739475e-05,-2624.9499409177756,0.08786918222904205,158519537.0339623,157556965.73123798,13204854615.0
train_tune_10d47_01913_1913,CNN,0.0004977983404281,0.2653950640076484,0.2772371618764823,0.6376598477363586,1.6091663837432861,-0.10217083990573883,7.249405825859867e-06,-22942.62705349786,0.013593068346381187,144268693505.80548,145300087439.00323,4914825135.0
train_tune_10d47_01914_1914,CNN,0.0003959394212685,0.2858197499387203,0.3005636060705724,0.9751766324043274,2.563971996307373,-0.33197516202926636,3.0207258987502428e-06,-17051.596093554814,-0.015628870576620102,8605563979936.247,8695129910930.997,11613483087.0
train_tune_10d47_01915_1915,CNN,0.0001183058600836,0.3110828755733847,0.3553138339017681,1.7185351848602295,6.836764335632324,-1.4186375141143799,3.415849641896784e-05,-1906.4485928706022,0.0837608128786087,3455.6624932428504,3455.6624932428504,18259519.0
train_tune_10d47_01916_1916,CNN,0.0004423457595629,0.3448870816849849,0.3668532111581081,3.723877429962158,14.766504287719727,-6.938996315002441,5.073045031167567e-05,-3974.0334109838436,0.11868654191493988,18056134.940162882,17940964.051323287,12195617199.0
train_tune_10d47_01917_1917,CNN,0.0004832668841367,0.2777359690475651,0.3187861302828874,0.7845485806465149,2.176257371902466,-0.18619269132614136,3.227819206585991e-06,-12299.962712964392,-0.014400072395801544,542407398219.45,517188839121.82294,7603916423.0
train_tune_10d47_01918_1918,CNN,0.000869292897068,0.3305004397467088,0.3428385605971317,0.9078782200813293,3.490288496017456,-0.3507431149482727,4.651520612242166e-06,-8200.898844106523,-0.010771119967103004,1441353946.102313,1404199532.4081717,12440026063.0
train_tune_10d47_01919_1919,CNN,0.0055115742055787,0.3149897173726467,0.2975865839407123,1.1302688121795654,3.741952419281006,-0.554542064666748,1.1207864190510008e-05,-10940.180314763396,-0.04686110094189644,344850011132.7194,359349794956.3325,19749997247.0
train_tune_10d47_01920_1920,CNN,0.0014323533011962,0.3121644897722008,0.3345160093420889,1.7608604431152344,5.876377105712891,-1.495820164680481,1.2521978533186484e-05,-1711.4542101392867,0.030505172908306122,3320.0118510324255,3320.0118510324255,11771487.0
train_tune_10d47_01921_1921,CNN,0.0011876669328054,0.2798381274730145,0.2628638773105009,2.8705906867980957,2.4056801795959473,-0.6692185997962952,2.7560658054426312e-05,-3073.2501653304607,0.040658775717020035,46254.142782269075,46213.82427082846,176352999.0
train_tune_10d47_01922_1922,CNN,0.0010430940460931,0.329382924659972,0.3430620868256869,0.8998636603355408,2.4981420040130615,-0.2602934241294861,1.864073283286416e-06,-24352.332319645087,0.000950351357460022,28069751453891.727,27925013458681.184,26666994615.0
train_tune_10d47_01923_1923,CNN,0.0032915924186327,0.3276400468515308,0.3624240780789341,1.949117660522461,8.404791831970215,-1.8505862951278687,1.952307684405241e-05,-1747.649678025745,0.02585408464074135,5778.824030255764,5778.824030255764,38173999.0
train_tune_10d47_01924_1924,CNN,0.0002582572182628,0.3421629996647167,0.384556372283315,3.1657052040100098,12.297614097595215,-5.022141456604004,2.827265052474104e-05,-5363.339503514352,0.014886944554746151,492126.1046724478,491835.07205569756,183535591.0
train_tune_10d47_01925_1925,CNN,0.0118356592276627,0.3017998908605018,0.3471702639670218,2.4569404125213623,8.584430694580078,-2.932255268096924,3.15956276608631e-05,-1865.5733743831938,-0.00045235687866806984,4148.645523941252,4148.645523941252,8986015.0
train_tune_10d47_01926_1926,CNN,0.0004759986818498,0.2447244962207214,0.2793725880984675,1.2426215410232544,3.3007254600524902,-0.6210024356842041,5.5068298934202176e-06,-12604.115496767736,0.010429270565509796,258765106076.0175,216455807752.8067,3370711463.0
train_tune_10d47_01927_1927,CNN,0.0006287235775129,0.3319961708327402,0.3399758389245744,1.369056224822998,4.941123962402344,-0.8511053323745728,5.971477548882831e-06,-4277.825330258878,0.020387450233101845,1286235419.4474554,1240038056.7053876,5272520183.0
train_tune_10d47_01928_1928,CNN,0.0012648350224535,0.2918414217255055,0.3319221118676173,1.7221907377243042,6.053969383239746,-1.4052338600158691,1.0869716788874939e-05,-1798.0255864893375,-0.016920022666454315,2979.431183992474,2979.431183992474,10105231.0
train_tune_10d47_01929_1929,CNN,0.0004978548313882,0.2870296164555465,0.2734709977471584,1.2255157232284546,4.332793235778809,-0.6585897207260132,5.307084393280093e-06,-110107.55539804518,0.015837181359529495,67361896392235.77,70925836574448.86,30996890991.0
train_tune_10d47_01930_1930,CNN,0.0131595373546319,0.3017772843898749,0.275115369820478,1.6624584197998047,6.355140686035156,-1.3082172870635986,9.027862688526511e-06,-4459.077043977977,0.051819149404764175,9831899058.859035,9807185520.71162,12917469215.0
train_tune_10d47_01931_1931,CNN,0.0043224572007293,0.2857905306044829,0.2910592979204956,1.440155267715454,5.977808475494385,-0.992871105670929,6.229866812645923e-06,-3263.1037157375554,0.006616839673370123,41645892.88374333,43000881.87736882,2216927687.0
train_tune_10d47_01932_1932,CNN,0.0018816209648958,0.2599793656035767,0.2918172340383663,1.2422807216644287,4.166854381561279,-0.6892449855804443,1.1520454791025259e-05,-11840.036848625274,-0.0400196835398674,192749127965.8449,195120581749.20425,7860931239.0
train_tune_10d47_01933_1933,CNN,0.0041934233232226,0.2983286248965011,0.3537954217301811,1.2854368686676025,5.343009948730469,-0.7692228555679321,1.3608723747893237e-05,-1821.173794997285,0.0035502854734659195,2974.369056089709,2974.369056089709,25150919.0
train_tune_10d47_01934_1934,CNN,0.000592092278678,0.3275007996140092,0.3090249755481297,1.5251667499542236,6.4012064933776855,-1.107392430305481,1.0132896022696514e-05,-2285.452396010032,0.027570025995373726,1499641.5361483751,1488347.2750694945,1638547679.0
train_tune_10d47_01935_1935,CNN,0.0006427509741694,0.3337562847654457,0.3326651822463066,1.446653127670288,1.252495527267456,-0.05505731329321861,3.0484729904856067e-06,-16147.248585048026,-0.00687145721167326,2230557228941.7637,2233786506903.991,27208600095.0
train_tune_10d47_01936_1936,CNN,5.435225697747098e-05,0.356663035705862,0.3606615474510918,3.136425018310547,11.871758460998535,-4.878945350646973,3.0784976843278855e-05,-2344.5737765506883,0.06273957341909409,394776.72160302964,389951.80815672333,5700964247.0
train_tune_10d47_01937_1937,CNN,0.0005794422684798,0.3421555603157679,0.3463095059793692,1.6453297138214111,6.664483070373535,-1.3204560279846191,9.48171509662643e-06,-2975.629160149694,0.03281022235751152,360097255.14099264,354007603.1715883,15725965615.0
train_tune_10d47_01938_1938,CNN,0.0005124394680878,0.3234545608333914,0.3085652944935311,0.48204657435417175,1.5391842126846313,-0.06805729866027832,1.4705962712469045e-05,-5914.772458879024,0.028556309640407562,373410421.16911393,400788727.0610831,10239113991.0
train_tune_10d47_01939_1939,CNN,0.0026175237399405,0.3525142266748466,0.4001478595788285,1.6972782611846924,5.749574661254883,-1.3566043376922607,4.903036096948199e-05,-2091.5884487135813,0.09417678415775299,146559.05407895986,145929.64497675712,1395907519.0
train_tune_10d47_01940_1940,CNN,0.0005558582707688,0.3502507093081657,0.3315786229745118,0.4023817777633667,1.054210901260376,-0.03259216621518135,2.5196288788720267e-06,-22849.56080000436,-0.009609456174075603,821558740641.3904,904378952650.3328,12762284799.0
train_tune_10d47_01941_1941,CNN,0.0052158233836437,0.3271724019890837,0.3459745354704083,1.1378117799758911,3.0516421794891357,-0.5228712558746338,4.888842795480741e-06,-24546.61443989096,-0.0034921704791486263,48510885987.952484,50242909049.53879,6649899359.0
train_tune_10d47_01942_1942,CNN,0.0064154401038082,0.3412092062437844,0.3949196376875643,2.736929416656494,10.0548677444458,-3.649448871612549,2.5641737011028454e-05,-1971.4294526180613,0.017524488270282745,58055.88293646951,59761.3799245009,196897215.0
train_tune_10d47_01943_1943,CNN,0.0004759986818498,0.3059200521823179,0.3062095604631431,1.5326803922653198,1.3298484086990356,-0.21809780597686768,1.0646828741300851e-05,-8096.803915521911,-0.023311270400881767,16867644722.823177,15252189456.468834,7762562615.0
train_tune_10d47_01944_1944,CNN,0.032988687960466,0.3691134311917026,0.3726820146269196,3.2734639644622803,12.518404960632324,-5.214795112609863,6.623447552556172e-05,-1739.0349751709723,-0.1209503710269928,62145.37521304634,62165.0103378477,946301423.0
train_tune_10d47_01945_1945,CNN,0.0003959844246126,0.343198374421477,0.3781062984889594,3.305131196975708,8.289731979370117,-5.846045017242432,8.035854989429936e-05,-2916.1731765837912,-0.16805216670036316,5489224.373360364,5515768.870855238,3114107551.0
train_tune_10d47_01946_1946,CNN,0.0027670989572892,0.3112912283043523,0.3728285765939478,2.0596916675567627,8.549360275268555,-2.0248026847839355,1.8996372091351077e-05,-1778.2769311346142,-0.012400168925523758,4146.635734973053,4146.635734973053,17779855.0
train_tune_10d47_01947_1947,CNN,0.0005329430088761,0.3014967981924761,0.3405540397550088,1.6495330333709717,6.164992809295654,-1.2734345197677612,8.516613888787106e-06,-2277.19754800254,-0.02201724238693714,47999429.50684732,48473618.81870736,3644109191.0
train_tune_10d47_01948_1948,CNN,0.0037078868806896,0.2868722588146687,0.3137585051834535,3.067424774169922,9.079499244689941,-4.904855728149414,4.7796267608646303e-05,-1841.984190032099,-0.0805882066488266,4692.97590592842,4692.97590592842,5222087.0
train_tune_10d47_01949_1949,CNN,0.0005034337464773,0.3343880260061096,0.3427965680985341,1.9368665218353271,7.520509243011475,-1.8155922889709473,1.1377273949619848e-05,-4866.963453701777,-0.03207647427916527,32437262160.303303,33042105968.434826,35687248247.0
train_tune_10d47_01950_1950,CNN,0.0029427771835334,0.3368812439673384,0.3543585285594948,2.9379029273986816,11.402606964111328,-4.27623176574707,4.005379378213547e-05,-2761.985756315546,0.08633650839328766,12562008.424329616,12557041.56372315,8042802975.0
train_tune_10d47_01951_1951,CNN,0.0010700499260024,0.3577669010560967,0.3829750473686825,2.861835241317749,9.999139785766602,-4.044561386108398,3.644176831585355e-05,-2640.076984426099,0.16286826133728027,5118231.066243865,5016073.33392909,7884074583.0
train_tune_10d47_01952_1952,CNN,0.0097283187555014,0.3307429114290555,0.3382504223236539,1.4286863803863525,3.910287618637085,-0.8594565987586975,9.910576409311034e-06,-3141.4733874929693,-0.005597499664872885,2978538.1912734713,2988603.3176929494,998284463.0
train_tune_10d47_01953_1953,CNN,0.0011743600175998,0.2856900884822674,0.3136974153664376,0.7005062699317932,2.6618006229400635,-0.18658338487148285,9.54039023781661e-06,-8280.131499030513,0.015772627666592598,230223275946.48254,226644431409.07904,12957390199.0
train_tune_10d47_01955_1955,CNN,0.0005276276768007,0.262285452081079,0.286386971910043,1.8358473777770996,7.014023780822754,-1.6167112588882446,3.739306703209877e-05,-3287.9031593844247,0.112073615193367,31199143.90194519,31317062.311312433,1706111991.0
train_tune_10d47_01956_1956,CNN,0.0020196301960697,0.3516718566063466,0.3819012558607298,4.528160572052002,16.228500366210938,-10.081123352050781,6.724904960719869e-05,-2426.19770795053,-0.02800951525568962,4523538.575330874,4420323.15664633,7266678111.0
train_tune_10d47_01957_1957,CNN,0.0049152524112757,0.3358515564673543,0.3784638812471004,3.444674491882324,7.67926549911499,-6.728546142578125,3.652907253126614e-05,-2642.213002326211,0.1532944142818451,123890.64181279908,123456.33837476563,348890463.0
train_tune_10d47_01958_1958,CNN,0.0008501019918288,0.2667654893026525,0.2980743933228275,1.766687035560608,5.073577880859375,-1.4384241104125977,1.616644294699654e-05,-4231.192382142827,0.014642424881458282,35101224.88591909,34177328.67758962,567397519.0
train_tune_10d47_01959_1959,CNN,0.0005134882356177,0.2908525704952954,0.2671034450856099,1.0009921789169312,3.4790120124816895,-0.4084363281726837,2.520450379961403e-06,-10913.197254153078,-0.030231932178139687,233656856080.22705,234457570663.84564,15475217455.0
train_tune_10d47_01960_1960,CNN,0.000456213051495,0.290124114722382,0.3044490431316694,2.467590093612671,5.81787109375,-3.237250328063965,2.102734288200736e-05,-1796.8263778709354,0.0010458426550030708,3050.8886389001927,3050.8886389001927,3664831.0
train_tune_10d47_01961_1961,CNN,0.0006850316730936,0.3305555890263707,0.3641383813986339,3.1461801528930664,8.06009578704834,-5.249754428863525,1.6407884686486796e-05,-2895.905117718433,0.10134527087211609,5233576.955165388,5235111.991227325,3854661319.0
train_tune_10d47_01962_1962,CNN,0.000439632906523,0.2958835387035571,0.2938740181617886,0.7781198024749756,2.6238467693328857,-0.23726262152194977,2.959801349788904e-06,-5643.0961356313765,0.006079405080527067,77191812854.87149,78730150474.78287,16296339175.0
train_tune_10d47_01963_1963,CNN,0.00071065519696,0.3520154089660824,0.348056547296651,1.3757433891296387,5.190978050231934,-0.8544365167617798,5.3858452702115756e-06,-3554.765700200219,-0.014626886695623398,20296981.565413762,20358594.7192195,23694583655.0
train_tune_10d47_01964_1964,CNN,0.0047834999139932,0.3668061950227763,0.3909564834125595,4.562801361083984,19.296466827392578,-10.487194061279297,5.333808803698048e-05,-2293.831263619995,-0.006934052798897028,280874.9585838915,280155.179442516,2757084655.0
train_tune_10d47_01965_1965,CNN,0.0005926966600445,0.348401742577542,0.3380603732115383,2.0550899505615234,4.476685523986816,-2.038797616958618,8.065017027547583e-06,-7036.670099665591,-0.03553315997123718,13614811526.840988,13935173151.78268,13269529239.0
train_tune_10d47_01966_1966,CNN,0.0004108840243155,0.2958118133830519,0.2971786390550894,0.8305525779724121,2.420804738998413,-0.23013941943645477,2.321743068023352e-06,-10703.346796097394,0.0009815606754273176,22320272859.095505,20686156980.588413,4935921391.0
train_tune_10d47_01967_1967,CNN,0.0005296155811412,0.3514349138522507,0.3364820698734875,0.7306494116783142,2.29819917678833,-0.17430321872234344,4.82563655168633e-06,-18495.279153200663,0.03264647722244263,613126895246.742,606930305100.8112,12003493623.0
train_tune_10d47_01968_1968,CNN,0.0066576514359196,0.3154249153452058,0.3224378585533546,1.9962360858917236,6.695595741271973,-1.9425477981567383,1.5811559933354147e-05,-1913.3569315796217,-0.008882761001586914,5093.87132723579,5093.87132723579,18263839.0
train_tune_10d47_01969_1969,CNN,0.0249706931316204,0.3264265677902579,0.3170654066292215,1.4490532875061035,4.405243396759033,-0.8884122967720032,1.4540872143697925e-05,-4731.696979794323,-0.04101116955280304,462820739117.59595,463310286298.0985,22952559135.0
train_tune_10d47_01970_1970,CNN,0.0014253487018962,0.3595680031430176,0.3807571244386465,2.6509690284729004,8.33814811706543,-3.484344959259033,2.0755120203830302e-05,-1917.8059433673684,-0.006384247913956642,58726.6108564592,58428.625768518265,284742895.0
train_tune_10d47_01971_1971,CNN,0.0033093996612687,0.3546620477775636,0.3985966929987227,2.48321533203125,4.776976585388184,-3.2142155170440674,1.8840659322449937e-05,-2064.4008348990387,-0.0053058406338095665,62066.29719740411,62306.18257268007,188779911.0
train_tune_10d47_01972_1972,CNN,0.0022523933246823,0.2949208685935267,0.3141483889367084,2.864145517349243,8.064208984375,-4.369829177856445,4.433259891811758e-05,-1791.2159751826348,0.1495586633682251,5250.337615411535,5250.337615411535,7384975.0
train_tune_10d47_01973_1973,CNN,0.0012577428467122,0.3223460543048518,0.3575411001090221,1.412576675415039,5.779346466064453,-0.9510629773139954,1.148257615568582e-05,-1819.277773489549,0.007646053098142147,4763.836765687762,4763.836765687762,46136255.0
train_tune_10d47_01974_1974,CNN,0.0149594668195624,0.3283142504157691,0.3614393386583323,2.5934977531433105,8.729522705078125,-3.390146017074585,3.163421570206992e-05,-1713.8992634907415,-0.03140365704894066,6761.5839442502565,6761.5839442502565,17122551.0
train_tune_10d47_01975_1975,CNN,0.0015630709385251,0.3052025368524952,0.347370213224647,1.5469284057617188,4.080237865447998,-1.0326684713363647,5.8744303714775015e-06,-4516.642936305933,-0.037142034620046616,2788845962.4063597,2754629249.4402027,12233359711.0
train_tune_10d47_01976_1976,CNN,0.0004977983404281,0.2774712615413578,0.2867165287329898,1.3957959413528442,3.776331901550293,-0.8364340662956238,5.672839506587479e-06,-8785.332550538837,-0.0605706162750721,116254274189.78561,118038352761.4245,13580779255.0
train_tune_10d47_01977_1977,CNN,0.000439632906523,0.3335623550140059,0.3244893970850765,2.152627468109131,2.513633966445923,-0.9253106117248535,5.079110906081041e-06,-8291.235173830799,-0.04344060271978378,3358784815.028342,3318264364.5616903,19581051679.0
train_tune_10d47_01978_1978,CNN,0.0132923748662325,0.3254452234443769,0.3690928912529626,1.8876607418060303,7.22996187210083,-1.7055375576019287,1.983784750336781e-05,-1799.5713215330293,0.04544322192668915,4878.469201915685,4878.469201915685,22735687.0
train_tune_10d47_01979_1979,CNN,0.0082063334661216,0.3329128119139347,0.3444655935263735,0.8773162364959717,2.9898297786712646,-0.2802159786224365,3.3632686609053053e-06,-2935.9461396036936,0.03899902477860451,9269594396.162964,8765334260.50698,5251370695.0
train_tune_10d47_01980_1980,CNN,0.0020593443530785,0.3045208611918193,0.3378867755902573,1.2386367321014404,5.11103630065918,-0.7094600200653076,7.270492460520472e-06,-1759.419571512773,-0.012493185698986053,2650.522344773555,2650.522344773555,22037039.0
train_tune_10d47_01981_1981,CNN,0.0005705785258696,0.305258907447589,0.3540946170676518,1.3753950595855713,5.647138595581055,-0.8891449570655823,8.451866960967891e-06,-1785.9047139997901,0.022878190502524376,2599.6337523841917,2599.6337523841917,15701311.0
train_tune_10d47_01982_1982,CNN,0.0004469093653154,0.2958590760388087,0.325890358378756,2.0322742462158203,5.813352584838867,-1.9802778959274292,1.6060912457760423e-05,-5509.918748747349,-0.03776278346776962,4693878810.489389,4857473978.292045,6918479599.0
train_tune_10d47_01983_1983,CNN,0.0036509167206924,0.3452981323906434,0.42470472285767,2.007509708404541,8.071511268615723,-1.9641635417938232,2.0924697309965268e-05,-1646.5734975325583,-0.010624000802636147,114419.95375873179,113862.55942215235,3004255231.0
train_tune_10d47_01984_1984,CNN,0.0005413531634411,0.3488118972668441,0.3916084120935577,2.7228426933288574,6.111902236938477,-4.002118110656738,1.5452445950359106e-05,-2008.9576241241934,0.04507920891046524,1666268.8311355524,1645946.3547161825,1174276191.0
train_tune_10d47_01985_1985,CNN,0.0004482838445116,0.3770761439546059,0.3776068456999879,0.4327048659324646,1.1113113164901733,-0.03640500456094742,1.3764372397417901e-06,-18654.937649970223,0.009993184357881546,258056245460.63123,256957592359.50323,10148862959.0
train_tune_10d47_01986_1986,CNN,0.000439632906523,0.3017422544821874,0.3004494043887573,0.7015451192855835,1.3816267251968384,-0.06956148892641068,1.7222422457052744e-06,-15726.830131999313,0.013530684635043144,195671932885.85303,176929214887.0053,6177245463.0
train_tune_10d47_01987_1987,CNN,0.0101833506413679,0.3389234878421229,0.3595772706839413,2.8722105026245117,10.412510871887207,-4.055486679077148,3.0041803256608546e-05,-2713.1703049370362,-0.042217109352350235,6637960.46257546,6502269.39847317,9459508863.0
train_tune_10d47_01988_1988,CNN,0.0004102532934222,0.3302137581226145,0.3140266808579355,1.4230737686157227,3.350543975830078,-0.8510249853134155,1.7033928088494577e-05,-2957.4884003379134,0.035601913928985596,37293971.71617108,37525018.610084996,5788225919.0
train_tune_10d47_01989_1989,CNN,0.0004177936099566,0.3304442184173436,0.3704530559778088,1.3648386001586914,3.0904436111450195,-0.654291033744812,7.383782758552115e-06,-2866.3882647639703,-0.0012602235656231642,2826978783.059334,2781241424.729134,9375796255.0
train_tune_10d47_01990_1990,CNN,0.0081242593807603,0.2725349135793938,0.2630760327220154,5.598819732666016,8.194979667663574,-21.18425941467285,0.00025426282081753016,-2686.3755977268256,-0.16356176137924194,32398.09902915743,32105.40136072182,3190527.0
train_tune_10d47_01991_1991,CNN,0.0006540052246099,0.3045071893814974,0.3336548947763463,1.4439644813537598,4.810503005981445,-0.922484278678894,6.379385922627989e-06,-14554.751509125921,-0.02231821045279503,3462476492.252338,3544614051.998307,4837465711.0
train_tune_10d47_01992_1992,CNN,0.0004743288062107,0.3360845112352753,0.3406696650726201,1.1487666368484497,2.145141124725342,-0.3698561191558838,4.6484983613481745e-06,-13809.833291493069,0.00019902968779206276,6396206513812.976,6247896503154.439,21035903671.0
train_tune_10d47_01993_1993,CNN,0.0006368083496325,0.3051585680152845,0.333677957429476,5.185571670532227,18.250728607177734,-13.236328125,7.966507109813392e-05,-1816.0072844425579,-0.16124597191810608,72375.93444037743,77263.9136915132,110530415.0
train_tune_10d47_01994_1994,CNN,0.0004834314845741,0.3665456746795882,0.3531370330697832,1.862335205078125,7.032937526702881,-1.650658369064331,1.2804226571461186e-05,-3909.8872157360315,-0.09122387319803238,572252468.8521203,566061890.5059893,29733509399.0
train_tune_10d47_01995_1995,CNN,0.0012694342841982,0.2497502197700432,0.2332451524333028,1.691239356994629,6.855442047119141,-1.3958966732025146,9.110070095630363e-06,-18192.9339616036,0.04886507987976074,20448742158456.25,19937617991018.562,22482993831.0
train_tune_10d47_01996_1996,CNN,0.0039320942471688,0.3199683632526743,0.3290263818803447,1.9624379873275757,6.034175872802734,-1.8776726722717285,2.1325706256902777e-05,-1800.1019318952413,-0.07505835592746735,3695.5256132671525,3695.5256132671525,9719071.0
train_tune_10d47_01997_1997,CNN,0.0012371354089769,0.3712244200502279,0.4065830032533196,1.9804425239562988,8.358966827392578,-1.9526995420455933,2.4987850338220596e-05,-1878.1212819054554,0.06182001531124115,205063.70623788578,203134.65347706285,13321239255.0
train_tune_10d47_01998_1998,CNN,0.0101576547180307,0.3617297164257464,0.3800428041101562,3.284806728363037,12.711532592773438,-5.32714319229126,7.384557102341205e-05,-2415.6976218961113,-0.0975518524646759,9653559.08438357,9616698.054886851,12549233879.0
train_tune_10d47_01999_1999,CNN,0.000842730550609,0.329988305741051,0.3716539525505848,1.6721155643463135,5.097233772277832,-1.3266785144805908,1.3247768947621807e-05,-2587.534617771983,-0.025454193353652954,3655068.603730746,3660418.3101646244,2360558959.0
