model_id,model_type,initial_val_f1_macro,best_val_f1_macro,best_test_f1_macro,grad_norm,snip,grasp,fisher,jacob_cov,plain,synflow,synflow_bn,train_flops
train_tune_571cc_00000_0,TRANSFORMER,0.0288742663108062,0.814264005960763,0.4858056581870817,20.39017677307129,62.809425354003906,-143.11129760742188,0.0055865817703306675,-356302.0195207224,1.9303550720214844,21227.31536229385,21214.038664099127,4145152000.0
train_tune_571cc_00001_1,TRANSFORMER,0.0338120732432126,0.7731734617352531,0.4016017198900461,33.71283721923828,77.67125701904297,-187.4222869873047,0.006115790922194719,-942.8236929570727,6.071165561676025,9324.030531579008,9020.65517108264,1417216000.0
train_tune_571cc_00002_2,TRANSFORMER,0.0364772884410239,0.7642767184425404,0.4898086059540323,21.837360382080078,63.737022399902344,-159.71310424804688,0.002571434946730733,-2649.3773182040823,2.6298017501831055,12892.353945143672,12920.513509337787,1810432000.0
train_tune_571cc_00003_3,TRANSFORMER,0.0496661263988667,0.7807731742905565,0.5412530677071773,42.176856994628906,97.90142822265625,-259.06988525390625,0.007986648939549923,-1038.633727322032,4.879496097564697,15028.800997008751,16322.923081547546,3096576000.0
train_tune_571cc_00004_4,TRANSFORMER,0.0809704043834734,0.7616677760165086,0.5020610342707983,56.26528549194336,137.75656127929688,-607.252197265625,0.018472807481884956,-49034.108819533394,9.573038101196289,12150.618622318698,12476.020583777656,1679360000.0
train_tune_571cc_00005_5,TRANSFORMER,0.0149744059897623,0.7822765428106879,0.4674744407184215,22.883562088012695,42.97271728515625,-121.6807861328125,0.002816394902765751,-290210.65608011885,3.8195242881774902,5556.522802565098,5556.522802565098,964608000.0
train_tune_571cc_00006_6,TRANSFORMER,0.0364186339302395,0.7683290061211787,0.5085844266527386,54.65609359741211,120.21302032470703,-711.1311645507812,0.005791733972728252,-702.8402783148922,6.757067680358887,5443.918907403873,5421.021642833059,1679360000.0
train_tune_571cc_00007_7,TRANSFORMER,0.0386967837821381,0.785995334025745,0.5043352015473793,30.268226623535156,75.01824188232422,-129.8648223876953,0.005029707681387663,-1615.187123510396,3.6470932960510254,16604.549514422368,16631.204362281424,3096576000.0
train_tune_571cc_00008_8,TRANSFORMER,0.035807527465894,0.7768396931436928,0.504633567074437,89.57704162597656,224.47909545898438,-1544.027099609375,0.017740583047270775,-2483281.671377164,7.758169174194336,27215.520193220593,27215.520193220593,3620864000.0
train_tune_571cc_00009_9,TRANSFORMER,0.0356704561314394,0.8062343984444468,0.5245793878120975,32.05219650268555,93.66545104980469,-224.05813598632812,0.005397295579314232,-512.0885541721192,3.989295482635498,19001.822082870178,19672.004091175677,2715648000.0
train_tune_571cc_00010_10,TRANSFORMER,0.02301953423024,0.7709629874571148,0.4867978966202184,71.9563217163086,178.58570861816406,-1158.837158203125,0.01882435381412506,-3855.3562936700314,9.481943130493164,15665.366794320109,15659.09195135345,1679360000.0
train_tune_571cc_00011_11,TRANSFORMER,0.0380466132986227,0.7734878918874006,0.5113603115118664,32.083770751953125,84.9413070678711,-148.14772033691406,0.011573276482522488,-53187.773704226696,5.287303447723389,16589.636642191817,19527.478747518293,3096576000.0
train_tune_571cc_00012_12,TRANSFORMER,0.0047809673998756,0.7899242112407534,0.4309638668681518,62.08860778808594,181.19947814941406,-575.4676513671875,0.007629252504557371,-2587.170145602779,1.8572601079940796,54147.803386251966,55923.978105521994,8290304000.0
train_tune_571cc_00013_13,TRANSFORMER,0.0113488663658852,0.8121216419722201,0.5134899634652557,16.87270164489746,34.066856384277344,-95.65557098388672,0.0018145269714295864,-933.5949396832501,2.272569179534912,5082.728825644744,4611.752418495963,708608000.0
train_tune_571cc_00014_14,TRANSFORMER,0.0713715798204934,0.7909159897221804,0.5671832576647741,29.854429244995117,99.82005310058594,-99.67874908447266,0.024084189906716347,-84966.95716005491,4.545836448669434,33162.264278072646,33210.02297294122,6217728000.0
train_tune_571cc_00015_15,TRANSFORMER,0.0119287356610672,0.786284680239922,0.5185388175893987,15.96897029876709,36.17780685424805,-76.63396453857422,0.002308816881850362,-666.540228400287,2.3577752113342285,5143.342073970602,4803.250053173806,708608000.0
train_tune_571cc_00016_16,TRANSFORMER,0.0372105935279795,0.7984332051495854,0.516497264126729,34.5433349609375,90.82025146484375,-307.57403564453125,0.003093468025326729,-949.799145577073,4.162388801574707,12511.89548098727,12428.372911295734,2715648000.0
train_tune_571cc_00017_17,TRANSFORMER,0.0326238958438472,0.7458469148206435,0.5165646163515117,21.61713981628418,44.688804626464844,-134.5055694580078,0.0019500417402014136,-2858.5294173200355,2.95961332321167,4778.369392729504,4898.62444073304,1062912000.0
train_tune_571cc_00018_18,TRANSFORMER,0.0233714275436461,0.7767425670085739,0.4768205130873526,40.30145263671875,99.58378601074219,-522.3702392578125,0.009747818112373352,-633.9173199646823,6.375855445861816,10112.466515122374,9773.681678222463,1259520000.0
train_tune_571cc_00019_19,TRANSFORMER,0.0122224693186777,0.779813525091,0.5678010255755687,16.553781509399414,42.74180603027344,-64.5267105102539,0.004182126838713884,-696.6816688339684,2.0447163581848145,8670.293816372996,8835.511666063745,1548288000.0
train_tune_571cc_00020_20,TRANSFORMER,0.042730008863208,0.7526585403365346,0.5016132534500234,36.76890182495117,81.60490417480469,-433.9478759765625,0.0034919988829642534,-2858.68440301782,5.273067474365234,5649.297173536916,5732.532195723018,1259520000.0
train_tune_571cc_00021_21,TRANSFORMER,0.0679770450596262,0.806576923606746,0.5762002022667535,23.165857315063477,78.82732391357422,-77.97462463378906,0.019207557663321495,-169302.98560801207,3.377180814743042,23006.536236372423,22420.273206849564,4145152000.0
train_tune_571cc_00022_22,TRANSFORMER,0.0185087552914024,0.7850552936517223,0.4595776610059037,19.791301727294922,36.4067497253418,-97.54871368408203,0.0026438168715685606,-62639.075419050394,3.767024517059326,4724.093689773974,4724.093689773974,964608000.0
train_tune_571cc_00023_23,TRANSFORMER,0.0257956455030649,0.7640188166385994,0.4368082813616918,46.46438217163086,115.48648071289062,-691.9244384765625,0.009992385283112526,-2586.8617688373397,6.59962797164917,11346.020350477504,11362.004607266612,1259520000.0
train_tune_571cc_00024_24,TRANSFORMER,0.034756402899464,0.8265150383306507,0.5074771684790085,54.05813980102539,139.94850158691406,-599.5899658203125,0.005622930359095335,-574.2482575809968,5.643365859985352,14555.227571121644,14543.820823728742,3620864000.0
train_tune_571cc_00025_25,TRANSFORMER,0.0190318490829999,0.8247006626238518,0.5125511501626353,67.4503402709961,185.4260711669922,-1217.9638671875,0.006322104949504137,-1098520.983717421,3.419529914855957,41391.86651452909,41391.86651452909,8290304000.0
train_tune_571cc_00026_26,TRANSFORMER,0.085699808602887,0.7772844908287443,0.4987067541798388,43.97163772583008,153.0331573486328,-207.0135955810547,0.014312597922980785,-904.4203543182617,3.2904205322265625,53312.28203326794,51263.09755673603,8290304000.0
train_tune_571cc_00027_27,TRANSFORMER,0.0313478340354357,0.8083271513291166,0.5941255076730673,43.767913818359375,116.85940551757812,-375.4347229003906,0.011329928413033485,-53110.719983926756,5.493219375610352,15955.780637911663,16937.73456731586,2715648000.0
train_tune_571cc_00028_28,TRANSFORMER,0.0267141253262898,0.7983831808860221,0.5564193060925233,14.956035614013672,35.99095153808594,-72.91978454589844,0.0019197427900508046,-118923.95077926402,1.9634852409362793,8090.053250493065,7882.7742801923105,1548288000.0
train_tune_571cc_00029_29,TRANSFORMER,0.0184322076344641,0.7680991602676345,0.3842031720043648,27.72144317626953,63.835426330566406,-183.66860961914062,0.0033345967531204224,-3562.290324231825,3.9236936569213867,8008.082214319852,7982.824238558951,1062912000.0
train_tune_571cc_00030_30,TRANSFORMER,0.0239094280827761,0.8113762923205466,0.4492659935807275,23.111080169677734,70.32417297363281,-202.82159423828125,0.007331785745918751,-161745.7338368134,2.3146872520446777,23052.354723240987,22222.39261952122,4145152000.0
train_tune_571cc_00031_31,TRANSFORMER,0.0493214970647144,0.7472138788699526,0.5098829729742742,36.905818939208984,86.69144439697266,-411.991943359375,0.004045695997774601,-174716.35057508328,5.2611165046691895,8837.782147668973,8839.812175535097,1259520000.0
train_tune_571cc_00032_32,TRANSFORMER,0.0842168280537285,0.8061376315193645,0.4566547171745511,46.81706619262695,160.48056030273438,-275.87744140625,0.012707240879535675,-4441.96938864526,3.127814769744873,56946.534270923745,57136.10336451121,8290304000.0
train_tune_571cc_00033_33,TRANSFORMER,0.0358143328567313,0.7914341020902688,0.5664063769422477,69.62626647949219,185.20599365234375,-927.307373046875,0.017658257856965065,-38854.61913607968,7.602867603302002,23041.098354869064,23011.322353849613,3620864000.0
train_tune_571cc_00034_34,TRANSFORMER,0.01722255327047,0.7856648913648998,0.5358293012299352,30.755617141723633,67.22013854980469,-213.46322631835938,0.002621372928842902,-3329.2011383673403,3.483286142349243,13002.846371823078,13074.014653510243,3096576000.0
train_tune_571cc_00035_35,TRANSFORMER,0.113851819512047,0.7474383426229317,0.4810201266978356,39.626426696777344,96.54096221923828,-372.9480285644531,0.009860099293291569,-979.6984595041579,6.536422252655029,7221.182886761657,7161.984603537426,1259520000.0
train_tune_571cc_00036_36,TRANSFORMER,0.0349373087230673,0.8091606325738203,0.5269348130988704,87.5011978149414,229.5961151123047,-1558.6971435546875,0.019653229042887688,-582786.0800303057,8.403666496276855,24467.451496521746,24513.66016733177,3620864000.0
train_tune_571cc_00037_37,TRANSFORMER,0.0361801805357631,0.7852298051296761,0.5129199919546997,45.82706069946289,123.536865234375,-391.16278076171875,0.00467408774420619,-424.8120984025584,5.069330215454102,11453.313355453418,11639.422218801517,3620864000.0
train_tune_571cc_00038_38,TRANSFORMER,0.1036267915471854,0.7459033257209494,0.4200850674322425,33.75318145751953,80.13804626464844,-238.28982543945312,0.008148087188601494,-1042.9213363934405,5.798469066619873,7178.453317964964,7124.994215260885,1259520000.0
train_tune_571cc_00039_39,TRANSFORMER,0.1139933970894558,0.74732227098942,0.4068311100026509,43.217838287353516,104.07504272460938,-439.96795654296875,0.010702786035835743,-44665.04880035943,7.08591365814209,8814.081913363585,8814.081913363585,1259520000.0
train_tune_571cc_00040_40,TRANSFORMER,0.0337288200618787,0.7710074717691949,0.5485397808836846,37.85013961791992,115.46563720703125,-218.87411499023438,0.008524002507328987,-576.703596914037,6.461516857147217,20635.744719266448,20714.26102354295,3620864000.0
train_tune_571cc_00041_41,TRANSFORMER,0.0392686657074222,0.7856226520242836,0.5157281324894556,48.25429916381836,143.97483825683594,-413.39288330078125,0.008738544769585133,-618.5999869945052,5.827352523803711,26816.086321923533,27199.705598640277,3620864000.0
train_tune_571cc_00042_42,TRANSFORMER,0.0178211169192989,0.7734161200799456,0.4924425459056561,15.205598831176758,27.54275131225586,-59.292335510253906,0.0018931168597191572,-1099.0029273769958,3.0454063415527344,2842.052450669839,2836.7448738346443,964608000.0
train_tune_571cc_00043_43,TRANSFORMER,0.0802863983189705,0.7475843276557451,0.4807073221489471,63.151214599609375,151.75819396972656,-782.0618286132812,0.01793551631271839,-103324.96644118444,9.713138580322266,12645.13172671276,13070.557299029957,1679360000.0
train_tune_571cc_00044_44,TRANSFORMER,0.0249883085874686,0.7615991339643328,0.4658004381095184,20.105195999145508,38.07630157470703,-84.15861511230469,0.0033811856992542744,-119238.57558109768,4.3581037521362305,4867.4269320933045,4706.163984343214,964608000.0
train_tune_571cc_00045_45,TRANSFORMER,0.0336999732900133,0.7491174745779842,0.467378030060483,19.32114028930664,41.05009078979492,-107.85401916503906,0.0016865428769961,-1117.591172054265,2.7145557403564453,4045.277501663546,4012.8004586810994,1062912000.0
train_tune_571cc_00046_46,TRANSFORMER,0.0258673137179227,0.7727655988902168,0.4614425623327844,19.883716583251953,37.842254638671875,-81.23137664794922,0.003275940427556634,-112736.90265488366,4.263623237609863,4866.22283917119,4699.172362911723,964608000.0
train_tune_571cc_00047_47,TRANSFORMER,0.0342659804287509,0.744349877756383,0.389122500985,26.82085609436035,61.529571533203125,-116.44560241699219,0.0036767860874533653,-904.5260069675628,3.6368818283081055,7383.570443768274,7392.960681692027,1417216000.0
train_tune_571cc_00048_48,TRANSFORMER,0.091930275778432,0.7846624116157906,0.5093187140063292,49.14470291137695,171.49545288085938,-304.5950927734375,0.012764793820679188,-3235.7854441257973,3.257643222808838,63737.52033073696,63867.50429119033,8290304000.0
train_tune_571cc_00049_49,TRANSFORMER,0.0536658448525813,0.788509026510705,0.4447865419328989,28.746429443359375,87.1614761352539,-250.34002685546875,0.00309203565120697,-9669.996194598249,1.2754786014556885,24150.502615037494,24183.422130412524,4145152000.0
train_tune_571cc_00050_50,TRANSFORMER,0.0128737802958766,0.8197140359079474,0.4105839087246517,20.281536102294922,60.73765563964844,-168.56993103027344,0.003024609526619315,-844.7270934102492,1.559114933013916,13078.38102786822,13092.561730993664,4145152000.0
train_tune_571cc_00051_51,TRANSFORMER,0.0346787253637117,0.7484024317817403,0.4828716875896594,18.259485244750977,39.17757797241211,-95.86769104003906,0.001548695843666792,-890.0344724468424,2.523197650909424,3663.4185053868237,3757.2795505291438,1062912000.0
train_tune_571cc_00052_52,TRANSFORMER,0.0870186487152392,0.7883778921161723,0.4293012589962495,43.67737579345703,128.77366638183594,-372.0058288574219,0.0048349653370678425,-1995.447313508556,1.1243045330047607,38203.43357755257,36860.815443636086,6217728000.0
train_tune_571cc_00053_53,TRANSFORMER,0.0235631620919852,0.8088699824962569,0.4301427082714859,19.512378692626953,51.84748077392578,-137.99453735351562,0.0015401613200083375,-25029.07683705536,2.7096452713012695,9321.48937080124,9320.854693622165,1810432000.0
train_tune_571cc_00054_54,TRANSFORMER,0.0336416972699874,0.7792594853928668,0.5797536945891509,35.29387283325195,108.48526763916016,-188.53628540039062,0.00771391810849309,-446.2765282285956,6.009335041046143,17962.74699238156,18054.674337515717,3620864000.0
train_tune_571cc_00055_55,TRANSFORMER,0.0392686657074222,0.7848107760163409,0.526586294928098,44.23357391357422,125.9410400390625,-303.2154235839844,0.009507493115961552,-433.3157449057244,6.125572204589844,26076.224562102256,26083.30999981885,3620864000.0
train_tune_571cc_00056_56,TRANSFORMER,0.0509311948395336,0.7874278211111698,0.4670087085563689,24.177108764648438,46.55128479003906,-100.54779815673828,0.006015177816152573,-1074.7209999586507,4.613901138305664,6040.759032017825,6108.749969250349,1286144000.0
train_tune_571cc_00057_57,TRANSFORMER,0.0297240210494119,0.8018161844425097,0.5390976563207944,23.159164428710938,57.61317443847656,-277.734130859375,0.00282471114769578,-4302.801560556428,3.453988552093506,6222.539385660776,6224.1499646593265,839680000.0
train_tune_571cc_00058_58,TRANSFORMER,0.020896211402952,0.8267276474974367,0.5224339991578882,46.504638671875,136.2161407470703,-707.114501953125,0.011277146637439728,-84290.0649139564,3.565356969833374,35173.897856792646,34507.94344120322,6217728000.0
train_tune_571cc_00059_59,TRANSFORMER,0.0693072000038925,0.8132510982677466,0.5881158827185572,34.54896926879883,119.64498138427734,-177.1986083984375,0.021457763388752937,-152654.9815175516,4.366462707519531,35949.993271702406,35191.71359121342,6217728000.0
train_tune_571cc_00060_60,TRANSFORMER,0.0149744059897623,0.7841009990183991,0.4168628695294067,20.190141677856445,38.506797790527344,-84.92236328125,0.0029984365683048964,-1615.9529033522247,3.8810336589813232,4996.399628482461,5301.017976412658,964608000.0
train_tune_571cc_00061_61,TRANSFORMER,0.0324983414664277,0.7826185116364469,0.5479401063339038,21.176156997680664,54.863040924072266,-70.02264404296875,0.0025117110926657915,-544.9411738615877,2.3364980220794678,10975.780215590295,10889.051596738449,2322432000.0
train_tune_571cc_00062_62,TRANSFORMER,0.0195226622785909,0.8205798844776849,0.4951064780016154,43.5479621887207,129.97247314453125,-572.1192626953125,0.011917480267584324,-52358.604459003676,3.612226963043213,33878.07000648454,35277.05381863976,6217728000.0
train_tune_571cc_00063_63,TRANSFORMER,0.0186813550384925,0.7925771298582777,0.4511340751093464,10.10281753540039,19.282123565673828,-37.45448684692383,0.0012412738287821412,-2764.189451309204,2.1940784454345703,2563.7600075354007,2579.507249175404,643072000.0
train_tune_571cc_00064_64,TRANSFORMER,0.0870186487152392,0.8048186015335718,0.531939514588794,38.1611328125,116.28285217285156,-251.74667358398438,0.006289083510637283,-881.2002882063166,1.3976386785507202,34284.001527398825,32857.173648171294,6217728000.0
train_tune_571cc_00065_65,TRANSFORMER,0.0952244726731229,0.7332433596482705,0.5018521501416354,52.8100471496582,122.06814575195312,-495.86846923828125,0.013727578334510326,-1229.4813237301423,8.44821834564209,10089.860686352124,10088.903591338947,1679360000.0
train_tune_571cc_00066_66,TRANSFORMER,0.0709646690208217,0.780547475639119,0.5427808957307735,22.431978225708008,73.31549835205078,-82.91551971435547,0.008370883762836456,-37453.78186368678,2.300715923309326,22345.17485873213,22345.17485873213,4145152000.0
train_tune_571cc_00067_67,TRANSFORMER,0.0143829156561573,0.8066859507514712,0.5350921470307278,33.26799392700195,92.94367218017578,-262.87701416015625,0.007536561693996191,-437.5102422928256,3.5121207237243652,17546.63204826731,16929.12754953295,2715648000.0
train_tune_571cc_00068_68,TRANSFORMER,0.0612231929015267,0.7731829588596396,0.4939851112714974,34.958831787109375,120.41178894042969,-190.04624938964844,0.008828433230519295,-913.9709319417334,2.6283774375915527,40057.9631428411,40133.06184002036,6217728000.0
train_tune_571cc_00069_69,TRANSFORMER,0.0279210782232088,0.7860159292687717,0.4270784849594044,22.86048698425293,57.53742599487305,-252.39222717285156,0.004023211542516947,-1126.809263101142,3.55411696434021,7405.136022817432,7206.3435175598515,839680000.0
train_tune_571cc_00070_70,TRANSFORMER,0.0489763108796954,0.7481600045164147,0.4495874583068053,21.83754539489746,52.055458068847656,-73.18254852294922,0.004854292143136263,-166431.85332757438,4.289614200592041,6155.647629526641,6015.831740010723,1062912000.0
train_tune_571cc_00071_71,TRANSFORMER,0.0677870348471572,0.7970382403928943,0.5569640269697952,48.091033935546875,169.62890625,-343.022705078125,0.02982739359140396,-119209.6471196689,5.993478775024414,50289.847975834986,51146.578626508315,8290304000.0
train_tune_571cc_00072_72,TRANSFORMER,0.0799067843731438,0.7859336063776864,0.5403651648203674,32.88829040527344,110.21208190917969,-171.1071014404297,0.011827175505459309,-36193.08134104494,3.4082562923431396,35234.761974382825,35234.761974382825,6217728000.0
train_tune_571cc_00073_73,TRANSFORMER,0.0102133613151451,0.8019432881939164,0.5130761145582688,20.84164047241211,47.80229949951172,-121.03541564941406,0.003215494565665722,-1153.857360667556,1.827752709388733,7655.045938759204,8086.117568756545,1548288000.0
train_tune_571cc_00074_74,TRANSFORMER,0.0645554362619595,0.7436966430739099,0.4945381454232423,21.067930221557617,53.170066833496094,-108.0716781616211,0.006053423974663019,-249634.14808377656,4.056735515594482,5532.079678246782,5661.629210599601,839680000.0
train_tune_571cc_00075_75,TRANSFORMER,0.0806297368912451,0.8004139184841996,0.4849172336524223,41.4422607421875,121.6977310180664,-322.6081237792969,0.0054583437740802765,-1323.1485954606496,1.4091377258300781,37146.057744862694,37226.62762391325,6217728000.0
train_tune_571cc_00076_76,TRANSFORMER,0.0323400265058969,0.7651733331088497,0.5260497211194336,32.909488677978516,84.01107025146484,-165.46539306640625,0.005011121276766062,-1428.415100430424,4.040517330169678,17908.505932324366,17826.69804911336,3096576000.0
train_tune_571cc_00077_77,TRANSFORMER,0.0307646779620629,0.8140878331956484,0.5432644505488176,31.097043991088867,81.63124084472656,-277.1505432128906,0.0026751209516078234,-509.4262221909805,3.8461074829101562,9727.658266920402,9678.056379996551,2715648000.0
train_tune_571cc_00078_78,TRANSFORMER,0.0243706692505374,0.7614112779609074,0.4931736966510737,48.345787048339844,96.78529357910156,-431.26953125,0.007170420605689287,-165109.36745512404,6.86014461517334,9068.383516362042,9065.507284847032,1417216000.0
train_tune_571cc_00079_79,TRANSFORMER,0.0211417312706383,0.8031244328220001,0.5311801548025741,13.787959098815918,29.377582550048828,-55.50873947143555,0.002001154236495495,-142240.40682424954,3.110832452774048,3801.1826102917453,3892.7186992000416,708608000.0
train_tune_571cc_00080_80,TRANSFORMER,0.0517952628256398,0.7836520020704515,0.5558387241474535,31.501588821411133,108.74304962158203,-151.0089111328125,0.009258213452994823,-657.9165605640999,2.523918390274048,38335.312862323415,36675.7821151288,6217728000.0
train_tune_571cc_00081_81,TRANSFORMER,0.0198996440127699,0.7588553970365352,0.4633865455175805,8.631442070007324,19.063705444335938,-22.047555923461914,0.0006654352182522416,-1282.854652662355,1.4808722734451294,2350.0845197439194,2352.6946629804356,708608000.0
train_tune_571cc_00082_82,TRANSFORMER,0.0267981316407132,0.7659189551516152,0.5090845556649083,22.907859802246094,71.33417510986328,-105.74871063232422,0.009282942861318588,-581790.5200019431,4.323664665222168,11054.856053279063,11721.529710417128,1810432000.0
train_tune_571cc_00083_83,TRANSFORMER,0.0374920104922498,0.8018510663648438,0.5284661224753097,28.90814781188965,87.79914855957031,-145.76632690429688,0.005678077228367329,-11142.169838866384,5.041202545166016,17079.264919363413,17085.09662244884,2715648000.0
train_tune_571cc_00084_84,TRANSFORMER,0.0228546420448278,0.8112780812273903,0.4498151778036905,32.18946838378906,92.05235290527344,-335.978759765625,0.003537073964253068,-940.9109879154291,2.0279715061187744,20204.630860904475,20332.760440774662,6217728000.0
train_tune_571cc_00085_85,TRANSFORMER,0.0375312276059036,0.7769027455858466,0.5710682710691818,17.164182662963867,50.38658905029297,-56.35795593261719,0.003120043547824025,-786.1080263171801,3.0157365798950195,9250.991646242242,9325.703464781809,1810432000.0
train_tune_571cc_00086_86,TRANSFORMER,0.0337714181817877,0.7713337822187715,0.4662839077208913,12.137165069580078,23.505264282226562,-42.981544494628906,0.002264636103063822,-222438.61859154975,3.155308961868286,3511.9820648805694,3183.479479128914,643072000.0
train_tune_571cc_00087_87,TRANSFORMER,0.0953281047181325,0.7768863348582901,0.5186182221927834,20.896419525146484,65.57183074951172,-65.8370361328125,0.007751246448606253,-1827.9272902497012,2.1315958499908447,20300.966995356746,20354.036549230073,4145152000.0
train_tune_571cc_00088_88,TRANSFORMER,0.0335175439790378,0.7714934882607084,0.3982954734199879,34.30318069458008,80.14971923828125,-209.13818359375,0.0056409090757369995,-919.3620973418518,5.702963829040527,10150.966651102646,10626.890036608507,1417216000.0
train_tune_571cc_00089_89,TRANSFORMER,0.0243706692505374,0.7831459892437665,0.5096809309146866,44.0841064453125,88.12247467041016,-349.1275634765625,0.007457396015524864,-48144.26660092542,6.634681224822998,8487.908022965263,8564.091684194442,1417216000.0
train_tune_571cc_00090_90,TRANSFORMER,0.0653141516802159,0.7926615655431589,0.5601980263268737,45.41401672363281,159.38632202148438,-285.1571044921875,0.03420685604214668,-66733.43996443479,6.035219192504883,47163.4159992953,48418.41653450674,8290304000.0
train_tune_571cc_00091_91,TRANSFORMER,0.010317292064165,0.802120935719016,0.4969628918316772,25.990055084228516,58.14513397216797,-204.9510955810547,0.0031089014373719692,-12129.944903231506,1.9669716358184814,10371.665463569097,10400.39014999087,1548288000.0
train_tune_571cc_00092_92,TRANSFORMER,0.0221694491608625,0.7889383415100287,0.5713798722142845,21.200647354125977,64.59239196777344,-85.93501281738281,0.010139435529708862,-325515.2161695756,4.443087577819824,10274.25789049977,10764.233452558143,1810432000.0
train_tune_571cc_00093_93,TRANSFORMER,0.073057760834234,0.7849157163708207,0.5321061223249025,22.231426239013672,71.20552825927734,-68.09523010253906,0.015399640426039696,-162577.8839527856,3.3800811767578125,21289.91997163874,21712.594972860337,4145152000.0
train_tune_571cc_00094_94,TRANSFORMER,0.0566646579224564,0.7735173033223535,0.5046304821319478,22.658023834228516,56.92390060424805,-133.90423583984375,0.006806768476963043,-174039.26770977164,4.285844802856445,5844.832026159291,6127.888617507093,839680000.0
train_tune_571cc_00095_95,TRANSFORMER,0.0321527324297016,0.780873466727883,0.4828989027885085,26.756046295166016,61.39891815185547,-162.77838134765625,0.0035514801274985075,-1450.2293657557152,4.037158489227295,8409.643163324852,7379.389294267734,1062912000.0
train_tune_571cc_00096_96,TRANSFORMER,0.0686381908273971,0.7943055012709754,0.563108642070678,32.91469192504883,113.91468811035156,-142.22872924804688,0.025285962969064713,-83174.22571830837,4.782510757446289,35108.92023848931,35718.07848874439,6217728000.0
train_tune_571cc_00097_97,TRANSFORMER,0.0143829156561573,0.8070503586974894,0.5198505359810482,37.78866195678711,99.15266418457031,-317.44183349609375,0.006311733741313219,-472.8896933604025,3.4597625732421875,16994.024827375946,17084.526106744077,2715648000.0
train_tune_571cc_00098_98,TRANSFORMER,0.0874605858947912,0.7783460846562886,0.5489542514963374,27.463045120239258,88.43419647216797,-99.29202270507812,0.010003185831010342,-627.3771603912139,2.786038637161255,28440.386505595776,28176.52505248069,6217728000.0
train_tune_571cc_00099_99,TRANSFORMER,0.0525809922722887,0.7673041573812768,0.496809624779638,17.348556518554688,35.102073669433594,-46.11662673950195,0.007175206672400236,-88640.61421799606,4.501150608062744,5275.651588758512,4992.639067839391,964608000.0
train_tune_571cc_00100_100,TRANSFORMER,0.0316263688318662,0.8274029979102685,0.5882529970172754,45.79840087890625,117.56183624267578,-390.944091796875,0.010985011234879494,-52272.763030674294,5.380162715911865,17244.179314732137,16664.4811480474,2715648000.0
train_tune_571cc_00101_101,TRANSFORMER,0.0289265099446599,0.8096237752257961,0.5290973017732631,52.85675048828125,144.2735137939453,-688.89501953125,0.011512135155498981,-160871.46841026083,6.026943206787109,16607.91787188022,16719.142255150975,2715648000.0
train_tune_571cc_00102_102,TRANSFORMER,0.103397524312396,0.7941763596059905,0.5611946690842521,21.265737533569336,66.85600280761719,-68.84773254394531,0.007848474197089672,-65299.155989373285,2.1488819122314453,20968.40413899936,20971.456764941035,4145152000.0
train_tune_571cc_00103_103,TRANSFORMER,0.0092954423703466,0.7970052250531157,0.4373029528503665,26.813488006591797,57.798431396484375,-158.08885192871094,0.003230660455301404,-1808.4166854119057,4.373936653137207,6771.723989596439,6666.2991310391935,1062912000.0
train_tune_571cc_00104_104,TRANSFORMER,0.0231280402536182,0.8205085878681295,0.5846042614514163,28.215240478515625,65.99880981445312,-420.02557373046875,0.004751342348754406,-2172.4105985893952,4.215299606323242,7131.933032227724,6621.1548419986,839680000.0
train_tune_571cc_00105_105,TRANSFORMER,0.075570090087289,0.7839121705132582,0.5479589900555141,48.3032341003418,170.32510375976562,-278.5711975097656,0.013910774141550064,-1297.425326618912,3.4957196712493896,57642.237851598875,59974.436767233,8290304000.0
train_tune_571cc_00106_106,TRANSFORMER,0.0445619635834243,0.7776886592066653,0.5336112786898247,32.60258483886719,75.73748016357422,-163.22793579101562,0.006871948949992657,-272844.9682693281,5.412326335906982,8637.96755694512,8624.833080650747,1417216000.0
train_tune_571cc_00107_107,TRANSFORMER,0.0797324805095226,0.7554088351932472,0.4775500449806305,61.21858596801758,147.6771240234375,-719.8914794921875,0.01815248280763626,-74951.26828661778,9.503104209899902,12250.60135294113,13007.648018369007,1679360000.0
train_tune_571cc_00108_108,TRANSFORMER,0.0577786294591348,0.807263858731378,0.5216417286978704,37.28075408935547,95.42192077636719,-215.72747802734375,0.010401859879493713,-2210.6129744042028,5.06771993637085,19922.112791336956,20406.36602603817,3096576000.0
train_tune_571cc_00109_109,TRANSFORMER,0.0382021815767336,0.7787493646378539,0.5694545766707418,33.56308364868164,89.35123443603516,-171.32325744628906,0.009919348172843456,-69253.34849643824,5.170220375061035,19819.86018612595,19174.740678383117,3096576000.0
train_tune_571cc_00110_110,TRANSFORMER,0.0392686657074222,0.7878483114473273,0.5615360800291314,41.263919830322266,118.87235260009766,-261.6451110839844,0.010227189399302006,-398.27402066139297,5.971834182739258,25042.92487032358,25727.392324524997,3620864000.0
train_tune_571cc_00111_111,TRANSFORMER,0.0539196195181344,0.7456484089879988,0.5136015401714632,38.61072540283203,93.87755584716797,-343.6138916015625,0.011155213229358196,-92906.6831810333,6.559064865112305,8476.484792775578,9780.342414524634,1259520000.0
train_tune_571cc_00112_112,TRANSFORMER,0.0232535175921657,0.7931652849290822,0.5667433445970739,42.02388000488281,122.17371368408203,-312.8879699707031,0.009082086384296417,-448.15132171609366,3.7808127403259277,22044.781820315093,22477.37751369034,3620864000.0
train_tune_571cc_00113_113,TRANSFORMER,0.0119287356610672,0.786103357558375,0.4677970065541386,17.651058197021484,38.98456573486328,-96.56690216064453,0.002080265898257494,-1468.399669054334,2.1638147830963135,5082.952653284834,5055.613830841185,708608000.0
train_tune_571cc_00114_114,TRANSFORMER,0.0309462203619168,0.8048409158728744,0.5718965290919193,33.56025314331055,100.66741180419922,-163.13194274902344,0.0069466931745409966,-449.460468380106,5.771448612213135,18966.25570142681,18979.810776657825,3620864000.0
train_tune_571cc_00115_115,TRANSFORMER,0.0670637583855378,0.7903944158814825,0.563641224697381,32.04584503173828,112.59715270996094,-132.06036376953125,0.026888452470302582,-87587.81382030243,4.905397415161133,33804.958463202114,35564.59944838266,6217728000.0
train_tune_571cc_00116_116,TRANSFORMER,0.0412059278793643,0.780230692426096,0.551886795578414,33.0794792175293,88.89180755615234,-155.94195556640625,0.009200625121593475,-84777.87464370744,5.110918998718262,20635.247437391416,20391.08932029392,3096576000.0
train_tune_571cc_00117_117,TRANSFORMER,0.0732896852843557,0.783993915212975,0.5150787438779888,21.896780014038086,72.41935729980469,-66.78694152832031,0.017251383513212204,-184479.04494438256,3.2081875801086426,20717.872248469994,21211.440327592354,4145152000.0
train_tune_571cc_00118_118,TRANSFORMER,0.0112286555528883,0.7751431576985389,0.4675732122449854,15.209487915039062,37.20405578613281,-71.05873107910156,0.0025163046084344387,-609.1064855306688,2.379683494567871,4468.818114958562,4871.803239809337,708608000.0
train_tune_571cc_00119_119,TRANSFORMER,0.0300239106386245,0.77249483724979,0.5041777561718287,17.136882781982422,44.7132568359375,-120.79995727539062,0.00328459613956511,-699.4857213197456,3.2446746826171875,6238.0330705369615,6558.074384314777,839680000.0
train_tune_571cc_00120_120,TRANSFORMER,0.0226430682877645,0.746753598881739,0.5231869255954504,48.58238220214844,97.27400207519531,-438.4226989746094,0.007080931682139635,-1460344.2799238774,6.770619869232178,9044.558997763603,9044.558997763603,1417216000.0
train_tune_571cc_00121_121,TRANSFORMER,0.0251037376750449,0.7850832243144401,0.545593267983342,37.834564208984375,110.99555969238281,-344.56805419921875,0.0066214315593242645,-633.6809878024144,4.588692665100098,20683.862515620123,19984.451743998085,2715648000.0
train_tune_571cc_00122_122,TRANSFORMER,0.0186330774335906,0.8219190001345175,0.4387780386506151,18.889266967773438,54.608062744140625,-123.60215759277344,0.002550270641222596,-239413.99017481736,1.379218578338623,17001.069667517753,17000.773575421106,4145152000.0
train_tune_571cc_00123_123,TRANSFORMER,0.0105384726432799,0.8060337134043167,0.4190743720205101,17.73798942565918,37.16294860839844,-103.93437957763672,0.0016923625953495502,-1303.1694162284014,2.2745628356933594,4368.374151485935,4221.972205591062,708608000.0
train_tune_571cc_00124_124,TRANSFORMER,0.0368631527096672,0.824869848598803,0.5117267100854447,32.98780822753906,87.02660369873047,-282.9530944824219,0.0028977328911423683,-612.174721472732,3.9885122776031494,10736.031912145156,10892.129950442277,2715648000.0
train_tune_571cc_00125_125,TRANSFORMER,0.0439892554622915,0.7280903822380548,0.5209648450395318,16.789514541625977,44.284629821777344,-41.04091262817383,0.007252229377627373,-202212.74383448059,3.1118226051330566,8968.97825494149,8556.81881448386,1548288000.0
train_tune_571cc_00126_126,TRANSFORMER,0.0368631527096672,0.8242957748469587,0.5112402101589735,32.98252868652344,87.01934814453125,-282.8829345703125,0.0028977766633033752,-611.7033311752105,3.9886908531188965,10740.794674347842,10893.032601548693,2715648000.0
train_tune_571cc_00127_127,TRANSFORMER,0.0566833419546797,0.7731492621201315,0.5355106928760799,23.026708602905273,46.64452362060547,-69.24127197265625,0.009102072566747665,-48502.143498560574,5.7039594650268555,6566.096097649689,6798.08205463785,1286144000.0
train_tune_571cc_00128_128,TRANSFORMER,0.0802135059833825,0.8092430069915686,0.5777840999275977,31.99097442626953,107.35684204101562,-162.6798095703125,0.011496876366436481,-1563.0194022444543,3.2847776412963867,32990.24030657635,33183.06125381698,6217728000.0
train_tune_571cc_00129_129,TRANSFORMER,0.0223754429858617,0.7948365052576184,0.5047549006402249,53.79188537597656,126.33333587646484,-997.999267578125,0.010832354426383972,-926.0425916047296,6.851101875305176,9435.685912810455,9254.934343300445,1259520000.0
train_tune_571cc_00130_130,TRANSFORMER,0.0547775944397585,0.7400872523828443,0.287940482500586,18.49695587158203,42.229217529296875,-57.55645751953125,0.0023218970745801926,-984.3157989745832,2.6262030601501465,5155.7292167358555,5137.607901886322,1062912000.0
train_tune_571cc_00131_131,TRANSFORMER,0.0232403056438858,0.7567524147174365,0.5031457960577433,30.325313568115234,56.67399215698242,-134.07562255859375,0.005078981630504131,-66290.6673007356,5.566932201385498,6358.603442829936,6970.827331433582,1286144000.0
train_tune_571cc_00132_132,TRANSFORMER,0.074281055014591,0.8057803110153666,0.5829970314326455,29.808876037597656,101.85012817382812,-99.52490234375,0.0226445272564888,-76950.53611982064,4.408389091491699,32429.16214260992,33750.04907161064,6217728000.0
train_tune_571cc_00133_133,TRANSFORMER,0.0383021125877027,0.7494594555348161,0.4947426303811463,18.08028221130371,36.97111129760742,-89.20793151855469,0.001705431379377842,-1868.0423350280307,2.752552032470703,4025.502603562013,4108.073833841582,1062912000.0
train_tune_571cc_00134_134,TRANSFORMER,0.0305169314728556,0.7822676767997745,0.4313935577753963,10.171756744384766,20.72979736328125,-29.520240783691406,0.0023223867174237967,-93189.52215333833,3.0016510486602783,2713.199975805708,3275.1610711867756,643072000.0
train_tune_571cc_00135_135,TRANSFORMER,0.015371608638844,0.7873151816408749,0.4778221926404944,23.833049774169922,44.476585388183594,-118.89370727539062,0.0037069134414196014,-2519.3168032859076,4.236171722412109,5779.473729077846,5737.995282639122,964608000.0
train_tune_571cc_00136_136,TRANSFORMER,0.0201991707796862,0.7842567332892991,0.5168772366143484,31.99095344543457,85.30034637451172,-357.5663146972656,0.005843063350766897,-955711.1526539265,3.9291954040527344,10912.523195147829,10898.328895000139,1810432000.0
train_tune_571cc_00137_137,TRANSFORMER,0.0517952628256398,0.7819179439808434,0.5583743577630192,30.22515106201172,104.86572265625,-134.820068359375,0.010043283924460411,-583.8644440860583,2.7461624145507812,37669.27089939227,35934.002967837296,6217728000.0
train_tune_571cc_00138_138,TRANSFORMER,0.0551571046130121,0.7692098753716894,0.5021429710737528,27.53461265563965,55.04552459716797,-113.82794189453125,0.009917424991726875,-68777.00555430706,6.285957336425781,7648.48457782783,7409.227078703695,1286144000.0
train_tune_571cc_00139_139,TRANSFORMER,0.0693072000038925,0.8070541582071328,0.5908185140717411,32.09063720703125,113.17481231689453,-129.88815307617188,0.025121334940195084,-85606.58154149566,4.720224857330322,34090.981555607716,36084.52955583699,6217728000.0
train_tune_571cc_00140_140,TRANSFORMER,0.0156864560795181,0.7821695155601618,0.4592842423454812,41.046356201171875,113.076904296875,-467.60845947265625,0.004164235666394234,-2211.475510151935,3.032724380493164,19033.296253188317,19001.168253070588,2715648000.0
train_tune_571cc_00141_141,TRANSFORMER,0.0671576016521535,0.8104382485996573,0.438910335792889,36.96702575683594,114.99954223632812,-243.08441162109375,0.006006941199302673,-1025.6240992702255,1.5837174654006958,34346.034026085625,35396.85756064903,6217728000.0
train_tune_571cc_00142_142,TRANSFORMER,0.0572549323590197,0.804047564856856,0.5230594286981346,38.640289306640625,98.58515167236328,-240.66079711914062,0.010375667363405228,-5809.558508590491,5.344024658203125,21064.664957558336,21163.05057586049,3096576000.0
train_tune_571cc_00143_143,TRANSFORMER,0.0445736131932585,0.8086495265197771,0.4673186833941376,61.78282165527344,141.07864379882812,-617.3175048828125,0.008399972692131996,-229502.46636401562,5.3816328048706055,23983.71092356874,23983.71092356874,3096576000.0
train_tune_571cc_00144_144,TRANSFORMER,0.0228546420448278,0.8128709932195646,0.4445018197481294,34.11727523803711,96.50142669677734,-373.4771728515625,0.003636144334450364,-1387.4969099699392,2.0855090618133545,22417.521213779164,22518.26949764892,6217728000.0
train_tune_571cc_00145_145,TRANSFORMER,0.0309189346828897,0.8165115526777563,0.5252376832042424,51.46909713745117,127.13983154296875,-609.3843383789062,0.010508779436349869,-77086.07840170321,5.551175117492676,17486.98225421518,16893.322437387844,2715648000.0
train_tune_571cc_00146_146,TRANSFORMER,0.036724972472764,0.8109563037100274,0.4937819851591998,36.38325500488281,94.34452819824219,-349.5343933105469,0.0033591268584132195,-18701.236468633608,4.334644794464111,15145.676183347628,15143.233592983019,2715648000.0
train_tune_571cc_00147_147,TRANSFORMER,0.0512611886158682,0.7532823584868127,0.481065298864154,42.518341064453125,103.99266052246094,-436.3262939453125,0.010624052956700325,-2094876.6096520752,6.740758895874023,9712.35653057562,9712.35653057562,1259520000.0
train_tune_571cc_00148_148,TRANSFORMER,0.0795557634508174,0.7962871643549704,0.5804008456075856,29.488327026367188,99.57980346679688,-135.57818603515625,0.010921746492385864,-599.4737113060946,3.0441761016845703,27573.603011475978,27556.039093226766,6217728000.0
train_tune_571cc_00149_149,TRANSFORMER,0.0245550046177996,0.7688082675123463,0.5546199451698888,22.275066375732422,69.12265014648438,-92.24838256835938,0.009268159978091717,-262232.1592196759,4.343131065368652,11049.889370953339,11630.3677838679,1810432000.0
train_tune_571cc_00150_150,TRANSFORMER,0.0201532512156266,0.7844327108440563,0.4686170430827618,29.07351303100586,61.470924377441406,-148.88412475585938,0.0066675059497356415,-1630.2057042777476,6.270055770874023,8420.72655329486,8478.59432539625,1286144000.0
train_tune_571cc_00151_151,TRANSFORMER,0.0239397222969561,0.7896656871485327,0.5425793158960756,45.524906158447266,129.81980895996094,-349.5610046386719,0.007758520543575287,-504.09104597353326,3.729463577270508,23532.105348502973,23272.384371445,3620864000.0
train_tune_571cc_00152_152,TRANSFORMER,0.0181740114906924,0.7907518925134465,0.4677934501480138,8.99891185760498,16.885452270507812,-29.125659942626953,0.0010898624313995242,-3281.9687622759466,1.9641071557998657,2266.0326444077705,2281.824216437413,643072000.0
train_tune_571cc_00153_153,TRANSFORMER,0.0190994387639497,0.7921060826407479,0.4507412462130829,8.677857398986816,17.199871063232422,-27.526611328125,0.0010391479590907693,-887.6075201621594,1.922311544418335,2017.2628236257353,1981.7022752072057,643072000.0
train_tune_571cc_00154_154,TRANSFORMER,0.0338066677754158,0.8011779650979182,0.4983616848765943,25.585922241210938,86.7992935180664,-154.92172241210938,0.004267609212547541,-95234.88183844255,1.7688533067703247,28920.652174642073,28920.652174642073,4145152000.0
train_tune_571cc_00155_155,TRANSFORMER,0.0693072000038925,0.8070345293989233,0.5990689833683925,31.469959259033203,113.66220092773438,-134.83062744140625,0.026940912008285522,-90014.51314516361,4.9103899002075195,34397.20217970709,33706.879999592486,6217728000.0
train_tune_571cc_00156_156,TRANSFORMER,0.0436073092237026,0.7810921200343843,0.5553197882605573,35.6628303527832,122.05070495605469,-213.45973205566406,0.00787394493818283,-3128.9339875750034,2.4658701419830322,41064.84409748725,41051.37177087831,6217728000.0
train_tune_571cc_00157_157,TRANSFORMER,0.020896211402952,0.8300771087122475,0.5312834714585852,38.6158447265625,123.06758117675781,-509.1703796386719,0.01354129333049059,-45203.874468296635,3.8192572593688965,34206.253261742466,33558.27965540169,6217728000.0
train_tune_571cc_00158_158,TRANSFORMER,0.0442487934970332,0.8052908261065111,0.5608793694036119,28.595462799072266,72.41064453125,-153.57870483398438,0.007420829031616449,-1264.2713649811983,3.8206655979156494,15387.658142538963,15822.422085431084,2322432000.0
train_tune_571cc_00159_159,TRANSFORMER,0.0798716103742454,0.7964217028320072,0.5098093398277367,14.455483436584473,33.523597717285156,-92.61758422851562,0.001160640618763864,-1099.4291263819002,2.641479253768921,2622.288236502899,2648.9086547388783,839680000.0
train_tune_571cc_00160_160,TRANSFORMER,0.0232535175921657,0.7931652849290822,0.5667433445970739,42.02388000488281,122.17371368408203,-312.8879699707031,0.009082086384296417,-448.15132171609366,3.7808127403259277,22044.781820315093,22477.37751369034,3620864000.0
train_tune_571cc_00161_161,TRANSFORMER,0.0939666493923324,0.7984203091776005,0.5686827597142632,29.06917953491211,93.47647857666016,-113.873046875,0.010389990173280239,-1019.4478947891473,2.899479389190674,30560.99497681829,30749.65767808432,6217728000.0
train_tune_571cc_00162_162,TRANSFORMER,0.0639888431789076,0.7901556753285858,0.4270056764582924,25.485475540161133,77.41126251220703,-169.10031127929688,0.003932511433959007,-1234.837167985793,1.3622617721557617,23540.328996877415,24614.680877115425,4145152000.0
train_tune_571cc_00163_163,TRANSFORMER,0.0195226622785909,0.8105658983412255,0.4830278406741187,50.74571990966797,145.9615478515625,-846.9801025390625,0.01045744214206934,-197529.21245398425,3.4455199241638184,37825.3734619023,37843.44732879343,6217728000.0
train_tune_571cc_00164_164,TRANSFORMER,0.0535779254391267,0.8039376660290077,0.409731770233303,37.358577728271484,129.76031494140625,-230.3257598876953,0.007689175195991993,-5556.508942857543,2.436992645263672,45596.92516710592,45651.39286487526,6217728000.0
train_tune_571cc_00165_165,TRANSFORMER,0.0869864706029173,0.7865809880098187,0.5022279019046999,61.177303314208984,181.54188537597656,-470.8662109375,0.005401029251515865,-10115.852268261522,0.9570893049240112,54867.580666488095,55001.502332742544,8290304000.0
train_tune_571cc_00166_166,TRANSFORMER,0.0145059235325794,0.8072052202551059,0.4442749591104876,38.535396575927734,103.11103820800781,-383.6980285644531,0.006037201266735792,-554.3290084590393,3.2696218490600586,18708.150387131267,17254.812771218985,2715648000.0
train_tune_571cc_00167_167,TRANSFORMER,0.0274432958325069,0.8228831803391042,0.4921203446108709,62.23139953613281,193.4874267578125,-1036.56396484375,0.012661581858992577,-69623.41839046955,4.4673614501953125,48131.37557585745,49358.90254101003,8290304000.0
train_tune_571cc_00168_168,TRANSFORMER,0.0470364797252334,0.7872264995878754,0.4645916585436633,26.404151916503906,50.11399459838867,-124.30766296386719,0.0066827209666371346,-2499.7460019130317,5.144292831420898,6549.90165493846,6524.392794041044,1286144000.0
train_tune_571cc_00169_169,TRANSFORMER,0.0316263688318662,0.8291831793149442,0.5299046592445342,56.0927734375,146.8388671875,-732.4185791015625,0.011041875928640366,-152487.2072842183,5.726361274719238,17575.618770736735,17605.672643583086,2715648000.0
train_tune_571cc_00170_170,TRANSFORMER,0.0289619634321539,0.8024453573159988,0.5608660907025717,30.383563995361328,98.5150146484375,-141.5655517578125,0.014686884358525276,-118018.96748031874,6.049642562866211,16715.135198064327,18143.172649722022,2715648000.0
train_tune_571cc_00171_171,TRANSFORMER,0.0535779254391267,0.7781999148224624,0.4580756100169245,31.966753005981445,113.75186157226562,-146.35791015625,0.010109112598001957,-641.6227225110299,2.9049744606018066,37331.450749745694,36535.161839886474,6217728000.0
train_tune_571cc_00172_172,TRANSFORMER,0.0365563058288447,0.7817990482900754,0.5238806103702393,18.060579299926758,53.123382568359375,-64.99923706054688,0.0032856608740985394,-1675.5825596220432,3.208909749984741,9939.492626006468,9932.938938427964,1810432000.0
train_tune_571cc_00173_173,TRANSFORMER,0.0283458535223418,0.7936669976349537,0.5315878215916685,16.29861831665039,39.30152893066406,-86.83177185058594,0.002207225188612938,-146867.88295546582,2.1514337062835693,8306.184321534376,9034.443415007645,1548288000.0
train_tune_571cc_00174_174,TRANSFORMER,0.0386753526320409,0.7659780772194013,0.4910934579975693,26.628822326660156,68.56040954589844,-117.45680236816406,0.006024723406881094,-390759.0662379091,3.507296562194824,15093.473376003018,14981.861063898628,2322432000.0
train_tune_571cc_00175_175,TRANSFORMER,0.0111478060679145,0.7849949190216156,0.5138867252539536,16.29979133605957,37.159976959228516,-81.39640808105469,0.002370264381170273,-859.5460472093439,2.4628539085388184,4940.970564725404,4653.859927064853,708608000.0
train_tune_571cc_00176_176,TRANSFORMER,0.0949538803028495,0.7972517336799378,0.5575640819850746,37.30567169189453,121.84515380859375,-175.21629333496094,0.013286972418427467,-620.9000570763944,3.73163104057312,38843.23201001995,38937.10717673005,8290304000.0
train_tune_571cc_00177_177,TRANSFORMER,0.0361240131083189,0.777868746615603,0.548821169953663,27.32908058166504,68.05461120605469,-103.40089416503906,0.004133125767111778,-591.8911589163853,3.1780283451080322,14635.926414045136,14674.941412501905,3096576000.0
train_tune_571cc_00178_178,TRANSFORMER,0.0229129177017673,0.7696071519615013,0.4993846708059997,42.48843765258789,86.40916442871094,-310.96673583984375,0.0077899182215332985,-37931.832571501174,6.368010520935059,8681.804045485267,8504.125306047923,1417216000.0
train_tune_571cc_00179_179,TRANSFORMER,0.0333493605849463,0.8021517005329422,0.544090193094774,19.80906867980957,56.49115753173828,-123.94292449951172,0.00326234707608819,-551.9685099630713,2.741231679916382,12387.255263076266,12393.286849561347,1810432000.0
train_tune_571cc_00180_180,TRANSFORMER,0.0123425367946436,0.7872879386495016,0.5149567911793901,35.146846771240234,77.95313262939453,-301.2254638671875,0.002762115327641368,-819.3326808010842,3.7302021980285645,9245.460799310009,9415.317739136788,3096576000.0
train_tune_571cc_00181_181,TRANSFORMER,0.0178329598081763,0.8036254845672238,0.5024235203724027,34.54658889770508,97.82477569580078,-300.49224853515625,0.004744966980069876,-568.8775245562439,3.2020814418792725,18341.678914481683,18207.931557158936,2715648000.0
train_tune_571cc_00182_182,TRANSFORMER,0.0576987545374986,0.7325471595622112,0.4768620476523122,24.989622116088867,61.21949768066406,-178.51602172851562,0.005832044407725334,-2605.6591407345413,4.467563629150391,5455.04944993924,5410.842880693614,839680000.0
train_tune_571cc_00183_183,TRANSFORMER,0.0148360394778732,0.8149190105799446,0.5593531812836172,21.661251068115234,58.854736328125,-175.16123962402344,0.0031450430396944284,-545.9970005952748,2.281575918197632,11750.369273955761,11973.446669313447,1810432000.0
train_tune_571cc_00184_184,TRANSFORMER,0.0186832566364764,0.8075570442640941,0.4076837106547411,17.54593849182129,51.089698791503906,-105.26901245117188,0.0025942190550267696,-1324.494751084289,1.3491287231445312,14013.826751446779,14016.383640638081,4145152000.0
train_tune_571cc_00185_185,TRANSFORMER,0.0630924017152746,0.7456498957689693,0.3568923084999466,13.236835479736328,31.188091278076172,-33.927913665771484,0.0013817790895700455,-1347.7713775388227,1.9366074800491333,3809.5819353607585,3765.5678152401706,708608000.0
train_tune_571cc_00186_186,TRANSFORMER,0.047893745929476,0.7795480567364274,0.461079251977195,31.810638427734375,109.20375061035156,-147.0088653564453,0.009151455014944077,-799.5928614231954,2.6591289043426514,38538.95770649934,39766.066415317495,6217728000.0
train_tune_571cc_00187_187,TRANSFORMER,0.0799067843731438,0.7765982591560254,0.5468215585168579,29.579824447631836,99.85403442382812,-136.84909057617188,0.010919766500592232,-599.1469055120398,3.0974106788635254,27661.313276040008,27507.36399261385,6217728000.0
train_tune_571cc_00188_188,TRANSFORMER,0.0262896331100489,0.8204372057922806,0.4978004807941725,58.239051818847656,180.4876708984375,-859.7816162109375,0.013181960210204124,-31590.593460267115,4.441383361816406,48690.50441687399,47166.14779179701,8290304000.0
train_tune_571cc_00189_189,TRANSFORMER,0.0219033127496894,0.7870336395696622,0.5282115874764778,58.412601470947266,147.92286682128906,-766.133544921875,0.012549793347716331,-725.3627127111899,7.404392719268799,10212.598263087937,10811.021504492153,1679360000.0
train_tune_571cc_00190_190,TRANSFORMER,0.0285701225668453,0.8215639899739879,0.5696059915629285,47.46974563598633,130.59600830078125,-521.18701171875,0.011666111648082733,-59564.31496150633,5.6957879066467285,15535.664092311696,17226.102018877722,2715648000.0
train_tune_571cc_00191_191,TRANSFORMER,0.0188190577002035,0.7995229870761165,0.4988708384694795,35.878265380859375,77.97254180908203,-236.31344604492188,0.005817199591547251,-935.922508972441,6.233734130859375,9399.367298879148,8977.812651927925,1417216000.0
train_tune_571cc_00192_192,TRANSFORMER,0.0291070292449581,0.8035213946264127,0.4314560402978411,19.597440719604492,60.8762321472168,-129.3922882080078,0.006167653948068619,-127136.24021806783,2.07611083984375,21553.27854448439,20860.001537002856,4145152000.0
train_tune_571cc_00193_193,TRANSFORMER,0.0128084679944882,0.8195039863425847,0.4247932175171844,21.23141098022461,62.198875427246094,-187.14273071289062,0.0031253935303539038,-1217.116178646496,1.6200695037841797,14426.18418181383,14498.745832607014,4145152000.0
train_tune_571cc_00194_194,TRANSFORMER,0.0536366249987868,0.75267970347999,0.4729256214335333,81.44158935546875,182.2677001953125,-1626.048095703125,0.01119476743042469,-1198519.438365224,8.857418060302734,14175.11459758675,14175.11459758675,1679360000.0
train_tune_571cc_00195_195,TRANSFORMER,0.0229129177017673,0.7794125774668154,0.4353004185284805,46.52889633178711,93.44685363769531,-401.6431884765625,0.007294483482837677,-76654.19829273247,6.7298994064331055,8632.489771547345,8614.088422551478,1417216000.0
train_tune_571cc_00196_196,TRANSFORMER,0.0795557634508174,0.7937785376212457,0.5761292280259983,29.510820388793945,100.09346008300781,-135.3436279296875,0.010836434550583363,-603.3943493362217,3.0186870098114014,27685.512408777748,27406.09723613655,6217728000.0
train_tune_571cc_00197_197,TRANSFORMER,0.0442691876707051,0.7771849337615292,0.456615234229872,14.445832252502441,36.091102600097656,-32.55982208251953,0.0017724275821819901,-753.9197585231117,1.5873146057128906,7197.7081146572355,7155.583812935934,1548288000.0
train_tune_571cc_00198_198,TRANSFORMER,0.0142963112819475,0.8054678546729237,0.5259401924430367,36.10005187988281,100.76921081542969,-310.08038330078125,0.006679723504930735,-491.6920458242539,3.680084705352783,17144.704885512303,16853.815816808376,2715648000.0
train_tune_571cc_00199_199,TRANSFORMER,0.024418418752223,0.8054851870472165,0.5397644396835642,31.671316146850586,81.75147247314453,-343.7410888671875,0.006091899238526821,-300153.81183866266,3.6703479290008545,11173.478811833673,12085.704907620075,1810432000.0
train_tune_571cc_00200_200,TRANSFORMER,0.0374217655702322,0.777506033355289,0.5537592744202589,25.481536865234375,77.74542236328125,-108.76693725585938,0.0048741912469267845,-507.29273071971136,4.384888172149658,13767.157182424347,13704.673762546077,2715648000.0
train_tune_571cc_00201_201,TRANSFORMER,0.0449703620993526,0.7777031484569403,0.5370712818812527,16.97838592529297,44.25082778930664,-48.89623260498047,0.005085814278572798,-501166.3236219751,2.5697569847106934,8228.218846416488,8225.8126231654,1548288000.0
train_tune_571cc_00202_202,TRANSFORMER,0.0686381908273971,0.7928265680807792,0.557275483049189,34.567935943603516,118.76129150390625,-179.27444458007812,0.02217116951942444,-215918.28637536397,4.39998197555542,35100.32220483848,36413.20324781022,6217728000.0
train_tune_571cc_00203_203,TRANSFORMER,0.0938193118877805,0.7917258182897434,0.5511013274107865,42.91516876220703,140.06271362304688,-246.5369873046875,0.015333197079598904,-65458.226405900816,4.315742015838623,46004.267366644526,45993.6195732611,8290304000.0
train_tune_571cc_00204_204,TRANSFORMER,0.0133905724733261,0.8191350352873138,0.5044659206652323,74.38750457763672,213.39894104003906,-1505.969482421875,0.007852629758417606,-910.0806799319334,3.913642168045044,26463.289065224068,26487.034007900947,8290304000.0
train_tune_571cc_00205_205,TRANSFORMER,0.0239397222969561,0.7750167333408501,0.3666197667561842,55.475181579589844,153.81658935546875,-567.961181640625,0.005599353462457657,-6022.731845480574,3.7489089965820312,26553.069356906464,26567.193089570912,3620864000.0
train_tune_571cc_00206_206,TRANSFORMER,0.0476294159489433,0.7824060151378972,0.4434546957132515,25.938655853271484,50.8790283203125,-127.84796905517578,0.006402685772627592,-832.9429800026456,5.026364326477051,6226.05165517629,6281.561909281603,1286144000.0
train_tune_571cc_00207_207,TRANSFORMER,0.0284992251268013,0.7957841395309804,0.5504415548164541,16.25882339477539,39.12931823730469,-86.24992370605469,0.0021901135332882404,-147696.8968268185,2.1571741104125977,8304.29393729498,9013.931641666259,1548288000.0
train_tune_571cc_00208_208,TRANSFORMER,0.032822416518586,0.7971129685292283,0.539819779651479,25.43722915649414,86.04075622558594,-151.94329833984375,0.00433377455919981,-86760.45136253982,1.744963526725769,28942.66231619546,28942.66231619546,4145152000.0
train_tune_571cc_00209_209,TRANSFORMER,0.0395672357915553,0.7819237542042873,0.5411638873066724,39.916297912597656,121.22947692871094,-263.1897277832031,0.010334918275475502,-412.1796749053759,5.352532386779785,24453.19381752256,24518.132492926932,3620864000.0
train_tune_571cc_00210_210,TRANSFORMER,0.022956378231111,0.7999779009663982,0.5611515241908723,34.55872344970703,80.16682434082031,-241.16212463378906,0.004285547882318497,-3076.2934126147566,3.146951198577881,13757.468803088614,13517.60188694777,2322432000.0
train_tune_571cc_00211_211,TRANSFORMER,0.077275199532112,0.8031234067065558,0.4861186606414292,45.09861755371094,154.19488525390625,-319.2259521484375,0.016327161341905594,-1509.5731622639864,4.722148895263672,45268.98814385393,45484.97419808779,8290304000.0
train_tune_571cc_00212_212,TRANSFORMER,0.0216755843724783,0.832025379023607,0.462852127950107,38.3525505065918,106.55545043945312,-474.2758483886719,0.004081455059349537,-260007.34808655686,2.268894672393799,28212.074114347986,28211.453214622157,6217728000.0
train_tune_571cc_00213_213,TRANSFORMER,0.0078143458765309,0.8211875347863514,0.4871556403198496,16.95610809326172,45.258216857910156,-107.87174987792969,0.0012935027480125427,-934.9672659729187,2.463862419128418,6786.755375156528,6858.957141020637,1810432000.0
train_tune_571cc_00214_214,TRANSFORMER,0.0653141516802159,0.7908533850134319,0.4658202422497505,50.38979721069336,175.51974487304688,-395.06024169921875,0.028954796493053436,-1945206.19063881,6.045256614685059,51948.0088349675,51948.0088349675,8290304000.0
train_tune_571cc_00215_215,TRANSFORMER,0.0188614067288706,0.7749244144372388,0.3710331244830365,25.826000213623047,48.99293518066406,-122.9981689453125,0.003340398194268346,-937.3985753115201,4.367762088775635,4473.600604160573,4457.131818038228,1286144000.0
train_tune_571cc_00216_216,TRANSFORMER,0.0168996415770609,0.7914394130737513,0.4404286039696205,14.047675132751465,29.451030731201172,-57.8753662109375,0.0021682046353816986,-4791.577362259082,3.1319236755371094,4268.362182324268,4299.432605008986,643072000.0
train_tune_571cc_00217_217,TRANSFORMER,0.0219162499241629,0.7919542118534594,0.5514090603149462,45.60816955566406,101.33120727539062,-440.53826904296875,0.0059088594280183315,-32732.37879834553,5.115405559539795,17260.10761752674,19539.539884543974,3096576000.0
train_tune_571cc_00218_218,TRANSFORMER,0.0535779254391267,0.7827358274197284,0.5382478445387554,34.530574798583984,120.69644165039062,-185.222412109375,0.009147514589130878,-910.3386430055168,2.778144359588623,38133.812169862045,36614.342703181734,6217728000.0
train_tune_571cc_00219_219,TRANSFORMER,0.0307646779620629,0.8200588961205812,0.5159195985513015,33.21959686279297,86.2713851928711,-321.5450439453125,0.0029458601493388414,-627.8240837037674,4.062654495239258,10591.873844901671,10778.591486457937,2715648000.0
train_tune_571cc_00220_220,TRANSFORMER,0.0368525942286953,0.7518805184376217,0.4915973043177861,43.138771057128906,100.64659118652344,-672.500244140625,0.004342256113886833,-940.0061797185523,5.829891681671143,4703.590734299271,4714.42107520155,1259520000.0
train_tune_571cc_00221_221,TRANSFORMER,0.0260712390992029,0.8061325595154795,0.5723511096652738,30.580570220947266,93.32817840576172,-145.5647735595703,0.012982184067368507,-163659.28845518074,6.005731105804443,15976.919279084728,16291.093447423173,2715648000.0
train_tune_571cc_00222_222,TRANSFORMER,0.0577786294591348,0.803461392520894,0.5082455193485385,39.09922409057617,99.06558990478516,-255.14566040039062,0.010105141438543797,-10632.449469522944,5.024198055267334,21131.83021138938,21181.083300635088,3096576000.0
train_tune_571cc_00223_223,TRANSFORMER,0.113851819512047,0.7456595940016474,0.4752213524794408,43.464447021484375,104.25186920166016,-442.86016845703125,0.010896350257098675,-30415.606520408375,7.073276996612549,8812.719301828633,8813.448674810295,1259520000.0
train_tune_571cc_00224_224,TRANSFORMER,0.0317953576109998,0.7801229130189619,0.47264419541162,34.54728317260742,87.68730163574219,-187.654541015625,0.0052613806910812855,-27801.746014220516,4.21103572845459,19162.977885879118,19162.977885879118,3096576000.0
train_tune_571cc_00225_225,TRANSFORMER,0.0336999732900133,0.7490566994966898,0.4675346630638362,19.321277618408203,41.05160140991211,-107.90634155273438,0.001686676754616201,-1120.595213162484,2.7146670818328857,4045.9141324102416,4012.0145228447495,1062912000.0
train_tune_571cc_00226_226,TRANSFORMER,0.0536658448525813,0.8049953735079778,0.4314713611730895,27.13678741455078,83.21824645996094,-217.72589111328125,0.003584623336791992,-1639.236358588037,1.3652925491333008,23911.422908799555,23536.553066450204,4145152000.0
train_tune_571cc_00227_227,TRANSFORMER,0.024418418752223,0.8093978955982103,0.5563033052558229,30.121084213256836,78.48733520507812,-277.4360656738281,0.005855728406459093,-131401.86723089975,3.7046000957489014,10842.089187400765,11535.538149933174,1810432000.0
train_tune_571cc_00228_228,TRANSFORMER,0.0129693049213597,0.8166881438781047,0.4379290988846975,19.95751190185547,59.842803955078125,-161.8282470703125,0.0029286760836839676,-862.1517922411908,1.520064353942871,13082.785055799624,13093.586876295061,4145152000.0
train_tune_571cc_00229_229,TRANSFORMER,0.1135341863230767,0.7352035643997209,0.4911217331835494,39.732669830322266,96.64549255371094,-376.52734375,0.009996030479669571,-985.9557714310531,6.606803894042969,7197.890023645918,7146.389784982614,1259520000.0
train_tune_571cc_00230_230,TRANSFORMER,0.0131475647750518,0.787984902234137,0.4090670120477662,12.338747024536133,27.54655647277832,-46.838905334472656,0.0007262449362315238,-578909.5631596608,1.2231018543243408,6410.1935207326305,6410.1935207326305,1548288000.0
train_tune_571cc_00231_231,TRANSFORMER,0.0446611818144814,0.7842346557514276,0.543283226749063,14.256738662719727,33.911834716796875,-36.08949279785156,0.0031859269365668297,-226228.93528922243,2.9949822425842285,3757.721800289031,3686.276713642583,708608000.0
train_tune_571cc_00232_232,TRANSFORMER,0.0150935835789256,0.7895302047948705,0.4435067902612326,36.494510650634766,67.02522277832031,-179.07473754882812,0.005366142373532057,-87999.72595434496,5.044713020324707,8905.723508247427,8905.723508247427,1286144000.0
train_tune_571cc_00233_233,TRANSFORMER,0.049632113422735,0.77392813031751,0.4896870602404095,16.846372604370117,33.120643615722656,-50.77130889892578,0.004213325213640928,-1133.9577968784133,3.2945194244384766,4395.603219656408,4344.14738530736,964608000.0
train_tune_571cc_00234_234,TRANSFORMER,0.0397609437509466,0.8186903217821127,0.5124286260466183,61.758331298828125,156.47686767578125,-923.01953125,0.007122098468244076,-246880.91043456024,6.4328413009643555,19571.48198398816,19571.48198398816,3620864000.0
train_tune_571cc_00235_235,TRANSFORMER,0.0201532512156266,0.7811256522022346,0.515877683721809,26.212604522705078,56.34634017944336,-112.85591888427734,0.0069104889407753944,-905.4877727439896,6.263663291931152,8236.37185839965,7766.274194840293,1286144000.0
train_tune_571cc_00236_236,TRANSFORMER,0.0198676370686305,0.7785869441995988,0.5047683338786451,24.563291549682617,51.6555290222168,-101.51800537109375,0.0054993112571537495,-1143.3012354927205,5.672345161437988,7907.575311087855,7950.725100991004,1286144000.0
train_tune_571cc_00237_237,TRANSFORMER,0.0258402154099575,0.789165155984978,0.5532851883139858,23.596765518188477,80.04788208007812,-131.842041015625,0.004555996507406235,-1186.1767429388158,2.0328528881073,26662.86670091596,26069.032623683248,4145152000.0
train_tune_571cc_00238_238,TRANSFORMER,0.0258673137179227,0.7718957618599621,0.4783585053406108,19.949050903320312,37.5970458984375,-81.04946899414062,0.0033516448456794024,-82286.0042840812,4.175678730010986,4693.148668774451,4914.248968020141,964608000.0
train_tune_571cc_00239_239,TRANSFORMER,0.0766769884716831,0.7938072768733138,0.4294999630805718,27.137134552001953,79.64714050292969,-192.17300415039062,0.003749438328668475,-2439.6124506075967,1.2691333293914795,23725.42849036829,24004.94296824896,4145152000.0
train_tune_571cc_00240_240,TRANSFORMER,0.0753142317737504,0.8051935241073118,0.5624308738531515,22.844261169433594,74.95221710205078,-78.44767761230469,0.014639493077993393,-243746.96885395207,3.003913402557373,21959.667257679805,21540.00838124222,4145152000.0
train_tune_571cc_00241_241,TRANSFORMER,0.0184322076344641,0.7768239864064784,0.4033344794286758,24.770252227783203,58.05889892578125,-135.1379852294922,0.0036043329164385796,-916.5809608806267,3.7584547996520996,7681.252021121286,6757.704954563446,1062912000.0
train_tune_571cc_00242_242,TRANSFORMER,0.0709646690208217,0.7785816675620745,0.4800803263084883,21.00288200378418,68.88392639160156,-71.45883178710938,0.008065849542617798,-741.6421928963697,2.2045230865478516,19501.77703453185,19619.975024779957,4145152000.0
train_tune_571cc_00243_243,TRANSFORMER,0.0400810376621821,0.7806284186761777,0.597771345319832,21.91838836669922,58.201805114746094,-64.57192993164062,0.008279867470264435,-101509.06245076642,3.7255425453186035,11622.556241957767,12061.646909399664,2322432000.0
train_tune_571cc_00244_244,TRANSFORMER,0.0285701225668453,0.8207159663882916,0.5538750723254691,54.679656982421875,147.8607177734375,-754.9144287109375,0.011313047260046005,-119357.48143260354,5.948004245758057,16849.590862955443,17239.677886222253,2715648000.0
train_tune_571cc_00245_245,TRANSFORMER,0.0386216834523776,0.7839132646692905,0.435834564236464,11.635008811950684,23.99276351928711,-26.648435592651367,0.0029741558246314526,-1145.4730535081862,2.3906853199005127,3150.711103834852,3153.9593324061148,643072000.0
train_tune_571cc_00246_246,TRANSFORMER,0.0119248171904995,0.7724978476074452,0.4559320079024967,23.796415328979492,52.44429397583008,-164.92271423339844,0.001651430269703269,-1348.1470435212395,2.535853624343872,8493.50272155102,8545.663223442616,2322432000.0
train_tune_571cc_00247_247,TRANSFORMER,0.0132820454496219,0.8178897312639828,0.4604506566827271,48.63469696044922,133.68499755859375,-848.2822265625,0.004915640689432621,-49638.2512459811,2.7501420974731445,31382.62500424946,31360.97912354056,6217728000.0
train_tune_571cc_00248_248,TRANSFORMER,0.021719282579063,0.7448749251290067,0.383168569272196,43.25117874145508,87.83279418945312,-340.4128723144531,0.0066760387271642685,-295909.1818608259,6.853516578674316,8044.759779982199,8056.217324271953,1417216000.0
train_tune_571cc_00249_249,TRANSFORMER,0.0303411885202662,0.7835883567952558,0.5550365769198208,29.667156219482422,93.33808898925781,-123.91415405273438,0.014700711704790592,-109672.81196406021,6.101470947265625,17559.90599887643,16557.850364672875,2715648000.0
train_tune_571cc_00250_250,TRANSFORMER,0.0543812616439324,0.7389793259966599,0.4735968917210425,17.235166549682617,35.116058349609375,-45.592079162597656,0.006734961178153753,-108963.21428168652,4.762514114379883,5021.926661642667,5080.932796448359,964608000.0
train_tune_571cc_00251_251,TRANSFORMER,0.0119287356610672,0.7860499885952166,0.4608774424675474,17.57828712463379,39.41450881958008,-96.98778533935547,0.0020459708757698536,-1084.2764709315518,2.2235822677612305,5254.361814407482,5171.750920029234,708608000.0
train_tune_571cc_00252_252,TRANSFORMER,0.0422081258161071,0.7294813527614226,0.4585126229798169,34.01747512817383,65.12320709228516,-278.414306640625,0.003610769286751747,-1926.2060691879542,4.501926422119141,5529.97453076212,5352.933100762372,1417216000.0
train_tune_571cc_00253_253,TRANSFORMER,0.01311204767119,0.8013299185836306,0.5072282735303962,33.622947692871094,73.78160858154297,-204.140869140625,0.00613156333565712,-1004.7031997543382,6.479107856750488,7709.755466936126,8475.072018675533,1417216000.0
train_tune_571cc_00254_254,TRANSFORMER,0.0358620885615022,0.7817457157550393,0.5324672067610613,21.99275779724121,54.67841339111328,-74.13038635253906,0.0028785718604922295,-1467.9568260907831,2.4333791732788086,11926.520404252991,11866.652929789701,2322432000.0
train_tune_571cc_00255_255,TRANSFORMER,0.0156864560795181,0.7971595508755348,0.5264435381207623,33.5898323059082,90.81315612792969,-256.9783020019531,0.005138831213116646,-461.9206828794233,3.2459073066711426,16316.434502731603,16731.39329203954,2715648000.0
train_tune_571cc_00256_256,TRANSFORMER,0.0967944549473032,0.7956234206487421,0.5639928820971222,38.72512435913086,126.42311096191406,-194.25326538085938,0.013865509070456028,-749.7136346033294,3.8716907501220703,40872.94535299129,40954.16970932901,8290304000.0
train_tune_571cc_00257_257,TRANSFORMER,0.0285983491079465,0.7888847115083907,0.446209397137872,35.07866287231445,87.54796600341797,-392.5836486816406,0.006893041078001261,-627.2349460713785,5.370326995849609,7949.033603569622,8920.966938689473,1259520000.0
train_tune_571cc_00258_258,TRANSFORMER,0.0202238180682838,0.8102724150260414,0.4928466966549488,15.859672546386719,44.157920837402344,-87.41539001464844,0.0012404327280819416,-566.9913791316073,2.247788429260254,6031.517207690106,6099.006662984003,1810432000.0
train_tune_571cc_00259_259,TRANSFORMER,0.0653141516802159,0.7954882132127764,0.5641327469250773,44.76034927368164,161.17889404296875,-292.91143798828125,0.03192983567714691,-76841.55953569626,6.161877155303955,48422.21668337944,51072.88379357306,8290304000.0
train_tune_571cc_00260_260,TRANSFORMER,0.0532630051296791,0.754112754543501,0.4536294311919803,38.983482360839844,97.23542785644531,-351.544189453125,0.011375075206160545,-90226.35148746525,6.625679016113281,9437.887634973926,9209.230943270457,1259520000.0
train_tune_571cc_00261_261,TRANSFORMER,0.0445736131932585,0.8086495265197771,0.4673186833941376,61.78282165527344,141.07864379882812,-617.3175048828125,0.008399972692131996,-229502.46636401562,5.3816328048706055,23983.71092356874,23983.71092356874,3096576000.0
train_tune_571cc_00262_262,TRANSFORMER,0.0949538803028495,0.8072933014272815,0.5024485289216535,41.42939758300781,135.46730041503906,-227.58953857421875,0.014866452664136887,-1696.1784895501878,4.14845085144043,44299.12946318573,44102.29405595642,8290304000.0
train_tune_571cc_00263_263,TRANSFORMER,0.0449437838133135,0.7631104550782966,0.4610000068600241,14.71694278717041,34.869903564453125,-36.28138732910156,0.0038598172832280397,-235197.40960963542,3.189250946044922,4039.317522448086,3931.7415295768246,708608000.0
train_tune_571cc_00264_264,TRANSFORMER,0.0491796765676649,0.781070676707167,0.4539794238122934,24.493976593017578,46.90300369262695,-105.6983871459961,0.005966914352029562,-1097.9754088763711,4.753007888793945,6075.129314250876,6120.661234671898,1286144000.0
train_tune_571cc_00265_265,TRANSFORMER,0.0248503927379621,0.781054051779093,0.5668990900724028,39.94273376464844,100.39183044433594,-525.28076171875,0.010400669649243355,-660.0496100891748,6.223904609680176,9872.345391533749,10532.162926892637,1259520000.0
train_tune_571cc_00266_266,TRANSFORMER,0.0869864706029173,0.7808610139839939,0.5159853583877884,55.17378234863281,159.6841583251953,-326.8412170410156,0.00706877838820219,-1437.8285538216903,1.2638760805130005,49348.99055012109,47382.27302890069,8290304000.0
train_tune_571cc_00267_267,TRANSFORMER,0.0285983491079465,0.8096127079341349,0.5135296660220076,44.731998443603516,109.49331665039062,-644.8624877929688,0.0061568524688482285,-2298.009159099044,5.615348815917969,9237.578713654368,9939.758235399888,1259520000.0
train_tune_571cc_00268_268,TRANSFORMER,0.0149744059897623,0.7839535305031741,0.459829854073341,21.71629524230957,40.644561767578125,-100.64974975585938,0.0029400663916021585,-2436.1280968412225,3.8606576919555664,5269.691888353529,5313.791801184907,964608000.0
train_tune_571cc_00269_269,TRANSFORMER,0.0368631527096672,0.8216852716076665,0.4986253173327458,35.03054428100586,91.50621032714844,-325.5794677734375,0.003114537335932255,-947.500024318676,4.188728332519531,12431.622931216214,12509.851487483109,2715648000.0
train_tune_571cc_00270_270,TRANSFORMER,0.0422081258161071,0.7257784117405067,0.4508365548035646,36.24480438232422,68.6409683227539,-316.86944580078125,0.00393913546577096,-3582.2251719155533,4.811978340148926,6022.544442645263,6097.041684614056,1417216000.0
train_tune_571cc_00271_271,TRANSFORMER,0.0149744059897623,0.7844083005323267,0.4686436408348753,22.879220962524414,42.99259948730469,-121.68862915039062,0.002816482912749052,-13353.597495696651,3.8205153942108154,5562.818824597566,5556.128497152829,964608000.0
train_tune_571cc_00272_272,TRANSFORMER,0.024418418752223,0.8040664531060905,0.4906666209434258,33.941864013671875,86.10794067382812,-401.3031005859375,0.005839367397129536,-580449.5076824386,3.733471393585205,11795.275012413083,11773.92143747554,1810432000.0
train_tune_571cc_00273_273,TRANSFORMER,0.0424540930106792,0.819359217157109,0.5088083253839971,60.285831451416016,152.85604858398438,-873.2734375,0.006843639072030783,-932.3703008944163,6.258800983428955,16905.774880795936,17160.78463702341,3620864000.0
train_tune_571cc_00274_274,TRANSFORMER,0.0250161580213453,0.7751179306489157,0.5614370656428739,20.68401336669922,59.5777702331543,-135.2989959716797,0.004054250195622444,-476.84879154795743,2.920940399169922,13383.384874240246,12433.199484256154,1810432000.0
train_tune_571cc_00275_275,TRANSFORMER,0.0190318490829999,0.8193752767651986,0.4965286397270779,63.7567024230957,176.89830017089844,-1093.856201171875,0.006080482620745897,-2918.475107508929,3.296372175216675,36848.68707018637,36438.20407649432,8290304000.0
train_tune_571cc_00276_276,TRANSFORMER,0.0211069558691364,0.8248546397766988,0.4859100122223003,50.580562591552734,146.01747131347656,-843.0136108398438,0.010683875530958176,-2860419.8370264936,3.502060890197754,37956.98138327659,37956.98138327659,6217728000.0
train_tune_571cc_00277_277,TRANSFORMER,0.0186813550384925,0.7946716407641864,0.4168749441684699,10.571889877319336,19.987424850463867,-40.99894332885742,0.0013173557817935944,-73527.11839559156,2.295876979827881,2947.5405944516656,2947.5405944516656,643072000.0
train_tune_571cc_00278_278,TRANSFORMER,0.0211069558691364,0.8286128791571298,0.5025813093924124,36.03030014038086,116.17935180664062,-412.525634765625,0.014721037819981575,-37223.55856176908,3.851259231567383,32333.614792907603,33985.22743178612,6217728000.0
train_tune_571cc_00279_279,TRANSFORMER,0.0258402154099575,0.7807947076156238,0.5666024141332723,21.72332763671875,72.53982543945312,-106.1800765991211,0.005392961669713259,-697.3958209172165,2.193512439727783,26330.400639223782,24957.907077164495,4145152000.0
train_tune_571cc_00280_280,TRANSFORMER,0.0493096945948752,0.7718290171833732,0.4516534700023154,17.361106872558594,34.826133728027344,-58.21796417236328,0.004430952947586775,-856.4157303822461,3.465224027633667,4609.580336360491,4511.684388655645,964608000.0
train_tune_571cc_00281_281,TRANSFORMER,0.0267981316407132,0.7653332848764496,0.5335985004098539,21.357666015625,67.60697937011719,-86.9203872680664,0.011214025318622589,-242937.8705032329,4.483762264251709,10933.970227899652,11203.133183925982,1810432000.0
train_tune_571cc_00282_282,TRANSFORMER,0.0466086939675942,0.798231362562082,0.5038260569057722,31.41266632080078,81.5806884765625,-197.46298217773438,0.006874044891446829,-4320.635245376404,3.8341166973114014,17249.093929890598,17129.44898734643,2322432000.0
train_tune_571cc_00283_283,TRANSFORMER,0.0231280402536182,0.8226117091162578,0.5763069963126178,26.11945152282715,62.39920425415039,-365.1314392089844,0.004909254610538483,-1169.9714157932985,4.089580535888672,6838.789978210968,6425.643179137216,839680000.0
train_tune_571cc_00284_284,TRANSFORMER,0.0189074687131759,0.8157169526630078,0.3966991626441156,17.554304122924805,50.83757400512695,-108.08861541748047,0.002644922584295273,-1330.6876304235388,1.3744292259216309,14036.5257004356,14153.671942910427,4145152000.0
train_tune_571cc_00285_285,TRANSFORMER,0.026840628472587,0.7919112572385852,0.535824230113978,21.404081344604492,73.22018432617188,-101.20753479003906,0.005780845880508423,-687.8302122813272,1.9750022888183594,26475.875526905194,23800.83395593912,4145152000.0
train_tune_571cc_00286_286,TRANSFORMER,0.0543812616439324,0.7413845010338576,0.474275960014314,17.988449096679688,36.63914489746094,-49.862632751464844,0.00688387593254447,-127196.4498631548,4.506312847137451,4952.789567435349,5043.995805061771,964608000.0
train_tune_571cc_00287_287,TRANSFORMER,0.0539479936712851,0.7545406020786354,0.5504992641347817,19.89486312866211,40.136634826660156,-68.44252014160156,0.007344451267272234,-217869.3560656772,4.995135307312012,5640.937255514744,5431.228505335241,964608000.0
train_tune_571cc_00288_288,TRANSFORMER,0.0903886423828156,0.7805046891293567,0.5132221682362367,42.38608932495117,142.91070556640625,-189.30667114257812,0.01488863117992878,-769.6037519025836,3.482311248779297,49611.34355534235,53426.73364908897,8290304000.0
train_tune_571cc_00289_289,TRANSFORMER,0.0338120732432126,0.7737733194687753,0.3649593618475088,33.308284759521484,78.06890869140625,-191.70892333984375,0.006249415688216686,-1005.5157037300096,6.1286516189575195,8928.058350933172,9506.150558846013,1417216000.0
train_tune_571cc_00290_290,TRANSFORMER,0.0124672456860076,0.7710732211246486,0.400467425796098,39.56081008911133,85.51475524902344,-367.7691650390625,0.0033789477311074734,-3049.294301240277,4.224640846252441,13936.213819841138,14005.366893583136,3096576000.0
train_tune_571cc_00291_291,TRANSFORMER,0.0421616224186373,0.7991195115244875,0.4716996264371048,37.97764205932617,115.10665893554688,-284.1024169921875,0.006553160957992077,-899.579609119228,1.7995630502700806,35017.82685738396,32507.575687021734,6217728000.0
train_tune_571cc_00292_292,TRANSFORMER,0.0188614067288706,0.7767017238537454,0.4340717022673808,29.712360382080078,54.322235107421875,-154.6443634033203,0.0040836334228515625,-38877.01957601493,4.940699577331543,6819.093242103076,6819.731685159518,1286144000.0
train_tune_571cc_00293_293,TRANSFORMER,0.0144257315755299,0.8032367324650184,0.5239626548918265,19.253116607666016,42.326751708984375,-95.97494506835938,0.001319408998824656,-1413.9469341670424,2.020803451538086,8081.568353239986,8239.988028503758,2322432000.0
train_tune_571cc_00294_294,TRANSFORMER,0.0119287356610672,0.7754731056490503,0.4611857446662971,18.27814292907715,41.13347625732422,-110.53716278076172,0.0019282213179394603,-46919.175698615705,2.176210403442383,5172.238886566619,5172.238886566619,708608000.0
train_tune_571cc_00295_295,TRANSFORMER,0.0245550046177996,0.7773023632024314,0.5643233902814444,23.65487289428711,72.63394165039062,-114.30570220947266,0.008577150292694569,-1187132.729705571,4.288543224334717,11802.439510445178,11800.006021075082,1810432000.0
train_tune_571cc_00296_296,TRANSFORMER,0.0428371957899875,0.7983930316573181,0.4985563780166688,28.078388214111328,70.76081848144531,-155.74038696289062,0.0060692476108670235,-5499.397084237737,3.1476712226867676,15253.501542208014,15278.17962577659,2322432000.0
train_tune_571cc_00297_297,TRANSFORMER,0.0163321061082412,0.7767002766863866,0.4095106829273889,31.39897918701172,69.00371551513672,-216.97605895996094,0.0028873682022094727,-786872.2677483518,3.6558260917663574,15257.861668049878,15257.861668049878,3096576000.0
train_tune_571cc_00298_298,TRANSFORMER,0.0108596457247562,0.8055034038524976,0.4832870036612472,15.663045883178711,34.05075454711914,-74.46060943603516,0.002034764736890793,-878.6367924417781,2.400614023208618,4006.6254735291045,4290.4361337348,708608000.0
train_tune_571cc_00299_299,TRANSFORMER,0.0509193870267752,0.8221251920720037,0.542286138219001,48.443843841552734,111.06271362304688,-380.8130798339844,0.007530944421887398,-2182.8587927617587,4.85047721862793,17171.753924429275,18493.97762722852,3096576000.0
train_tune_571cc_00300_300,TRANSFORMER,0.0157329706332708,0.7946602243616411,0.572179915217265,30.598379135131836,58.52251434326172,-124.65475463867188,0.005666189827024937,-1586.0202044188075,5.268771171569824,7282.376961491926,7914.945667174015,1286144000.0
train_tune_571cc_00301_301,TRANSFORMER,0.0823224018008879,0.802032066137559,0.5812769782099617,40.778533935546875,139.02474975585938,-191.6571502685547,0.02953093685209751,-65064.27094215457,5.7445387840271,47957.95944674145,48137.27592788583,8290304000.0
train_tune_571cc_00302_302,TRANSFORMER,0.0939666493923324,0.7917310039741583,0.5743123201560093,27.328027725219727,87.91808319091797,-98.1106185913086,0.00972008891403675,-614.7820840866383,2.7304039001464844,28401.985494142966,28431.824399132598,6217728000.0
train_tune_571cc_00303_303,TRANSFORMER,0.073783143807309,0.7856751492552516,0.5571334206839466,32.151397705078125,106.11931610107422,-133.49392700195312,0.01994350366294384,-210985.32860170485,4.061093330383301,33142.14569664468,34137.1705965367,6217728000.0
train_tune_571cc_00304_304,TRANSFORMER,0.0576355320305612,0.7979994571845168,0.5381125188098763,33.682464599609375,85.5322265625,-161.42822265625,0.010977858677506447,-841.7739776242345,5.001954555511475,17102.26063076713,18559.253318049636,3096576000.0
train_tune_571cc_00305_305,TRANSFORMER,0.0294959621967118,0.7712488695178256,0.4243169638041015,34.80736541748047,82.50435638427734,-213.19976806640625,0.005800131242722273,-1292.3169031438115,6.1607441902160645,9644.08637819856,9663.927169845036,1417216000.0
train_tune_571cc_00306_306,TRANSFORMER,0.103397524312396,0.7942620486844504,0.560884942006233,21.266010284423828,66.8623046875,-68.86133575439453,0.007847157306969166,-174372.52536017617,2.1482510566711426,20964.576995999138,20964.576995999138,4145152000.0
train_tune_571cc_00307_307,TRANSFORMER,0.0339612365429762,0.7750352122496539,0.4951369354291894,10.539995193481445,20.870080947875977,-32.673248291015625,0.002206790493801236,-99145.54361604319,2.8729734420776367,3048.7924825274126,3190.6466238032576,643072000.0
train_tune_571cc_00308_308,TRANSFORMER,0.0434957772936013,0.7824423178737367,0.5206650698919201,55.19639587402344,128.24525451660156,-494.6484069824219,0.00889478251338005,-4007.3518101288337,5.391651153564453,18863.098616760617,20868.03337584177,3096576000.0
train_tune_571cc_00309_309,TRANSFORMER,0.0189938549025576,0.7873784608118181,0.3870118917094174,30.532672882080078,64.62411499023438,-160.361083984375,0.00650397315621376,-2562.819987333166,6.245408058166504,9038.15586199044,9152.548279375394,1286144000.0
train_tune_571cc_00310_310,TRANSFORMER,0.0132820454496219,0.7995730055650081,0.4946126546343638,40.00979232788086,118.20392608642578,-597.2398681640625,0.004701619502156973,-684.6628806655731,2.510678291320801,17258.40410671976,17378.43347466571,6217728000.0
train_tune_571cc_00311_311,TRANSFORMER,0.085699808602887,0.7778349376857011,0.4983327639420913,43.966407775878906,152.90966796875,-206.79067993164062,0.014331862330436707,-962.0885900405116,3.2917137145996094,53413.09817485221,51238.912378294655,8290304000.0
train_tune_571cc_00312_312,TRANSFORMER,0.0382021815767336,0.7683736036917791,0.555323672478092,35.10965347290039,92.08061981201172,-189.70065307617188,0.009446410462260246,-95604.84688817774,5.238900184631348,20287.234669735502,20545.18859738483,3096576000.0
train_tune_571cc_00313_313,TRANSFORMER,0.0539126553140907,0.7791589015089944,0.523021775008619,20.291912078857422,46.63036346435547,-72.00376892089844,0.00252878968603909,-1970.5665374567457,2.799884796142578,5891.5291051749355,5903.291848357638,1062912000.0
train_tune_571cc_00314_314,TRANSFORMER,0.0165322711622165,0.7938883781120635,0.544764561083631,10.373600006103516,22.63941192626953,-27.37286376953125,0.0019190425518900156,-840.1964314309955,2.8795793056488037,3806.9349104654702,3778.697405050915,643072000.0
train_tune_571cc_00315_315,TRANSFORMER,0.0202238180682838,0.8208281693264113,0.4883161043517254,17.661865234375,47.92241287231445,-111.40838623046875,0.0013729464262723923,-876.7620046525747,2.4831430912017822,7178.547524059255,7223.484839478561,1810432000.0
train_tune_571cc_00316_316,TRANSFORMER,0.017225646688425,0.8114612543290017,0.513179161180947,63.53840637207031,202.41021728515625,-918.9977416992188,0.020988117903470993,-24858.17341244322,5.470522880554199,47681.86901025345,45821.688379110084,8290304000.0
train_tune_571cc_00317_317,TRANSFORMER,0.1139933970894558,0.746756452546976,0.4299563640778623,41.96958923339844,101.64073944091797,-415.372802734375,0.010375984013080597,-2079.1199544051306,6.904096603393555,8166.465476654592,8254.267008197308,1259520000.0
train_tune_571cc_00318_318,TRANSFORMER,0.0221758517390668,0.7627758896652361,0.5586937150978076,20.395374298095703,61.8883171081543,-73.10211181640625,0.010297907516360283,-206285.3772285058,4.538104057312012,10633.226578376642,10968.85124781179,1810432000.0
train_tune_571cc_00319_319,TRANSFORMER,0.022168497503383,0.7959269075201125,0.5440857058056452,14.65652084350586,30.792625427246094,-67.69894409179688,0.0022259734105318785,-103264.49145936446,2.9873809814453125,4166.715060603961,4027.1837293999224,708608000.0
train_tune_571cc_00320_320,TRANSFORMER,0.0298104550864757,0.8049405478309893,0.545020798728968,42.50978469848633,129.81593322753906,-269.09283447265625,0.018959572538733482,-133653.0194849861,7.870064735412598,22885.575974140444,23156.432416341777,3620864000.0
train_tune_571cc_00321_321,TRANSFORMER,0.0195226622785909,0.8105658983412255,0.4830278406741187,50.74571990966797,145.9615478515625,-846.9801025390625,0.01045744214206934,-197529.21245398425,3.4455199241638184,37825.3734619023,37843.44732879343,6217728000.0
train_tune_571cc_00322_322,TRANSFORMER,0.0263502410972118,0.7831726505801506,0.5504489705005419,37.641868591308594,110.09322357177734,-353.5635986328125,0.006689948495477438,-692.7849378417552,4.752984046936035,20405.245489526023,21753.33739704791,2715648000.0
train_tune_571cc_00323_323,TRANSFORMER,0.037797814734698,0.7767096057189198,0.4210548160571918,19.60079574584961,50.678043365478516,-172.0155029296875,0.0026700757443904877,-98061.21144159786,3.121098279953003,6696.011878066558,6696.011878066558,839680000.0
train_tune_571cc_00324_324,TRANSFORMER,0.0147198480531813,0.7710273226902234,0.3006138778457949,32.35976791381836,59.835880279541016,-165.91773986816406,0.00413508340716362,-372156.95531431655,4.447894096374512,7830.813176276753,7830.813176276753,1286144000.0
train_tune_571cc_00325_325,TRANSFORMER,0.0505365582001722,0.8154283158938141,0.4348616332749515,22.649658203125,70.86715698242188,-134.1781005859375,0.00485365092754364,-664.0212950883188,1.80083429813385,22553.65817960247,22186.772315704464,4145152000.0
train_tune_571cc_00326_326,TRANSFORMER,0.0361801805357631,0.7940032903313581,0.4951741348088456,52.44596862792969,136.36204528808594,-547.9537963867188,0.005452591925859451,-584.1742230623277,5.621805191040039,14612.78155985783,14520.812534785042,3620864000.0
train_tune_571cc_00327_327,TRANSFORMER,0.0493940442060174,0.8011299875658517,0.4338722852234509,59.718162536621094,178.0212860107422,-485.2832336425781,0.00542307086288929,-15545.945170785377,1.1540074348449707,54740.03629033157,55097.83650929807,8290304000.0
train_tune_571cc_00328_328,TRANSFORMER,0.0445736131932585,0.807457140181789,0.5338157483367139,54.16412353515625,125.35584259033203,-441.82763671875,0.009805995970964432,-2087.664383427144,5.701044082641602,17860.903959674928,19563.267693790523,3096576000.0
train_tune_571cc_00329_329,TRANSFORMER,0.073783143807309,0.7860489552032163,0.5598448137882416,31.272029876708984,104.00605773925781,-118.8863525390625,0.02078605443239212,-113467.6449703099,4.230812072753906,33346.567594376866,33408.38305447105,6217728000.0
train_tune_571cc_00330_330,TRANSFORMER,0.0967944549473032,0.8026671432550265,0.5565131352929682,42.86404037475586,139.85516357421875,-247.1087188720703,0.015376411378383636,-140524.5533119913,4.264307498931885,46010.96116432658,46010.96116432658,8290304000.0
train_tune_571cc_00331_331,TRANSFORMER,0.0240069377965805,0.7771631234477033,0.4922190784517892,53.767601013183594,149.1588134765625,-519.1536865234375,0.006673028226941824,-837.0844478082272,3.929687976837158,25552.14739732687,25869.299570915704,3620864000.0
train_tune_571cc_00332_332,TRANSFORMER,0.0303432579569639,0.8172354755940506,0.4986273792440306,36.119903564453125,110.40418243408203,-407.6641845703125,0.008471084758639336,-65035.46553244877,2.945511817932129,34079.00194592607,32587.50447284712,6217728000.0
train_tune_571cc_00333_333,TRANSFORMER,0.032623532723644,0.8120357250387825,0.5195610399603886,34.442108154296875,89.75869750976562,-347.44342041015625,0.003168791765347123,-998.6527750542768,4.235101699829102,11958.034196136778,11951.190475829453,2715648000.0
train_tune_571cc_00334_334,TRANSFORMER,0.103397524312396,0.7939236890330403,0.5682982356230778,20.795433044433594,65.28822326660156,-64.87919616699219,0.007702949922531843,-1780.6497868988429,2.0971767902374268,20328.005947927573,20322.907933934726,4145152000.0
train_tune_571cc_00335_335,TRANSFORMER,0.0216084874116053,0.7700203225963022,0.4099574305290552,30.86492347717285,72.77056884765625,-157.65573120117188,0.005989823956042528,-764.8312772280785,5.818950176239014,8496.407171658433,9331.36964115896,1417216000.0
train_tune_571cc_00336_336,TRANSFORMER,0.0639888431789076,0.7901556753285858,0.4270056764582924,25.485475540161133,77.41126251220703,-169.10031127929688,0.003932511433959007,-1234.837167985793,1.3622617721557617,23540.328996877415,24614.680877115425,4145152000.0
train_tune_571cc_00337_337,TRANSFORMER,0.0513421321573482,0.7418905540762223,0.3072775375283054,21.033802032470703,48.332176208496094,-78.28564453125,0.0025845190975815058,-40362.06103048335,2.9013619422912598,6128.581974549395,6128.581974549395,1062912000.0
train_tune_571cc_00338_338,TRANSFORMER,0.0134951412310492,0.7465651726465762,0.4484288420099376,73.3828125,170.72621154785156,-1348.164306640625,0.008690242655575275,-646.1631391396625,8.375360488891602,5717.649506416519,5680.588160628805,1679360000.0
train_tune_571cc_00339_339,TRANSFORMER,0.0229963395919396,0.7857756850865502,0.5425109853028848,19.37232208251953,55.95463943481445,-113.76837158203125,0.004970251582562923,-438.20295377369996,3.070082187652588,11692.054269078368,12547.4455754177,1810432000.0
train_tune_571cc_00340_340,TRANSFORMER,0.0291070292449581,0.7979584100732366,0.4635779071243956,19.580347061157227,61.450992584228516,-125.09852600097656,0.006308487616479397,-189010.96051232846,1.9911413192749023,20249.090631447754,20984.549621531853,4145152000.0
train_tune_571cc_00341_341,TRANSFORMER,0.0454802890480966,0.7646589167779414,0.5301670312861725,12.352235794067383,26.837282180786133,-27.619827270507812,0.0054948413744568825,-184592.51297375307,3.5850160121917725,3441.7010118442768,3975.7165506569354,643072000.0
train_tune_571cc_00342_342,TRANSFORMER,0.0103151052705948,0.829944322291054,0.5194473770123144,19.205780029296875,44.29920959472656,-99.22940063476562,0.003695268649607897,-783.0415576781362,2.0137441158294678,8681.411521981432,7653.161134453713,1548288000.0
train_tune_571cc_00343_343,TRANSFORMER,0.0186330774335906,0.8120806638142252,0.4109360291171711,16.554122924804688,48.79365921020508,-93.46249389648438,0.002508491277694702,-917.5322021283998,1.3050017356872559,12934.092910289008,12955.039647729393,4145152000.0
train_tune_571cc_00344_344,TRANSFORMER,0.038744124604742,0.7211673001595833,0.4327873900393655,40.22116470336914,78.26102447509766,-397.84234619140625,0.004175866954028606,-2865.064569962052,4.772661209106445,6593.898943957199,6593.336828093368,1417216000.0
train_tune_571cc_00345_345,TRANSFORMER,0.032623532723644,0.813759955849886,0.5279575585462993,32.547176361083984,85.24659729003906,-305.93511962890625,0.002929242327809334,-626.3136195298143,4.023157119750977,10801.1122910246,10612.728127167711,2715648000.0
train_tune_571cc_00346_346,TRANSFORMER,0.014821748966378,0.7667738432031478,0.4839998931083331,20.97356414794922,39.46371078491211,-95.85327911376953,0.002876375103369355,-3029.5768631455826,3.824674367904663,5245.3805877266595,5137.831155523681,964608000.0
train_tune_571cc_00347_347,TRANSFORMER,0.0152078846028327,0.8096658296920135,0.4364174208869468,21.326059341430664,56.81850814819336,-170.72933959960938,0.004004042595624924,-506.38416555851467,2.49924898147583,11502.18041056777,11686.969782260116,1810432000.0
train_tune_571cc_00348_348,TRANSFORMER,0.0338140847690989,0.7871190559066163,0.5183534478418054,19.27422523498535,57.80833435058594,-75.505126953125,0.003494870848953724,-17675.6133964078,3.3521697521209717,10958.834715061212,10958.358128183327,1810432000.0
train_tune_571cc_00349_349,TRANSFORMER,0.0653141516802159,0.7889579131043484,0.5667452882009142,43.53379821777344,153.2601776123047,-253.3733367919922,0.03699718415737152,-60095.1402955173,6.109428405761719,47893.25528115916,47900.62426230289,8290304000.0
train_tune_571cc_00350_350,TRANSFORMER,0.0113372636078877,0.7824887979234472,0.4591801092950068,12.337066650390625,28.521604537963867,-50.31147003173828,0.0006921550375409424,-727.2725854208333,1.2364141941070557,5112.613794608182,5024.131272633204,1548288000.0
train_tune_571cc_00351_351,TRANSFORMER,0.0698677396708617,0.730311861158241,0.4900249183088227,55.527931213378906,132.89332580566406,-571.6321411132812,0.013896984979510307,-277511.72498103214,8.691778182983398,12206.279046586102,12186.725229125583,1679360000.0
train_tune_571cc_00352_352,TRANSFORMER,0.0243706692505374,0.7634928432750451,0.5129711481552346,38.50828552246094,81.35601806640625,-270.09710693359375,0.007452657446265221,-28071.111353408538,6.319732666015625,8124.289122530369,8767.288966806065,1417216000.0
train_tune_571cc_00353_353,TRANSFORMER,0.037375078355991,0.7979258818624481,0.5892750287689303,20.890527725219727,60.95354461669922,-142.67803955078125,0.002933315234258771,-620.8344452342432,2.723308801651001,12766.846100595298,13112.275537928681,1810432000.0
train_tune_571cc_00354_354,TRANSFORMER,0.0400810376621821,0.7794843911713439,0.5605181472227125,22.489852905273438,58.21017837524414,-73.47586059570312,0.007173655554652214,-100282.83287808906,3.5626895427703857,12376.112962132951,12495.026018734497,2322432000.0
train_tune_571cc_00355_355,TRANSFORMER,0.0325431467837013,0.8193029658719939,0.4892823211985917,36.00934600830078,110.07887268066406,-401.39508056640625,0.00872671790421009,-76283.91886380932,3.02301025390625,33545.51114608853,33653.03272890642,6217728000.0
train_tune_571cc_00356_356,TRANSFORMER,0.0509311948395336,0.7898719332383505,0.463972304293871,26.168376922607422,49.78125762939453,-119.94419860839844,0.00654643913730979,-2485.771876017763,5.0141191482543945,6547.236923822466,6522.957842838911,1286144000.0
train_tune_571cc_00357_357,TRANSFORMER,0.091930275778432,0.7791207842032678,0.5527927205155488,44.693885803222656,152.03842163085938,-233.0316162109375,0.015675950795412064,-716.0512899630171,3.5583372116088867,49363.78705699839,50181.58327837512,8290304000.0
train_tune_571cc_00358_358,TRANSFORMER,0.0802135059833825,0.8071062358369846,0.5785496591570142,31.17329216003418,104.8055419921875,-153.497802734375,0.011220470070838928,-939.4516760731078,3.2007293701171875,30985.19748560704,31275.29385718749,6217728000.0
train_tune_571cc_00359_359,TRANSFORMER,0.0228546420448278,0.8112676495856097,0.4498028916837204,32.185523986816406,92.04466247558594,-335.76947021484375,0.003535256488248706,-939.2083865101131,2.0286712646484375,20204.566309450456,20325.15790283381,6217728000.0
train_tune_571cc_00360_360,TRANSFORMER,0.074281055014591,0.8046379029267725,0.5902832398230783,31.144084930419922,104.29528045654297,-118.91500854492188,0.02172834239900112,-134510.69326393644,4.026039123535156,33957.77025193099,33450.11193865545,6217728000.0
train_tune_571cc_00361_361,TRANSFORMER,0.0196322882919088,0.7999093792475981,0.5092915092806477,50.14944839477539,142.14761352539062,-385.77679443359375,0.012786890380084515,-446.84739479555685,6.204813480377197,25150.037857755953,24228.24640247111,3620864000.0
train_tune_571cc_00362_362,TRANSFORMER,0.0358143328567313,0.7822084383917866,0.5313998901269762,79.79489135742188,216.17657470703125,-1284.607421875,0.018179988488554955,-106837.76668154096,8.13566780090332,22679.314371881246,23532.074150631008,3620864000.0
train_tune_571cc_00363_363,TRANSFORMER,0.0276169158772948,0.7738364987190529,0.4724040052942849,30.439144134521484,58.677066802978516,-115.65592956542969,0.006033624056726694,-38638.99509248072,5.603452205657959,6817.427387812377,7492.426136160873,1286144000.0
train_tune_571cc_00364_364,TRANSFORMER,0.0706458097006932,0.7981496553122095,0.557459034286248,22.393051147460938,73.26435852050781,-82.40249633789062,0.008372602052986622,-30948.83545314052,2.3009676933288574,22343.663085914966,22349.01155767688,4145152000.0
train_tune_571cc_00365_365,TRANSFORMER,0.009738005569872,0.8029972461338496,0.434321946006625,37.68566131591797,116.23332977294922,-277.26123046875,0.006115363910794258,-874.989400648991,1.7180804014205933,33955.31015867736,33808.06467995448,6217728000.0
train_tune_571cc_00366_366,TRANSFORMER,0.0769363820005813,0.8014425561959899,0.5778227860144736,22.34162139892578,73.00759887695312,-81.98712158203125,0.008319903165102005,-38024.013374426766,2.2755112648010254,22344.688534729597,22344.688534729597,4145152000.0
train_tune_571cc_00367_367,TRANSFORMER,0.074281055014591,0.8044527303311034,0.5796052647132456,30.19298553466797,102.02926635742188,-110.62291717529297,0.02273505926132202,-105895.87940990546,4.325706481933594,33304.17674373108,33058.11154721696,6217728000.0
train_tune_571cc_00368_368,TRANSFORMER,0.0429835188941017,0.7453815832398655,0.4768487024593666,56.90545654296875,126.09796905517578,-775.0565185546875,0.006042954511940479,-865.9471606146421,7.0111212730407715,5860.684974670231,6069.526741747154,1679360000.0
train_tune_571cc_00369_369,TRANSFORMER,0.0346891834024387,0.7847199638008558,0.5533712231394112,18.813066482543945,56.43705749511719,-71.24539184570312,0.0033966326154768467,-1522.4851508551662,3.261341094970703,10480.80095318406,10526.35066683828,1810432000.0
train_tune_571cc_00370_370,TRANSFORMER,0.0248638524936498,0.804396362224319,0.5262169707194202,31.654281616210938,80.61325073242188,-327.1150817871094,0.005847481545060873,-227039.59489977194,3.7369940280914307,11023.952245411698,11735.235372152281,1810432000.0
train_tune_571cc_00371_371,TRANSFORMER,0.0306770944503567,0.7742400942472946,0.5317017295921422,25.956844329833984,77.29890441894531,-114.37641906738281,0.004791406914591789,-731.469655957498,4.553676605224609,14920.834815373339,14869.068807087713,2715648000.0
train_tune_571cc_00372_372,TRANSFORMER,0.0869864706029173,0.7876836689683769,0.4988076197694866,61.31842803955078,181.54183959960938,-471.769287109375,0.005380573682487011,-980699.5597818604,0.9572936296463013,54900.83559765313,54900.83559765313,8290304000.0
train_tune_571cc_00373_373,TRANSFORMER,0.0670637583855378,0.7906731157858452,0.5409480810116915,34.71815490722656,119.26777648925781,-182.93731689453125,0.022471103817224503,-239170.28132586303,4.441478252410889,35097.074352012525,36409.93159824124,6217728000.0
train_tune_571cc_00374_374,TRANSFORMER,0.036374762502413,0.7279146266941582,0.4583017814447969,19.219186782836914,38.93170928955078,-101.57605743408203,0.0018740056548267603,-3336.7789023759333,2.939990520477295,4390.004758157892,4516.689066520053,1062912000.0
train_tune_571cc_00375_375,TRANSFORMER,0.0361801805357631,0.7989501093728526,0.4859424126336611,55.85285949707031,143.44415283203125,-640.1884765625,0.005950982216745615,-920.963581341812,5.867495536804199,17185.265560202013,17342.20818988542,3620864000.0
train_tune_571cc_00376_376,TRANSFORMER,0.0338120732432126,0.7737733194687753,0.3649593618475088,33.308284759521484,78.06890869140625,-191.70892333984375,0.006249415688216686,-1005.5157037300096,6.1286516189575195,8928.058350933172,9506.150558846013,1417216000.0
train_tune_571cc_00377_377,TRANSFORMER,0.0671576016521535,0.8009016789375073,0.4403479797674172,40.24306869506836,124.08270263671875,-294.720947265625,0.005151016637682915,-1410.1431219803828,1.3609158992767334,35647.22672137637,34732.66087809821,6217728000.0
train_tune_571cc_00378_378,TRANSFORMER,0.0261916066057476,0.7682309841190108,0.5362670690675198,20.547164916992188,70.84558868408203,-94.0284423828125,0.006110188085585833,-638.1884557028907,2.1395959854125977,23972.89816180173,25372.677714874877,4145152000.0
train_tune_571cc_00379_379,TRANSFORMER,0.0228149890390762,0.8134392886130963,0.5305115929785766,20.070804595947266,66.81843566894531,-128.5869140625,0.008984331041574478,-62630.06256895922,2.4290733337402344,21931.293015879393,20297.37852865822,4145152000.0
train_tune_571cc_00380_380,TRANSFORMER,0.0290564498076879,0.7786651962189414,0.5816603755570726,29.58831024169922,93.2321548461914,-122.55339050292969,0.014623969793319702,-105563.07221314378,6.077242851257324,17559.479365875563,16579.380810986964,2715648000.0
train_tune_571cc_00381_381,TRANSFORMER,0.0336416972699874,0.7783241890016304,0.5706706484678673,36.61994552612305,112.14035034179688,-203.94052124023438,0.008079648949205875,-493.35241250037086,6.224943161010742,19127.80426641928,19209.621326509765,3620864000.0
train_tune_571cc_00382_382,TRANSFORMER,0.0949538803028495,0.7975320848820022,0.557662651451376,37.3094367980957,121.85021209716797,-175.20486450195312,0.013289090245962143,-621.152808255827,3.732487201690674,38841.408867810664,38935.89639080427,8290304000.0
train_tune_571cc_00383_383,TRANSFORMER,0.0289408423322744,0.7864923383905557,0.3495475332101309,28.568466186523438,60.22071075439453,-194.89059448242188,0.002990834880620241,-4602.374068861797,4.315986633300781,7708.685990385942,7664.721828902888,1062912000.0
train_tune_571cc_00384_384,TRANSFORMER,0.009738005569872,0.7956469106048104,0.4368084629523044,40.09425354003906,122.48387145996094,-321.07293701171875,0.005596252158284187,-1367.4566285806172,1.509201169013977,34335.78195961153,33198.674141553805,6217728000.0
train_tune_571cc_00385_385,TRANSFORMER,0.0536366249987868,0.7706451740786542,0.501926631379808,76.6011962890625,174.85440063476562,-1458.35791015625,0.010896757245063782,-42075.146973441944,8.644652366638184,13005.527637111989,12031.586458794493,1679360000.0
train_tune_571cc_00386_386,TRANSFORMER,0.0397609437509466,0.8253161089868608,0.5316927606430302,54.591888427734375,139.4810791015625,-706.7181396484375,0.005943196825683117,-592.6610824093449,5.790095806121826,15086.098271432345,15210.328810563451,3620864000.0
train_tune_571cc_00387_387,TRANSFORMER,0.0949538803028495,0.8045677867372792,0.5016619541831187,41.414817810058594,135.45376586914062,-226.6602783203125,0.014869487844407558,-1705.2027658596962,4.160120010375977,44004.02501354995,44175.00207375787,8290304000.0
train_tune_571cc_00388_388,TRANSFORMER,0.0389977388952405,0.7797767238511716,0.4840582793400118,29.571474075317383,78.93536376953125,-112.29447937011719,0.010572629049420357,-56147.429041532945,5.145418167114258,18178.189943266905,17225.484987501437,3096576000.0
train_tune_571cc_00389_389,TRANSFORMER,0.0421224657115589,0.7940975276268447,0.4679260502566396,57.986122131347656,148.1253662109375,-795.2733154296875,0.006472946610301733,-982.6998094408956,6.113229274749756,16978.26317727048,17128.10410921241,3620864000.0
train_tune_571cc_00390_390,TRANSFORMER,0.0291070292449581,0.8035213946264127,0.4314560402978411,19.597440719604492,60.8762321472168,-129.3922882080078,0.006167653948068619,-127136.24021806783,2.07611083984375,21553.27854448439,20860.001537002856,4145152000.0
train_tune_571cc_00391_391,TRANSFORMER,0.0303432579569639,0.8159245458663968,0.5132261600362548,39.11960983276367,117.80347442626953,-488.69915771484375,0.008029123768210411,-337627.8161404676,2.907883644104004,34492.52458548991,34433.70015192249,6217728000.0
train_tune_571cc_00392_392,TRANSFORMER,0.0659399496439311,0.7894212589527466,0.5136566181897549,34.0118522644043,119.54835510253906,-178.96661376953125,0.008900666609406471,-830.5131828493501,2.6398394107818604,41843.1978386606,37646.60369612136,6217728000.0
train_tune_571cc_00393_393,TRANSFORMER,0.0186330774335906,0.8161285747274255,0.4373858361572426,18.094770431518555,52.5213508605957,-112.62661743164062,0.0025212422478944063,-2680.437865764889,1.3475239276885986,15336.964090104151,15434.386822298187,4145152000.0
train_tune_571cc_00394_394,TRANSFORMER,0.032623532723644,0.813759955849886,0.5279575585462993,32.547176361083984,85.24659729003906,-305.93511962890625,0.002929242327809334,-626.3136195298143,4.023157119750977,10801.1122910246,10612.728127167711,2715648000.0
train_tune_571cc_00395_395,TRANSFORMER,0.0291070292449581,0.7966748961880422,0.4648830164476594,18.79079246520996,59.85948944091797,-111.60450744628906,0.006715023424476385,-107260.37823403595,1.9615981578826904,20065.51064628021,20902.819123496258,4145152000.0
train_tune_571cc_00396_396,TRANSFORMER,0.0178329598081763,0.7998503709020258,0.4161250110511056,40.230743408203125,111.13375854492188,-442.3722839355469,0.004096204414963722,-4089.835316630777,2.9766411781311035,19017.840215418168,19048.186106961046,2715648000.0
train_tune_571cc_00397_397,TRANSFORMER,0.034756402899464,0.8267650690152081,0.491935026841773,53.92262268066406,139.26954650878906,-598.5707397460938,0.005594233982264996,-573.9823924463813,5.7034454345703125,14652.507073755272,14628.60374645088,3620864000.0
train_tune_571cc_00398_398,TRANSFORMER,0.0228158172649318,0.7485968421849027,0.4531075397374087,10.625775337219238,23.30453872680664,-36.89824676513672,0.0007736928528174758,-62054.546347934825,1.627121925354004,3525.842422714862,3525.842422714862,708608000.0
train_tune_571cc_00399_399,TRANSFORMER,0.0518389149350085,0.7940080319767961,0.5154597206954505,44.54779815673828,101.37319946289062,-687.7982177734375,0.005860194563865662,-84382.37212674064,6.085566997528076,9720.023982669962,9857.55969445292,1259520000.0
train_tune_571cc_00400_400,TRANSFORMER,0.0842168280537285,0.7855963245787873,0.4574951760777852,42.2191047668457,143.8194580078125,-198.32159423828125,0.01386109460145235,-743.0852131558347,3.3885061740875244,54432.386441475726,50357.04118701738,8290304000.0
train_tune_571cc_00401_401,TRANSFORMER,0.0689594052787947,0.7911414774211926,0.5114591016182884,15.159339904785156,35.178253173828125,-102.43571472167969,0.0012133343843743205,-1463.2157167074606,2.742441415786743,2896.522354147992,2922.0033338256876,839680000.0
train_tune_571cc_00402_402,TRANSFORMER,0.0190318490829999,0.8203396899792256,0.500998682196314,63.89453887939453,176.3525390625,-1096.105224609375,0.006091956049203873,-2915.0811792324184,3.282104969024658,36353.057711817055,36051.815261454314,8290304000.0
train_tune_571cc_00403_403,TRANSFORMER,0.031993914691478,0.7773043486678791,0.5688541531753738,26.7294864654541,79.46817016601562,-121.62735748291016,0.005005320999771357,-1157.1730979501383,4.706788539886475,15430.992966413996,15402.68666083617,2715648000.0
train_tune_571cc_00404_404,TRANSFORMER,0.0551571046130121,0.7666954705118226,0.5102650646396695,29.83949089050293,58.525115966796875,-143.00186157226562,0.009931297972798347,-1507875.6807290798,6.411741256713867,7855.823147564428,7855.823147564428,1286144000.0
train_tune_571cc_00405_405,TRANSFORMER,0.0088616496384432,0.7893703049138798,0.3777164249291599,26.784473419189453,57.735599517822266,-161.83377075195312,0.002950902096927166,-13362.508403269998,4.2816691398620605,6792.939679890587,6800.643645855638,1062912000.0
train_tune_571cc_00406_406,TRANSFORMER,0.0219846690416977,0.7992409095782964,0.5417842269923893,12.590991973876953,27.209705352783203,-44.8656120300293,0.00239531509578228,-70375.27852243149,3.0356838703155518,3723.563098520626,3627.949213186243,708608000.0
train_tune_571cc_00407_407,TRANSFORMER,0.02301953423024,0.7777239784930067,0.510711925973245,69.05902862548828,171.38345336914062,-1073.150634765625,0.019208218902349472,-1096.633507056489,9.350920677185059,13548.045939626929,13896.449321169817,1679360000.0
train_tune_571cc_00408_408,TRANSFORMER,0.0135507972102022,0.7840361809681493,0.476301426919266,11.80053997039795,26.52078628540039,-42.19347381591797,0.0006923511391505599,-2084.7758665914234,1.1607422828674316,5733.452785914223,5652.8762220747885,1548288000.0
train_tune_571cc_00409_409,TRANSFORMER,0.1139933970894558,0.746756452546976,0.4299563640778623,41.96958923339844,101.64073944091797,-415.372802734375,0.010375984013080597,-2079.1199544051306,6.904096603393555,8166.465476654592,8254.267008197308,1259520000.0
train_tune_571cc_00410_410,TRANSFORMER,0.0434957772936013,0.7780125878173948,0.5313315501799469,52.463829040527344,123.08787536621094,-447.9275207519531,0.009347098879516125,-1985.1623346865288,5.547801971435547,17436.674143211305,18228.91065596851,3096576000.0
train_tune_571cc_00411_411,TRANSFORMER,0.0344533223145528,0.7722999228441769,0.5030640511766422,30.742944717407227,76.00355529785156,-174.86068725585938,0.006969806272536516,-618.3788861825672,5.92482852935791,8699.123027884154,9779.513480580079,1417216000.0
train_tune_571cc_00412_412,TRANSFORMER,0.009738005569872,0.7956469106048104,0.4368084629523044,40.09425354003906,122.48387145996094,-321.07293701171875,0.005596252158284187,-1367.4566285806172,1.509201169013977,34335.78195961153,33198.674141553805,6217728000.0
train_tune_571cc_00413_413,TRANSFORMER,0.0585919188965714,0.760151198997912,0.522191505209477,21.407495498657227,54.765174865722656,-113.82779693603516,0.006009058095514774,-241714.34961346196,4.02358341217041,5678.618576550759,5631.299825062413,839680000.0
train_tune_571cc_00414_414,TRANSFORMER,0.0962227896909014,0.7869266106784973,0.5675634948436659,19.869489669799805,62.454193115234375,-58.1889533996582,0.007508890237659216,-778.2772101196297,2.035261392593384,19063.31688538468,19032.826162496847,4145152000.0
train_tune_571cc_00415_415,TRANSFORMER,0.0576987545374986,0.7325524729553851,0.4701120268275717,25.63276481628418,62.522796630859375,-187.8021240234375,0.005963340867310762,-55950.03739728322,4.552916526794434,5723.769401407519,5723.769401407519,839680000.0
train_tune_571cc_00416_416,TRANSFORMER,0.029582100916598,0.7697319471488044,0.4832666746276493,23.335067749023438,58.49898147583008,-265.05694580078125,0.004248172976076603,-1120.9833484497353,3.7935214042663574,7087.051697006584,7121.164298913829,839680000.0
train_tune_571cc_00417_417,TRANSFORMER,0.0430151599045361,0.7657909069197988,0.5200421445031392,60.88009262084961,133.25502014160156,-869.3453369140625,0.006539682857692242,-1215.8194975287047,7.201163291931152,6850.91570350126,6722.837329342571,1679360000.0
train_tune_571cc_00418_418,TRANSFORMER,0.0103151052705948,0.8000645115463821,0.5083707482715417,22.614238739013672,50.406394958496094,-126.22489929199219,0.0038939774967730045,-1207.1992077198247,2.262866497039795,9153.331453913737,8856.103564938985,1548288000.0
train_tune_571cc_00419_419,TRANSFORMER,0.0152078846028327,0.8181798712898892,0.4496688659254914,23.075578689575195,61.81803894042969,-204.05429077148438,0.0033899634145200253,-541.4143331992868,2.3072338104248047,12294.288623673627,12568.174362565403,1810432000.0
train_tune_571cc_00420_420,TRANSFORMER,0.0938193118877805,0.7901544004410082,0.5545991596251066,41.567970275878906,135.6608428955078,-227.67086791992188,0.014941739849746227,-1759.552017250804,4.190955638885498,44399.56656805817,44250.595429214096,8290304000.0
train_tune_571cc_00421_421,TRANSFORMER,0.0472049776109443,0.7749798181976928,0.4412874699106764,11.981005668640137,24.59579086303711,-29.016345977783203,0.0030353721231222153,-1577.4042162033916,2.47438645362854,3284.653643317652,3254.145765059232,643072000.0
train_tune_571cc_00422_422,TRANSFORMER,0.0352654134107342,0.8110162206200237,0.5221499386428271,45.22977066040039,120.95311737060547,-397.42279052734375,0.004633654374629259,-422.78409983065603,5.037731170654297,11731.383055879858,11566.541056696959,3620864000.0
train_tune_571cc_00423_423,TRANSFORMER,0.0537246490926609,0.8010871336224246,0.571001844131447,36.44471740722656,92.72978210449219,-185.85943603515625,0.013263944536447525,-832.4703686531896,5.628837585449219,18671.180577900646,19741.883208525316,3096576000.0
train_tune_571cc_00424_424,TRANSFORMER,0.0300239106386245,0.7548158781028235,0.4419041971577397,19.706953048706055,50.97146224975586,-174.32493591308594,0.002701058052480221,-4181.978008766949,3.1688179969787598,6689.949856802735,6707.044193132206,839680000.0
train_tune_571cc_00425_425,TRANSFORMER,0.077275199532112,0.8012187576263213,0.5538744898228135,43.790409088134766,149.88641357421875,-299.9630432128906,0.01578138768672943,-926.6876079940596,4.583856582641602,41846.71225499581,42222.2594351061,8290304000.0
train_tune_571cc_00426_426,TRANSFORMER,0.0773005802257286,0.8007421905801465,0.5784846446898969,42.565189361572266,146.14588928222656,-283.84954833984375,0.015297336503863335,-696.2507818149553,4.382561206817627,39231.71103715429,39250.168798356826,8290304000.0
train_tune_571cc_00427_427,TRANSFORMER,0.0571345668857584,0.7653958451919024,0.5220321212082402,24.769790649414062,62.05568313598633,-173.21200561523438,0.006072647403925657,-726790.1326253244,4.29626989364624,6212.016808731094,6197.315212037837,839680000.0
train_tune_571cc_00428_428,TRANSFORMER,0.0903886423828156,0.7833740920918788,0.5198073546684728,40.81300735473633,138.53582763671875,-185.4554443359375,0.015551039949059486,-599.124487631984,3.5294976234436035,49858.23420946238,51374.75657757709,8290304000.0
train_tune_571cc_00429_429,TRANSFORMER,0.0289436138951891,0.7654246487900841,0.4783885105496775,37.178077697753906,94.02110290527344,-416.5654602050781,0.006579644978046417,-2982.9855139895017,5.589735984802246,10159.926005478348,10178.407994930112,1259520000.0
train_tune_571cc_00430_430,TRANSFORMER,0.0439892554622915,0.7391431341359285,0.5289628903059321,17.805347442626953,46.461029052734375,-54.65500259399414,0.00498559745028615,-359723.41537235613,2.6417737007141113,9904.631941264055,9520.280027061153,1548288000.0
train_tune_571cc_00431_431,TRANSFORMER,0.0248407154224426,0.8233894911307192,0.5746338422845366,28.425386428833008,77.10025787353516,-242.93960571289062,0.0058563752099871635,-98820.3623400095,3.640720844268799,11469.671877903866,11434.18905637842,1810432000.0
train_tune_571cc_00432_432,TRANSFORMER,0.0306770944503567,0.7743003126573148,0.5331503949764352,25.95088005065918,77.28237915039062,-113.60218811035156,0.0048958114348351955,-740.3689787834448,4.537015914916992,14960.872547612138,14895.876893233813,2715648000.0
train_tune_571cc_00433_433,TRANSFORMER,0.0142720047148839,0.7920199246588112,0.5322723228356524,19.04509162902832,48.514259338378906,-87.71908569335938,0.004027112387120724,-1211.4459708660127,2.1836321353912354,9802.621873094113,9692.783362572995,1548288000.0
train_tune_571cc_00434_434,TRANSFORMER,0.020249026244659,0.7702670026173276,0.4671230343951237,75.86304473876953,181.12254333496094,-1235.334228515625,0.011421015486121178,-10127.098587304867,7.783816337585449,13248.229174809054,13246.171670274618,1679360000.0
train_tune_571cc_00435_435,TRANSFORMER,0.023301221109034,0.7890316979856538,0.5000265009295005,55.00550842285156,162.7862548828125,-520.1573486328125,0.01162712462246418,-663.5168323497595,6.400885105133057,29178.43838123287,28777.65749822632,3620864000.0
train_tune_571cc_00436_436,TRANSFORMER,0.103397524312396,0.7897850224624007,0.5670118335478042,19.334306716918945,60.58161163330078,-53.67372512817383,0.007342314347624779,-630.178729542146,1.9942193031311035,18395.77477894904,18361.66750432759,4145152000.0
train_tune_571cc_00437_437,TRANSFORMER,0.0869864706029173,0.7962760555381608,0.5125595188948188,46.920047760009766,144.604736328125,-217.26995849609375,0.009524144232273102,-781.8608191612047,1.8345223665237427,43263.700498686885,47473.13917580682,8290304000.0
train_tune_571cc_00438_438,TRANSFORMER,0.0769363820005813,0.7931193506276449,0.5887517139271226,21.413965225219727,70.10002899169922,-74.0205307006836,0.008066944777965546,-986.0156741713276,2.1806156635284424,20526.651859622456,20458.120755213,4145152000.0
train_tune_571cc_00439_439,TRANSFORMER,0.0874605858947912,0.7805788291985928,0.5477769809427816,29.179277420043945,94.05337524414062,-114.84823608398438,0.01044981274753809,-1053.1646407469084,2.945103883743286,30578.809603565125,30682.2603223214,6217728000.0
train_tune_571cc_00440_440,TRANSFORMER,0.0303411885202662,0.7725517098417126,0.5248358341954151,32.68407440185547,103.42182922363281,-168.8119354248047,0.01310226321220398,-302225.5849064302,6.134860992431641,17869.51562876387,17886.514535842096,2715648000.0
train_tune_571cc_00441_441,TRANSFORMER,0.0142720047148839,0.7938243622236514,0.4839333516495588,19.588855743408203,50.019813537597656,-94.3792724609375,0.0038883148226886988,-1651.0270599830774,2.145249843597412,9978.927018801824,10472.80190088339,1548288000.0
train_tune_571cc_00442_442,TRANSFORMER,0.0069088807474394,0.7949282824040279,0.5037690927827163,53.42348861694336,166.2156219482422,-514.1089477539062,0.00924856960773468,-995.5540380865125,2.151153087615967,45563.14830694168,42427.45548412321,8290304000.0
train_tune_571cc_00443_443,TRANSFORMER,0.0493096945948752,0.7782285444467979,0.5202407971367115,18.74031639099121,37.226715087890625,-70.6053237915039,0.004796934779733419,-1432.2782208904136,3.7636466026306152,4983.396320861277,4950.405936252535,964608000.0
train_tune_571cc_00444_444,TRANSFORMER,0.0264202845798598,0.7771049216925561,0.5438787741507094,30.352930068969727,92.45146179199219,-148.61744689941406,0.013912037014961243,-165786.8295724471,6.20867919921875,16195.026141450535,16282.429702037232,2715648000.0
train_tune_571cc_00445_445,TRANSFORMER,0.0410540972362995,0.7911241417808729,0.4942985336580825,17.006744384765625,41.82096862792969,-126.55457305908203,0.0036059992853552103,-59983.407218054126,3.46081805229187,6448.084398527971,5736.479174211414,839680000.0
train_tune_571cc_00446_446,TRANSFORMER,0.0262896331100489,0.8096126399621445,0.4778983930500682,69.20919036865234,205.17103576660156,-1257.5087890625,0.011348973959684372,-156846.71692721764,4.282301902770996,49714.47420947027,49661.55327371222,8290304000.0
train_tune_571cc_00447_447,TRANSFORMER,0.0276112634488231,0.7804779056831102,0.5064863922741515,15.041669845581055,38.461631774902344,-36.20917892456055,0.0017596554243937135,-714.0547376162715,1.5967292785644531,7597.885574908921,7647.730228333744,1548288000.0
train_tune_571cc_00448_448,TRANSFORMER,0.0190318490829999,0.818541269737208,0.5044905352403427,60.320343017578125,168.43919372558594,-986.37646484375,0.005895150825381279,-1468.4831851210245,3.1687088012695312,32602.334346413445,32635.307047132155,8290304000.0
train_tune_571cc_00449_449,TRANSFORMER,0.0564213315629893,0.7712905436764427,0.5469575523451842,25.189918518066406,48.43794250488281,-91.47370147705078,0.008822912350296974,-76852.94926121438,6.192782878875732,6911.572712677522,7470.931933260594,1286144000.0
train_tune_571cc_00450_450,TRANSFORMER,0.1036267915471854,0.746306911930271,0.4866140578282342,34.99639892578125,82.83922576904297,-256.53460693359375,0.008407768793404102,-1421.3372689289365,5.9760236740112305,7476.701004648816,7448.732634593114,1259520000.0
train_tune_571cc_00451_451,TRANSFORMER,0.073783143807309,0.7896058912581828,0.5831330559613594,30.244426727294922,102.27745056152344,-110.0568618774414,0.022779066115617752,-102367.5786284481,4.359205722808838,33305.48111560426,33055.22422665578,6217728000.0
train_tune_571cc_00452_452,TRANSFORMER,0.0614560571028639,0.8035516611447414,0.5372642547148064,37.66801452636719,115.17666625976562,-249.22653198242188,0.006630254909396172,-813.8675086133421,1.46950101852417,34970.692999336934,33082.15473511985,6217728000.0
train_tune_571cc_00453_453,TRANSFORMER,0.0436073092237026,0.7710612042467261,0.4847999483533134,32.03723907470703,108.85311889648438,-159.28411865234375,0.008945202454924583,-677.4008624071905,2.7349071502685547,38848.634489751414,38809.18466381971,6217728000.0
train_tune_571cc_00454_454,TRANSFORMER,0.0953281047181325,0.7714293881235945,0.55101347931999,19.415935516357422,60.80094909667969,-54.612060546875,0.007420449983328581,-630.3737708073305,2.0240001678466797,18314.757578987577,18331.100793922717,4145152000.0
train_tune_571cc_00455_455,TRANSFORMER,0.0939666493923324,0.8045994830094894,0.5637343855638125,30.781814575195312,99.13314056396484,-131.20217895507812,0.010930445045232773,-80632.53103187431,3.061673879623413,32901.66538587728,32901.926237083826,6217728000.0
train_tune_571cc_00456_456,TRANSFORMER,0.0078143458765309,0.8048607453490838,0.4995317845915288,15.202668190002441,40.85280227661133,-82.60247802734375,0.0011604783358052373,-592.4190642835036,2.2309255599975586,5646.488180790698,5744.35269251442,1810432000.0
train_tune_571cc_00457_457,TRANSFORMER,0.0493940442060174,0.800473865681631,0.4687599311365465,50.93275451660156,154.26409912109375,-316.6055908203125,0.008157093077898026,-980.1133603643452,1.636021375656128,49662.08745032087,45511.300772827584,8290304000.0
train_tune_571cc_00458_458,TRANSFORMER,0.0177837054143481,0.8230193090418525,0.4952973406558997,88.08622741699219,252.26144409179688,-1872.9061279296875,0.015786897391080856,-210561.05617449086,5.146337509155273,55009.83290298379,55228.7586889479,8290304000.0
train_tune_571cc_00459_459,TRANSFORMER,0.0349373087230673,0.8136399611371585,0.5547809908804464,76.71160888671875,205.55715942382812,-1146.34326171875,0.01860291138291359,-55882.772603374164,7.889184951782227,22825.655686117396,23420.788107928754,3620864000.0
train_tune_571cc_00460_460,TRANSFORMER,0.0128084679944882,0.8195039863425847,0.4247932175171844,21.23141098022461,62.198875427246094,-187.14273071289062,0.0031253935303539038,-1217.116178646496,1.6200695037841797,14426.18418181383,14498.745832607014,4145152000.0
train_tune_571cc_00461_461,TRANSFORMER,0.0589337749124946,0.7736231884123493,0.4357626127150288,13.234418869018555,31.200801849365234,-33.86235427856445,0.0013742496958002448,-1360.0972570480321,1.968919038772583,3782.784561021199,3754.055170782463,708608000.0
train_tune_571cc_00462_462,TRANSFORMER,0.0129693049213597,0.8251528798398748,0.439980007642772,21.717382431030273,63.31935501098633,-193.23863220214844,0.0029799730982631445,-2387.1599668817266,1.5842987298965454,16111.26953314796,16119.348284951664,4145152000.0
train_tune_571cc_00463_463,TRANSFORMER,0.0679770450596262,0.814719627736642,0.5629464089086169,24.090412139892578,81.37442779541016,-91.96711730957031,0.015739310532808304,-250094.0989986714,3.1666297912597656,23154.085914370735,22799.629019918044,4145152000.0
train_tune_571cc_00464_464,TRANSFORMER,0.075570090087289,0.7829196973379977,0.5668139927475655,43.654483795166016,157.4490966796875,-213.61155700683594,0.01676729880273342,-581.6872836430454,3.879154682159424,48671.84531522565,49192.39617793005,8290304000.0
train_tune_571cc_00465_465,TRANSFORMER,0.0230088386143309,0.7807589517890396,0.3696540092589561,100.55117797851562,231.0968017578125,-2209.66845703125,0.020243627950549126,-98489.91669278196,9.471490859985352,15359.589456505943,15359.589456505943,1679360000.0
train_tune_571cc_00466_466,TRANSFORMER,0.0670637583855378,0.7939844396318848,0.54861119383915,33.79141616821289,118.39935302734375,-161.28839111328125,0.02433920092880726,-144553.16492516006,4.417673587799072,36846.75828350639,35970.71794755666,6217728000.0
train_tune_571cc_00467_467,TRANSFORMER,0.0338066677754158,0.7765611088205081,0.5190823252662004,22.66549301147461,78.94186401367188,-112.92185974121094,0.005952914711087942,-776.5543105704018,2.0327298641204834,23653.66578490651,25511.31917917731,4145152000.0
train_tune_571cc_00468_468,TRANSFORMER,0.0317953576109998,0.7802605247640725,0.4725963058544408,34.545021057128906,87.67707824707031,-187.6142578125,0.005258917808532715,-23445.3422386841,4.210458755493164,19164.908865562582,19163.35989274622,3096576000.0
train_tune_571cc_00469_469,TRANSFORMER,0.0335175439790378,0.7553307911261963,0.4341796601406767,38.14080047607422,89.15715026855469,-277.19171142578125,0.005565680097788572,-3751.2865141921366,5.912288188934326,11087.634680043904,11073.167823908605,1417216000.0
train_tune_571cc_00470_470,TRANSFORMER,0.0225751289072541,0.8172162321223763,0.5445255818007185,26.033510208129883,62.110557556152344,-359.5254211425781,0.004786442033946514,-1114.5945272740844,4.074752330780029,6825.581598593411,6400.593559155945,839680000.0
train_tune_571cc_00471_471,TRANSFORMER,0.0505365582001722,0.7963215726740583,0.4531671995958971,28.591032028198242,86.88581848144531,-244.74432373046875,0.003129260614514351,-913214.0556477048,1.293492317199707,24185.41640434241,24185.41640434241,4145152000.0
train_tune_571cc_00472_472,TRANSFORMER,0.0249883085874686,0.7633452186730151,0.4170402278430382,18.75982093811035,36.90546417236328,-73.9164047241211,0.0037405258044600487,-59298.709330693906,4.173752784729004,4422.37014787609,4620.384245835684,964608000.0
train_tune_571cc_00473_473,TRANSFORMER,0.0216084874116053,0.7746935508633984,0.3649293274474568,34.236026763916016,80.02403259277344,-205.81016540527344,0.005807208828628063,-1687.4907332829468,5.892224311828613,9429.313400196263,10015.265937116043,1417216000.0
train_tune_571cc_00474_474,TRANSFORMER,0.0709646690208217,0.780547475639119,0.5427808957307735,22.431978225708008,73.31549835205078,-82.91551971435547,0.008370883762836456,-37453.78186368678,2.300715923309326,22345.17485873213,22345.17485873213,4145152000.0
train_tune_571cc_00475_475,TRANSFORMER,0.0232403056438858,0.7746538600438765,0.4817894771976124,24.9459228515625,48.8582763671875,-90.9135513305664,0.005731798242777586,-25574.568411811557,5.633627891540527,6517.90988548823,6040.574595931103,1286144000.0
train_tune_571cc_00476_476,TRANSFORMER,0.0248407154224426,0.8258857373045786,0.5798823077195687,26.76932716369629,73.14411926269531,-210.52532958984375,0.0061361296102404594,-88526.88701831788,3.729311466217041,11383.271144311955,11017.918550166176,1810432000.0
train_tune_571cc_00477_477,TRANSFORMER,0.0512611886158682,0.7539380182488999,0.4802280396621159,42.522972106933594,103.96324157714844,-436.449951171875,0.010636631399393082,-431365.622935378,6.749825477600098,9699.664841632715,9701.11770952928,1259520000.0
train_tune_571cc_00478_478,TRANSFORMER,0.0491796765676649,0.7924058720694261,0.4896929612083581,27.53199577331543,52.06022644042969,-138.2472686767578,0.0068282741121947765,-58804.436814761466,5.3587446212768555,6766.130602047127,6764.7178104926115,1286144000.0
train_tune_571cc_00479_479,TRANSFORMER,0.0532630051296791,0.7600693373537039,0.455837371008398,38.17257308959961,92.92208099365234,-332.54217529296875,0.010778408497571945,-86108.4021888862,6.431268692016602,8468.786640628081,9773.578846478202,1259520000.0
train_tune_571cc_00480_480,TRANSFORMER,0.0686440199847633,0.7695208809679789,0.4874887469847424,16.735137939453125,38.474098205566406,-125.52865600585938,0.0013395216083154082,-3990.64751159161,3.0315632820129395,3648.5667625904184,3588.72031166305,839680000.0
train_tune_571cc_00481_481,TRANSFORMER,0.0405440634306601,0.7843475352928543,0.4991529573592758,16.072677612304688,39.31622314453125,-95.64071655273438,0.002513888757675886,-103806.69935055154,3.062549114227295,5367.036861277693,5713.650576840788,839680000.0
train_tune_571cc_00482_482,TRANSFORMER,0.0536658448525813,0.8049953735079778,0.4314713611730895,27.13678741455078,83.21824645996094,-217.72589111328125,0.003584623336791992,-1639.236358588037,1.3652925491333008,23911.422908799555,23536.553066450204,4145152000.0
train_tune_571cc_00483_483,TRANSFORMER,0.0306770944503567,0.7732529990874945,0.529390325323687,26.729124069213867,79.48765563964844,-122.37142181396484,0.005028712563216686,-1129.0817915699627,4.7072649002075195,15361.46788189596,15386.964898950626,2715648000.0
train_tune_571cc_00484_484,TRANSFORMER,0.0289265099446599,0.8066590954250197,0.5318825103028452,56.86960983276367,150.96327209472656,-840.0040893554688,0.011582113802433014,-755541.0357555938,6.055497169494629,17277.94037553345,17288.951448220687,2715648000.0
train_tune_571cc_00485_485,TRANSFORMER,0.0421224657115589,0.7968204958683547,0.5230918778814382,51.36243438720703,133.5618896484375,-589.126708984375,0.0053868889808654785,-486.9622809058078,5.498234748840332,13377.418876077329,13513.562487857385,3620864000.0
train_tune_571cc_00486_486,TRANSFORMER,0.037375078355991,0.8068395369468605,0.5575897547388351,20.144107818603516,57.40509796142578,-124.65158081054688,0.0033497049007564783,-470.3414127003287,2.7746310234069824,12595.77498481715,12836.301583823531,1810432000.0
train_tune_571cc_00487_487,TRANSFORMER,0.0228149890390762,0.8231502740563057,0.4985713064808104,23.252450942993164,71.35702514648438,-195.91500854492188,0.007432196289300919,-183804.43284008655,2.225294828414917,21234.735505224035,22254.435545016167,4145152000.0
train_tune_571cc_00488_488,TRANSFORMER,0.0505365582001722,0.8159510730139813,0.4224785949874246,24.060710906982422,73.61988830566406,-155.5277099609375,0.004512013401836157,-763.0883624490828,1.7095191478729248,23723.835829978478,22392.96826766358,4145152000.0
train_tune_571cc_00489_489,TRANSFORMER,0.015600091165564,0.7771735782450833,0.3698710964917624,22.66701889038086,47.895263671875,-113.99159240722656,0.0040499987080693245,-97083.32796892601,4.7430219650268555,6963.651388397671,6963.651388397671,964608000.0
train_tune_571cc_00490_490,TRANSFORMER,0.0877707879910547,0.7966594431430729,0.562405334148801,29.974533081054688,96.71221923828125,-121.80940246582031,0.010741589590907097,-1761.7835098479716,3.0004444122314453,31637.184149541015,31828.364283252693,6217728000.0
train_tune_571cc_00491_491,TRANSFORMER,0.0047809673998756,0.792122806231589,0.5026070571160042,53.31752014160156,167.92681884765625,-398.6169128417969,0.010159443132579327,-959.6151444024632,2.24729585647583,45121.04584935688,43052.164489498515,8290304000.0
train_tune_571cc_00492_492,TRANSFORMER,0.0352650371203765,0.7854383384539685,0.4995799853855115,91.21540069580078,228.08212280273438,-1631.89599609375,0.018285932019352913,-2397302.3555570394,7.782334327697754,27172.004068783994,27172.004068783994,3620864000.0
train_tune_571cc_00493_493,TRANSFORMER,0.0368631527096672,0.8175564195466697,0.5315677458974851,30.901113510131836,82.93595886230469,-244.23849487304688,0.0026613250374794006,-499.51742142623516,3.800342082977295,9744.647401908323,9764.296336623966,2715648000.0
train_tune_571cc_00494_494,TRANSFORMER,0.030218968836269,0.8191130968740392,0.5197089995078982,39.0674934387207,117.46919250488281,-483.7733154296875,0.008209789171814919,-302408.3185082684,2.944633960723877,34590.58676583729,34294.94070092445,6217728000.0
train_tune_571cc_00495_495,TRANSFORMER,0.0200219025838083,0.8117504006551884,0.5349136652364442,52.6821403503418,148.81846618652344,-772.771240234375,0.004913525190204382,-757.4651445140034,2.8117382526397705,26050.86115801427,26490.59769268155,8290304000.0
train_tune_571cc_00496_496,TRANSFORMER,0.0452054760443601,0.7378241123226884,0.4667241367895942,12.553485870361328,26.152698516845703,-27.81353759765625,0.004613931756466627,-374253.66138337326,3.4114010334014893,3224.5873160417054,3338.6149041208555,643072000.0
train_tune_571cc_00497_497,TRANSFORMER,0.073057760834234,0.7769868889660619,0.526273759648218,23.084383010864258,74.40680694580078,-79.1131362915039,0.01494617573916912,-424954.8103701882,3.129255771636963,20930.14412239539,21777.64839247975,4145152000.0
train_tune_571cc_00498_498,TRANSFORMER,0.0289436138951891,0.7651451912918152,0.4834334970351682,30.376384735107422,76.22003173828125,-261.30816650390625,0.00698496587574482,-580.7492189712318,5.3679609298706055,9194.61746564356,10320.091386344255,1259520000.0
train_tune_571cc_00499_499,TRANSFORMER,0.0245550046177996,0.7736822996350088,0.5579106376539564,22.799388885498047,71.79521179199219,-100.94659423828125,0.0091663533821702,-378125.4475017329,4.411837100982666,11391.011849452014,12068.2695565409,1810432000.0
train_tune_571cc_00500_500,RNN,0.029994776545574,0.6195628849950582,0.2499922246459326,0.1649644374847412,0.5804530382156372,-0.004899005405604839,1.5761517715873197e-05,-13694038.047411988,0.00027451093774288893,3728.108901693809,3728.1089082442586,1192256000.0
train_tune_571cc_00501_501,RNN,0.0183590479607702,0.694850580420801,0.2917753259616227,0.14797209203243256,0.6153014898300171,-0.004526790231466293,1.605920260772109e-05,-12707200.87526833,-0.017356695607304573,5072.35214352731,5072.2490477825795,390528000.0
train_tune_571cc_00502_502,RNN,0.0229963424889836,0.5987214616877655,0.226477689391663,0.17524969577789307,0.47628065943717957,-0.0023932233452796936,1.1762393114622682e-05,-13367058.77042867,7.04214908182621e-05,2027.7803398267993,2027.7803303766814,977792000.0
train_tune_571cc_00503_503,RNN,0.0242292477964358,0.6602892669579675,0.2749147674461051,0.1359395980834961,0.7407897710800171,-0.004836108535528183,9.371152373205405e-06,-13478312.744753424,0.007463870104402304,8594.495995792771,8594.497746031127,1828608000.0
train_tune_571cc_00504_504,RNN,0.0161337794217119,0.627276894661618,0.1772896399425857,0.05679899826645851,0.1223292201757431,1.658584915276151e-05,1.0103613931278232e-05,-9040819.478930935,-0.0015670727007091045,9090.010043242672,9090.00985921358,3318848000.0
train_tune_571cc_00505_505,RNN,0.0142116498932601,0.6096574834564877,0.2589448888698224,0.1373702436685562,0.2710648775100708,0.0005799724604003131,2.096130992867984e-05,-8166462.961763463,-0.0045520951971411705,2192.383216894872,2193.771843126654,2981696000.0
train_tune_571cc_00506_506,RNN,0.0323562222818436,0.6541839943925795,0.2654322938378439,0.2292679250240326,0.47985541820526123,-0.005408457946032286,3.8922386011108756e-05,-11684789.448377887,0.02658640593290329,1192.9666925843317,1192.9668437737505,3177792000.0
train_tune_571cc_00507_507,RNN,0.0341722145749874,0.6427657404700977,0.2342092897677269,0.18998463451862335,0.5277799963951111,-0.0036866390146315098,1.6059431800385937e-05,-12531839.542984096,-0.010910721495747566,2047.3753706039201,2047.3739815934296,460800000.0
train_tune_571cc_00508_508,RNN,0.0082699619771863,0.5746848492803145,0.2152297403574374,0.1308034062385559,0.30098065733909607,-0.0003842618316411972,9.728439181344584e-06,-10830961.123319145,-0.0020289584062993526,2622.17169834154,2622.1623391276253,1561088000.0
train_tune_571cc_00509_509,RNN,0.0146289537712895,0.5531863656656932,0.2782633022084752,0.07389100641012192,0.16168618202209473,0.00026476747007109225,1.5908954082988203e-05,-7686626.3042878015,-0.009267023764550686,5964.411907518735,5964.228798382932,1038528000.0
train_tune_571cc_00510_510,RNN,0.0152701882210078,0.6755443972020302,0.2629450272428107,0.09651345014572144,0.29324862360954285,-0.00041838205652311444,8.251226972788572e-06,-10802750.880088454,-0.003872957779094577,5878.726184599951,5878.726185341298,6010880000.0
train_tune_571cc_00511_511,RNN,0.0210695281188303,0.633563885561156,0.3157720549603888,0.1566249430179596,0.34644970297813416,-0.001461912877857685,1.7781672795535997e-05,-10303941.993401399,0.01030088122934103,2232.422717947832,2232.4227178640167,1790592000.0
train_tune_571cc_00512_512,RNN,0.0374046111355213,0.6610617860943904,0.2809192391111759,0.08369394391775131,0.2880345582962036,-0.0005453577032312751,5.6096623666235246e-06,-10583636.892450714,0.002055616583675146,7986.8402082577995,7986.840224173514,3378880000.0
train_tune_571cc_00513_513,RNN,0.0242499541386877,0.6919707439585004,0.2955880858514283,0.12090504169464111,0.7879875898361206,-0.004255799110978842,1.568149855302181e-05,-12626547.666747944,-0.011006827466189861,10632.30036846323,10632.300348835246,3996672000.0
train_tune_571cc_00514_514,RNN,0.0273244967420467,0.525849936944399,0.3379397858954236,0.1160765141248703,0.5798889398574829,-0.002904677065089345,5.000027158530429e-06,-11757071.328999918,0.0019111173460260034,8849.051245892773,8849.089838800457,1205312000.0
train_tune_571cc_00515_515,RNN,0.0171305763092151,0.667519185627516,0.3029873427088782,0.1157335415482521,0.2975626587867737,0.00011281832121312618,1.055099164659623e-05,-10255073.91403951,-0.010648746974766254,3281.074725670468,3281.0694051902774,1257408000.0
train_tune_571cc_00516_516,RNN,0.0134828706257277,0.6413093601282249,0.2113171382216495,0.06950490921735764,0.18376219272613525,-0.0001255496172234416,6.8535664468072355e-06,-8560647.955293031,0.003605669131502509,9152.570065539414,9152.569781554334,5768384000.0
train_tune_571cc_00517_517,RNN,0.0158268085391153,0.6549405032509142,0.3392388638101821,0.16027900576591492,0.6887340545654297,-0.005140384659171104,1.1007316061295569e-05,-12666137.307708299,-0.011928949505090714,4619.757520601354,4619.406778732914,375296000.0
train_tune_571cc_00518_518,RNN,0.0142952938307729,0.597704110726613,0.305162912363527,0.09617946296930313,0.22094455361366272,-6.173888323246501e-06,1.2303645235078875e-05,-7881184.538433045,-0.0006104692001827061,4845.353065140938,4845.326350983726,615104000.0
train_tune_571cc_00519_519,RNN,0.0142116498932601,0.6268578887946,0.2619204279680097,0.07915700972080231,0.1941300332546234,1.8785372958518565e-05,7.132772225304507e-06,-9633512.328899715,-0.002749668899923563,7153.800748020234,7153.800745736175,5402368000.0
train_tune_571cc_00520_520,RNN,0.0286235473149975,0.6742698258309884,0.351170286263797,0.1302027404308319,0.6815394759178162,-0.004368172958493233,8.71102929522749e-06,-13066981.846699795,-0.0030014950316399336,7776.166256267795,7776.165297530087,1816256000.0
train_tune_571cc_00521_521,RNN,0.0409836840271334,0.6509920393806039,0.311452339513491,0.1386736035346985,0.7326440811157227,-0.004980118945240974,1.538490687380545e-05,-14028021.411374541,-0.0104136997833848,7644.9464529527995,7644.9485056082485,1287168000.0
train_tune_571cc_00522_522,RNN,0.0296791550777262,0.5843364170314336,0.1878612988543813,0.10345743596553802,0.2511666715145111,-0.0002696284791454673,7.608610758325085e-06,-11988765.628244475,0.0035480037331581116,4253.720425877185,4253.966035001178,2042496000.0
train_tune_571cc_00523_523,RNN,0.0142116498932601,0.5545367308438215,0.2621765379256929,0.12740303575992584,0.24839243292808533,-0.00025398030993528664,1.8870934582082555e-05,-7871476.242601393,0.0018872915534302592,2497.7634556556554,2497.7766332762485,815168000.0
train_tune_571cc_00524_524,RNN,0.0146289537712895,0.6413194670517385,0.2990004726879409,0.08493790030479431,0.2824641466140747,-0.0004245271848049015,8.843927389534656e-06,-11070309.271166308,0.0012939246371388435,7655.221904397827,7655.232114938573,2922112000.0
train_tune_571cc_00525_525,RNN,0.0142952938307729,0.694226904554938,0.2754439077293251,0.07751139998435974,0.18142378330230713,-0.0002647386572789401,9.695879271021113e-06,-9571535.550928194,0.00865980051457882,6924.695745949017,6924.696553101561,6208704000.0
train_tune_571cc_00526_526,RNN,0.0082699619771863,0.6323437852524947,0.2114764953718539,0.2069459855556488,0.4099440276622772,-0.003359444672241807,5.2213734306860715e-05,-9573007.779734679,0.017487728968262672,1207.4245537195272,1207.4149703895948,4007360000.0
train_tune_571cc_00527_527,RNN,0.0263059708987764,0.6557430448492562,0.272600792065668,0.13450534641742706,0.6458233594894409,-0.004332392010837793,1.2460970538086258e-05,-14020586.737714877,0.004072456154972315,6836.721450727159,6836.7214613418955,2694656000.0
train_tune_571cc_00528_528,RNN,0.0142952938307729,0.6664399152239966,0.2653779463032631,0.07637443393468857,0.17789006233215332,-0.00010402280167909339,1.2407240319589619e-05,-7693982.392577879,0.0005009449669159949,6438.987178614085,6438.987192108531,2337088000.0
train_tune_571cc_00529_529,RNN,0.0140440862184771,0.6774631368155754,0.2850390722279353,0.05896599963307381,0.1590200662612915,-3.9354148611892015e-05,9.890874025586527e-06,-8062606.7249553865,-0.001092938706278801,10755.64090917568,10755.6409587374,8259328000.0
train_tune_571cc_00530_530,RNN,0.0305966834992945,0.6713860519605128,0.3023149080104304,0.1319006383419037,0.7390331029891968,-0.004906435497105122,7.5893754001299385e-06,-13737935.634380052,0.008694503456354141,8880.806974994513,8880.806996320589,2516928000.0
train_tune_571cc_00531_531,RNN,0.0291134792737634,0.6465413507862503,0.2131884280526086,0.1686057448387146,0.4554970860481262,-0.0020855646580457687,3.2397161703556776e-05,-14669860.041431569,-0.01016163919121027,2239.011101571068,2239.0111016003293,2236160000.0
train_tune_571cc_00532_532,RNN,0.0128374136848713,0.6670466255512376,0.2865208864057398,0.058249250054359436,0.15031284093856812,-2.934627264039591e-05,7.613860361743718e-06,-8356172.033536121,-0.0010424272622913122,10158.681755248737,10158.68127250284,5856960000.0
train_tune_571cc_00533_533,RNN,0.0333261314852565,0.7016731971730358,0.3244197346907047,0.06324262171983719,0.15274134278297424,-2.1708488020522054e-06,8.450875611742958e-06,-6314443.554191632,-0.0006180057534947991,10087.635045828723,10087.635044814106,5447616000.0
train_tune_571cc_00534_534,RNN,0.0152368835574942,0.6165707091785514,0.2701139792590024,0.09986131638288498,0.19913972914218903,-0.0001479042402934283,1.0759847100416664e-05,-8569588.927159978,0.0020141543354839087,4041.1122894904875,4041.1122890115475,5692288000.0
train_tune_571cc_00535_535,RNN,0.0226500329443441,0.6544897496729246,0.2934071704178105,0.07728630304336548,0.3063386082649231,-0.00042869531898759305,6.998132448643446e-06,-10863155.88881338,-0.006023535504937172,10153.866751022972,10153.866749173601,5578496000.0
train_tune_571cc_00536_536,RNN,0.0134828706257277,0.5610723728960606,0.2375337562499276,0.20741236209869385,0.4047210216522217,0.00543789891526103,6.790396582800895e-05,-10314738.277162764,-0.019744468852877617,742.6510244198911,742.651026058985,6180800000.0
train_tune_571cc_00537_537,RNN,0.0142952938307729,0.6020865310293885,0.2352079157593414,0.06395048648118973,0.15292471647262573,6.223530363058671e-05,3.604589437600225e-06,-8801567.598735662,-0.005386039614677429,8306.648742208563,8306.633977543603,3585728000.0
train_tune_571cc_00538_538,RNN,0.0210783867494777,0.4647276328814047,0.1753662944999175,0.3501737713813782,0.6902633905410767,-0.011440583504736423,5.971443897578865e-05,-13510055.188691605,0.025268880650401115,512.0581504159754,512.0566177538601,177216000.0
train_tune_571cc_00539_539,RNN,0.0182314864303105,0.5997635796393354,0.2286076555283094,0.10623398423194885,0.2631785571575165,-0.0004514306492637843,1.2002805306110531e-05,-11437609.848756108,0.002987717976793647,4005.664644703211,4006.008591557056,1038208000.0
train_tune_571cc_00540_540,RNN,0.0254496152114964,0.6689436538387086,0.321007771144409,0.08482058346271515,0.2686968147754669,-0.00041598069947212934,9.612057510821614e-06,-11133231.085207982,2.977909753099084e-05,7020.0360165953425,7020.041677834916,1355648000.0
train_tune_571cc_00541_541,RNN,0.0140440862184771,0.5405509645012363,0.2215832690704334,0.1378513127565384,0.27480724453926086,-0.00026145976153202355,1.866282764240168e-05,-9251900.11483996,0.002436465583741665,2075.6397329286383,2075.6422914979103,2053120000.0
train_tune_571cc_00542_542,RNN,0.0204719807744196,0.6477262918162096,0.2655793689646413,0.1096058338880539,0.6494927406311035,-0.0034852344542741776,6.305540409812238e-06,-13812091.35438729,0.008070534095168114,10500.003704511251,10500.003358977754,2767040000.0
train_tune_571cc_00543_543,RNN,0.0082809822958309,0.6436018893704009,0.2000492366388601,0.14155609905719757,0.3388613760471344,-0.0011476246872916818,1.2882260307378601e-05,-10452848.605707288,0.009489345364272594,2718.5588290691135,2718.558832269937,2781824000.0
train_tune_571cc_00544_544,RNN,0.0036537945829981,0.5823533741966215,0.2662996109421667,0.11289098858833313,0.3132516145706177,-0.0006781050469726324,7.234414624690544e-06,-10047859.429269753,0.001916642882861197,4256.268284033767,4256.264683630239,1150656000.0
train_tune_571cc_00545_545,RNN,0.0141234343536975,0.6578811012206978,0.3075436984515337,0.13102328777313232,0.6795790195465088,-0.0042233215644955635,8.978908226708882e-06,-14856375.915674299,-0.002421775134280324,7199.868284571187,7199.867765533299,1606272000.0
train_tune_571cc_00546_546,RNN,0.0042876632235431,0.6872576323333252,0.3469352762223931,0.08654823154211044,0.2728951573371887,-0.000653569761198014,1.3258137187222019e-05,-9810444.459519453,0.009357611648738384,7117.119521578995,7117.119591434688,2154304000.0
train_tune_571cc_00547_547,RNN,0.0134828706257277,0.6033895886476297,0.2785663148871645,0.13030263781547546,0.27290159463882446,-0.0008061777916736901,2.4013466827454977e-05,-8522453.569166478,0.011927242390811443,2872.3442860282753,2872.3482042966325,2081600000.0
train_tune_571cc_00548_548,RNN,0.0533821591530419,0.6930389287453492,0.299507697090855,0.12914183735847473,0.8335257172584534,-0.005010069813579321,6.4606683736201376e-06,-13337637.066662926,0.00037443506880663335,10461.526125596916,10461.52488815034,2833856000.0
train_tune_571cc_00549_549,RNN,0.061484137183286,0.6662644589044452,0.2745531570510791,0.0843239575624466,0.298017680644989,-0.000593148055486381,7.990995072759688e-06,-10698509.742923321,0.003062957664951682,8376.70815279648,8376.709266148939,4140992000.0
train_tune_571cc_00550_550,RNN,0.0406953308695934,0.6575434363317997,0.3129111923817711,0.12491616606712341,0.6321194171905518,-0.0036629163660109043,1.1396100489946548e-05,-13172169.728900792,0.00848494190722704,6949.136749856032,6949.136737720842,3182976000.0
train_tune_571cc_00551_551,RNN,0.0142586133039593,0.6746583053073555,0.3294650222367853,0.09976115077733994,0.29663169384002686,-0.0005088059115223587,1.2069720469298773e-05,-9363834.203593355,-0.0009133293642662466,5441.721471478794,5441.721920859779,1367808000.0
train_tune_571cc_00552_552,RNN,0.0142952938307729,0.6828135947215513,0.3262015402474315,0.06475049257278442,0.18387073278427124,-2.7457368560135365e-05,7.866050509619527e-06,-9208181.199099215,-0.002950329100713134,10376.971325622806,10376.97132842425,7932352000.0
train_tune_571cc_00553_553,RNN,0.0265662100903137,0.6750633922711615,0.2582274812218004,0.15669478476047516,0.5722898244857788,-0.004101951140910387,1.6664573195157573e-05,-12946945.848539757,0.00219708401709795,4168.886818392003,4168.88803858016,949056000.0
train_tune_571cc_00554_554,RNN,0.0127019973903442,0.618302859636196,0.244505015710421,0.17124523222446442,0.4681052565574646,-0.0023085367865860462,1.9508783225319348e-05,-13334451.852279207,-0.010349655523896217,2259.695523967812,2259.6955238261153,2303808000.0
train_tune_571cc_00555_555,RNN,0.0142116498932601,0.5528859757569639,0.3373611739637464,0.05958635360002518,0.15325090289115906,-8.084298315225169e-05,6.171787390485406e-06,-8144628.708531368,0.0028022765181958675,10482.255559880716,10482.257931043647,4018240000.0
train_tune_571cc_00556_556,RNN,0.0151326685908818,0.6605025790823332,0.2673916560508629,0.12805461883544922,0.6721882820129395,-0.004112189635634422,6.244069481908809e-06,-12637728.048047084,0.0060781994834542274,7506.143775763971,7506.141446289724,1566720000.0
train_tune_571cc_00557_557,RNN,0.0195008351363162,0.6181308987469543,0.2549646571198953,0.07707531005144119,0.16646361351013184,1.871305357781239e-05,8.09583616501186e-06,-9745547.169975631,-0.001731287338770926,5802.384312012534,5802.169845279693,2146624000.0
train_tune_571cc_00558_558,RNN,0.0349787467726887,0.4307487747731899,0.3044869303893983,0.3646327257156372,0.766090989112854,-0.01186386402696371,0.0001304267207160592,-12371905.400549859,0.01679288037121296,505.9913796121907,505.81926269015753,30080000.0
train_tune_571cc_00559_559,RNN,0.0050134545952763,0.6159507709509712,0.3022528393265825,0.13057571649551392,0.3104497492313385,-0.0011862821411341429,1.4843982171441894e-05,-10336367.21360722,0.012999200262129307,3272.5989746628434,3272.5839999817053,536256000.0
train_tune_571cc_00560_560,RNN,0.0270433834396408,0.6280103079363806,0.2775191866530051,0.11281870305538177,0.3115302324295044,-0.00046079116873443127,1.5373383575933985e-05,-10085436.97623982,-0.0024707908742129803,4015.73991898349,4015.8105655578365,588032000.0
train_tune_571cc_00561_561,RNN,0.0042876632235431,0.6416966377060941,0.2646878432905773,0.10161774605512619,0.21690842509269714,-0.00042873405618593097,1.0470381312188692e-05,-8218341.367063323,0.008006020449101925,4265.760944082578,4265.760946022465,6891776000.0
train_tune_571cc_00562_562,RNN,0.0132358208394673,0.6629823481602153,0.25919779605721,0.09707183390855789,0.2979024052619934,-0.0004900837666355073,5.263661478238646e-06,-10632754.484502727,-0.0018252691952511668,6150.569847598796,6150.56984767499,4625728000.0
train_tune_571cc_00563_563,RNN,0.0174432788946032,0.6364675553035591,0.2628749232051827,0.07526525855064392,0.2982671856880188,-0.0005421953974291682,5.753643563366495e-06,-9870579.420121139,-0.00031704152934253216,10192.211966224944,10192.21375398225,3057664000.0
train_tune_571cc_00564_564,RNN,0.015214887555313,0.6634727567580151,0.2976588349595537,0.09292691946029663,0.2914947271347046,-0.0005776743637397885,5.144469923834549e-06,-10631189.38948194,-0.00031668541487306356,5799.857509735975,5799.857350468017,1994944000.0
train_tune_571cc_00565_565,RNN,0.0371673356528037,0.6820562620017383,0.290251402426665,0.1266767531633377,0.7944892048835754,-0.004849427379667759,1.088960561901331e-05,-13066641.47545283,0.007390896324068308,10505.658978129926,10505.658531737481,2673920000.0
train_tune_571cc_00566_566,RNN,0.0213185347983321,0.6658165624850483,0.2892363653265183,0.11970426142215729,0.7432242631912231,-0.004170293919742107,6.636699254158884e-06,-12545273.214147704,0.005570101551711559,10837.025138548384,10837.014380258002,2327552000.0
train_tune_571cc_00567_567,RNN,0.0140440862184771,0.6416275943686398,0.2963775163800027,0.08441536873579025,0.19757235050201416,8.935644291341305e-05,7.144768005673541e-06,-8216577.639914568,-0.0034485950600355864,5664.539065326378,5664.5390962718775,2474880000.0
train_tune_571cc_00568_568,RNN,0.0142952938307729,0.6254151224479637,0.2394436509123777,0.09728468209505081,0.2132222056388855,-0.00030087775667198,9.143208444584161e-06,-8890507.13794769,0.006638354621827602,4776.699964999118,4776.408638868208,1946304000.0
train_tune_571cc_00569_569,RNN,0.0168132661672713,0.6232546357825465,0.314987985645546,0.14794600009918213,0.6923491954803467,-0.004829213954508305,1.7999205738306046e-05,-13348591.086904671,-0.00019945972599089146,5782.892634193016,5782.888445087023,908480000.0
train_tune_571cc_00570_570,RNN,0.0082699619771863,0.6517382432037495,0.2095020806403581,0.13591733574867249,0.34247446060180664,-0.0015640216879546642,2.298387153132353e-05,-10337255.292078182,0.016004811972379684,3683.0632222980503,3683.0632227831825,3440192000.0
train_tune_571cc_00571_571,RNN,0.0202014243494595,0.6446138821947254,0.3408548467695595,0.13154596090316772,0.7544010877609253,-0.004556020721793175,1.525500829302473e-05,-13406198.868453132,0.0018103449838235974,8811.341038355615,8811.341042863283,3794112000.0
train_tune_571cc_00572_572,RNN,0.0140440862184771,0.597015120930947,0.3216762584444874,0.1351955533027649,0.31550171971321106,-0.0006552479462698102,1.1340987839503214e-05,-9937310.015560223,0.0015425143064931035,2660.0095410096937,2660.00950244985,920576000.0
train_tune_571cc_00573_573,RNN,0.0208477967901335,0.6615938068717061,0.24782879572065,0.1206107959151268,0.2412434071302414,6.762881821487099e-05,1.9766917830565944e-05,-9140900.946329776,-0.0014845398254692554,2674.541182316728,2674.5411825882143,3493952000.0
train_tune_571cc_00574_574,RNN,0.0200635871393383,0.6596663791923262,0.2344231170570253,0.08233918994665146,0.3012726902961731,-0.0006066607311367989,8.54259906191146e-06,-11074445.721718155,0.004750951658934355,8630.33107855323,8630.331271507464,3658624000.0
train_tune_571cc_00575_575,RNN,0.0167260314192201,0.6420018434332263,0.2786647820366317,0.2416767179965973,0.4781021475791931,-0.0038359039463102818,4.449237894732505e-05,-9871836.938426172,0.017484650015830994,974.6504505576584,974.6453055572159,799104000.0
train_tune_571cc_00576_576,RNN,0.0093231162196679,0.6527251875624508,0.3554152871446037,0.07859887182712555,0.3146798610687256,-0.0005816338816657662,4.413988790474832e-06,-10905979.132692818,0.002636006800457835,9466.35174371341,9466.353212243095,2413376000.0
train_tune_571cc_00577_577,RNN,0.0361425349502306,0.6239212416630775,0.2139405707198273,0.11964510381221771,0.7565597891807556,-0.0043842000886797905,1.2218351912451908e-05,-13039689.92511636,-0.001537820091471076,10326.295796729411,10326.30908958811,2087360000.0
train_tune_571cc_00578_578,RNN,0.0187369423986576,0.6591006563138594,0.2915767798354624,0.1311316341161728,0.6936448812484741,-0.004436688497662544,6.4915539041976444e-06,-13323706.945364736,0.006134431343525648,7400.955833242562,7400.95656987172,1805120000.0
train_tune_571cc_00579_579,RNN,0.0042876632235431,0.6531001917791891,0.2980695795487765,0.11079162359237671,0.30383870005607605,-0.0008765838574618101,1.3243066860013641e-05,-10005858.94126788,0.013380981981754303,4910.293496993166,4910.293498810734,3863168000.0
train_tune_571cc_00580_580,RNN,0.0142952938307729,0.7122636563761224,0.2577010297639154,0.08344610035419464,0.19798274338245392,-2.83616864180658e-05,1.0819327144417912e-05,-8755400.66212813,5.049529136158526e-05,6301.177939346332,6301.17812403925,4449152000.0
train_tune_571cc_00581_581,RNN,0.0400619483301088,0.6594040534664064,0.3488778303502142,0.12285611778497696,0.7828158140182495,-0.004591481294482946,8.397552846872713e-06,-13207035.43923191,0.009462980553507805,10699.31634749892,10699.316335712505,4953728000.0
train_tune_571cc_00582_582,RNN,0.0153136531365313,0.6633154068895646,0.268600014118082,0.09637753665447235,0.24874307215213776,-0.00030653621070086956,6.911582204338629e-06,-10655525.052815076,0.0029385173693299294,5109.71936525835,5109.701844869255,2164672000.0
train_tune_571cc_00583_583,RNN,0.0042876632235431,0.6597190999237582,0.3285555696015039,0.06989343464374542,0.18610921502113342,-7.371130777755752e-05,7.765620466670953e-06,-9787048.663950235,-0.0007070240098983049,9724.180008120136,9724.180070418643,4613312000.0
train_tune_571cc_00584_584,RNN,0.0093923563509582,0.6572319312079399,0.3055007642345496,0.13078270852565765,0.7804979085922241,-0.004777245223522186,9.09434584173141e-06,-12977157.087291332,0.007532554678618908,9596.448027666149,9596.44800937649,3722048000.0
train_tune_571cc_00585_585,RNN,0.0082699619771863,0.6501567208175757,0.2933650241751348,0.12881775200366974,0.7224410772323608,-0.00467345304787159,7.576266398245934e-06,-13326008.751859024,0.001969846896827221,8609.860176402039,8609.860143646121,2748672000.0
train_tune_571cc_00586_586,RNN,0.016158925216532,0.6395935727237237,0.3207441995049377,0.11995459347963333,0.7281401753425598,-0.004045132081955671,5.828705980093218e-06,-13248951.285549356,0.0013200966641306877,10190.271167347048,10190.27117683492,4271616000.0
train_tune_571cc_00587_587,RNN,0.0152093558746894,0.6784083944557678,0.2545656670570924,0.07941420376300812,0.25701889395713806,-0.0003760346444323659,4.968992470821831e-06,-11575804.647926742,-0.003740559797734022,7741.814258396778,7741.815593208855,4348352000.0
train_tune_571cc_00588_588,RNN,0.0137351002477679,0.6411309524500283,0.2553208356259144,0.1283617466688156,0.7101308107376099,-0.004178178030997515,7.5170432864979375e-06,-12896265.863215148,0.005132822319865227,8510.716290812707,8510.716280154928,3569792000.0
train_tune_571cc_00589_589,RNN,0.0239567966032452,0.6925508109995623,0.3219228813274146,0.1408732533454895,0.65784752368927,-0.004614776000380516,9.907062121783383e-06,-14038323.054307753,0.007587767206132412,6165.330732385326,6165.330737502075,2332032000.0
train_tune_571cc_00590_590,RNN,0.0207914011834558,0.6513557920979774,0.3398223074261187,0.1183837354183197,0.7451457381248474,-0.004283050075173378,8.249216989497654e-06,-14036618.870368123,0.0032332062255591154,10572.08792671478,10572.087940631516,3935616000.0
train_tune_571cc_00591_591,RNN,0.0042876632235431,0.6870185523629585,0.3020670517629714,0.08628123998641968,0.34172654151916504,-0.000781186914537102,8.239405360654928e-06,-10220620.104809199,0.003969715908169746,9245.401274556769,9245.40119567504,4173440000.0
train_tune_571cc_00592_592,RNN,0.0146289537712895,0.6887406860436629,0.2981138539005093,0.07110048830509186,0.2805437743663788,-0.0004944345564581454,6.217238478711806e-06,-10691634.749159398,0.0004229304613545537,10166.321449631256,10166.321444978432,7402176000.0
train_tune_571cc_00593_593,RNN,0.0082699619771863,0.6498965770939968,0.3531720922788768,0.06612853705883026,0.16871857643127441,-7.970939623191953e-05,1.0795176422107033e-05,-9867372.65965846,0.0016437906306236982,9764.476277990365,9764.478359485322,4704000000.0
train_tune_571cc_00594_594,RNN,0.0091980091980091,0.6048775118089859,0.2807088858262699,0.3054814040660858,0.5843822956085205,-0.006547116208821535,3.814649608102627e-05,-8394451.805866756,0.015408249571919441,504.4779518373805,504.4779518360436,6332480000.0
train_tune_571cc_00595_595,RNN,0.0142501296125514,0.6223373801329123,0.2813114500216586,0.17531083524227142,0.37131941318511963,-0.0009245420224033296,1.776672070263885e-05,-10097105.260553362,0.006775720044970512,1603.644952552863,1603.6449524810153,2966336000.0
train_tune_571cc_00596_596,RNN,0.0307004917942569,0.6574803934193667,0.2849813506504432,0.1235412061214447,0.7403538823127747,-0.004367023706436157,9.041785233421251e-06,-13415672.726890676,-0.0022783426102250814,10100.439332035912,10100.439474796716,3045632000.0
train_tune_571cc_00597_597,RNN,0.0153350081481769,0.5946244288905038,0.1630852124134234,0.23317851126194,0.49150240421295166,-0.0029388556722551584,7.48108941479586e-05,-12512123.725551063,0.014864500612020493,964.9224195898996,964.9187105147423,1484096000.0
train_tune_571cc_00598_598,RNN,0.0152368835574942,0.5582787178963259,0.2563617579624601,0.11781607568264008,0.2766299247741699,-0.0003908836515620351,1.3410582141659688e-05,-10854986.036496043,0.0031636981293559074,3299.6731175434943,3299.673132163769,2027072000.0
train_tune_571cc_00599_599,RNN,0.0182575081772227,0.6893563580813221,0.3577239024817587,0.1232047975063324,0.7785767316818237,-0.004510362632572651,9.307127584179398e-06,-13117383.428713728,-0.005741436034440994,10294.850345501156,10294.850378408702,3320192000.0
train_tune_571cc_00600_600,RNN,0.0140440862184771,0.6872990217662213,0.3045574971736765,0.08363138884305954,0.18589121103286743,-0.00016634733765386045,9.272508577851113e-06,-8805971.33614879,0.002980318386107683,5930.814048068667,5930.814047730013,10062272000.0
train_tune_571cc_00601_601,RNN,0.0155697204006886,0.6378486365674262,0.2706204890833419,0.14745518565177917,0.5889859199523926,-0.0033705770038068295,7.228639788081637e-06,-13035887.635394262,-0.000562004279345274,4804.797411007492,4804.797379756156,1805568000.0
train_tune_571cc_00602_602,RNN,0.0143136177745223,0.7078487475847268,0.2961336747724158,0.06662724912166595,0.1730201542377472,7.0174319262150675e-06,9.639205927669536e-06,-8534625.061678912,-0.003787324298173189,8774.162339162609,8774.162344261586,7977344000.0
train_tune_571cc_00603_603,RNN,0.0438397887594556,0.6660243597844782,0.2564798275492218,0.12347540259361267,0.6773762702941895,-0.004107197280973196,6.318177838693373e-06,-13097114.851655811,-0.004766535013914108,8783.88422665854,8783.884226901304,4116480000.0
train_tune_571cc_00604_604,RNN,0.0142116498932601,0.6879337741950273,0.2969803614166285,0.09604349732398987,0.2062658965587616,-7.607403676956892e-05,1.1720187103492208e-05,-7716422.276923801,0.0011019568191841245,4245.313839096896,4245.313838475778,6543808000.0
train_tune_571cc_00605_605,RNN,0.0142952938307729,0.7543924693618548,0.3942379241356318,0.06157110258936882,0.1353292465209961,-5.356011388357729e-05,6.620923613809282e-06,-8033799.961561614,0.002322220476344228,9421.143957975413,9421.143959607776,7196096000.0
train_tune_571cc_00606_606,RNN,0.0113442660562239,0.6629999943754915,0.28930187670385,0.12703999876976013,0.7568681836128235,-0.0041327280923724174,8.289693141705357e-06,-12733465.005269011,0.0013318733545020223,9026.80352093286,9026.803495020424,3146240000.0
train_tune_571cc_00607_607,RNN,0.0416722892052653,0.6776241242283297,0.3124227426722981,0.12702958285808563,0.7561911940574646,-0.004420003853738308,8.91866147867404e-06,-14237629.714807257,0.00999889150261879,9943.219646741065,9943.219651580192,4115840000.0
train_tune_571cc_00608_608,RNN,0.0134828706257277,0.605614829068127,0.2163214459570577,0.22471824288368225,0.48248299956321716,-0.0013030353002250195,3.908508733729832e-05,-10037778.973236334,0.003707911353558302,941.0136296998626,941.0136516146755,844736000.0
train_tune_571cc_00609_609,RNN,0.0142116498932601,0.6572979188295395,0.3008343475327856,0.09250689297914505,0.2815095782279968,-0.00047871615970507264,1.2060781955369748e-05,-10722391.40694963,0.0003646769910119474,6066.589992049651,6066.5982496606875,2655936000.0
train_tune_571cc_00610_610,RNN,0.0270023561442375,0.6878832997129986,0.2570399197127387,0.13133245706558228,0.6057143211364746,-0.0038496325723826885,1.6970901924651116e-05,-13652972.575909326,0.005733358673751354,6360.373264983467,6360.373263854404,3307200000.0
train_tune_571cc_00611_611,RNN,0.0165384177685193,0.6469678160525644,0.3041304266949478,0.07482565939426422,0.2632254362106323,-0.0004239731060806662,7.717665539530572e-06,-10346008.148796445,-0.0002281025517731905,8302.815765111034,8302.815755794963,5407616000.0
train_tune_571cc_00612_612,RNN,0.014413916036634,0.503787015614558,0.1924798913002573,0.3116510808467865,0.6147494912147522,-0.003724586684256792,2.750993189692963e-05,-14503831.355376555,0.0005863582482561469,508.85116646557515,508.85116624353066,972416000.0
train_tune_571cc_00613_613,RNN,0.0386585632314941,0.6823262224781194,0.2422051070796252,0.1571316123008728,0.6143653392791748,-0.005261977203190327,1.2951937605976127e-05,-14425318.533952631,0.01028601173311472,4618.951253479667,4618.951259839436,1386816000.0
train_tune_571cc_00614_614,RNN,0.0142116498932601,0.6205548054949026,0.2075761417889634,0.10788336396217346,0.3013468384742737,-0.0005206473870202899,1.3559072613134049e-05,-10712647.870140422,0.0006864615133963525,4595.152339361495,4595.152376970693,1596224000.0
train_tune_571cc_00615_615,RNN,0.0142116498932601,0.6567996889735589,0.2594004125471635,0.06201286241412163,0.12749743461608887,-1.0212272172793746e-05,7.788743459968828e-06,-8778399.500778317,0.0001671998033998534,8774.599545927256,8774.599411487648,4099520000.0
train_tune_571cc_00616_616,RNN,0.0135326320969428,0.6210924778611865,0.2567537781161181,0.16053415834903717,0.5096567869186401,-0.003816285403445363,1.5620269550709054e-05,-13607228.183362868,0.004532097838819027,3085.4468188678957,3085.4897857242577,267008000.0
train_tune_571cc_00617_617,RNN,0.0091980091980091,0.6765758181758069,0.2586666137576245,0.10008813440799713,0.2096455693244934,0.00012509174121078104,8.26131145004183e-06,-8906050.658209281,-0.004244103562086821,3992.5673522230863,3992.5673514771174,3629120000.0
train_tune_571cc_00618_618,RNN,0.0082699619771863,0.6952576119173357,0.3379100816549957,0.07600268721580505,0.29265153408050537,-0.00047139753587543964,6.591646979359211e-06,-9657754.281711895,-0.002090438501909375,8932.25971109104,8932.259674872355,3599616000.0
train_tune_571cc_00619_619,RNN,0.0042876632235431,0.6335251519672395,0.327366383923381,0.19400270283222198,0.40270304679870605,-0.002549967262893915,4.043437002110295e-05,-9036524.419049507,0.013777378015220165,1439.4460877684119,1439.4460938233974,4985344000.0
train_tune_571cc_00620_620,RNN,0.0315089854945902,0.6957731878518253,0.2775285733550027,0.11634821444749832,0.6958977580070496,-0.003561153542250395,5.716031409974676e-06,-12015798.919986965,-0.00034333718940615654,9890.84999011823,9890.838768957721,2115456000.0
train_tune_571cc_00621_621,RNN,0.0135110294117647,0.7226416948609303,0.2836342818505254,0.0664074644446373,0.1661108434200287,-8.9868379291147e-05,7.756589184282348e-06,-8400117.238802366,0.001439355779439211,8620.135439668898,8620.135439108108,8140160000.0
train_tune_571cc_00622_622,RNN,0.0163319463036176,0.6729862247417363,0.3035919684127325,0.1310959756374359,0.7506898641586304,-0.004972573835402727,7.813479896867648e-06,-14245958.821040066,-0.009204385802149773,9189.78646585343,9189.787523809708,1917056000.0
train_tune_571cc_00623_623,RNN,0.0145606799150106,0.5976783426922889,0.3157420518591226,0.09944605827331543,0.29242801666259766,-0.0004451695131137967,1.4204193576006219e-05,-11541856.915280292,-0.0035535101778805256,5539.804459939713,5539.795480762785,1518336000.0
train_tune_571cc_00624_624,RNN,0.0173923361310951,0.6667346882686066,0.3346798996797309,0.16164660453796387,0.6344412565231323,-0.005011783912777901,1.7875157936941832e-05,-13330911.115472596,0.01053850818425417,4213.120298099269,4213.126355308395,482240000.0
train_tune_571cc_00625_625,RNN,0.0140440862184771,0.6171815028388218,0.3013793786234396,0.08213724941015244,0.1893109530210495,0.00021240483329165727,9.414108717464842e-06,-8017500.335204703,-0.007704535499215126,6059.275293077924,6059.266889164903,2065664000.0
train_tune_571cc_00626_626,RNN,0.0065156291472002,0.6479054340307401,0.319590835639404,0.14028489589691162,0.7409437894821167,-0.004802844487130642,9.344437785330229e-06,-13225288.047442392,0.013509547337889671,7244.314648912298,7244.314646966835,3703488000.0
train_tune_571cc_00627_627,RNN,0.0111512702609207,0.6946468357659734,0.3308593201902802,0.141111820936203,0.5973207950592041,-0.004029675852507353,8.884972885425668e-06,-12883710.171223436,0.005664691794663668,4911.205547715339,4911.207254114579,975488000.0
train_tune_571cc_00628_628,RNN,0.0146289537712895,0.6932264632742945,0.2769949832774349,0.061468325555324554,0.13586625456809998,0.0001493711897637695,7.170788194343913e-06,-8083456.466781977,-0.010110733099281788,7644.308408263393,7644.308403855535,6565888000.0
train_tune_571cc_00629_629,RNN,0.0135110294117647,0.6176364797871641,0.2191582436250968,0.35515034198760986,0.6810803413391113,-0.023093927651643753,4.642067870008759e-05,-8902092.77932151,0.04851820319890976,516.4533759196363,516.4533763619763,4525312000.0
train_tune_571cc_00630_630,RNN,0.0142952938307729,0.5812849064841464,0.2162700380582775,0.1050020307302475,0.2551555633544922,-0.00040970410918816924,9.831694114836864e-06,-9999140.678863794,0.0005563355516642332,4008.9134037731646,4008.97768408044,644096000.0
train_tune_571cc_00631_631,RNN,0.0152368835574942,0.6442356836731875,0.276479465900696,0.07188651710748672,0.27278056740760803,-0.00039092832594178617,9.438715096621308e-06,-10356781.854656408,0.00027602678164839745,10119.186806812684,10119.205710026989,1926784000.0
train_tune_571cc_00632_632,RNN,0.0142116498932601,0.6904287456599474,0.3061342148831412,0.08259345591068268,0.3090835511684418,-0.0006422431906685233,8.842464012559503e-06,-10099975.937894933,0.0028397906571626663,9328.782114170153,9328.781029173408,2700736000.0
train_tune_571cc_00633_633,RNN,0.0255812158746695,0.6707442877752962,0.252018015114789,0.07503966987133026,0.2892128825187683,-0.00042300214408896863,8.299120054289233e-06,-11483761.656027213,-0.003684955183416605,10323.139140894455,10323.13914654222,5762688000.0
train_tune_571cc_00634_634,RNN,0.0140440862184771,0.6833211200745168,0.297566458336611,0.08289229869842529,0.1971253752708435,0.00015249340503942221,1.066772256308468e-05,-7754415.31770817,-0.006503333803266287,5847.3658592445045,5847.365714014275,1768448000.0
train_tune_571cc_00635_635,RNN,0.0152368835574942,0.633477553508769,0.2197960008519067,0.08685625344514847,0.1939304918050766,-0.0001008864346658811,7.590168024762534e-06,-8719754.558425914,0.002449172083288431,5684.460158649835,5684.460389738844,1933056000.0
train_tune_571cc_00636_636,RNN,0.0241418776909823,0.6403414175771914,0.2909398146008762,0.16294324398040771,0.6504645943641663,-0.00488938856869936,1.1086815902672242e-05,-12974767.415983621,-0.0026788448449224234,4491.15741020854,4491.2152959975065,435456000.0
train_tune_571cc_00637_637,RNN,0.0344088874611505,0.6722803578130009,0.3272441341889541,0.11410069465637207,0.7243996858596802,-0.003908628597855568,8.776542017585598e-06,-12588411.283617482,-0.0057919761165976524,10440.483249656492,10440.483147041785,3020352000.0
train_tune_571cc_00638_638,RNN,0.0267220633541951,0.6488902058938902,0.2796225551346253,0.1338072270154953,0.6418701410293579,-0.0037329858168959618,1.0060663043987006e-05,-13126139.813519813,0.0010189246386289597,6913.26681424605,6913.266814401275,3742080000.0
train_tune_571cc_00639_639,RNN,0.0146289537712895,0.3820899593907387,0.2256683739131566,0.33234497904777527,0.6850300431251526,-0.007504898589104414,0.00011855983757413924,-13090847.063582577,0.017640002071857452,510.6920694300039,511.4722284199107,7296000.0
train_tune_571cc_00640_640,RNN,0.0146316237756281,0.6735325108164764,0.2830703808233458,0.07257282733917236,0.17892572283744812,-0.00019608493312262,1.434845216863323e-05,-9770196.159686578,0.006590875331312418,8190.157587008403,8190.144763985555,4641408000.0
train_tune_571cc_00641_641,RNN,0.0203222187977391,0.6298565732014574,0.2399146927392519,0.09227496385574341,0.2050497829914093,-0.0001353081315755844,1.6457270248793066e-05,-8523335.398745378,0.002340031322091818,4743.3469898098265,4743.346591463336,2164544000.0
train_tune_571cc_00642_642,RNN,0.030184959807865,0.5415385795195464,0.3075691656978061,0.2833799719810486,0.5272431373596191,4.476355388760567e-05,7.712005754001439e-05,-15617231.11879034,-0.004717727657407522,516.9085994204289,516.9085994508735,1638848000.0
train_tune_571cc_00643_643,RNN,0.0142238713667285,0.6283275579392523,0.2763942441718631,0.07262424379587173,0.25008946657180786,-0.00035947724245488644,6.9902157520118635e-06,-8766040.647933861,-0.0017808567499741912,9309.476266609352,9309.484331219834,1578176000.0
train_tune_571cc_00644_644,RNN,0.0142116498932601,0.4092085173878825,0.2635745483033295,0.31646305322647095,0.599556565284729,-0.005680421367287636,5.588923886534758e-05,-9371639.921242008,0.01193176954984665,474.8821269632658,479.2881013719615,1850048000.0
train_tune_571cc_00645_645,RNN,0.0224462028773966,0.6013780974820607,0.2535154194589115,0.16751813888549805,0.7090821862220764,-0.006276019848883152,1.0463100807101e-05,-12795073.541483847,0.0007400043541565537,4627.441155820094,4627.564989275137,395840000.0
train_tune_571cc_00646_646,RNN,0.0276899075449409,0.68160617047625,0.3190594521391977,0.07125473022460938,0.15796016156673431,0.00020049975137226284,1.1040021490771323e-05,-8815308.335222777,-0.009884035214781761,5795.87855682665,5795.878886555735,6243456000.0
train_tune_571cc_00647_647,RNN,0.0140440862184771,0.7021859113478189,0.3398419769199084,0.07343373447656631,0.2853490114212036,-0.0004899034975096583,6.688365829177201e-06,-11738861.039017048,-0.0005891146138310432,10815.694486292774,10815.694483671858,7797056000.0
train_tune_571cc_00648_648,RNN,0.0397741323049792,0.6342634085095996,0.2477407573478201,0.14737153053283691,0.6395514011383057,-0.004572640173137188,1.1920355973416008e-05,-12557450.922945222,-0.013011544942855835,5118.86866517841,5119.128739203405,438720000.0
train_tune_571cc_00649_649,RNN,0.0152368835574942,0.635091860609238,0.2792950277916297,0.10279238224029541,0.2625655233860016,0.00013111118460074067,1.322396747127641e-05,-10526768.760260222,-0.012125545181334019,4129.054251267202,4129.037456510512,2566272000.0
train_tune_571cc_00650_650,RNN,0.0182314864303105,0.6515532334870654,0.2679716848208184,0.0720268040895462,0.17555859684944153,3.8908503483980894e-05,1.0776215276564471e-05,-8939005.325152174,-0.003575315233319998,7195.95889681,7195.958898270154,5273280000.0
train_tune_571cc_00651_651,RNN,0.0187698703839569,0.6112041199562094,0.2596305275872353,0.07523123174905777,0.2830670475959778,-0.0003785327135119587,9.923154721036553e-06,-10372341.133394802,-0.0059650009498000145,9344.049188452034,9344.049218069922,3779136000.0
train_tune_571cc_00652_652,RNN,0.0135184844583409,0.6867386030154994,0.2618137197187855,0.07713568210601807,0.30395108461380005,-0.0005866868887096643,6.669172762485687e-06,-10478518.945649782,0.0015978431329131126,10151.781721004056,10151.779989107494,2434368000.0
train_tune_571cc_00653_653,RNN,0.0308950340309889,0.6896272267034957,0.2875170419607563,0.13776665925979614,0.6531280279159546,-0.004562893882393837,1.622961826797109e-05,-12956781.845631175,-0.0018681077053770423,6350.79913109138,6350.799135751979,2861376000.0
train_tune_571cc_00654_654,RNN,0.0135110294117647,0.6318270489367936,0.2863202630604069,0.07692784070968628,0.17475752532482147,-0.0002701211196836084,5.8596024246071465e-06,-7989639.184866255,0.008289726451039314,6923.077977383881,6923.077977348479,9493568000.0
train_tune_571cc_00655_655,RNN,0.0042876632235431,0.5821152897579651,0.2476631004143809,0.15080636739730835,0.3325524926185608,-0.0012197743635624647,2.4070219296845607e-05,-11097631.528213765,0.00995650328695774,2266.374335381621,2266.3743348219455,2667200000.0
train_tune_571cc_00656_656,RNN,0.0082699619771863,0.5710283877222179,0.266033015719691,0.09410279244184494,0.2029035985469818,-0.0003045647172257304,1.5592264389852062e-05,-9151889.398339106,0.006612211465835571,4746.56248339324,4746.895040874664,1092608000.0
train_tune_571cc_00657_657,RNN,0.0062686621010801,0.6677417142720466,0.3245839534524613,0.07590328902006149,0.17099517583847046,-9.146800039161462e-06,5.059380328020779e-06,-8886607.043299662,-0.00033242889912799,6991.5808037527795,6991.710453466641,6565184000.0
train_tune_571cc_00658_658,RNN,0.0238281262507636,0.6710363669783664,0.3110387585726867,0.08171132206916809,0.32520589232444763,-0.0006786109879612923,6.666395620413823e-06,-9929858.527387176,0.0027920317370444536,9454.466622285148,9454.46570863785,2224832000.0
train_tune_571cc_00659_659,RNN,0.0324633204308262,0.6607924305103112,0.2248547406122493,0.14468514919281006,0.6302825212478638,-0.0041950773447752,6.777333965146681e-06,-12403406.35803555,-0.008090006187558174,5274.372949461367,5274.372048600542,1361984000.0
train_tune_571cc_00660_660,RNN,0.0182314864303105,0.6413248633997882,0.3301112765580621,0.08277283608913422,0.2049715220928192,-7.119827205315232e-05,7.3573592089815065e-06,-8360619.266428193,0.0001867800165200606,6135.59066549178,6135.59066245423,3874688000.0
train_tune_571cc_00661_661,RNN,0.0334135101599709,0.6281664707223967,0.2682031521233415,0.13742774724960327,0.6733732223510742,-0.004392520524561405,1.1731707672879566e-05,-13223624.013476277,-0.01287328451871872,6442.523855739844,6442.523846964453,2380608000.0
train_tune_571cc_00662_662,RNN,0.0142324842709669,0.672545047200895,0.2606502485590989,0.062340546399354935,0.15914711356163025,5.018237789045088e-05,6.452872639783891e-06,-8351819.916153727,-0.006216422654688358,9783.963479534374,9783.97709228976,6218752000.0
train_tune_571cc_00663_663,RNN,0.0163583249551074,0.6497048391329537,0.3312139949792961,0.1189107894897461,0.7324647903442383,-0.00418743584305048,8.367381269636098e-06,-13192120.191778813,-0.000644977786578238,10690.470318551525,10690.470326469469,4611584000.0
train_tune_571cc_00664_664,RNN,0.0134828706257277,0.5220395709957512,0.2589361065987312,0.24322760105133057,0.539435625076294,-0.007238192018121481,3.472317985142581e-05,-11563142.864635345,0.012836507521569729,1186.2973414860212,1187.647061585998,33536000.0
train_tune_571cc_00665_665,RNN,0.0374181605056355,0.6593916761964616,0.2843803926590968,0.15154151618480682,0.6850060224533081,-0.004879623651504517,7.4461931944824755e-06,-12990203.779914713,0.0009876244002953172,5536.977354657055,5536.977363888414,1824320000.0
train_tune_571cc_00666_666,RNN,0.0348530168084774,0.6594332036063802,0.1974521824256052,0.1434001922607422,0.5617562532424927,-0.004002241417765617,1.1249147974012885e-05,-14240106.848231986,0.0019054695731028914,4548.26373505825,4548.263740773293,2313536000.0
train_tune_571cc_00667_667,RNN,0.0135110294117647,0.5934074159431973,0.2659569525454038,0.07642155885696411,0.17339590191841125,-8.437659562332556e-05,8.05069794296287e-06,-6636438.1510120435,0.0016287292819470167,6754.219557552873,6754.217825019234,1494016000.0
train_tune_571cc_00668_668,RNN,0.0135110294117647,0.7054443818491035,0.3045740640298859,0.09455474466085434,0.29232388734817505,-0.0007017185562290251,8.124929991026875e-06,-10857391.806718305,0.007568906061351299,6435.928973903263,6435.961200074078,1654400000.0
train_tune_571cc_00669_669,RNN,0.0182314864303105,0.6347071140723893,0.2471459927420663,0.16211798787117004,0.339991956949234,0.0010959722567349672,2.1321488020475954e-05,-10185372.141743353,-0.00892646238207817,1417.1471522056945,1417.152143600771,2759360000.0
train_tune_571cc_00670_670,RNN,0.0146289537712895,0.7183811286216857,0.3921996832971097,0.05896288901567459,0.15417638421058655,2.345228858757764e-05,7.535702479799511e-06,-8545608.79039195,-0.004787389654666185,10431.558616047407,10431.558618512126,5596224000.0
train_tune_571cc_00671_671,RNN,0.0142116498932601,0.6255683992556044,0.2154587177911825,0.08242510259151459,0.30089160799980164,-0.000584572902880609,4.652478764910484e-06,-10640164.222050644,0.002396813128143549,8768.877182472645,8768.874864064946,2103104000.0
train_tune_571cc_00672_672,RNN,0.0134828706257277,0.6594603346289415,0.2889232225314732,0.07327451556921005,0.27766627073287964,-0.00039740759530104697,5.911039352213265e-06,-10470923.410979774,0.0006654745666310191,10114.187611273192,10114.187548202637,4762112000.0
train_tune_571cc_00673_673,RNN,0.0096714803235571,0.6289793186851615,0.2946278445499327,0.15024960041046143,0.7360509634017944,-0.005833581555634737,8.545377568225376e-06,-14252283.249219071,0.0070009659975767136,6411.607778291158,6411.608625249015,1446720000.0
train_tune_571cc_00674_674,RNN,0.0160325924392057,0.6893249967505097,0.198858235782938,0.08109802007675171,0.2945597171783447,-0.0004925599787384272,7.2648645073059015e-06,-11489333.490277933,-0.0015739896334707737,8360.168658674684,8360.16866174257,3776000000.0
train_tune_571cc_00675_675,RNN,0.0485573157776382,0.6707896896763956,0.301268007236116,0.12313257157802582,0.6769629120826721,-0.0038989256136119366,6.0630645748460665e-06,-13385224.320152875,0.006590408273041248,8985.836423708697,8985.866973744092,1392896000.0
train_tune_571cc_00676_676,RNN,0.0210655974254434,0.632833262469919,0.2795435024327233,0.12235648930072784,0.6143538951873779,-0.0035193911753594875,6.613457117055077e-06,-13455099.274189604,0.0015219803899526596,7216.586589512362,7216.586611342315,1904640000.0
train_tune_571cc_00677_677,RNN,0.0219508238239852,0.6692875600536184,0.2731556571869889,0.1190837174654007,0.6878235340118408,-0.0037925986107438803,6.827998731750995e-06,-13033966.596554913,0.014224504120647907,10137.439275154025,10137.439275500987,5567360000.0
train_tune_571cc_00678_678,RNN,0.0692845975611696,0.5834661414155891,0.2720112822015507,0.25218939781188965,0.5780187845230103,-0.002989984815940261,3.760668550967239e-05,-12717079.90043854,-0.006718914024531841,963.0949726537301,963.0579701163927,61952000.0
train_tune_571cc_00679_679,RNN,0.0497316161982133,0.6611302937137497,0.2149587673265496,0.13733544945716858,0.7189624309539795,-0.005199363920837641,9.23862444324186e-06,-13744480.336591221,-0.003219450591132045,7655.532954219161,7655.509565275066,963968000.0
train_tune_571cc_00680_680,RNN,0.0146289537712895,0.6581343347979943,0.3181532287878972,0.05851874127984047,0.1339685320854187,-2.436317845422309e-05,1.4233621186576784e-05,-8964025.148838252,0.0004181349650025368,9575.585548199297,9575.58555000457,6281024000.0
train_tune_571cc_00681_681,RNN,0.0647691606674126,0.6419523253720935,0.2985199635839389,0.10575319826602936,0.30429792404174805,-0.0006497883587144315,1.2612747013918124e-05,-11709664.06095807,-0.002320237923413515,4810.576965063564,4810.5623104673405,1023424000.0
train_tune_571cc_00682_682,RNN,0.0398814517832811,0.6727660634189639,0.3125970306260685,0.1582699716091156,0.642046332359314,-0.005620266310870647,1.6256752132903785e-05,-13546321.667542575,0.009017783217132092,4821.551116510471,4821.4459323599385,363392000.0
train_tune_571cc_00683_683,RNN,0.0146289537712895,0.4407831312531948,0.3390638684327459,0.0991583839058876,0.2553810179233551,-0.00011172729136887938,9.692560524854343e-06,-9886705.409787653,-0.005888541229069233,4593.584419756803,4593.584404586268,1815616000.0
train_tune_571cc_00684_684,RNN,0.0538619700764012,0.6258648980959151,0.3252541406562257,0.15900301933288574,0.6134519577026367,-0.005002901889383793,1.716131009743549e-05,-14034319.53800635,0.010718485340476036,4175.725812360231,4175.735877511377,364160000.0
train_tune_571cc_00685_685,RNN,0.0396278759866048,0.6727616705878446,0.2441975432142556,0.07992870360612869,0.2958201766014099,-0.0006266557611525059,5.854919436387718e-06,-10556630.7936079,0.006920881103724241,8939.866382249049,8939.866379214973,6523584000.0
train_tune_571cc_00686_686,RNN,0.0134828706257277,0.6818138283330603,0.2886577690939849,0.14626207947731018,0.3102134168148041,-0.0017746317898854613,4.6159322664607316e-05,-10942845.77751663,0.01999524235725403,2299.9702249756842,2299.9702262846977,4581696000.0
train_tune_571cc_00687_687,RNN,0.0140543843568591,0.6319675902528724,0.1951975640583584,0.06709344685077667,0.16771897673606873,1.2657086699618958e-05,8.476865332340822e-06,-8977890.143193685,-0.0031188714783638716,8337.766564108482,8337.770629706149,3817856000.0
train_tune_571cc_00688_688,RNN,0.0134828706257277,0.6285005017348021,0.2740464895250704,0.08485965430736542,0.26093631982803345,-9.424214658793062e-05,1.3796046914649196e-05,-10490847.754077978,-0.0070057641714811325,6923.08883836972,6923.055514592163,2639168000.0
train_tune_571cc_00689_689,RNN,0.0163285160955349,0.7185551613306451,0.2888500994212588,0.1160208061337471,0.7029749751091003,-0.003863722085952759,7.2118864409276284e-06,-13776993.434924833,0.0010423979256302118,10179.154126739111,10179.154954491918,2117312000.0
train_tune_571cc_00690_690,RNN,0.0091980091980091,0.7032249273973566,0.3179450060854847,0.06935492157936096,0.18679992854595184,-0.00022860566969029605,9.23318111745175e-06,-8301376.644782766,0.008420519530773163,9198.125550573477,9198.12563498961,8057536000.0
train_tune_571cc_00691_691,RNN,0.0091980091980091,0.674076406576689,0.2026257574552064,0.1123337373137474,0.28874465823173523,-0.00020837420015595853,7.6233245636103675e-06,-12031385.416583328,-0.0025186417624354362,4241.451774048857,4241.376032806527,1974656000.0
train_tune_571cc_00692_692,RNN,0.0135110294117647,0.6663013019007612,0.3098557877930648,0.08019069582223892,0.1857614815235138,-0.00037577864713966846,5.72290264244657e-06,-8188202.959028817,0.01272943802177906,6571.048077777554,6571.047941729584,6521216000.0
train_tune_571cc_00693_693,RNN,0.0134828706257277,0.676585097573359,0.3243957022073526,0.06809671968221664,0.17394128441810608,-0.0002236346190329641,7.924390956759453e-06,-7193459.425827241,0.009042715653777122,8680.701564237264,8680.701151517707,2334528000.0
train_tune_571cc_00694_694,RNN,0.0091980091980091,0.6668557295015837,0.3252522894121041,0.08861278742551804,0.20200078189373016,-0.00016783275350462645,9.656117981649004e-06,-9884955.115720123,0.0037625939585268497,5276.6868282226405,5276.686826894072,5911168000.0
train_tune_571cc_00695_695,RNN,0.0172744101957293,0.728055275388948,0.3074951938518248,0.0737607479095459,0.1812525987625122,-0.00018595915753394365,6.963044597796397e-06,-8990242.182457091,0.006142661906778812,8126.571794904989,8126.571778608354,7403072000.0
train_tune_571cc_00696_696,RNN,0.0182314864303105,0.5310003812065537,0.3541962442174423,0.0716775432229042,0.18019087612628937,1.8563623598311096e-06,7.722485861449968e-06,-8505435.324083218,-0.0028574673924595118,7389.126127993666,7389.12612163283,2973760000.0
train_tune_571cc_00697_697,RNN,0.0042876632235431,0.5799886887562739,0.2460714559886908,0.22850823402404785,0.5513968467712402,-0.006592277903109789,2.3356329620582983e-05,-14018208.898917273,0.024403365328907967,1614.4130164783783,1614.4130097416264,879936000.0
train_tune_571cc_00698_698,RNN,0.0142116498932601,0.6821707993332939,0.2678062663534949,0.0846853256225586,0.3046460449695587,-0.0004078051424585283,5.4336169341695495e-06,-10282515.203966403,-0.004804954864084721,8137.662138350107,8137.66214215462,6265344000.0
train_tune_571cc_00699_699,RNN,0.0269534889733593,0.6744590126928621,0.2388244057156174,0.13296374678611755,0.7508820295333862,-0.004749419167637825,6.673203643003944e-06,-13507118.4081519,0.0030120518058538437,8855.653326802487,8855.653324439376,4360832000.0
train_tune_571cc_00700_700,RNN,0.0338564407959438,0.6998470917493393,0.2713244222360102,0.14725251495838165,0.6383054256439209,-0.004497552756220102,1.714714744593948e-05,-13274432.140663832,0.010769686661660671,5512.761898197241,5512.761890163402,2119040000.0
train_tune_571cc_00701_701,RNN,0.013657103568973,0.6019552356506738,0.2347595434212379,0.12027812749147415,0.29237115383148193,-0.00018240504141431302,1.311198684561532e-05,-10414183.428156136,-0.0055913846008479595,2887.782785767188,2887.7821055437403,2147456000.0
train_tune_571cc_00702_702,RNN,0.0160512838096443,0.6471711023489285,0.2410168827833354,0.11418218910694122,0.5124763250350952,-0.0025213214103132486,1.538397373224143e-05,-12399076.159129046,-0.006396791897714138,7253.634917947391,7253.60887656462,844992000.0
train_tune_571cc_00703_703,RNN,0.0286714039510311,0.6955933060191324,0.3214471394178543,0.1300184726715088,0.29831185936927795,-0.0012019174173474312,1.127424548030831e-05,-11627153.353364525,0.01628144085407257,3133.681170517724,3133.681170295542,5731840000.0
train_tune_571cc_00704_704,RNN,0.0152368835574942,0.6385404626027978,0.2894433190687355,0.09068068861961365,0.2804051637649536,-0.0006010760553181171,7.344917776208604e-06,-11741016.72854668,0.003250617068260908,5998.099059258694,5998.099362670886,2691008000.0
train_tune_571cc_00705_705,RNN,0.01703521327708,0.696899703659133,0.2554058208015527,0.1204364001750946,0.7281491756439209,-0.004205411300063133,8.692522897035815e-06,-12275708.10107676,-0.010159925557672977,10713.318583634635,10713.310148668515,2247552000.0
train_tune_571cc_00706_706,RNN,0.0042876632235431,0.6238886404413143,0.3415119533218817,0.34647348523139954,0.6538435220718384,-0.021709149703383446,6.999925244599581e-05,-5448653.335648009,0.045855600386857986,512.4270758001381,512.4270756481114,6313664000.0
train_tune_571cc_00707_707,RNN,0.0335742090014731,0.6421773806666904,0.2373783551514483,0.07186771184206009,0.23707282543182373,-0.00017920273239724338,8.39410404296359e-06,-10792168.595501652,-0.00422150082886219,9331.585960622771,9331.576659252536,2180224000.0
train_tune_571cc_00708_708,RNN,0.0134828706257277,0.6351106217550601,0.2543850114456854,0.06877924501895905,0.16952933371067047,-0.00013998945360071957,8.04544470156543e-06,-9621374.938185826,0.004384044092148542,7869.418424480086,7869.4185414475505,2879168000.0
train_tune_571cc_00709_709,RNN,0.0182314864303105,0.5010612914175722,0.3262657048048707,0.07541120797395706,0.2449622005224228,-0.0003599884803406894,7.588497737742728e-06,-9799209.804033337,0.0031693424098193645,8473.731676368883,8473.73167805466,4294208000.0
train_tune_571cc_00710_710,RNN,0.0058155260405572,0.6555328513228484,0.3372404409816485,0.06958338618278503,0.16332772374153137,-6.149728142190725e-05,7.012658898020163e-06,-7840785.921890143,0.0018249053973704576,7993.49632674064,7993.496325406444,4160448000.0
train_tune_571cc_00711_711,RNN,0.0142952938307729,0.6281072844886434,0.2161194546307016,0.22806622087955475,0.45808714628219604,-0.0033144457265734673,4.38078204751946e-05,-11652742.216031061,0.013975212350487709,984.4877532047078,984.4877532126357,2905536000.0
train_tune_571cc_00712_712,RNN,0.0142717138306994,0.6635598983781706,0.2361227340972045,0.149000346660614,0.5271536111831665,-0.003691157791763544,1.6930440324358642e-05,-13605713.775007676,0.005237138364464045,4026.2395227268553,4026.238911201915,836288000.0
train_tune_571cc_00713_713,RNN,0.0082699619771863,0.6843770172248879,0.2973634158688337,0.06400340050458908,0.1557924747467041,-2.8357631890685298e-05,6.767049399059033e-06,-8469230.121949382,-0.0011112047359347343,8887.68406266102,8887.684061250657,6020032000.0
train_tune_571cc_00714_714,RNN,0.0121143462833984,0.6105836083309973,0.2355545640693907,0.20281392335891724,0.4854271411895752,-0.0035456172190606594,2.3684810003032908e-05,-13808124.823360296,0.0037171263247728348,1606.8176454833942,1606.8176482963029,1056320000.0
train_tune_571cc_00715_715,RNN,0.0351141665767845,0.6596061061972807,0.3421916810404674,0.12586401402950287,0.723835825920105,-0.00468942616134882,9.765835784492083e-06,-14278361.435243923,0.006746948231011629,8568.788827048907,8568.7888167582,2999936000.0
train_tune_571cc_00716_716,RNN,0.0160486613844078,0.5521410518651406,0.2845056901936458,0.18455635011196136,0.4146210253238678,-0.0030483996961265802,3.193309385096654e-05,-9564476.792391384,0.02274549938738346,1845.1058158715157,1845.1014472926977,529920000.0
train_tune_571cc_00717_717,RNN,0.0353102827965479,0.6846906334664343,0.2947858847602055,0.10383664071559906,0.3015146851539612,-0.0004640916013158858,8.05918261903571e-06,-10943873.574608294,-0.0007659547263756394,4749.546372246856,4749.546334498842,2458880000.0
train_tune_571cc_00718_718,RNN,0.0445419671554549,0.6605043139466277,0.3133699001288864,0.06464485079050064,0.1707976907491684,-2.265117655042559e-05,6.177836439746898e-06,-8731987.74876999,-0.0024921183940023184,9225.718916608654,9225.71902272461,4726848000.0
train_tune_571cc_00719_719,RNN,0.0152368835574942,0.7039033852586501,0.2794921755346568,0.07232539355754852,0.18483251333236694,-6.86048369971104e-05,7.775431186018977e-06,-8650645.042551309,0.0011293402640148997,8577.211309429124,8577.211452956075,6603328000.0
train_tune_571cc_00720_720,RNN,0.0379359252470595,0.6339492831596476,0.3108439677352047,0.13516652584075928,0.6385322213172913,-0.00440166424959898,8.504723155056126e-06,-14338178.429094505,-0.014408748596906662,6267.637548942611,6267.637676906286,1400576000.0
train_tune_571cc_00721_721,RNN,0.0283754612840505,0.6436956725673083,0.2726253795056125,0.15410946309566498,0.6231943368911743,-0.004706844221800566,7.996860404091422e-06,-12664856.227776904,6.6002132371068e-05,4271.809626846552,4271.829996568304,508928000.0
train_tune_571cc_00722_722,RNN,0.0134853500061297,0.6957354814080041,0.255357282944987,0.07496576756238937,0.28693458437919617,-0.000524780189152807,6.323872639768524e-06,-10399374.164485686,0.004753478337079287,9826.241559015949,9826.24639732344,2438592000.0
train_tune_571cc_00723_723,RNN,0.0319030245615075,0.6778084702476413,0.2991762188745743,0.13347510993480682,0.5912542939186096,-0.003967623226344585,7.807079782651272e-06,-14300088.538072376,0.00650325883179903,5795.919366952175,5795.9193685845175,2886080000.0
train_tune_571cc_00724_724,RNN,0.0111153334600037,0.6946830105656677,0.3097368276573545,0.12065586447715759,0.232272207736969,-0.00017933100752998143,2.2293737856671214e-05,-9253815.390452767,0.0023043991532176733,2884.5583787730147,2884.558378693833,3885184000.0
train_tune_571cc_00725_725,RNN,0.0073354800055486,0.6726275713898823,0.3215091238063066,0.07587651163339615,0.2854762375354767,-0.0004696978139691055,6.190449312271085e-06,-10258808.477897098,0.0030005737207829952,10129.381827772078,10129.381728021133,3654848000.0
train_tune_571cc_00726_726,RNN,0.020734038250738,0.657381086364205,0.3264869454714673,0.07094372808933258,0.241183340549469,-0.00037555262679234147,5.4097972679301165e-06,-11093956.343846103,0.0031729668844491243,9533.331990046481,9533.322073031224,3616960000.0
train_tune_571cc_00727_727,RNN,0.0198847428475543,0.725519528127688,0.3329813411525403,0.07018814235925674,0.17001761496067047,-0.0001129564770963043,5.892005901841912e-06,-8128905.781493239,0.00211227685213089,7040.705676496473,7040.707917581902,3871424000.0
train_tune_571cc_00728_728,RNN,0.0134828706257277,0.626949066678664,0.2830762700873053,0.05672759935259819,0.14927959442138672,-6.797380046918988e-05,4.900349267700221e-06,-9006605.29362548,0.0008809445425868034,9555.908570399082,9555.90852358698,5546048000.0
train_tune_571cc_00729_729,RNN,0.0152368835574942,0.5933040017469229,0.2537269188321417,0.06179282069206238,0.13433943688869476,-1.2771718502335716e-05,5.583804977504769e-06,-8936958.660023801,-4.529247962636873e-05,9153.769014888087,9153.770550794592,3192512000.0
train_tune_571cc_00730_730,RNN,0.0242281498496357,0.6718095315443019,0.2861563670228134,0.12110146880149841,0.6960254907608032,-0.0041189854964613914,6.905147529323585e-06,-14497608.872780994,-0.0022717753890901804,9438.291497864642,9438.291497633872,5124480000.0
train_tune_571cc_00731_731,RNN,0.0314707834185573,0.6373349506664944,0.3158482489036602,0.19330622255802155,0.40183520317077637,-0.0011172505328431726,1.8238906704937108e-05,-10553967.485063016,0.005422254092991352,1212.2635714547114,1212.2635714637022,2028544000.0
train_tune_571cc_00732_732,RNN,0.0182314864303105,0.6516799419563588,0.2978291100095809,0.07578951120376587,0.18066701292991638,3.189683775417507e-05,1.1772914149332792e-05,-8929140.968404599,-0.003012574277818203,6956.305460374406,6956.305462954564,6823168000.0
train_tune_571cc_00733_733,RNN,0.0042884990253411,0.6856416783256569,0.2704817550046143,0.07875631004571915,0.31857168674468994,-0.000625394459348172,4.58323847851716e-06,-11703528.70417749,-0.0012711508898064494,10453.990195278795,10453.990199862572,5718080000.0
train_tune_571cc_00734_734,RNN,0.0142952938307729,0.6874410103475839,0.2373037659842332,0.12307459861040115,0.30527764558792114,-0.0007014669245108962,1.1678373084578197e-05,-9834506.03391381,0.004991300869733095,3460.1063989271893,3460.1063976461937,4181952000.0
train_tune_571cc_00735_735,RNN,0.0146556977452772,0.6959491395484738,0.3243424365042393,0.06625300645828247,0.16356691718101501,5.6964054238051176e-05,9.132305422099307e-06,-7984235.488074182,-0.004761838354170322,8502.966160392443,8502.96102304147,3404800000.0
train_tune_571cc_00736_736,RNN,0.0140440862184771,0.6454381796293406,0.2002224250307935,0.21602055430412292,0.4337868392467499,-0.0003967026132158935,2.039247556240298e-05,-9312421.787324093,0.001473769312724471,976.114807579742,976.1148076874194,6696448000.0
train_tune_571cc_00737_737,RNN,0.0152368835574942,0.5902159478697807,0.2057906085709354,0.17871855199337006,0.36766517162323,0.0002491703489795327,3.9549449866171926e-05,-9750330.05137809,-0.0015863406006246805,1396.8185106111564,1396.818510594629,1460096000.0
train_tune_571cc_00738_738,RNN,0.0146583775217894,0.6926247798258537,0.3259930046542329,0.1366288661956787,0.5867515802383423,-0.0038268044590950012,1.3576744095189497e-05,-13961965.474375024,0.001694855047389865,5473.417790069256,5473.413336954534,646976000.0
train_tune_571cc_00739_739,RNN,0.0142952938307729,0.5899120342867157,0.2477858236773754,0.06562354415655136,0.16668272018432617,-8.782195436651818e-06,9.43725353863556e-06,-8469450.438753111,-0.0017060328973457217,8938.683090455077,8938.679728705127,3954432000.0
train_tune_571cc_00740_740,RNN,0.0142952938307729,0.6971305957820734,0.3143205801586676,0.0728287473320961,0.18680855631828308,-4.9768234021030366e-05,5.822942512168083e-06,-8969262.393573938,-0.00021685674437321723,7795.216275819954,7795.234410673761,2897088000.0
train_tune_571cc_00741_741,RNN,0.0042876632235431,0.6122632635741719,0.314255945338743,0.08653783798217773,0.22875191271305084,-0.00044314604019746184,6.817995654273545e-06,-9862379.994899902,0.008421067148447037,6201.902482277288,6201.903326793508,1711232000.0
train_tune_571cc_00742_742,RNN,0.0063222919497099,0.6181947814340478,0.1994764834134234,0.1504065990447998,0.29712292551994324,-0.0021697620395570993,3.280612509115599e-05,-7903426.505021954,0.026916438713669777,2500.4566302396574,2500.4566718354154,1336128000.0
train_tune_571cc_00743_743,RNN,0.0872310068183353,0.6356975322280987,0.2368942383527357,0.09565122425556183,0.21452631056308746,8.526996680302545e-06,1.3627442058350425e-05,-8296345.689488716,-0.0021770100574940443,4720.666634447623,4720.666794633185,4293824000.0
train_tune_571cc_00744_744,RNN,0.0127261635814407,0.6256725753622719,0.21517965444849,0.22644668817520142,0.5018872618675232,-0.00437707407400012,2.8764407034032047e-05,-12753898.539186418,0.020773999392986298,1192.4570314080365,1192.4554449988452,257216000.0
train_tune_571cc_00745_745,RNN,0.0330574428737178,0.679732781523643,0.2832177530683549,0.1329975128173828,0.7708910703659058,-0.004673146177083254,1.035626519296784e-05,-13343677.323823718,0.002539288019761443,8630.497858817696,8630.49779673839,2560640000.0
train_tune_571cc_00746_746,RNN,0.0146289537712895,0.6857631471355589,0.2643079010301185,0.07701855897903442,0.2898860275745392,-0.000446146703325212,8.993904884846415e-06,-12240896.732373238,-6.770237814635038e-05,9812.821918279325,9812.820834197006,3055488000.0
train_tune_571cc_00747_747,RNN,0.0505172132355603,0.707387668547752,0.3182243183855687,0.08296316862106323,0.2934667766094208,-0.000526085146702826,1.0060117347165942e-05,-10854607.33024106,-0.0022268472239375114,8294.177060460857,8294.17706005477,5445056000.0
train_tune_571cc_00748_748,RNN,0.0212009681413414,0.6712458453499024,0.3141820406953068,0.07440550625324249,0.2788652181625366,-0.0004171654290985316,8.760767741478048e-06,-10618451.605765602,-0.0016938585322350264,9924.59001329616,9924.59109756298,3399040000.0
train_tune_571cc_00749_749,RNN,0.0146289537712895,0.6591439575876288,0.2828559137842987,0.0814032256603241,0.2871360182762146,-0.0005267452215775847,8.30536646390101e-06,-10570264.494574184,0.0018949259538203478,8512.542431021899,8512.542514783567,3435136000.0
train_tune_571cc_00750_750,RNN,0.0271158589436607,0.6778396320259654,0.3217651526078934,0.08777236938476562,0.31838107109069824,-0.0005693313432857394,7.037544492050074e-06,-10132219.582181474,0.0002777486224658787,7457.057967926847,7457.057955502364,4790976000.0
train_tune_571cc_00751_751,RNN,0.0142952938307729,0.6432067462862286,0.3579338299909095,0.09049179404973984,0.18830929696559906,0.00012282929674256593,1.17917961688363e-05,-7577889.075464941,-0.004717493895441294,4610.501209931499,4610.5012113915145,3816064000.0
train_tune_571cc_00752_752,RNN,0.0091980091980091,0.6554522026038245,0.255308822273176,0.20388367772102356,0.39673179388046265,-0.001676318352110684,4.415649164002389e-05,-7615614.033327632,0.008897525258362293,1182.443570405467,1182.4435712471918,3108544000.0
train_tune_571cc_00753_753,RNN,0.0135110294117647,0.6462505603821368,0.2841772090468777,0.145243301987648,0.3654491901397705,-0.0015591797418892384,9.122715709963813e-06,-10206199.798404979,0.013144240714609623,3086.8807511701307,3086.88154016035,1699904000.0
train_tune_571cc_00754_754,RNN,0.0142952938307729,0.4572887193066591,0.1878573083362774,0.29220739006996155,0.610441267490387,-0.008885943330824375,4.824384086532518e-05,-13022730.542622965,0.02720470353960991,735.0397977087689,735.0398643416345,274752000.0
train_tune_571cc_00755_755,RNN,0.0135110294117647,0.6830387819944445,0.3347981392509154,0.07927590608596802,0.2988382577896118,-0.000560867483727634,6.281780770223122e-06,-9900671.385305706,0.004778855014592409,9263.293644337486,9263.292750029761,2780416000.0
train_tune_571cc_00756_756,RNN,0.0146316237756281,0.6399176227309674,0.2543371261727278,0.08879922330379486,0.30247563123703003,-0.00046775833470746875,1.0284158634021878e-05,-11275229.11683364,-0.008811770007014275,6778.888856323325,6778.888010383533,1753280000.0
train_tune_571cc_00757_757,RNN,0.0091980091980091,0.6750210604174071,0.3431130745415299,0.1404361128807068,0.27301642298698425,-3.343448042869568e-05,9.09905520529719e-06,-9328199.182847196,-0.0015109498053789139,2016.5340159876064,2016.5341328125785,2691072000.0
train_tune_571cc_00758_758,RNN,0.0278457068160448,0.6165903672615319,0.225820847919831,0.21731802821159363,0.46349069476127625,-0.004438544157892466,3.0121962481644005e-05,-12741172.242682986,0.021029017865657806,1414.3560861116862,1414.3560861001183,1592576000.0
train_tune_571cc_00759_759,RNN,0.0106665731793396,0.620385917220279,0.2921284186348721,0.13612699508666992,0.6547402143478394,-0.00425626989454031,1.1905947758350521e-05,-12495407.370100236,0.011992967687547207,7051.461680672422,7051.234168506357,811328000.0
train_tune_571cc_00760_760,RNN,0.0091980091980091,0.6742264743906553,0.3488463244554131,0.08239760994911194,0.23119193315505981,-0.000338979676598683,8.270918442576658e-06,-11232657.59640947,0.004239135421812534,6850.259525495979,6850.259525883174,3691136000.0
train_tune_571cc_00761_761,RNN,0.0142952938307729,0.640349660468963,0.2426392541451884,0.10807512700557709,0.3017314672470093,-0.0002073568757623434,1.5870195056777447e-05,-10245409.684837632,-0.007443294860422611,4483.366229756753,4483.368280886039,2860096000.0
train_tune_571cc_00762_762,RNN,0.0137130801687763,0.6858677012964841,0.274954594657896,0.06910435855388641,0.18564824759960175,-0.00010552984895184636,6.378099442372331e-06,-8526413.656365393,0.0031178079079836607,8749.079372529815,8749.079369590172,7117888000.0
train_tune_571cc_00763_763,RNN,0.0134828706257277,0.6401703822197491,0.2721337845262038,0.09594904631376266,0.20751091837882996,-0.0003582228091545403,1.0752501111710444e-05,-8413840.431461513,0.008533974178135395,4484.261182644077,4484.261205456545,4624512000.0
train_tune_571cc_00764_764,RNN,0.0083960625361899,0.7018566432310598,0.3945642670491779,0.10692978650331497,0.3081388771533966,-0.0005519530968740582,1.187628095067339e-05,-10959156.098862754,-0.00022945896489545703,4446.310284204899,4446.3104128252335,2053056000.0
train_tune_571cc_00765_765,RNN,0.0179312569351104,0.6235558544301228,0.2624666896696775,0.13375720381736755,0.5799123048782349,-0.003452379023656249,9.15817145141773e-06,-14715180.77344757,0.007194178178906441,5723.300605285453,5723.300602675208,1597632000.0
train_tune_571cc_00766_766,RNN,0.014775551207313,0.6974351653414086,0.3481662295885915,0.09854520857334137,0.5326492190361023,-0.0019146716222167015,6.172671419335529e-06,-12553003.40884957,-0.0011064072605222464,10653.60837567952,10653.609000600998,2034816000.0
train_tune_571cc_00767_767,RNN,0.0129120907869445,0.6720090509129087,0.2316505246678212,0.06564660370349884,0.1508803367614746,-5.305751983541995e-05,6.47324304736685e-06,-8451240.432655277,0.0011057645315304399,8664.204093823657,8664.204094453122,4750592000.0
train_tune_571cc_00768_768,RNN,0.0220297883041558,0.6327050359046646,0.3058315383220367,0.09839746356010437,0.4531809091567993,-0.0019583418034017086,1.2109418094041757e-05,-12600887.834580816,0.0005675740540027618,8827.795816289468,8827.770433619684,1282688000.0
train_tune_571cc_00769_769,RNN,0.0219694066227178,0.6749423292242347,0.2629222247184747,0.13566622138023376,0.7869479656219482,-0.0052972943522036076,8.259019523393363e-06,-14400596.111909678,0.0012534870766103268,8623.839517675628,8623.840131950394,1968576000.0
train_tune_571cc_00770_770,RNN,0.0042901716068642,0.6815646367387772,0.2787273440788453,0.09751281142234802,0.2685949206352234,-0.0006556526641361415,8.910635187930893e-06,-10353508.792327274,0.0048653134144842625,4956.548425968103,4956.546334586231,2213504000.0
train_tune_571cc_00771_771,RNN,0.0134828706257277,0.6562258339245273,0.3501896196493702,0.10417205840349197,0.29776567220687866,-0.0007436585729010403,1.4683851077279542e-05,-10423956.892215583,0.0029156538657844067,4696.009283681035,4696.009270219682,2402752000.0
train_tune_571cc_00772_772,RNN,0.0371797632058867,0.6807527609922338,0.3167182510774805,0.15912233293056488,0.524274468421936,-0.0038188144098967314,9.852946277533192e-06,-12767383.709288089,0.01659536361694336,3492.94368017823,3492.943646672945,1454784000.0
train_tune_571cc_00773_773,RNN,0.0233453281005493,0.603295415531494,0.222702687203422,0.14342893660068512,0.6124466061592102,-0.004062293097376823,1.573895860929042e-05,-13896251.878309514,-0.003921831026673317,5393.12926405663,5393.129638473229,1266048000.0
train_tune_571cc_00774_774,RNN,0.0150356192412888,0.6563818835363527,0.3052466661778653,0.1422397494316101,0.7301753759384155,-0.005370913073420525,7.676736458961386e-06,-13748614.819007276,-0.004958525765687227,6971.270530758789,6971.270554160193,2067776000.0
train_tune_571cc_00775_775,RNN,0.0142116498932601,0.7253520235751928,0.2973343390054528,0.12070246040821075,0.2998911142349243,-0.0006903784233145416,1.662813883740455e-05,-10827881.80679781,0.00528527470305562,3891.1821090979092,3891.182109262046,2805056000.0
train_tune_571cc_00776_776,RNN,0.0166770800791419,0.5976174200639349,0.2168644221918918,0.15608853101730347,0.5153771042823792,-0.0025474652647972107,2.737721661105752e-05,-13834187.79829507,-0.02663012593984604,3087.9398375123064,3087.939837400355,2339520000.0
train_tune_571cc_00777_777,RNN,0.0416521444217948,0.605303968604408,0.2044507660463535,0.08220089226961136,0.24291014671325684,-0.0002364943502470851,4.784148586622905e-06,-10385553.012021702,0.002393932081758976,7690.257857593597,7690.212832876705,1520128000.0
train_tune_571cc_00778_778,RNN,0.0620173632432396,0.6793021044011015,0.3333459687614444,0.07754921913146973,0.31486544013023376,-0.0006656527402810752,6.696364835079294e-06,-11749424.30791256,0.0006448870990425348,10771.442653060602,10771.442726064553,4249536000.0
train_tune_571cc_00779_779,RNN,0.0082699619771863,0.6774338711478962,0.2968826169273924,0.09760242700576782,0.3014645576477051,-0.0006277324282564223,1.1617435120570008e-05,-12428810.628550086,0.004181441850960255,5834.17259114722,5834.172681417071,2956096000.0
train_tune_571cc_00780_780,RNN,0.0036036036036036,0.6223213409820211,0.2290243517550111,0.2009604573249817,0.5416994094848633,-0.004545203875750303,2.4127710275934078e-05,-12956385.541024398,0.0011482599657028913,1834.2801624291753,1834.2790899512117,331008000.0
train_tune_571cc_00781_781,RNN,0.0134828706257277,0.5612174379371865,0.3127064584243801,0.1368379145860672,0.27091357111930847,-0.00016755593242123723,1.6454641809104942e-05,-7032779.4434149545,0.0011369490530341864,2249.2361917424296,2249.2361918044644,5050048000.0
train_tune_571cc_00782_782,RNN,0.0134828706257277,0.6261671691148887,0.369874500145213,0.05793532729148865,0.1409853994846344,-3.7221998354652897e-05,5.697552751371404e-06,-7792081.005207102,0.001103909919038415,10598.716920856637,10598.716918243746,8536704000.0
train_tune_571cc_00783_783,RNN,0.0322186693821196,0.6551511040481313,0.2978289191855396,0.15145495533943176,0.6011527180671692,-0.004462985321879387,1.4664150512544438e-05,-14217534.063882256,0.010807896964251995,4922.953984076,4922.953991003819,2414912000.0
train_tune_571cc_00784_784,RNN,0.0135110294117647,0.636273093724615,0.2040685794456015,0.11350841820240021,0.24598784744739532,-0.000373001181287691,1.7355941963614896e-05,-8511880.002422236,0.0059166862629354,3698.3696090739736,3698.369554462406,2694848000.0
train_tune_571cc_00785_785,RNN,0.0088077197072728,0.6169703437012111,0.274861085053827,0.1824265718460083,0.3545345664024353,-0.0017172407824546099,2.7638116080197506e-05,-10494329.834178492,0.013700355775654316,1392.4774577728188,1392.4774560953495,1324352000.0
train_tune_571cc_00786_786,RNN,0.0152368835574942,0.6267313655165174,0.3491815154568651,0.08700882643461227,0.18342241644859314,-0.0002284341026097536,9.50862067838898e-06,-8991787.532646652,0.006075035315006971,5492.75413023984,5492.754129358385,3821184000.0
train_tune_571cc_00787_787,RNN,0.0146289537712895,0.6615212563148641,0.3260873174657276,0.09262000024318695,0.2844955623149872,-0.000382640166208148,1.4075492799747735e-05,-10313224.939753465,-0.0023287013173103333,6204.548679107841,6204.548670168113,6166336000.0
train_tune_571cc_00788_788,RNN,0.0082699619771863,0.4819429773702562,0.2971068935063654,0.4588594138622284,0.8552978038787842,-0.04591110721230507,0.00019784910546150059,-12165285.430508252,0.03578311204910278,289.51036566601834,289.52001854288426,1596160000.0
train_tune_571cc_00789_789,RNN,0.0146289537712895,0.6509240353191696,0.2730119589521094,0.1462593823671341,0.3006947338581085,1.0347212082706392e-06,4.469007399166003e-05,-7776131.595129676,0.0018837128300219774,2067.568491042566,2067.568484336365,7448896000.0
train_tune_571cc_00790_790,RNN,0.0091980091980091,0.698186256525331,0.3076695713921937,0.07790833711624146,0.19048452377319336,-0.0001365622301818803,1.2507511200965382e-05,-8192839.589526749,0.003154536709189415,6127.698485326133,6127.698403450307,4760000000.0
train_tune_571cc_00791_791,RNN,0.0148744269415427,0.6593518283835567,0.2659867732898627,0.19750219583511353,0.5519568920135498,-0.005425573326647282,2.6490737582207657e-05,-13543108.465714332,0.020895233377814293,2276.5688600911553,2276.5688612288495,1559616000.0
train_tune_571cc_00792_792,RNN,0.0312515819615663,0.6849088402119929,0.3186730485753298,0.09295997768640518,0.2948338985443115,-0.0006006145849823952,6.146071882540127e-06,-11539553.831646945,0.003625227604061365,6654.371974989848,6654.384316208518,1716160000.0
train_tune_571cc_00793_793,RNN,0.0219553657909822,0.6533629720122585,0.2849369739384106,0.11053285002708435,0.6036888360977173,-0.003000060562044382,1.0814263987413142e-05,-12270338.749433571,-0.008445551618933678,10320.588238905493,10320.584851012489,1941696000.0
train_tune_571cc_00794_794,RNN,0.0255937124942879,0.6908502403383583,0.2794471630805513,0.07980374991893768,0.28010356426239014,-0.00036615412682294846,9.479678737989161e-06,-10855678.390107723,-0.005819214973598719,7955.504877071544,7955.505453324488,3608320000.0
train_tune_571cc_00795_795,RNN,0.0400998999877668,0.6470797214929055,0.2709831864446952,0.13600440323352814,0.5423904657363892,-0.003620943520218134,1.2235329450049903e-05,-13693580.663102683,0.002138954121619463,4901.554226867496,4901.554225960968,2984768000.0
train_tune_571cc_00796_796,RNN,0.0146289537712895,0.6461255954620755,0.2980444331120248,0.14592424035072327,0.2877035439014435,0.0025225921999663115,2.1237516193650663e-05,-7367945.061223272,-0.019842691719532013,1643.3447339762342,1643.3447338755882,2144768000.0
train_tune_571cc_00797_797,RNN,0.0961048057396434,0.6237006694459757,0.2483481485470857,0.18221724033355713,0.5364354848861694,-0.00438498891890049,1.4710030882270075e-05,-13110555.3769646,0.0011847270652651787,2636.401382937069,2636.4012495181423,979200000.0
train_tune_571cc_00798_798,RNN,0.0146289537712895,0.6023195153718952,0.219083804574399,0.06688085943460464,0.17883515357971191,-9.269824658986181e-05,9.877839147520717e-06,-11195726.595991405,0.0023922875989228487,10192.235718088436,10192.249321816575,2533248000.0
train_tune_571cc_00799_799,RNN,0.0135110294117647,0.6732316381722928,0.3014934565627372,0.08259205520153046,0.19318383932113647,-0.00017048424342647195,1.0845668839465361e-05,-8127634.572302239,0.004064630717039108,6574.3103134064495,6574.310673537071,5671360000.0
train_tune_571cc_00800_800,CNN,0.0150707227839714,0.7431157605317256,0.4449382538705903,0.8931930661201477,3.478160858154297,-0.3801268935203552,8.693395648151636e-05,-326.937654812128,-0.00673651834949851,141319311.17331982,140060531.68669122,4891499052.0
train_tune_571cc_00801_801,CNN,0.0009829619921363,0.7595556143966754,0.4367669312228914,0.6981172561645508,1.9174164533615112,-0.3005208969116211,3.5924229450756684e-05,-349.62257805312726,0.03171943500638008,7769900308.871446,7687509124.248639,19640574420.0
train_tune_571cc_00802_802,CNN,0.0759808921828464,0.8091808080564111,0.4933700848490207,2.1853060722351074,9.055974960327148,-2.702850818634033,0.0001755072153173387,-323.49580893244547,0.02346808835864067,6184.245684525002,6184.245684525002,45476172.0
train_tune_571cc_00803_803,CNN,0.0138868445217725,0.8108605631183341,0.5022245040667109,1.2148442268371582,4.776630401611328,-0.7064351439476013,8.353831071872264e-05,-327.2622708555989,0.006517598871141672,323759.78573138546,322075.61581933027,2521640252.0
train_tune_571cc_00804_804,CNN,0.0173204420394452,0.8223222825220643,0.552917990877347,1.3615312576293945,5.301388740539551,-0.973465085029602,0.000164221681188792,-322.16523163026466,0.02753627300262451,250230.31400572814,248178.16737785502,2345479460.0
train_tune_571cc_00805_805,CNN,0.0159176289042549,0.7706634026503362,0.4907204341581058,0.8131140470504761,2.8488149642944336,-0.3169057369232178,6.076689896872267e-05,-335.33231563400693,-0.004076313227415085,186660281.9439998,192931195.90362817,3654892588.0
train_tune_571cc_00806_806,CNN,0.0282704586259865,0.7681985645349898,0.4776791191325327,0.3739672601222992,1.5660197734832764,-0.06593511253595352,1.473985867050942e-05,-341.6032194447285,-0.005273486487567425,477491279040.86475,486448018254.20557,19484399492.0
train_tune_571cc_00807_807,CNN,0.0078770397502667,0.8299593577937264,0.5600545498484385,1.1533081531524658,4.7157745361328125,-0.6051061153411865,9.59806056926027e-05,-327.1794416273938,-0.0063705286011099815,180710.9941235107,181555.93733578373,1373935340.0
train_tune_571cc_00808_808,CNN,0.0352170673147819,0.7914240538167507,0.5129400130442595,1.4824411869049072,6.441060543060303,-1.1403268575668335,8.145761967170984e-05,-324.07941210875686,0.005850133486092091,2427.5630968638625,2427.5630968638625,23412804.0
train_tune_571cc_00809_809,CNN,0.0142116498932601,0.7786934205596272,0.4940987819460598,1.018943428993225,3.4394428730010986,-0.6221215128898621,0.00011528401228133589,-342.0736631262961,0.03224091976881027,14017542723.928043,14118924248.21081,12250104884.0
train_tune_571cc_00810_810,CNN,0.0386673800331971,0.7805298293134775,0.4100676673361708,0.41003185510635376,1.6898130178451538,-0.08929266035556793,2.7543983378564008e-05,-363.7529349037837,0.011665433645248413,13934363535397.172,13824045033578.219,20583850548.0
train_tune_571cc_00811_811,CNN,0.0443318594255843,0.7939320453110813,0.4537772118121976,0.3510822057723999,1.3843684196472168,-0.061536457389593124,1.6569625586271286e-05,-343.2265372116396,0.0066838618367910385,207364082273.1487,213065023321.64914,10270074644.0
train_tune_571cc_00812_812,CNN,0.0143436233239787,0.7923178089504623,0.4249366221720528,0.6361445188522339,2.4452266693115234,-0.20840862393379211,5.166165647096932e-05,-342.3528367890747,0.007090193219482899,19441762507.179996,19550336752.69715,17969962956.0
train_tune_571cc_00813_813,CNN,0.0289310186888145,0.8287912301136086,0.5074037648474641,0.7580138444900513,3.2330119609832764,-0.2902592420578003,4.309288488002494e-05,-323.4994989812098,-0.003633047454059124,146144.25490631213,146182.55034969514,5634904652.0
train_tune_571cc_00814_814,CNN,0.0255024654559176,0.7723549273637677,0.4263176485414421,0.5144463181495667,1.2241302728652954,-0.14509128034114838,3.250978988944553e-05,-331.3674659508947,0.0007498317863792181,31654602.411974676,31228329.749656387,1095059100.0
train_tune_571cc_00815_815,CNN,0.0209690495054921,0.7801476282380692,0.4901428496535354,3.20117449760437,6.9196929931640625,-8.356063842773438,0.0006207777769304812,-365.4483950566815,0.10603587329387665,3857.24993939846,3857.24993939846,4085196.0
train_tune_571cc_00816_816,CNN,0.0075366424671778,0.7995794910492594,0.5349937810494403,0.7902623414993286,3.235124349594116,-0.37174803018569946,4.957939381711185e-05,-366.13112447267474,0.029839493334293365,293758589.8682936,291681599.7200215,13374011292.0
train_tune_571cc_00817_817,CNN,0.014367816091954,0.81531939457425,0.4253470746260832,0.21197795867919922,0.8911725282669067,-0.020092565566301346,7.685928721912205e-06,-362.7731751285061,-0.007606357801705599,34879570996.22746,35517330243.12489,8194759220.0
train_tune_571cc_00818_818,CNN,0.0767095095291902,0.8194592452746657,0.5355820295289077,1.1551945209503174,5.00672721862793,-0.7714685201644897,7.877674215706065e-05,-332.9199705118546,0.015401672571897507,87407.04991364689,88502.47246365849,319437084.0
train_tune_571cc_00819_819,CNN,0.0177090978974717,0.7873949031632939,0.3379750421398731,0.8334239721298218,3.738309383392334,-0.3212762773036957,7.386659854091704e-05,-345.6476723841094,0.002578314393758774,840884163.8230407,829990314.4843018,21394039372.0
train_tune_571cc_00820_820,CNN,0.0189159797868963,0.8156967730928103,0.5363650162980805,1.4813063144683838,6.333942413330078,-1.4370477199554443,0.00016700987180229276,-330.63028828899104,0.06103427708148956,19979906.74970371,20098523.845744733,23724880452.0
train_tune_571cc_00821_821,CNN,0.0134105320924048,0.7448909154752129,0.3186099353858846,0.2577473521232605,0.6492894291877747,-0.024910347536206245,1.471587074775016e-05,-348.1992983082027,0.005810663104057312,10789017063601.805,10674834450937.887,21813813980.0
train_tune_571cc_00822_822,CNN,0.0142952938307729,0.801000695165316,0.4202123138666131,0.1930576115846634,0.8011786341667175,-0.015972230583429337,8.508467544743326e-06,-352.24253779646386,-0.0011398340575397015,158215244699.67725,160667292476.32172,18370525484.0
train_tune_571cc_00823_823,CNN,0.0377816205419908,0.7643638457475931,0.4702431725580096,0.6563025712966919,2.584686279296875,-0.21847955882549286,4.806769356946461e-05,-344.0202494497013,0.006634574383497238,23188269899.03135,23382229699.084892,14372333276.0
train_tune_571cc_00824_824,CNN,0.0436791397063262,0.7441932439865765,0.5086122786350697,0.6787985563278198,2.3994510173797607,-0.27537548542022705,5.07736622239463e-05,-330.586309833997,0.029866443946957588,2411985435.855876,2393545684.2887015,4088872340.0
train_tune_571cc_00825_825,CNN,0.0716686909783887,0.7973400336020634,0.4808732605832659,1.6214449405670166,7.774016857147217,-1.4926221370697021,0.00012202640937175602,-322.9264935497279,0.0615064799785614,5571.998853550883,5571.998853550883,106864316.0
train_tune_571cc_00826_826,CNN,0.0049497468450086,0.7640525020323282,0.455719229743234,0.4907302260398865,1.771985650062561,-0.12354175746440887,2.0226505512255244e-05,-360.1087770034709,0.004702511243522167,5051277573073.955,5229877277501.238,7359363628.0
train_tune_571cc_00827_827,CNN,0.0093756040982022,0.8006691756955489,0.483868919462686,0.23885245621204376,0.8669819235801697,-0.023813573643565178,4.939133759762626e-06,-360.8648127493127,0.0026059490628540516,888462556426.353,868371610295.5881,28194854156.0
train_tune_571cc_00828_828,CNN,0.0144237332444605,0.7657170074622113,0.4161662838400784,0.15055987238883972,0.49910950660705566,-0.008157488889992237,3.268652108090464e-06,-349.9501639391194,-0.000347761670127511,16843078013472.201,16589171767675.295,25967061660.0
train_tune_571cc_00829_829,CNN,0.0152368835574942,0.7876736773484135,0.3992767311012379,0.8118648529052734,2.283759593963623,-0.38131919503211975,3.8381735066650435e-05,-333.1729996325729,0.01566382870078087,636778724.3630178,644987762.9237335,5001468404.0
train_tune_571cc_00830_830,CNN,0.0190369961069618,0.7623486380711664,0.4667579062785123,0.3417615294456482,0.8075463771820068,-0.059351179748773575,1.5296736819436774e-05,-352.7844205388118,0.006638834718614817,13198330228796.73,13019295557929.49,37982421236.0
train_tune_571cc_00831_831,CNN,0.005596053309771,0.8090235474451282,0.4904936719687823,1.1470510959625244,4.352787017822266,-0.777671217918396,8.608726056991145e-05,-326.38420252101184,0.03610696643590927,346680.1022306733,347112.8294837184,4090211324.0
train_tune_571cc_00832_832,CNN,0.0207530588791996,0.8116801486871332,0.4079609082195723,0.7117168307304382,1.9674792289733887,-0.3674848675727844,4.4458149204729125e-05,-346.95826937581796,0.0712871104478836,7770414631.04307,7548716194.819958,7135895116.0
train_tune_571cc_00833_833,CNN,0.0161804051471525,0.8220023939704771,0.5177476401164024,0.8860986232757568,3.6591720581054688,-0.452938973903656,5.373620297177695e-05,-329.2079589934834,0.03592594712972641,255747.95643480303,253713.72100711183,7827647028.0
train_tune_571cc_00834_834,CNN,0.0647963755635657,0.6931415405379241,0.3334366859313858,2.8081440925598145,5.900667190551758,-7.94422721862793,0.00038178006070666015,-500.1989338404671,0.20508268475532532,29792.266164064793,30044.952550426453,3918740.0
train_tune_571cc_00835_835,CNN,0.0233277188195221,0.8032956069032385,0.5263213821843135,1.5094892978668213,6.009982585906982,-1.1969215869903564,0.00010216504597337916,-323.3210424061883,0.006808432750403881,3428.294688018965,3428.294688018965,29534812.0
train_tune_571cc_00836_836,CNN,0.0621951874149314,0.8221141746389723,0.5085760957894925,0.8068594932556152,3.6778664588928223,-0.29716217517852783,6.597689935006201e-05,-325.24085792179176,-0.007326935417950153,239718.26160344307,241440.08435020113,9172485204.0
train_tune_571cc_00837_837,CNN,0.057596424305236,0.8167511372572971,0.4887685889641573,1.4411704540252686,6.773211479187012,-0.9294214248657227,0.00013034242147114128,-322.6607073292773,-0.03339075669646263,5570.75013680781,5570.75013680781,92851004.0
train_tune_571cc_00838_838,CNN,0.0138608408298145,0.8252639125419877,0.4849885427632277,1.4243886470794678,4.342918395996094,-1.5262205600738525,0.0002005505666602403,-332.06189739645225,0.08115555346012115,142954.85916786751,144356.86658607403,596932988.0
train_tune_571cc_00839_839,CNN,0.0115319287215003,0.7683372218848623,0.4973533321922785,0.5376163721084595,2.0500056743621826,-0.13160115480422974,3.0565417546313256e-05,-332.2724150096028,-0.006761389784514904,96101616.1366741,97668354.10790707,5677470292.0
train_tune_571cc_00840_840,CNN,0.0106109864472596,0.8038362534253182,0.4297075045138172,0.4922715723514557,1.5440160036087036,-0.1282448172569275,4.251872087479569e-05,-333.79043278965105,0.010190237313508987,8274214304.173507,8364121216.886208,10578954988.0
train_tune_571cc_00841_841,CNN,0.0373505457303041,0.8009626435712246,0.5471794326258327,1.249230980873108,5.1802825927734375,-0.7548129558563232,8.75557234394364e-05,-328.93770295741,0.006347324699163437,2636.9650496854892,2636.9650496854892,24167660.0
train_tune_571cc_00842_842,CNN,0.0084219145145761,0.8286929762676888,0.4534409447415075,0.7945785522460938,2.5965957641601562,-0.3295254111289978,6.619454507017508e-05,-325.41360400166917,0.01022338680922985,118552.57377497405,118222.60810465719,2802666828.0
train_tune_571cc_00843_843,CNN,0.0510671601050217,0.7994880608800775,0.4640049690138416,0.7989780902862549,2.867763042449951,-0.369017094373703,7.753034151392058e-05,-331.3438677737871,0.03295976296067238,307974452.99880004,317425182.4915874,13460315196.0
train_tune_571cc_00844_844,CNN,0.0159312179250394,0.7625288535112654,0.4645229926066263,0.3217366933822632,1.0983318090438843,-0.04821322485804558,1.6587784557486884e-05,-350.61841558098104,-0.0003102828050032258,13268859392603.043,13548207331788.074,18799875332.0
train_tune_571cc_00845_845,CNN,0.0026563924364028,0.7714144085252692,0.430838850341805,0.7249785661697388,2.439176559448242,-0.30504530668258667,5.320532727637328e-05,-345.88139789707634,0.01847776770591736,6208630110.124891,6125291795.735138,9317644060.0
train_tune_571cc_00846_846,CNN,0.0199522932268893,0.7912641269726794,0.4935226553954558,0.4735817313194275,2.0738866329193115,-0.10488666594028473,1.9833802070934325e-05,-325.6647583476795,-0.00815191026777029,6005425.199377085,6024424.857788612,8495777236.0
train_tune_571cc_00847_847,CNN,0.0140440862184771,0.8076082775012384,0.419666090069603,0.23157434165477753,0.8258745074272156,-0.023597434163093567,9.592919013812207e-06,-380.66372164309786,0.0030090520158410072,12539109143952.648,12452309331149.383,20632746500.0
train_tune_571cc_00848_848,CNN,0.0387411899405507,0.7955220231823933,0.5527545105283737,0.4511178135871887,1.5528398752212524,-0.10472352802753448,2.533602309995331e-05,-345.582797787079,0.004807347431778908,121237254.8370296,123573863.30848506,6332230764.0
train_tune_571cc_00849_849,CNN,0.0660635843947447,0.8042716679129978,0.5094056868074396,0.6776247620582581,3.110917568206787,-0.18186701834201813,5.969067569822073e-05,-335.7678659930085,-0.015765639021992683,10460699.345385436,10557650.387854803,10961949652.0
train_tune_571cc_00850_850,CNN,0.0428904373323648,0.7780550839083133,0.4407806885340158,0.41954708099365234,1.5158007144927979,-0.08612126111984253,2.1673824448953383e-05,-368.4995695963898,0.003460928564891219,89676748674224.52,90511871032088.58,37562889236.0
train_tune_571cc_00851_851,CNN,0.0087629381745432,0.7955027823862438,0.5309386353089034,0.667330265045166,2.6972126960754395,-0.24450111389160156,4.3878193537238985e-05,-328.5975015219424,0.017526894807815552,3757925.892316208,3769913.120320359,3621131532.0
train_tune_571cc_00852_852,CNN,0.0433621041032516,0.8172545539478229,0.5678196512460506,2.408343553543091,8.219015121459961,-3.6247141361236572,0.0003872391243930906,-330.2302866308469,0.027789166197180748,7560.069217288459,7560.069217288459,26694468.0
train_tune_571cc_00853_853,CNN,0.0134828706257277,0.7499398867375565,0.3830484021342368,0.9504872560501099,1.5505874156951904,-0.6787359714508057,6.286170537350699e-05,-349.7909108579673,0.002761857584118843,16971.019798942092,16892.042989392052,41929756.0
train_tune_571cc_00854_854,CNN,0.0081659997485908,0.8034720755769077,0.4383642603393309,0.9580245018005371,3.5309715270996094,-0.5001261234283447,7.302185258595273e-05,-328.6031485507024,0.03883551061153412,112540.93912071301,111867.44603034062,453389380.0
train_tune_571cc_00855_855,CNN,0.0097426301259663,0.7890123952045117,0.3974646822479313,0.7183529138565063,2.5769662857055664,-0.25677475333213806,5.0096983613912016e-05,-383.7733308745841,0.00179031933657825,1450531984366.7646,1436005149695.0908,26965122428.0
train_tune_571cc_00856_856,CNN,0.0312685196206462,0.8258716676121954,0.5681697375981194,1.124639868736267,4.568626403808594,-0.687105655670166,9.169540135189891e-05,-321.4269554304749,0.04277125000953674,166196.66105573595,166371.12995647185,3466735772.0
train_tune_571cc_00857_857,CNN,0.0133370418457332,0.7592303216709194,0.4561410486887652,0.38190650939941406,1.2388666868209839,-0.07512753456830978,1.2117496225982904e-05,-340.48267510109633,0.009416982531547546,3384780254337.338,3520243424953.919,10199515372.0
train_tune_571cc_00858_858,CNN,0.0311173548908755,0.8099734517114419,0.4608190707513744,1.461214542388916,6.668929100036621,-1.117255449295044,0.00010126144479727373,-323.88831196640166,0.03075740486383438,6871.171174681357,6871.171174681357,135395852.0
train_tune_571cc_00859_859,CNN,0.0571842336377577,0.8061985984551443,0.5350294824171137,0.9339100122451782,3.361907958984375,-0.5007534623146057,7.598736556246877e-05,-324.38179501620493,0.028308339416980743,127038.74064660506,127639.04152795524,1584172764.0
train_tune_571cc_00860_860,CNN,0.0152368835574942,0.7609934406208346,0.5229752487241688,0.5508833527565002,1.6076114177703857,-0.1641063094139099,4.151524990447797e-05,-368.6067150628917,0.01484222523868084,2627185191.8462844,2676240805.1918883,5192112260.0
train_tune_571cc_00861_861,CNN,0.0208197660942189,0.7907515728743099,0.4019706104130999,0.3012295365333557,0.978630781173706,-0.04363078624010086,1.0286478755006101e-05,-363.05218620585663,0.0049437168054282665,20062752423606.906,20526280702228.64,20785373700.0
train_tune_571cc_00862_862,CNN,0.0146289537712895,0.7738834957261634,0.3699476027272887,0.3013436198234558,0.6839235424995422,-0.027758315205574036,2.0404309907462448e-05,-346.4655401517389,-0.020727824419736862,2079418036004.8335,2036543728248.1782,16638098268.0
train_tune_571cc_00863_863,CNN,0.0213774233605102,0.7362550003859732,0.5345120207882258,0.26942580938339233,0.6653286814689636,-0.028297454118728638,1.1021438695024699e-05,-598.4386242421278,-0.0013652171473950148,168097272905.5736,168744102434.28546,3734153436.0
train_tune_571cc_00864_864,CNN,0.0082746813772113,0.8102458930722828,0.3155405592493286,0.3562992215156555,0.9334616661071777,-0.0652637705206871,9.625487109587993e-06,-339.9764531935785,0.01688443124294281,11232011960.947826,11487497078.005098,5033494476.0
train_tune_571cc_00865_865,CNN,0.0125001036293932,0.7924280659633863,0.5508571767010285,1.6649876832962036,7.8709187507629395,-1.3573451042175293,0.00015106715727597475,-320.20161419470975,-0.0032573603093624115,4718.408105408733,4718.408105408733,55926812.0
train_tune_571cc_00866_866,CNN,0.076541239038245,0.8060213878624193,0.5326979166657098,1.1847507953643799,5.71952486038208,-0.5973681807518005,0.00011658307630568743,-321.8734875245957,-0.04994770884513855,2422.5124594291237,2422.5124594291237,37999812.0
train_tune_571cc_00867_867,CNN,0.0370883351895152,0.7992517210367992,0.5027210518654122,0.5853597521781921,2.3851523399353027,-0.17839261889457703,3.020182703039609e-05,-341.2776401418669,0.009024549275636673,370984934.41955,372773388.5907748,27063194988.0
train_tune_571cc_00868_868,CNN,0.0135110294117647,0.7200724680671792,0.3202910381746895,0.09568837285041809,0.2919871509075165,-0.002268564887344837,1.981110472115688e-06,-344.10004534759435,-0.001759338891133666,54987067666.171,57571306760.62427,6360451868.0
train_tune_571cc_00869_869,CNN,0.0209295834502754,0.8006445778945896,0.4521081002741476,1.4824025630950928,6.340932846069336,-1.0793837308883667,9.894265531329438e-05,-322.39170633678987,0.013307752087712288,4727.303621804363,4727.303621804363,64824380.0
train_tune_571cc_00870_870,CNN,0.0449208348582486,0.787507620283884,0.5229019918671092,0.6450257301330566,2.478940010070801,-0.18581339716911316,3.7316218367777765e-05,-329.52900974759353,-0.011154795065522194,7171437.302749828,7098668.696144454,6901939932.0
train_tune_571cc_00871_871,CNN,0.021231392777931,0.8157847780641081,0.5261685184397268,1.7708083391189575,8.077990531921387,-1.6038808822631836,0.00018282282690051943,-320.3843124943629,-0.008491100743412971,6059.909620157136,6059.909620157136,69674412.0
train_tune_571cc_00872_872,CNN,0.0331366698888118,0.7785845748413888,0.4965929983792738,1.6265949010849,5.881996154785156,-1.3051470518112183,0.00020881585078313947,-324.38609969411476,0.0012036911211907864,2971.6979322482043,2971.6979322482043,13432172.0
train_tune_571cc_00873_873,CNN,0.0110714394423644,0.7909333671249564,0.5110194968682039,1.553483009338379,6.668402671813965,-1.752864956855774,0.00022203108528628945,-332.3755666710846,0.08802354335784912,10750756.906195711,10972834.38912769,7161385852.0
train_tune_571cc_00874_874,CNN,0.0092171717171717,0.8132647525101203,0.557439179879479,0.811912477016449,3.464998722076416,-0.32238659262657166,5.335049354471266e-05,-323.7462234733571,0.01434030756354332,159251.70392413647,159251.15749584459,3319063404.0
train_tune_571cc_00875_875,CNN,0.0082699619771863,0.7321638429934868,0.3955901247988012,0.13739266991615295,0.44591084122657776,-0.005470171570777893,3.4837487419281388e-06,-357.7882789423212,-0.0026693670079112053,7040513381.256973,7122303403.001171,4209202916.0
train_tune_571cc_00876_876,CNN,0.0421054676433751,0.8250540251817546,0.5478874630131516,1.2107371091842651,5.593101501464844,-0.7975246906280518,7.91393467807211e-05,-325.6724338773538,0.020469965413212776,171673.66124753625,170108.30762983303,1972379756.0
train_tune_571cc_00877_877,CNN,0.0129179720012363,0.8086914756115836,0.4609872108854875,1.369102120399475,5.989902496337891,-1.0766364336013794,9.812241478357464e-05,-326.0107640888656,0.06732635200023651,4859.602960995977,4859.602960995977,87018212.0
train_tune_571cc_00878_878,CNN,0.0332402172306563,0.8009520035698436,0.4839359809946141,1.935173749923706,7.771132469177246,-2.165335178375244,0.00015540352615062147,-325.2702561690787,0.08247561752796173,5958.562627374119,5958.562627374119,51935708.0
train_tune_571cc_00879_879,CNN,0.0211745761795863,0.8222215281350026,0.5400488965521343,1.122485876083374,4.309411525726318,-0.5584454536437988,0.000155443703988567,-328.0847538652181,0.005848445929586887,350160.5256204581,347214.65869846544,3452584884.0
train_tune_571cc_00880_880,CNN,0.0214575457743562,0.812275186347684,0.5029781217237147,0.45198673009872437,0.9148929119110107,-0.12352754175662994,4.370001261122525e-05,-326.2531742595212,0.031134581193327904,55921303.183511116,56482500.31523067,10418773836.0
train_tune_571cc_00881_881,CNN,0.0223697665297474,0.8026075681219377,0.4702030597786444,1.3692302703857422,5.871870994567871,-1.0109866857528687,0.00010789369844133034,-322.57157489266694,0.062083497643470764,3401.163643931469,3401.163643931469,40162732.0
train_tune_571cc_00882_882,CNN,0.0399269328729813,0.7645111927780618,0.4773071259511136,0.4632169008255005,1.8643513917922974,-0.08913697302341461,4.1204144508810714e-05,-341.22132556989754,-0.011216949671506882,3486048530.5182905,3302526996.137372,5641020932.0
train_tune_571cc_00883_883,CNN,0.0091980091980091,0.7756273732517824,0.3858747390240468,0.3694925606250763,1.489676833152771,-0.06038878858089447,1.78890950337518e-05,-367.68338733809946,-0.008143017068505287,1401418293387.5142,1400018678413.874,24599276796.0
train_tune_571cc_00884_884,CNN,0.0145998518007022,0.8174589320044027,0.4364750205040201,1.0926951169967651,5.330397129058838,-0.6921277046203613,6.170266715344042e-05,-323.4138383928712,0.025334663689136505,4371.764788891442,4371.764788891442,148502028.0
train_tune_571cc_00885_885,CNN,0.0184695642266742,0.7727690035956721,0.4504055917210352,0.33751600980758667,0.7398351430892944,-0.05018700659275055,1.1745851224986836e-05,-335.7012564439374,-0.0022762317676097155,985820843.7656345,995358388.8368809,3925017868.0
train_tune_571cc_00886_886,CNN,0.0142116498932601,0.7814171610305176,0.4796066688792063,0.5478023290634155,1.9607447385787964,-0.1566723883152008,3.281866156612523e-05,-336.60386675648675,0.01747191697359085,120910031.3038574,121076255.76582856,5130066732.0
train_tune_571cc_00887_887,CNN,0.0141765285996055,0.7699507958549261,0.4354682814934513,0.1429213583469391,0.5294170379638672,-0.008179670199751854,3.6920523598382715e-06,-361.9872978424622,0.001672378508374095,7045788684060.881,6995968010692.962,14368286132.0
train_tune_571cc_00888_888,CNN,0.0459485978240966,0.8180271783741914,0.5240945101426632,0.4739269018173218,1.5287622213363647,-0.10115382075309753,3.312774788355455e-05,-352.17944022561073,-0.009438819251954556,1002220687201.2795,1010678554363.8656,23691186524.0
train_tune_571cc_00889_889,CNN,0.0113656204718355,0.7799111962466353,0.4763287944027043,0.3837352395057678,1.2903014421463013,-0.07494278997182846,1.727975541143678e-05,-366.3918080524122,0.014912610873579979,3659143636.226693,3722823101.9156556,3381600628.0
train_tune_571cc_00890_890,CNN,0.0255499912817145,0.7084688959794532,0.4311929721236411,0.4058535695075989,1.6270216703414917,-0.07787477970123291,1.6447524103568867e-05,-327.4385547589545,-0.002376178279519081,41742206.05386089,40809040.234316096,2842668420.0
train_tune_571cc_00891_891,CNN,0.019904258929308,0.7504901527669708,0.4171451102110174,0.45638954639434814,1.9022711515426636,-0.10677970200777054,2.0180530555080622e-05,-341.06726616779974,0.009441357105970383,4091366527.1024094,4059318865.687673,8292458948.0
train_tune_571cc_00892_892,CNN,0.0216113371448759,0.80641642385558,0.5210002019445479,0.6178718209266663,2.222259998321533,-0.20479226112365723,4.1198014514520764e-05,-324.421788279138,0.01135820522904396,4927724.615655508,4905049.613910111,7745281876.0
train_tune_571cc_00893_893,CNN,0.0372540369797978,0.8042194673086057,0.5662878323933376,1.0511081218719482,3.474379301071167,-0.6639377474784851,5.2719722589245066e-05,-326.7802734280663,0.035133443772792816,152446.9429767099,152882.00554415782,1198086028.0
train_tune_571cc_00894_894,CNN,0.0270047336752323,0.7903202675784464,0.4634382966254435,1.0633299350738525,3.5490119457244873,-0.7041903138160706,0.00010869765537790954,-330.1155040418206,0.06527528166770935,4158897.496337587,4132209.5157130803,3333735996.0
train_tune_571cc_00895_895,CNN,0.016969445222805,0.8095238071342008,0.4383736264388227,1.336119294166565,5.83406400680542,-0.6746163964271545,0.00012638297630473971,-322.06186150249835,-0.027201524004340172,4765.234656507828,4765.234656507828,63072716.0
train_tune_571cc_00896_896,CNN,0.0342930011515354,0.7989598677619227,0.456347368401975,1.6849586963653564,5.783594131469727,-1.5924872159957886,0.00012126677029300481,-328.67278329041903,0.0502420999109745,4231.717516595586,4231.717516595586,27854540.0
train_tune_571cc_00897_897,CNN,0.0223046933573249,0.771812700190117,0.4827974600067738,0.43318164348602295,1.8325636386871338,-0.09357506036758423,1.8280461517861113e-05,-340.00088727086586,0.004206131678074598,740315239.5414824,739658394.0403988,32059087796.0
train_tune_571cc_00898_898,CNN,0.0210092756685619,0.7951375175641878,0.5380605585248546,1.700664758682251,6.743856430053711,-1.610005259513855,0.00017681535973679274,-327.4945804127035,0.06870291382074356,2162.388346163585,2162.388346163585,12472548.0
train_tune_571cc_00899_899,CNN,0.0211259503706478,0.7987649659273148,0.527234476093663,0.9188756942749023,4.108778953552246,-0.4873300790786743,8.158940181601793e-05,-332.71624089969083,0.030647270381450653,9365889.893706638,9356673.959928075,14723287060.0
train_tune_571cc_00900_900,CNN,0.0069426587811776,0.8073672177984427,0.5039427208326016,0.968876838684082,2.7220826148986816,-0.627032458782196,4.426063969731331e-05,-351.63549274337015,0.04168001189827919,675409965.8872485,666795672.5029031,13112340060.0
train_tune_571cc_00901_901,CNN,0.0146530535072792,0.7681069106148307,0.3342219016213938,0.6399798393249512,2.6281485557556152,-0.1858203411102295,5.119640991324559e-05,-344.3992349567286,-0.006347534246742725,62165288545645.49,63319592225512.05,41983606836.0
train_tune_571cc_00902_902,CNN,0.0134520651762031,0.8273337556005657,0.5520342561227121,1.2044336795806885,5.358850479125977,-0.8311845064163208,9.366992162540555e-05,-322.48159018739784,-0.0016605397686362267,131284.97422518773,130509.05097997634,5547742892.0
train_tune_571cc_00903_903,CNN,0.0111152642790015,0.7892701409942667,0.5599074049971714,1.883662223815918,8.548321723937988,-1.959815263748169,0.00017156018293462694,-320.80949834605997,0.03945833072066307,3857.4639639310058,3857.4639639310058,31617996.0
train_tune_571cc_00904_904,CNN,0.0742572665954257,0.8161401371038942,0.4815523168171638,2.231407642364502,8.939287185668945,-2.910062313079834,0.00017933314666152,-326.5245155618267,0.09446245431900024,8174.783911213152,8174.783911213152,62497292.0
train_tune_571cc_00905_905,CNN,0.0456051060287285,0.7866599576288856,0.4442562722817898,0.4112413823604584,1.4567153453826904,-0.0927744060754776,2.2517338948091492e-05,-333.88619824830994,0.027354545891284943,150325302.6077451,149769678.762226,6694849076.0
train_tune_571cc_00906_906,CNN,0.0143794456708364,0.7774654906785133,0.41568312953768,0.5381920337677002,1.9496787786483765,-0.1421528160572052,3.654929969343357e-05,-355.81861657058437,0.011321386322379112,316450751828.19385,311700735197.31354,14820430524.0
train_tune_571cc_00907_907,CNN,0.0183228886899433,0.7466885674674427,0.3589954378347013,0.19910107553005219,0.8736109137535095,-0.017061708495020866,5.017421244701836e-06,-352.8622985275972,-0.0052310023456811905,2120907058666.0889,2180047750612.0522,8718646908.0
train_tune_571cc_00908_908,CNN,0.058067838277798,0.8145959997030876,0.4123410761796626,0.216680109500885,0.8723027110099792,-0.0209317859262228,7.154239483497804e-06,-342.1490568830737,-0.0014043247792869806,2243321802758.5747,2167665358473.2227,19232719476.0
train_tune_571cc_00909_909,CNN,0.0503029799091046,0.8278103750466982,0.5437063075538104,0.7801660299301147,3.2099087238311768,-0.3274259567260742,3.591824133764021e-05,-323.5766045697413,0.0012958408333361149,145273.1166349133,145322.18089151193,7057363492.0
train_tune_571cc_00910_910,CNN,0.0214305025244083,0.8127501247450298,0.4879090790756958,2.3617401123046875,9.294808387756348,-4.201470851898193,0.00031532603316009045,-336.9301263992138,0.13374966382980347,119289.5695765365,116969.14003161438,234099052.0
train_tune_571cc_00911_911,CNN,0.0201144406775256,0.8113638249735796,0.5147141355471284,1.4593217372894287,6.284362316131592,-1.1793363094329834,0.0002067206078208983,-332.64338614998974,0.037923578172922134,3858174.8503221436,3859650.335413911,3151565412.0
train_tune_571cc_00912_912,CNN,0.0142116498932601,0.76553609913127,0.4522488775969517,0.33576875925064087,1.3224003314971924,-0.05163048952817917,1.3634994502353948e-05,-359.6890101620296,-0.0016970147844403982,36586232070259.32,37217924693044.766,30148732972.0
train_tune_571cc_00913_913,CNN,0.0020675777064521,0.7816830529169265,0.4180204928109736,0.39739638566970825,1.347320556640625,-0.07460391521453857,1.7363450751872733e-05,-330.30998234640344,0.00045755552127957344,65092443.453649655,66817856.94821912,3152513844.0
train_tune_571cc_00914_914,CNN,0.0042893351530512,0.756683783625753,0.4080263794174796,0.17758877575397491,0.7005606889724731,-0.01411282829940319,6.142322490632068e-06,-363.4933376597728,0.005703367758542299,2662403667882.1875,2691345613896.865,15615768772.0
train_tune_571cc_00915_915,CNN,0.0146926383002304,0.8379267133098779,0.4722545254424659,1.12313711643219,4.825502395629883,-0.7267410755157471,0.0001422636560164392,-399.1115028209322,0.027490321546792984,1618424.5857913648,1621765.090050899,1445512252.0
train_tune_571cc_00916_916,CNN,0.0134828706257277,0.7940638773802089,0.3542299638744912,0.17990851402282715,0.46899524331092834,-0.010020440444350243,7.3828532549669035e-06,-354.470931543805,0.000724259705748409,137460153.30629894,142432707.34887862,1827089004.0
train_tune_571cc_00917_917,CNN,0.0134828706257277,0.8235861485974073,0.5299644482427798,0.601138710975647,2.149416923522949,-0.184080570936203,3.705122071551159e-05,-329.79446964919873,-2.365885302424431e-05,7248143.605806921,7237472.342383744,7165314396.0
train_tune_571cc_00918_918,CNN,0.0230916986041149,0.8217258310170125,0.4826758149652514,0.43306803703308105,1.7888438701629639,-0.09794004261493683,2.3646622139494866e-05,-339.1015478703728,0.012457373552024364,5503983730.754787,5525420819.591738,15982755572.0
train_tune_571cc_00919_919,CNN,0.0051386908132777,0.8098413088557571,0.4451858346594913,1.1846091747283936,5.420699596405029,-0.7354059815406799,7.960325456224382e-05,-324.23884052762656,0.027956325560808182,3703.221728721108,3703.221728721108,82341020.0
train_tune_571cc_00920_920,CNN,0.0177408299874975,0.7837896792818156,0.4545966318647699,0.23257704079151154,0.892464816570282,-0.022761549800634384,1.2942360626766458e-05,-367.52797093213974,-0.012197178788483143,294599563171.4877,294758101896.27313,15455745708.0
train_tune_571cc_00921_921,CNN,0.058047861534202,0.7705509290585608,0.4301674721350666,0.39578452706336975,1.6010626554489136,-0.0729321539402008,1.8919105059467256e-05,-332.7058409511165,-0.005767312832176685,139208370.73945692,140970970.67975825,15313519572.0
train_tune_571cc_00922_922,CNN,0.0159853227878644,0.8040096677089177,0.5361608561279138,1.8052715063095093,5.778800964355469,-2.9479403495788574,0.0003306720464024693,-338.8769458249785,0.14976829290390015,13206236.925542094,13305905.06093616,4015748412.0
train_tune_571cc_00923_923,CNN,0.0146289537712895,0.7824380340917565,0.4314066103438754,0.333299458026886,1.3880462646484375,-0.051281508058309555,1.5975947462720796e-05,-339.82934383682317,-0.005695845000445843,5509100766.302091,5518437127.694393,7310152492.0
train_tune_571cc_00924_924,CNN,0.0949404115260163,0.7872657358755437,0.4831099750458234,0.5854210257530212,2.599471092224121,-0.15854844450950623,4.540492227533832e-05,-331.9938594807415,-0.001072817831300199,47486836.43406626,48022497.80400628,2025031636.0
train_tune_571cc_00925_925,CNN,0.0178777326644993,0.8233961021597871,0.5167767741269471,1.2642650604248047,4.61204719543457,-1.108642339706421,0.00011635068221949041,-327.4499864463018,0.10625642538070679,280717.80431372405,281301.15924100624,2177666988.0
train_tune_571cc_00926_926,CNN,0.0284263420138964,0.8286296278535544,0.5611366321267244,1.046769618988037,4.510139465332031,-0.5248270630836487,8.062987762968987e-05,-323.55949163997633,0.0019058589823544025,290211.50705014286,290588.0186226062,3746292540.0
train_tune_571cc_00927_927,CNN,0.0015191335712808,0.7962974535854056,0.4817168917818722,1.9998070001602173,8.727039337158203,-2.5263662338256836,0.00028581375954672694,-336.45381962116915,0.07892829179763794,8517185.05672511,8318901.469535036,3685232876.0
train_tune_571cc_00928_928,CNN,0.0569571368615974,0.7751805136360167,0.4681369384692037,0.22606846690177917,0.9098832011222839,-0.023545697331428528,1.088915996660944e-05,-349.4099864799876,0.0065054744482040405,2032668430.1389208,2098309182.1914911,9500013188.0
train_tune_571cc_00929_929,CNN,0.0500568767539672,0.7939035032519975,0.5668368482689349,0.7592669725418091,2.296691417694092,-0.2999637722969055,7.169387390604243e-05,-329.95864575781115,-0.010176439769566059,4191148.4962674854,4160082.1603216454,5166497996.0
train_tune_571cc_00930_930,CNN,0.0243392012999667,0.8224362966277168,0.5687910935170017,1.284808874130249,5.108310699462891,-0.8665004968643188,0.00018632256251294166,-337.1673002307391,0.014438236132264137,2033092.9137363904,2068498.5260103268,2511443212.0
train_tune_571cc_00931_931,CNN,0.0182314864303105,0.8007617037630439,0.365667083724022,0.1209060326218605,0.463037371635437,-0.005820539779961109,4.0089212234306615e-06,-341.3910410679233,0.0012115046847611666,467950822.7969004,463843065.9029546,8285586924.0
train_tune_571cc_00932_932,CNN,0.0096894321753091,0.8333320882735861,0.5548074218128574,1.3641607761383057,5.968479156494141,-1.0497599840164185,0.000154636160004884,-322.32582893580354,0.03724287077784538,275830.93464015785,278603.19278526615,8843100892.0
train_tune_571cc_00933_933,CNN,0.0322953088253811,0.8163178516692017,0.5610743487036519,1.4330964088439941,5.873849868774414,-0.9230467081069946,0.00027445232262834907,-331.2132412415767,-0.002887576352804899,4555353.454048295,4594784.836578138,7839424644.0
train_tune_571cc_00934_934,CNN,0.0182934096055297,0.7642094769497633,0.4589750899809552,0.39645975828170776,1.4489130973815918,-0.07162945717573166,1.3292019502841868e-05,-380.1810464567166,0.0018769529415294528,31889608578367.855,31246861361637.992,18288878724.0
train_tune_571cc_00935_935,CNN,0.047021849274919,0.8009087588837468,0.4970407907525831,0.9045692682266235,2.416408061981201,-0.611004114151001,8.775126480031759e-05,-327.5546464313254,0.06316419690847397,118560313.41968726,117921049.66826564,8343785204.0
train_tune_571cc_00936_936,CNN,0.0182314864303105,0.8067457945391023,0.5185571779882578,0.256716787815094,0.817745566368103,-0.029796678572893143,7.716263098700438e-06,-349.06485680953364,-0.0030183186754584312,1698662709.7201037,1678150952.3325427,11310521668.0
train_tune_571cc_00937_937,CNN,0.0245036829516326,0.8017072465072692,0.4491004365651875,1.1646525859832764,2.1736254692077637,-0.7268324494361877,0.0002991019864566624,-351.46066941498793,0.016254719346761703,49269.30382456536,49817.58306036795,41480924.0
train_tune_571cc_00938_938,CNN,0.0447484572928496,0.7828851408736123,0.4829096541987127,0.6049942970275879,2.5393223762512207,-0.19945034384727478,3.447870403761044e-05,-333.1947553787767,0.01789853721857071,414700500.4116356,411133407.19982255,16013743196.0
train_tune_571cc_00939_939,CNN,0.0353439736229576,0.7947796912778734,0.5242925841018699,2.047903537750244,6.712903022766113,-2.7596635818481445,0.00024182771448977292,-329.4327692530982,0.10817469656467438,4150.9820309047,4150.9820309047,19281116.0
train_tune_571cc_00940_940,CNN,0.0799982542306056,0.82414791466528,0.5256605048818562,0.9300742745399475,4.371935844421387,-0.2933512032032013,0.00011685684148687869,-323.6219486385562,-0.06972650438547134,265429.5166767994,265338.33149731136,9164510692.0
train_tune_571cc_00941_941,CNN,0.0100431736145516,0.8015104389072567,0.5234194678849873,0.7201164960861206,2.5895493030548096,-0.2759101986885071,4.941672523273155e-05,-337.69138655884285,0.019499681890010834,17973731.36886043,18108824.817028202,20919651780.0
train_tune_571cc_00942_942,CNN,0.0135110294117647,0.8030365328134089,0.4461566486394959,0.12525150179862976,0.4699011743068695,-0.005758109502494335,4.1868652260745876e-06,-362.10958219679367,0.0010428312234580517,2859879268078.34,2942816362106.783,29081447820.0
train_tune_571cc_00943_943,CNN,0.0254532930979945,0.7869652915927275,0.531618863940709,1.378216028213501,5.462056636810303,-1.277180552482605,0.00017283455235883594,-329.4738155661979,0.06745070964097977,9377350.508484319,9522824.131708216,10486360428.0
train_tune_571cc_00944_944,CNN,0.0152368835574942,0.8018274440149115,0.4517834431697985,0.4883553087711334,1.3807446956634521,-0.13624176383018494,4.104241088498384e-05,-355.54093019085826,0.016792723909020424,30154068311.51896,30563483846.47705,28521673860.0
train_tune_571cc_00945_945,CNN,0.0306291222729578,0.7646349255498807,0.3435066879419178,0.23506909608840942,0.8424196839332581,-0.02383689396083355,9.596520612831227e-06,-355.23726284834663,-0.0055684056133031845,3390506472513.951,3329148597057.4316,15433151772.0
train_tune_571cc_00946_946,CNN,0.0074900068364676,0.7659506767703911,0.4519076359498737,0.7878907918930054,2.7014310359954834,-0.3524473309516907,5.8748828450916335e-05,-368.5235482156241,0.027887480333447456,70452039.53732017,68791770.28223112,3088978916.0
train_tune_571cc_00947_947,CNN,0.0107590593773732,0.7822764342039288,0.2768969894170248,0.18329384922981262,0.6667253375053406,-0.012874805368483067,7.243428626679815e-06,-347.5293083898359,-0.0036326658446341753,264477.7155981865,258433.45825011306,129986476.0
train_tune_571cc_00948_948,CNN,0.0089194699286442,0.8164099268439536,0.4936730635812905,1.0732052326202393,4.091789722442627,-0.6271823644638062,6.434269016608596e-05,-327.2958993730284,0.03115532174706459,223458.74192766548,222473.86647629834,3420435564.0
train_tune_571cc_00949_949,CNN,0.0082838521553628,0.8097866329555622,0.4973329148264524,1.1344022750854492,5.518996238708496,-0.720218300819397,5.231168324826285e-05,-321.8845172653733,0.018617965281009674,3066.8998695022146,3066.8998695022146,74998692.0
train_tune_571cc_00950_950,CNN,0.0470227690499469,0.827304812388204,0.4801085111263683,1.6249001026153564,5.997360706329346,-1.70406174659729,0.0002518586697988212,-327.5531320645716,0.13819608092308044,4526.80147320083,4526.80147320083,42970892.0
train_tune_571cc_00951_951,CNN,0.0182314864303105,0.793739235750157,0.4623633106107929,0.7583171725273132,3.425490379333496,-0.2855137884616852,7.142595131881535e-05,-324.29579182414193,-0.005909773986786604,5356906.209560793,5442932.973114841,5553953932.0
train_tune_571cc_00952_952,CNN,0.033503272088482,0.8168904275028166,0.5500768789321281,0.9493180513381958,4.148552894592285,-0.48692432045936584,9.60256511461921e-05,-327.7007607092431,0.01843421347439289,241030.2733188324,243282.03105253767,6452320748.0
train_tune_571cc_00953_953,CNN,0.0178833018266655,0.7918780378072091,0.5287888889530676,0.8583089709281921,3.4105067253112793,-0.3754783272743225,8.071794582065195e-05,-328.49078333802004,0.011176389642059803,6328842.681124871,6267168.4778133035,5255178684.0
train_tune_571cc_00954_954,CNN,0.0276716047474753,0.7844513776192,0.4582551791855989,0.34519779682159424,1.2760443687438965,-0.05708618089556694,1.4500906218017917e-05,-392.628648839883,0.0055069271475076675,13158651687192.988,13158895503919.785,19856680476.0
train_tune_571cc_00955_955,CNN,0.0323355548587002,0.776269458230337,0.4831825045324613,0.4662232995033264,2.0153839588165283,-0.10981620848178864,2.5431580070289783e-05,-347.68352230231494,0.0034783005248755217,50033566949.01445,52136564381.29277,6542478324.0
train_tune_571cc_00956_956,CNN,0.008984375,0.7448391856378472,0.4926669962381982,0.5015103220939636,1.9288395643234253,-0.11996327340602875,2.353150921408087e-05,-340.84417679780813,-0.0013647887390106916,11126714651915.51,11140124633007.834,17359192420.0
train_tune_571cc_00957_957,CNN,0.0422978684315303,0.7925842967252626,0.5604454295320752,1.3492186069488525,6.273688316345215,-0.897101879119873,0.00010473453585291281,-322.06586547939514,-0.007873643189668655,3430.444798028024,3430.444798028024,50559068.0
train_tune_571cc_00958_958,CNN,0.0201671670903831,0.7708568510951591,0.3207269602778355,0.46710070967674255,1.6272737979888916,-0.0854254737496376,2.9795955924782902e-05,-356.29583837640547,-0.020696239545941353,435862459628.6058,421033854129.9491,11845627772.0
train_tune_571cc_00959_959,CNN,0.006430225977547,0.7996723505230837,0.5170055785673572,0.9128319025039673,3.79541015625,-0.49142691493034363,7.760534936096519e-05,-325.60572977964,0.03726795315742493,4841363.717971928,4834797.410701562,13909036316.0
train_tune_571cc_00960_960,CNN,0.0181111769323497,0.7760184304716322,0.4010169354869279,0.3506118357181549,1.4227538108825684,-0.051131248474121094,1.4901766917319037e-05,-341.7696128703219,-0.01325564831495285,781034131793.69,787230646385.2798,33781287052.0
train_tune_571cc_00961_961,CNN,0.0768158177326699,0.7764441876305312,0.3802674401065055,0.4532882571220398,1.848565936088562,-0.10118122398853302,3.3515992981847376e-05,-347.09935733807924,0.0032161094713956118,2926352303.954322,2942525968.9306917,4808481116.0
train_tune_571cc_00962_962,CNN,0.0270569455109645,0.7760848892816804,0.5193303539892348,0.8396787643432617,2.4629464149475098,-0.3858600854873657,7.763282337691635e-05,-320.5824502727676,0.016849879175424576,78137.00085449428,77626.09217113389,1162997388.0
train_tune_571cc_00963_963,CNN,0.0483202211956305,0.8068037974015069,0.537546214286959,0.8953734636306763,3.4777820110321045,-0.4606914222240448,6.101367762312293e-05,-336.25376536612544,0.03428216278553009,7054074.196171733,7070941.581126871,5515840716.0
train_tune_571cc_00964_964,CNN,0.006540052530024,0.8041031170258769,0.4983760445864192,0.9955596923828125,4.077436923980713,-0.5421469807624817,5.2576720918295905e-05,-320.25060243158407,0.027472589164972305,76749.4467966329,76502.05811376829,1732789956.0
train_tune_571cc_00965_965,CNN,0.007329372107714,0.8117549238682483,0.5527088005881794,1.8585655689239502,6.774404525756836,-2.167848587036133,0.0001618630631128326,-329.5255542637105,0.04140017181634903,4168.873107232476,4168.873107232476,28039436.0
train_tune_571cc_00966_966,CNN,0.0311275455160347,0.810547853942105,0.4720287211871328,0.5079004764556885,2.2126314640045166,-0.12646612524986267,2.629768459883053e-05,-326.6960071551238,-0.00530000776052475,7620310.717719825,7579551.200845536,9634150540.0
train_tune_571cc_00967_967,CNN,0.0138061374847844,0.807532979551659,0.5576047993454841,1.1755945682525635,5.014848709106445,-0.8189566135406494,0.0001161712352768518,-320.4640986269898,0.07758020609617233,145150.338964571,144944.4507309093,4928154492.0
train_tune_571cc_00968_968,CNN,0.018581766966361,0.7821710135025501,0.5206032921552024,0.42263680696487427,1.7080748081207275,-0.0867043286561966,1.7444815966882743e-05,-327.532892218916,0.0005997341359034181,1869154.8087557126,1900101.7139283335,1039943836.0
train_tune_571cc_00969_969,CNN,0.0263020524614304,0.7966063835056544,0.5226865687436505,1.962151050567627,8.638943672180176,-2.067319869995117,0.0001882428623503074,-321.83151997543104,0.01876097172498703,5544.887825004178,5544.887825004178,52561972.0
train_tune_571cc_00970_970,CNN,0.0051531552960641,0.7752024309432519,0.3866571959494013,0.5496218204498291,1.3034493923187256,-0.19996407628059387,3.786296656471677e-05,-357.34639561223975,0.027884814888238907,349429119827.0442,364836807734.8301,24295547204.0
train_tune_571cc_00971_971,CNN,0.0284032266631821,0.7871441835545688,0.5189288227548015,1.013533353805542,3.3624043464660645,-0.6082819700241089,6.793227657908574e-05,-330.25556203272936,0.030167797580361366,203649.74215421238,201109.756946381,1558229428.0
train_tune_571cc_00972_972,CNN,0.0311843491324278,0.8018561104362109,0.5137267173886443,0.7476814985275269,3.356947898864746,-0.3242766261100769,4.765295670949854e-05,-323.6985061105226,0.03017463907599449,2356492.559466525,2340928.4901357503,2838857412.0
train_tune_571cc_00973_973,CNN,0.0447156238823249,0.7953896473340302,0.4832057664696985,2.7133820056915283,7.783865928649902,-6.051552772521973,0.0003233679453842342,-334.92128884483344,0.18520887196063995,5375.172933957856,5375.172933957856,15093748.0
train_tune_571cc_00974_974,CNN,0.0686242380026614,0.7485534719898775,0.4697348572177317,5.3710222244262695,8.841939926147461,-35.26226043701172,0.0009345542057417333,-702.3898348054173,0.5891438722610474,3181.4385850773306,3181.4385850773306,1314572.0
train_tune_571cc_00975_975,CNN,0.0134828706257277,0.7549713348778991,0.3750447260722948,0.2810977101325989,1.0414178371429443,-0.03529360145330429,1.2634283848456107e-05,-331.9079189263457,-0.0015340064419433475,38118744.673083,37534126.45964146,5208079060.0
train_tune_571cc_00976_976,CNN,0.0205054708978584,0.766070592023851,0.5200568908488031,0.28574565052986145,0.9015383124351501,-0.03343907743692398,1.2916219020553399e-05,-335.5148733664805,-0.009709220379590988,9584294356.035574,9515601143.26967,24520000252.0
train_tune_571cc_00977_977,CNN,0.0059213892522719,0.7980223861615148,0.5224173623288396,1.7485871315002441,7.138258934020996,-2.1960127353668213,0.0002739749616011977,-330.0476575740992,0.09278187155723572,11920155.657605894,11908416.82105862,10334286932.0
train_tune_571cc_00978_978,CNN,0.0135752190546711,0.8208250126451411,0.485444123022273,0.2453242987394333,0.3453191816806793,-0.006760333199054003,8.60370619193418e-06,-349.63541632315025,-0.0055725411511957645,56423741558.5103,59757816379.72925,2763927076.0
train_tune_571cc_00979_979,CNN,0.0415344652636443,0.807682673550279,0.4041745436447875,0.447512686252594,1.1537797451019287,-0.1004810482263565,2.518419933039695e-05,-343.20159972601317,-0.012726801447570324,128652992.84495947,130287621.2054992,2366358692.0
train_tune_571cc_00980_980,CNN,0.0152368835574942,0.7832351543500636,0.4223874776039883,0.2588733434677124,0.959542989730835,-0.028799790889024734,6.929909886821406e-06,-372.60720719793926,0.0016186181455850601,993936734287.5342,978492634023.3708,23294112268.0
train_tune_571cc_00981_981,CNN,0.019067138687038,0.7650171354310111,0.4307235323229287,0.3607584238052368,1.5541510581970215,-0.0535760298371315,2.2831714886706322e-05,-343.8665964525038,-0.01654096692800522,1577422086.3021543,1557584744.3138294,3948309164.0
train_tune_571cc_00982_982,CNN,0.0152368835574942,0.7659151010339725,0.4265589994618539,0.36794596910476685,1.2227768898010254,-0.06599665433168411,2.6763718778965995e-05,-342.15981611002724,0.01231643557548523,2444326975.177387,2479218729.8115745,2852696716.0
train_tune_571cc_00983_983,CNN,0.0091997479521109,0.8068988801248776,0.4391761288547961,0.43313249945640564,1.4258620738983154,-0.10159175097942352,2.6380263079772703e-05,-362.93704187621813,0.02324693650007248,11712341168.402798,11668583805.978035,12052374572.0
train_tune_571cc_00984_984,CNN,0.0720793757462536,0.8205962305806503,0.5520986735596786,1.7828130722045898,7.930692672729492,-1.9503660202026367,0.00016585948469582945,-326.26766817699047,0.04926317185163498,263357.0626064318,266920.1067138348,3529186508.0
train_tune_571cc_00985_985,CNN,0.0523486565359632,0.841156858184034,0.5327061474224548,1.1246521472930908,4.480868339538574,-0.5885931253433228,0.00010615642531774938,-331.9642015257626,0.018601389601826668,333592.0282549318,335165.64482873236,2966740940.0
train_tune_571cc_00986_986,CNN,0.014933640250769,0.812130655125696,0.4198143505729656,0.46046894788742065,1.367659091949463,-0.12371370196342468,3.0373259505722672e-05,-361.1564067955675,0.024946361780166626,37457907321349.7,38067950348242.31,25490555828.0
train_tune_571cc_00987_987,CNN,0.0379376929553746,0.8114045889662928,0.4722680271797206,1.9806852340698242,8.74672794342041,-2.2867307662963867,0.00020234219846315682,-323.7004598548911,0.08922916650772095,7691.781753392159,7691.781753392159,93978644.0
train_tune_571cc_00988_988,CNN,0.0363555770879289,0.8191970820477739,0.568550287189257,0.9842458963394165,2.870011806488037,-0.5622062683105469,0.00014486319560091943,-329.7111792481195,0.0389757975935936,143301.4980906039,143154.72700307384,1430225852.0
train_tune_571cc_00989_989,CNN,0.0823366371370932,0.7828031090595191,0.3286997678616712,0.45308414101600647,1.3314168453216553,-0.1169760599732399,3.891796586685814e-05,-363.9645944066589,0.022463355213403702,796126013126.5273,784583452170.9387,24933356260.0
train_tune_571cc_00990_990,CNN,0.1032892643976328,0.7851371120366307,0.4756445197417259,0.393601655960083,1.6344921588897705,-0.07867369055747986,1.5301246094168164e-05,-346.04411764769816,0.006352599710226059,1126042324.57644,1118894994.664215,30008677420.0
train_tune_571cc_00991_991,CNN,0.000781075652756,0.8028126673949384,0.3897895210928881,0.26052412390708923,0.9425278902053833,-0.029306532815098763,8.630063348391559e-06,-370.4927284630631,-0.0021997117437422276,1755056241963.8855,1704049843829.4978,6349436068.0
train_tune_571cc_00992_992,CNN,0.0659655546104408,0.7907875528935858,0.486365804468878,0.6930561065673828,2.567843437194824,-0.1910184621810913,7.47859594412148e-05,-333.4381841038181,-0.021703749895095825,12263014.00841688,12144529.420151755,11524010796.0
train_tune_571cc_00993_993,CNN,0.0091997479521109,0.7978424979811929,0.4633908524756391,0.834668755531311,3.3609585762023926,-0.3788630962371826,5.990674253553152e-05,-355.9709826688012,0.015924537554383278,805562685685.8557,779827341360.3318,23961898292.0
train_tune_571cc_00994_994,CNN,0.0168153044451439,0.7708093484290527,0.500482897471532,0.35882994532585144,1.3660717010498047,-0.06053314357995987,1.8679003915167414e-05,-352.3020112335961,-0.001512362970970571,84042150853.01465,88741351240.90903,10823087172.0
train_tune_571cc_00995_995,CNN,0.0232120878144045,0.7834241941954025,0.3966540726213088,0.4668187201023102,1.7534452676773071,-0.12102135270833969,2.3349415641860105e-05,-345.0869254389526,0.02076116017997265,706495408759.044,721855561699.0901,14262386196.0
train_tune_571cc_00996_996,CNN,0.0069139293520471,0.7851889059901404,0.5516560913507911,0.6350322961807251,2.4877617359161377,-0.18530340492725372,2.866578142857179e-05,-329.79722067124305,-0.016348496079444885,5610627.947171075,5502379.794241931,5145434892.0
train_tune_571cc_00997_997,CNN,0.0193471681950772,0.7708700538413598,0.4660833748996881,1.0681740045547485,4.7202348709106445,-0.5746129751205444,0.00013318528363015503,-328.350706896129,0.013276051729917526,364791723.60921437,365618431.75937057,10337376748.0
train_tune_571cc_00998_998,CNN,0.0297105214333517,0.8004322200245171,0.4389588059128677,2.499128818511963,9.75106430053711,-4.304101943969727,0.00030257139587774873,-325.8493454536697,0.1638554334640503,8158.891837294064,8158.891837294064,59893772.0
train_tune_571cc_00999_999,CNN,0.0134828706257277,0.7994308585654974,0.3734268805828895,0.48652374744415283,1.56830632686615,-0.12924282252788544,4.6387700422201306e-05,-361.21657622077316,0.0102354371920228,6948074504581.784,6826657368845.696,8072216556.0
train_tune_571cc_01000_1000,CNN,0.0182314864303105,0.7897630428778027,0.5065865802235613,0.3618204593658447,1.4712508916854858,-0.06425014138221741,1.2249253813934047e-05,-363.3154243374763,0.0033369744196534157,2055092241360.3345,2061764678545.3228,30304353140.0
train_tune_571cc_01001_1001,CNN,0.0181283758143237,0.7567408057361793,0.2871000602542166,0.3850654363632202,1.062446117401123,-0.06501209735870361,1.9979610442533158e-05,-330.31493105401864,-0.001278185285627842,1287743424.619955,1285310310.8618307,4704224772.0
train_tune_571cc_01002_1002,CNN,0.0575015540015539,0.8057071576056454,0.5428535293527789,1.0464988946914673,4.32429313659668,-0.5898280143737793,0.00011069281754316762,-325.5088926420116,0.026597414165735245,140302.4785546689,139201.455016094,1623751708.0
train_tune_571cc_01003_1003,CNN,0.0144183340450789,0.7622980480899328,0.2759442578255718,0.7370428442955017,2.701747417449951,-0.2934473156929016,7.754025864414871e-05,-329.7263803399184,0.015613535419106483,203017729.34798607,203760265.9310561,7870471132.0
train_tune_571cc_01004_1004,CNN,0.0112774643982649,0.8234831978062574,0.5253037798453771,0.8954262733459473,4.035755634307861,-0.43103161454200745,6.684950494673103e-05,-324.046940501118,0.029081888496875763,198971.80347143539,198927.95150822215,6131142124.0
train_tune_571cc_01005_1005,CNN,0.0157528566396166,0.7400354789615733,0.3504006780545938,0.4943894147872925,1.0958683490753174,-0.14094848930835724,1.9205072021577507e-05,-342.8674539505653,0.00899488478899002,1606340914395.8306,1659039269928.2427,16611007084.0
train_tune_571cc_01006_1006,CNN,0.0168369971483698,0.78899716519371,0.4757496239775388,0.5778703689575195,1.898459553718567,-0.17375393211841583,2.555223909439519e-05,-341.2222493015374,0.002666328800842166,234704942.50299,238337240.53202087,5445271420.0
train_tune_571cc_01007_1007,CNN,0.0146396396396396,0.7921601393592871,0.4666128987991033,0.35863596200942993,1.2464029788970947,-0.05569348484277725,1.9257338863098994e-05,-354.92034078741153,-0.009457515552639961,37428257727.81927,37830064494.30914,24578905724.0
train_tune_571cc_01008_1008,CNN,0.0304060821963021,0.7833323666389953,0.4309941649764905,0.33600088953971863,0.8336933851242065,-0.050114307552576065,1.4905133866705e-05,-340.0871304965602,-0.0027071970980614424,134501404401.71902,132314783871.1752,11777706364.0
train_tune_571cc_01009_1009,CNN,0.0145237210454601,0.7928862713490695,0.3400157565990758,0.411996066570282,1.5709351301193237,-0.07914760708808899,2.466465775796678e-05,-356.33706771449147,8.432078175246716e-06,283045774188.58716,272867051837.71033,12188157996.0
train_tune_571cc_01010_1010,CNN,0.0356788606188249,0.8025587950300124,0.5243593557538883,1.1957364082336426,5.68428897857666,-0.7430217266082764,7.63755597290583e-05,-324.05649250812314,0.02696552872657776,2942.7774485308755,2942.7774485308755,52348316.0
train_tune_571cc_01011_1011,CNN,0.0063207910788271,0.7913856786677141,0.519185968313591,1.5742530822753906,7.600612163543701,-1.3073904514312744,0.00012528734805528075,-322.18293205163855,0.021483227610588074,4486.631970565768,4486.631970565768,66732532.0
train_tune_571cc_01012_1012,CNN,0.0489673289569838,0.7931036204867422,0.530700163172631,1.9984954595565796,7.973416328430176,-2.0279200077056885,0.00013809389201924205,-323.7375414648147,-0.01048507820814848,4610.077608279816,4610.077608279816,31306132.0
train_tune_571cc_01013_1013,CNN,0.0308060536188737,0.8056376194856086,0.5185210296278668,1.2748494148254395,5.041538238525391,-0.9626091122627258,0.00011094605724792928,-332.20659251951747,0.03827901557087898,12310231.471077383,12274052.127152413,10511410108.0
train_tune_571cc_01014_1014,CNN,0.0803276112166727,0.8010994264540958,0.4659995202939052,0.8527713418006897,1.7655936479568481,-0.4882805645465851,5.061861884314567e-05,-346.58922767097465,-0.004947027191519737,108611.7970161489,108704.80198451826,303849628.0
train_tune_571cc_01015_1015,CNN,0.0114455880578819,0.7608965948439917,0.4339112608405193,0.3048113286495209,0.7104748487472534,-0.04264875873923302,8.341412467416376e-06,-366.387579966575,0.014289808459579945,1412434700498.4314,1378614687189.3403,7424924500.0
train_tune_571cc_01016_1016,CNN,0.0146476642913697,0.7820084189639451,0.4573214747719736,0.1611778438091278,0.6419017314910889,-0.0107940174639225,5.4048268793849275e-06,-367.06376964594835,-0.0008215749403461814,4809950420169.216,4618433042802.764,12751344860.0
train_tune_571cc_01017_1017,CNN,0.0461712924867036,0.77354524106444,0.4148353079876503,0.5340551137924194,1.950986385345459,-0.12406398355960846,3.13834025291726e-05,-360.86947751811357,-0.009778504259884357,35748552059903.55,36167691560526.22,22324892428.0
train_tune_571cc_01018_1018,CNN,0.0092084515925575,0.7673435015609275,0.4719891285051356,0.29109764099121094,1.210243582725525,-0.0415051244199276,1.274619899049867e-05,-347.55611639314117,0.004304941743612289,3164803255.3995,3101467092.744391,5807946924.0
train_tune_571cc_01019_1019,CNN,0.0146416192086161,0.7950081184329535,0.4907259743048622,2.1057863235473633,6.843626499176025,-2.9716944694519043,0.0001392839476466179,-333.45415002011214,0.10769951343536377,4712.156668343847,4712.156668343847,18573964.0
train_tune_571cc_01020_1020,CNN,0.0402030060418894,0.7056951376883234,0.3708382523663917,4.304739952087402,7.308365821838379,-27.599933624267578,0.0026569932233542204,-652.8157755387801,0.5165690183639526,3828.910354320189,3828.910354320189,888644.0
train_tune_571cc_01021_1021,CNN,0.0875618412556695,0.804819068558389,0.4446352147330524,1.4952352046966553,6.2364325523376465,-1.243281364440918,9.894895629258826e-05,-325.69233084324037,0.04497188329696655,4746.268596212982,4746.268596212982,69617132.0
train_tune_571cc_01022_1022,CNN,0.0199528849113336,0.7335663997324869,0.4247428713194058,0.6242642402648926,2.436600923538208,-0.21623513102531433,4.190702020423487e-05,-339.7828124168228,0.02598607912659645,299942399886.27203,293924430806.13855,20346722292.0
train_tune_571cc_01023_1023,CNN,0.0544070064846747,0.790816566566389,0.4405521661039817,1.3803462982177734,4.55825138092041,-0.7992318868637085,0.0001466837857151404,-359.76509241733527,0.01635107770562172,53945.885379346975,52216.88511836356,50854244.0
train_tune_571cc_01024_1024,CNN,0.0146289537712895,0.7352029579997081,0.336439717006932,0.6381237506866455,2.415499448776245,-0.17420552670955658,6.274408951867372e-05,-361.19439268213534,-0.005997925531119108,2300541803891.9834,2069443755848.354,4099111900.0
train_tune_571cc_01025_1025,CNN,0.0431269933579763,0.8216324042584832,0.5431910616081755,1.4751896858215332,6.4906463623046875,-1.1940546035766602,0.00020319182658568025,-326.3893196376126,0.041327059268951416,306250.5776922543,304811.93418751773,5553554740.0
train_tune_571cc_01026_1026,CNN,0.0936462439480951,0.810014746944046,0.5055624683387939,0.3923289179801941,1.6590538024902344,-0.0758979320526123,1.8328764781472273e-05,-332.1919282745589,0.007853043265640736,225876963.10812742,224210174.36939126,12046112524.0
train_tune_571cc_01027_1027,CNN,0.0151873408512186,0.7947285513301364,0.4066925586553669,0.22367921471595764,0.8447388410568237,-0.02156389132142067,6.884235972393071e-06,-362.56658175537984,-0.00516341719776392,7081306040996.478,6988000475760.213,17246693988.0
train_tune_571cc_01028_1028,CNN,0.0143481741486544,0.7719030556798471,0.4223015918274987,0.5384109020233154,2.2581114768981934,-0.1488756239414215,3.408177144592628e-05,-347.3718897662934,0.006935375742614269,578714466633.9407,582534344858.4199,17683327652.0
train_tune_571cc_01029_1029,CNN,0.014349312656434,0.7845826483184376,0.5024080463432358,0.7072092294692993,1.9340381622314453,-0.30481648445129395,4.0458831790601835e-05,-334.6261656455148,0.02800322324037552,5399474.141806068,5379712.600996951,4030276436.0
train_tune_571cc_01030_1030,CNN,0.0102766517317402,0.7804058470844667,0.4725717372757014,0.3272649943828583,1.3699767589569092,-0.04950075224041939,1.3037850294495001e-05,-347.9853731261719,-0.0013499784981831908,33507384769.40481,33555252365.227146,3960915148.0
train_tune_571cc_01031_1031,CNN,0.0212511391363141,0.805428255620309,0.4249586931950359,1.9123477935791016,3.9972386360168457,-4.346262454986572,0.000304349057842046,-330.79883024624695,0.23241199553012848,39477.66258072112,39281.898289922676,60348748.0
train_tune_571cc_01032_1032,CNN,0.0611172524168511,0.78823217404203,0.4866450277957059,0.9066227078437805,3.0090174674987793,-0.5371630787849426,4.7927649575285614e-05,-349.0451139168476,0.04806964844465256,170641488.30150038,170138657.3410911,2534223396.0
train_tune_571cc_01033_1033,CNN,0.0244913140694874,0.7922305455455271,0.4601220507647963,0.5481320023536682,2.019892692565918,-0.1370396912097931,3.266123530920595e-05,-337.9850904776838,-0.0038614969234913588,155579365.67194194,161587637.2055475,5779528652.0
train_tune_571cc_01034_1034,CNN,0.0128305994276531,0.819537649510237,0.5108467462649012,0.754342794418335,2.653257369995117,-0.3114663362503052,5.202955435379408e-05,-328.2990072174079,0.028142308816313744,176203.0035005221,176361.32325550186,2312440940.0
train_tune_571cc_01035_1035,CNN,0.0134828706257277,0.7651373251810608,0.3669651137462615,0.4321591258049011,1.883057713508606,-0.09452854096889496,2.2967726181377657e-05,-369.0086847436586,0.00511728273704648,1285601640193.4653,1287769311493.1096,33238908828.0
train_tune_571cc_01036_1036,CNN,0.01561382386022,0.7767727372471404,0.3852035750104396,0.38452810049057007,1.3624091148376465,-0.07386721670627594,2.4630660846014507e-05,-351.53745480812995,0.00830765813589096,630191435170.0981,640072390983.6006,30140312356.0
train_tune_571cc_01037_1037,CNN,0.0510824214262555,0.779319536451632,0.5237505141693882,1.1596400737762451,3.64212703704834,-0.9328330755233765,8.527936734026298e-05,-325.6047563491635,0.05613387003540993,3723041.517751566,3688464.6593395667,3085276684.0
train_tune_571cc_01038_1038,CNN,0.0196429678087842,0.7908969276449334,0.5469683748674031,1.380120038986206,5.422378063201904,-1.166170358657837,0.0001597483060322702,-323.3476302366776,0.08266697078943253,3860764.314510367,3828786.9855977264,3025490476.0
train_tune_571cc_01039_1039,CNN,0.0195930036999663,0.7538102927053901,0.4129982195069868,0.22823740541934967,0.898819625377655,-0.02158588171005249,7.0396254159277305e-06,-334.9018928325446,-0.0008721812046132982,807795444.1663573,817497790.0886145,14695207284.0
train_tune_571cc_01040_1040,CNN,0.0609504400347083,0.7821415253350729,0.4744054613160766,1.2377973794937134,4.0290093421936035,-1.0014554262161255,9.945470083039254e-05,-392.1385315615946,0.07354777306318283,1072543.4724294012,1083235.9805738805,355184476.0
train_tune_571cc_01041_1041,CNN,0.0121442623878306,0.8169533127663046,0.4735620978050035,0.9198747873306274,1.7018182277679443,-0.6882629990577698,0.00011065044964198023,-337.1396494600059,0.04611848294734955,102520013.58249092,102440170.34316768,3506005764.0
train_tune_571cc_01042_1042,CNN,0.0170003529307781,0.775063811710866,0.3530910971005711,0.5031355023384094,2.049424171447754,-0.13335469365119934,3.758363891392946e-05,-361.40329275003063,0.017023751512169838,5889806427782.601,5907095672157.413,10149031124.0
train_tune_571cc_01043_1043,CNN,0.0409654054494837,0.7490981672937228,0.3529204028543295,0.4850996136665344,1.816056251525879,-0.10781978070735931,2.147301347577013e-05,-341.43387357454736,-0.0031400311272591352,444604419176.8576,454160688927.3292,19660627508.0
train_tune_571cc_01044_1044,CNN,0.0112039111835404,0.8214875185633597,0.5650140883991954,1.5112855434417725,6.51807165145874,-1.2448856830596924,0.000168546917848289,-329.4820126142288,0.05188143998384476,189042.537885946,186945.63890470398,1329738620.0
train_tune_571cc_01045_1045,CNN,0.0581025239476048,0.8088365526039434,0.429293386415487,1.2613285779953003,5.434320449829102,-0.8944938778877258,8.769847045186907e-05,-325.90921422705077,0.05845048278570175,4280.031468215944,4280.031468215944,82377924.0
train_tune_571cc_01046_1046,CNN,0.0235076829505564,0.8137786034125781,0.5760687999398854,2.459291458129883,7.751527786254883,-3.7350425720214844,0.0001922770170494914,-326.6514987727701,0.08109718561172485,5511.265706593564,5511.265706593564,17529452.0
train_tune_571cc_01047_1047,CNN,0.0807474768123469,0.7403179915718167,0.5478023621697498,4.0198163986206055,10.650668144226074,-17.504047393798828,0.0007668393664062023,-340.20480852552987,0.21416468918323517,4204.668608905523,4204.668608905523,5326772.0
train_tune_571cc_01048_1048,CNN,0.0015684848229283,0.758393491418413,0.4216099077268671,0.36811065673828125,1.329613447189331,-0.06233150511980057,2.37749900406925e-05,-350.14973541009215,0.006394311785697937,83576746243.83554,82811431317.06161,6325532324.0
train_tune_571cc_01049_1049,CNN,0.0146289537712895,0.7741495240133388,0.4274524811059432,0.374292254447937,0.8017079830169678,-0.05345536023378372,3.0183269700501114e-05,-346.2043417588741,0.0005725184455513954,1061700198626.905,1064700823761.4218,5719071484.0
train_tune_571cc_01050_1050,CNN,0.0471347323988781,0.7783050411470979,0.445260134679686,0.36841678619384766,1.4813315868377686,-0.06422017514705658,1.5746605640742928e-05,-332.96606349942846,-0.002566784620285034,1757517053.0600045,1843361932.2649276,11385400508.0
train_tune_571cc_01051_1051,CNN,0.0343114227419153,0.814537148468459,0.4952420635612886,1.759822130203247,5.773538112640381,-1.9875670671463013,0.00016600062372162938,-331.8928683398113,0.07209551334381104,4795.980301018388,4795.980301018388,23214252.0
train_tune_571cc_01052_1052,CNN,0.0407304601012465,0.8161144995275654,0.4554812520410429,1.2602436542510986,3.0476467609405518,-1.3458667993545532,0.00029021649970673025,-359.1010660109082,0.05195038393139839,64972398.74644856,60491326.32971415,1509106628.0
train_tune_571cc_01053_1053,CNN,0.0188524264316545,0.7933235250840216,0.4721591581616459,0.24931949377059937,1.0182430744171143,-0.027408238500356674,7.579369139421033e-06,-336.88533705103146,-0.006093243137001991,4258984979.555295,4314883018.748677,11991029364.0
train_tune_571cc_01054_1054,CNN,0.0433904605939372,0.7909097045631103,0.4225802451405498,1.1554670333862305,4.137090682983398,-0.5296382308006287,0.00019446136138867587,-323.12996879629486,-0.010334568098187447,139594.86229624506,138160.31531897603,1053553316.0
train_tune_571cc_01055_1055,CNN,0.0380400331937426,0.7671181680282956,0.385488589046221,0.38673198223114014,1.1764039993286133,-0.07814251631498337,1.9843788322759792e-05,-343.3413850348174,0.012975065968930721,83996199945.76959,82616456161.90744,6656262660.0
train_tune_571cc_01056_1056,CNN,0.0437622656505712,0.7910540001342522,0.5552471680975493,3.195798397064209,10.743907928466797,-7.278913497924805,0.0005536647513508797,-328.03170702118496,0.29436981678009033,6672.588730172298,6672.588730172298,23660276.0
train_tune_571cc_01057_1057,CNN,0.0323522631021891,0.7928564585053071,0.477758397316395,0.33077406883239746,1.2960469722747803,-0.052658505737781525,9.381776180816814e-06,-327.56514448400094,-0.0007295652758330107,38409040.63698423,37334816.52643817,3932644188.0
train_tune_571cc_01058_1058,CNN,0.0219419056843093,0.8171472601154947,0.497969388619926,1.8303472995758057,8.45919132232666,-1.8389718532562256,0.0001506165717728436,-322.00681550882587,0.0007485784590244293,7262.6913698103335,7262.6913698103335,114039564.0
train_tune_571cc_01059_1059,CNN,0.0184458398744113,0.7828834949947637,0.4376723888253779,0.33779871463775635,1.2280795574188232,-0.05992262065410614,1.5195159903669264e-05,-375.4671871833765,0.01922977715730667,12069349820451.531,11765614070162.783,15283513084.0
train_tune_571cc_01060_1060,CNN,0.0129806173069441,0.7658088637815128,0.3944842010139975,0.5832244753837585,1.2390100955963135,-0.23925663530826569,5.8190675190417096e-05,-337.93062325714067,0.021039564162492752,684944658.3728163,686236977.9368424,5615250100.0
train_tune_571cc_01061_1061,CNN,0.0392773136291308,0.7997293421466746,0.3751606606269652,0.44649839401245117,1.487424373626709,-0.09347996115684509,1.232213071489241e-05,-345.8934603480367,0.002164033707231283,266367435248.9784,273951782673.0605,23376587324.0
train_tune_571cc_01062_1062,CNN,0.0356033939923744,0.7902668085509549,0.3190099859190159,0.42313048243522644,1.7619092464447021,-0.08962659537792206,2.685808067326434e-05,-343.62284581487546,0.00530248275026679,8483132844.753381,8618109870.36182,16864717228.0
train_tune_571cc_01063_1063,CNN,0.0415052434523766,0.7858945552889777,0.5038561618097027,0.9021009206771851,3.256253719329834,-0.46447643637657166,6.616070459131151e-05,-333.07171659846625,0.03504118695855141,9728726.451902766,9750559.337493058,6997778012.0
train_tune_571cc_01064_1064,CNN,0.040835638252275,0.790398376594767,0.4983800991782701,0.3058207631111145,1.1227999925613403,-0.04164941981434822,1.0685734196158592e-05,-351.08599651873885,-0.0027636662125587463,874412990765.7534,892235976265.0981,27701037588.0
train_tune_571cc_01065_1065,CNN,0.0043213514044392,0.768312261494032,0.3420617983753223,0.3177073001861572,1.3246971368789673,-0.04748571291565895,1.0770139851956628e-05,-358.93153097448067,0.00012561364565044641,30594269367477.465,31407202496792.254,23020382628.0
train_tune_571cc_01066_1066,CNN,0.0086341109923166,0.8017972683348741,0.5141353814116335,0.9668322801589966,3.8453073501586914,-0.500939130783081,6.483995821326971e-05,-329.81176822857344,0.02407377026975155,284999.2428900094,284879.60334930365,6892796108.0
train_tune_571cc_01067_1067,CNN,0.0493462175933328,0.8172938488341627,0.5257041919072377,2.7641072273254395,7.611429691314697,-6.598040580749512,0.0006694304756820202,-346.02928633447743,0.07101018726825714,6508.267501251411,6508.267501251411,11728652.0
train_tune_571cc_01068_1068,CNN,0.0269178799570094,0.7481862538535754,0.4296752932364828,0.5404448509216309,2.3457813262939453,-0.15071764588356018,4.4924661779077724e-05,-346.06811542779144,0.00605282187461853,3679504071.7273073,3663300580.7465353,7114578196.0
train_tune_571cc_01069_1069,CNN,0.0094498381877022,0.7781499161571288,0.5050745110269013,1.4076380729675293,5.4923248291015625,-0.9902853965759277,0.00015324921696446836,-325.8208315238151,2.117641270160675e-05,2159.058033439645,2159.058033439645,15815404.0
train_tune_571cc_01070_1070,CNN,0.0712600337082412,0.8000260711909685,0.4948489230097069,1.2044410705566406,4.152238845825195,-0.7293264865875244,9.54175993683748e-05,-320.6999468335909,0.009017560631036758,102981.38286021464,102719.64153355922,594285348.0
train_tune_571cc_01071_1071,CNN,0.0174478960793949,0.8126990150337495,0.5290470510150882,0.9459851384162903,3.76952862739563,-0.405136376619339,0.0001021612697513774,-327.6134197287336,0.004704970866441727,271209.5221807913,269873.3449824698,7860012004.0
train_tune_571cc_01072_1072,CNN,0.0103647450785946,0.7831329632731777,0.3656498217884257,0.4411945343017578,1.7554996013641357,-0.1021122857928276,2.211563150922302e-05,-350.0283130964152,0.020551230758428574,864053616621.6643,842580417359.6707,28601674252.0
train_tune_571cc_01073_1073,CNN,0.0179111707280721,0.8214263761320999,0.5464147399480238,0.8490636348724365,3.373255968093872,-0.350290983915329,6.813297659391537e-05,-335.9244322274691,0.015597570687532425,11694946.72398058,11762033.789863074,8899547316.0
train_tune_571cc_01074_1074,CNN,0.0477101562521277,0.8066681306360177,0.5509668959432716,0.8294693827629089,3.4513297080993652,-0.30550116300582886,6.755461799912155e-05,-348.5751560423551,-0.02026531472802162,10383005.65328753,10831054.174504258,12396626852.0
train_tune_571cc_01075_1075,CNN,0.0181168460331453,0.7738188343057607,0.4419898360915138,0.16822175681591034,0.6678899526596069,-0.012453126721084118,6.523550837300718e-06,-382.116972933594,0.0012930372031405568,3447662454023.0557,3785106597062.8296,21182692804.0
train_tune_571cc_01076_1076,CNN,0.013714250184945,0.7885938127554134,0.4755775421174273,0.6650173664093018,1.5044476985931396,-0.3227255940437317,4.154985072091222e-05,-330.0976821045892,0.04365794360637665,179529522.20400274,176851761.85840815,10908447788.0
train_tune_571cc_01077_1077,CNN,0.0178535587623715,0.7756533362868782,0.4002143439570494,0.4473465383052826,1.3706154823303223,-0.08760380744934082,3.9777816709829494e-05,-339.0613046070217,-0.010247817263007164,6284810687797.824,6252058808127.695,16743364156.0
train_tune_571cc_01078_1078,CNN,0.0239931311156495,0.7811568839017126,0.5005518718578028,0.3993047773838043,1.7426601648330688,-0.08472688496112823,1.3834857782057952e-05,-332.7796642141441,0.018875835463404655,2845570.9252725327,2856336.602010812,1331546268.0
train_tune_571cc_01079_1079,CNN,0.0032928980335575,0.7677041483348575,0.4288841093109114,0.6062948703765869,2.63913631439209,-0.18866859376430511,3.3271153370151296e-05,-345.0310026992893,0.00189655099529773,29455444714.837425,29723721071.950005,23480816508.0
train_tune_571cc_01080_1080,CNN,0.0158835417456107,0.7646517625121344,0.4730813469444514,0.3298112452030182,0.9240001440048218,-0.04675628989934921,1.06657835203805e-05,-402.8440880499527,0.00036361406091600657,13834000616.176077,13978500774.084309,6373760332.0
train_tune_571cc_01081_1081,CNN,0.0209465618032236,0.8017501562249123,0.4441343547392533,1.1211366653442383,4.742783069610596,-0.7138043642044067,0.00010049463890027255,-323.544864482129,0.03702598065137863,86819.63071961934,87312.7275534202,772225148.0
train_tune_571cc_01082_1082,CNN,0.0216866066745083,0.7645697824204394,0.4771181260050278,0.6875367164611816,2.6928672790527344,-0.24449336528778076,6.391624629031867e-05,-341.2126872038777,0.0165663193911314,9077876452.962975,8706955533.039928,9756901332.0
train_tune_571cc_01083_1083,CNN,0.0527490210540045,0.7764871466976531,0.4496809285036511,0.5442409515380859,1.4193612337112427,-0.19023174047470093,3.737625229405239e-05,-353.0308973839278,0.0390000119805336,12144929441.115059,12237168975.19273,15734500132.0
train_tune_571cc_01084_1084,CNN,0.0266351112289575,0.7936222024900966,0.4990415618968122,2.365079402923584,7.918455600738525,-3.0039732456207275,0.0003574388101696968,-326.40201413847973,0.004594878759235144,6077.452275505638,6077.452275505638,16878252.0
train_tune_571cc_01085_1085,CNN,0.0054731484374557,0.756307943586994,0.3737804836576939,0.5762221813201904,2.2119693756103516,-0.15578751266002655,3.1875588319962844e-05,-340.58597073879736,-0.0009804237633943558,497476371405.51587,501863474957.6585,20417031652.0
train_tune_571cc_01086_1086,CNN,0.0146342947547766,0.797065300257478,0.4844802795604505,0.46858304738998413,1.9912889003753662,-0.10697776824235916,2.8331574867479503e-05,-344.40238972495257,0.004544180352240801,737454332097.1417,750003728769.1318,34181500204.0
train_tune_571cc_01087_1087,CNN,0.0136185783999363,0.766133953299294,0.4063569237535983,0.1871441900730133,0.7079727053642273,-0.015455459244549274,7.124299827410141e-06,-352.5878768397724,0.0014199286233633757,123212773963.74551,122267550616.35796,6927975540.0
train_tune_571cc_01088_1088,CNN,0.0219416875067736,0.8084491258486665,0.5062349897644455,1.6884726285934448,7.986804485321045,-1.4925600290298462,0.000106098159449175,-323.9575862837479,0.021540671586990356,5101.766440811914,5101.766440811914,63808172.0
train_tune_571cc_01089_1089,CNN,0.0249577491881983,0.7754161943770465,0.5715853816273879,2.387667655944824,7.69520378112793,-3.210012197494507,0.0004893441218882799,-331.59232343208106,0.12446596473455429,6671.386114800282,6671.386114800282,16935692.0
train_tune_571cc_01090_1090,CNN,0.0190344604392663,0.7765065950568549,0.4311041748762775,0.5265500545501709,1.4858579635620117,-0.15470297634601593,4.2679141188273206e-05,-327.16165727659336,0.021833287551999092,705780886.4261376,694275902.7627217,1914103548.0
train_tune_571cc_01091_1091,CNN,0.0907312646400402,0.8038783459006478,0.4708699484489806,1.1614203453063965,5.457786560058594,-0.6328916549682617,9.724526898935437e-05,-325.7431583294783,-0.044931456446647644,3422.4442757930137,3422.4442757930137,70865612.0
train_tune_571cc_01092_1092,CNN,0.0136003222698715,0.8021111507025429,0.5320429457777006,0.5721722841262817,1.9891252517700195,-0.16426005959510803,2.5145865947706625e-05,-337.030869137933,-2.7366913855075836e-05,12740493.909387905,12583439.931835497,13475768500.0
train_tune_571cc_01093_1093,CNN,0.0142354781057442,0.8170779518358872,0.4463682899090364,0.5445950031280518,1.5532840490341187,-0.1539842188358307,1.9562430679798126e-05,-330.633963308038,0.009224322624504566,108753.69010151995,108620.05365258199,1740573164.0
train_tune_571cc_01094_1094,CNN,0.014646019776034,0.8068548507671096,0.5019155189528747,0.5973466634750366,2.512866735458374,-0.18265829980373383,4.09168133046478e-05,-337.7892538925871,0.011427811346948147,21929327.383657232,21888160.87289825,24424666116.0
train_tune_571cc_01095_1095,CNN,0.029365446930314,0.7764264554014044,0.4069970011376977,0.46572113037109375,2.0874998569488525,-0.11817355453968048,1.8155667930841446e-05,-327.0817892121563,0.017379343509674072,25535474.71509129,25665821.018041015,1799034652.0
train_tune_571cc_01096_1096,CNN,0.0655275271068936,0.8119741300181501,0.4391149334082168,1.3794211149215698,5.110363960266113,-0.934130072593689,9.582420170772821e-05,-326.8072463736286,0.022351672872900963,3694.4447088423058,3694.4447088423058,35046092.0
train_tune_571cc_01097_1097,CNN,0.024905806315518,0.7669000253140151,0.4383545632648277,0.24890509247779846,0.9522058367729187,-0.02938481792807579,1.007384889817331e-05,-389.45747085063067,0.0020722965709865093,40150388883440.5,40247760398739.805,28545126172.0
train_tune_571cc_01098_1098,CNN,0.0143530419880034,0.7893520324755029,0.3973825477446418,0.554838240146637,2.2265207767486572,-0.13652706146240234,3.7100726331118494e-05,-348.96494480288175,-0.0043844496831297874,103836987937.76497,106784524898.25934,9895674428.0
train_tune_571cc_01099_1099,CNN,0.0129480211111486,0.7744796199439548,0.5151144466572113,0.886777937412262,3.8473615646362305,-0.2525278627872467,0.00012843930744566023,-330.2994934009274,-0.04081258922815323,7773259.7027206,7948362.931026349,3289036964.0
train_tune_571cc_01100_1100,CNN,0.0317007882299967,0.8033890538140223,0.5716069381762542,1.4682316780090332,6.992812156677246,-1.3366409540176392,0.00013066554674878716,-327.4688073789548,0.04171447455883026,51655.836695371734,50787.646615773134,333170476.0
train_tune_571cc_01101_1101,CNN,0.0083592659035325,0.778192049660125,0.469884510852097,0.5159298181533813,2.1395819187164307,-0.1200815737247467,3.409929558984004e-05,-343.75683238099657,-0.010111143812537193,163483941.36456507,166967906.51465905,7984934164.0
train_tune_571cc_01102_1102,CNN,0.02722330398288,0.8007815088520313,0.3476899896256362,0.7964683771133423,2.3120298385620117,-0.33744341135025024,5.5610194976907223e-05,-325.9995406633051,0.003215136006474495,89720.42067362562,91028.68934318557,524016700.0
train_tune_571cc_01103_1103,CNN,0.0083429228998849,0.8012359720207387,0.4615584359945118,2.190237045288086,8.359468460083008,-3.5605642795562744,0.00041465373942628503,-326.1600258483015,0.1565064787864685,7668.59100958367,7668.59100958367,60336556.0
train_tune_571cc_01104_1104,CNN,0.0048920010232509,0.8127409649392342,0.5338237407138328,1.0552598237991333,4.711291313171387,-0.5736161470413208,8.570138015784323e-05,-325.46347449074335,0.012759661301970482,425540.532333372,425976.44853402185,6732634476.0
train_tune_571cc_01105_1105,CNN,0.0148694854474188,0.7901695882227168,0.463643453477073,0.6597020626068115,1.9169602394104004,-0.21207836270332336,0.0001256416435353458,-368.24833652501377,-0.009908042848110199,435347758518.37415,438560921468.0525,10183237596.0
train_tune_571cc_01106_1106,CNN,0.0628455319828053,0.7807686606095038,0.3225378087505142,0.33050090074539185,0.9896363615989685,-0.050506457686424255,1.0725926586019341e-05,-350.3511574191715,0.0101229352876544,36006979872.514885,36332587830.83049,8310312588.0
train_tune_571cc_01107_1107,CNN,0.0048669487691966,0.8078671907624448,0.4742231312500826,1.1334741115570068,4.825155735015869,-0.7309786677360535,8.950494520831853e-05,-325.3453984930436,0.04730568826198578,178842.34555042096,178825.74884353147,2565957460.0
train_tune_571cc_01108_1108,CNN,0.0182314864303105,0.7804300585044537,0.4767728371700708,0.14606498181819916,0.5107685923576355,-0.008140143007040024,3.483820137262228e-06,-356.34087169566146,3.775811637751758e-05,108823364445.87161,106919598459.24702,8653760868.0
train_tune_571cc_01109_1109,CNN,0.0448748653984105,0.7802386914231573,0.4505833627044172,0.49161770939826965,1.8479211330413818,-0.12067536264657974,2.018517625401728e-05,-333.0135136281699,0.00849228911101818,142681428.0459758,144570586.61909556,6821859324.0
train_tune_571cc_01110_1110,CNN,0.0212779786307458,0.7737169251392709,0.459846703810687,0.3141172528266907,1.3098771572113037,-0.045236580073833466,1.2919458640681114e-05,-342.33782788134573,-0.006144191138446331,3756219590.638216,3869686234.744894,9492637988.0
train_tune_571cc_01111_1111,CNN,0.0094284603421461,0.8167656041732893,0.4620806750297841,0.21604451537132263,0.605844259262085,-0.0176260806620121,6.623767148994375e-06,-379.30823584942226,0.0010161112295463681,15387350082058.496,15411409782159.209,16615151276.0
train_tune_571cc_01112_1112,CNN,0.012175332532223,0.7996329175078057,0.4683366395136341,1.0506484508514404,4.374055862426758,-0.660933256149292,0.00012395321391522884,-326.9315392298942,0.02694939449429512,4461859.66198778,4469815.768963557,14546339860.0
train_tune_571cc_01113_1113,CNN,0.0207523667086531,0.7904347132920226,0.5305485322744478,0.975814700126648,3.6162631511688232,-0.4184504747390747,0.00017176778055727482,-325.979064801466,0.01604771614074707,3669109.1517994897,3621010.259187221,1492703452.0
train_tune_571cc_01114_1114,CNN,0.0277141185736889,0.8241402112961692,0.5463379593400787,0.7493910789489746,3.106858015060425,-0.2821923494338989,4.27039667556528e-05,-324.2804332032641,0.011935324408113956,148387.57410676611,147913.05443876045,6423837020.0
train_tune_571cc_01115_1115,CNN,0.024506122870597,0.8016339967073894,0.5195444503140845,1.8555939197540283,8.788331031799316,-1.8776371479034424,0.00014120692503638566,-323.3035958910724,0.024563340470194817,5507.0492918679865,5507.0492918679865,67913412.0
train_tune_571cc_01116_1116,CNN,0.0142952938307729,0.774374681165225,0.331261167038721,0.23337362706661224,0.7585849165916443,-0.02162216231226921,1.2705737390206195e-05,-360.7668306949171,0.0007941484218463302,303489156431.5886,303555998889.65607,12218266508.0
train_tune_571cc_01117_1117,CNN,0.0150555866492908,0.7784774940530262,0.4775559469309613,0.5210342407226562,1.670746922492981,-0.13056868314743042,2.5776289476198144e-05,-334.0921431140225,-0.011143415234982967,149272740.06651586,144815054.6904713,4003811036.0
train_tune_571cc_01118_1118,CNN,0.0321229499510927,0.7475949508092579,0.4810455925014334,0.5902938842773438,1.3430101871490479,-0.24155883491039276,2.6876421543420292e-05,-437.699344981246,0.05102473497390747,145913531.21004355,150217413.5641417,919341228.0
train_tune_571cc_01119_1119,CNN,0.016614084190222,0.8087769615082786,0.4932266274403747,0.8767595291137695,3.4897170066833496,-0.38952895998954773,6.821355782449245e-05,-328.7310336582457,-0.00028804910834878683,246984.37832259186,248041.9957430748,4560414188.0
train_tune_571cc_01120_1120,CNN,0.0192440581971022,0.8095416056743412,0.5106198307439188,0.8183742165565491,3.6071152687072754,-0.3903825879096985,9.00738377822563e-05,-332.3606737613808,0.023489952087402344,10203082.988560082,10206386.940169904,10922993612.0
train_tune_571cc_01121_1121,CNN,0.0321303602662217,0.7873342971330338,0.4685850781450593,0.6487270593643188,2.3350977897644043,-0.2155979871749878,2.819027031364385e-05,-332.50915842750976,0.004285195842385292,2695456.307471491,2654380.459761979,2694497180.0
train_tune_571cc_01122_1122,CNN,0.0181796858888509,0.8078143782005732,0.500670192286233,1.6773290634155273,7.791687965393066,-1.5435442924499512,0.00016068672994151711,-323.1044505133806,0.08934535831212997,4593.336159034952,4593.336159034952,57285492.0
train_tune_571cc_01123_1123,CNN,0.0294610786884984,0.8087245517149252,0.5006395324389659,1.5919910669326782,6.747819423675537,-1.1386232376098633,0.0003011657972820103,-334.90707357643686,0.006412504706531763,151348.01641559755,148319.12883052326,574501116.0
train_tune_571cc_01124_1124,CNN,0.020475105537876,0.7932528527808996,0.5464020283458321,0.9570231437683105,2.795297384262085,-0.5671157240867615,7.068752165650949e-05,-333.82280113514366,0.054217927157878876,190368785.2806399,191468566.23354283,7662656348.0
train_tune_571cc_01125_1125,CNN,0.0151230053552823,0.7957691520751079,0.5439416029025278,0.828667163848877,3.9005179405212402,-0.4065812826156616,5.700049950974062e-05,-332.3014723429601,0.025578491389751434,11461019.064347185,11310991.057172414,9526232620.0
train_tune_571cc_01126_1126,CNN,0.0250122259908874,0.8010525994966443,0.5253046621267498,0.9407780170440674,3.6677303314208984,-0.5342108011245728,7.375836867140606e-05,-330.28133746903177,0.06188921630382538,5044710.010432588,5037505.348381022,4631936252.0
train_tune_571cc_01127_1127,CNN,0.0308849416351539,0.7838846036419745,0.5162518778242295,0.9095628261566162,2.901003122329712,-0.4745117723941803,8.598323620390147e-05,-340.5465296007718,0.013003747910261154,216017513.55527583,212082545.1623957,6815098036.0
train_tune_571cc_01128_1128,CNN,0.0147498859224973,0.8102260377416722,0.4824003574273985,1.7623341083526611,8.007852554321289,-1.4924366474151611,0.000173468331922777,-325.26539227662255,0.02832905203104019,8288.457589806581,8288.457589806581,105455372.0
train_tune_571cc_01129_1129,CNN,0.0092249929230608,0.7611510818361763,0.5253016464661321,0.6551227569580078,2.7205686569213867,-0.21354706585407257,4.6191547880880535e-05,-329.7757904768987,0.00941298995167017,216163068.9425603,215330179.64977497,13404396388.0
train_tune_571cc_01130_1130,CNN,0.004535017607847,0.7577851653595599,0.4186466106013613,0.27183833718299866,1.0300953388214111,-0.03622056543827057,1.1050037755921949e-05,-354.59162205855046,0.012334642000496387,6987709435738.156,6755382020441.334,19780195108.0
train_tune_571cc_01131_1131,CNN,0.0318231340594371,0.8025700756644841,0.5211612549609798,0.6207472085952759,2.6998345851898193,-0.1844644546508789,3.0076007533352822e-05,-329.2752326713153,-0.005653224885463715,2799624.691802239,2793910.294345973,3486809852.0
train_tune_571cc_01132_1132,CNN,0.0450288940759925,0.8066805837657088,0.5455866877571102,1.2519686222076416,5.712914943695068,-0.754118800163269,7.950587314553559e-05,-323.14909467273117,-0.021526191383600235,2197.028410909199,2197.028410909199,28882932.0
train_tune_571cc_01133_1133,CNN,0.020846314644702,0.7871309781461736,0.5437982824358595,1.8036775588989258,7.2864251136779785,-2.352870464324951,0.0002504508011043072,-320.5992746436363,0.06451678276062012,119901.9282269267,118669.05357848838,1674623108.0
train_tune_571cc_01134_1134,CNN,0.0373236240472338,0.7924971818229659,0.4972593923536916,0.8683173656463623,3.284322738647461,-0.4416006803512573,7.32767948647961e-05,-329.5637359996565,0.04680914804339409,3741538.306475167,3708649.7267416995,1405901316.0
train_tune_571cc_01135_1135,CNN,0.0131146369353916,0.805709383883818,0.5923570177392059,1.5777794122695923,6.646328449249268,-1.0768086910247803,0.00023769872495904565,-380.2905860660651,0.008191884495317936,61731.00327098185,61619.23152082568,117656788.0
train_tune_571cc_01136_1136,CNN,0.0318754852846415,0.7933804459643506,0.5147343875040341,0.5843270421028137,2.53271746635437,-0.15738271176815033,4.0027920476859435e-05,-338.99329185193324,-0.00807134248316288,377083766.91178316,370481035.0316671,13211727420.0
train_tune_571cc_01137_1137,CNN,0.0152368835574942,0.7867831564657246,0.4405741864785422,0.4961943030357361,1.9042370319366455,-0.10512003302574158,2.2778893253416754e-05,-357.9576631360083,-0.0023280109744518995,231409641937.71893,239540743998.88,10506507268.0
train_tune_571cc_01138_1138,CNN,0.0217309938405982,0.7831501890685112,0.4333994169603405,0.40831419825553894,1.6302032470703125,-0.07512087374925613,2.8411146558937617e-05,-342.1093291026723,-0.00859396904706955,610229982637.8304,613837846138.2782,15749948964.0
train_tune_571cc_01139_1139,CNN,0.0706420230684268,0.7978665027347954,0.5302794201836237,1.4088060855865479,6.630178928375244,-1.0542200803756714,0.00013110597501508892,-324.09936222739015,0.014211859554052353,3916.730581438169,3916.730581438169,69094292.0
train_tune_571cc_01140_1140,CNN,0.0269819327357543,0.8153643428030093,0.5671712876398591,1.0365800857543945,4.463988304138184,-0.5583354234695435,9.160489571513608e-05,-360.88601958073764,0.012848223559558392,127142856.26687658,122298312.77115563,20160785900.0
train_tune_571cc_01141_1141,CNN,0.0477360895353423,0.765414733886976,0.3386424794564344,0.44834256172180176,1.2146010398864746,-0.10441912710666656,2.788820529531222e-05,-351.7391561841138,0.003108239732682705,297825121759.24194,307100572120.1437,14184799188.0
train_tune_571cc_01142_1142,CNN,0.0142377024136877,0.7702759058159524,0.4044007252952184,0.25192075967788696,1.0403835773468018,-0.03005472756922245,7.549789188487921e-06,-342.2178149231304,0.0023228328209370375,7184529724.221448,7181731485.351409,11375358196.0
train_tune_571cc_01143_1143,CNN,0.0296991065835958,0.7918989528420806,0.4900461164332288,0.5502446889877319,1.623619794845581,-0.16662557423114777,2.8972592190257274e-05,-343.815467000932,0.027201615273952484,550959843.2109653,553879072.6113018,18992549836.0
train_tune_571cc_01144_1144,CNN,0.0437841194006443,0.8156449806065473,0.55220103307246,1.3777692317962646,3.511971950531006,-1.5293387174606323,0.00014885312702972442,-336.9125511742201,0.06009645760059357,133791.9495876789,134205.24453760538,363922116.0
train_tune_571cc_01145_1145,CNN,0.0787705619333678,0.8018860925183234,0.4087069538679582,0.33271461725234985,1.4886330366134644,-0.050201166421175,1.78485170181375e-05,-348.21900973533997,-0.004938460886478424,7304400662.636914,7381491518.018188,15658808260.0
train_tune_571cc_01146_1146,CNN,0.0080489974528222,0.7906759378592003,0.3188431104788811,0.17381566762924194,0.6549528241157532,-0.013703388161957264,5.056064765085466e-06,-345.85435190569575,0.002711301203817129,33377441588.206272,33661931047.30985,10319771300.0
train_tune_571cc_01147_1147,CNN,0.0157288845651583,0.7962209516290805,0.5179993773121743,0.4014571011066437,1.587470293045044,-0.08519519865512848,2.104664599755779e-05,-351.539380668606,0.013119744136929512,799593344020.9081,785647861692.0587,20508410044.0
train_tune_571cc_01148_1148,CNN,0.0226399594848726,0.8036056141617268,0.5276887778949084,0.880650520324707,3.2795162200927734,-0.45289164781570435,5.9964881074847654e-05,-335.41675962829413,0.04716553911566734,6399359.028372305,6454690.174473809,2807819988.0
train_tune_571cc_01149_1149,CNN,0.0428981460220708,0.7954494041817997,0.4999307511914732,0.6426963806152344,2.2006688117980957,-0.17082157731056213,5.799636710435152e-05,-337.5822847142922,-0.015084589831531048,9732961.119496552,9669682.712969083,9982035532.0
train_tune_571cc_01150_1150,CNN,0.0245062727712536,0.8038152527962944,0.5736552165894735,1.9830474853515625,7.389913558959961,-2.652047634124756,0.00018074562831316143,-326.0408064084686,0.15713098645210266,2416.7077407629586,2416.7077407629586,10345276.0
train_tune_571cc_01151_1151,CNN,0.0359734735158747,0.8146753487720222,0.5496675775681542,1.0498924255371094,3.9744889736175537,-0.6733349561691284,7.602620462421328e-05,-323.0319515383329,0.06889906525611877,173053.5950698111,173120.4849824949,1937101532.0
train_tune_571cc_01152_1152,CNN,0.0143288084464555,0.7617129989887156,0.4368023111227808,0.6752848625183105,2.8661704063415527,-0.23127678036689758,5.1821312808897346e-05,-340.5622781446733,0.013812700286507607,413435870966.81995,417563472194.2243,25804149060.0
train_tune_571cc_01153_1153,CNN,0.0302407828848922,0.7850850781963925,0.395545252455495,0.5255972743034363,2.2547895908355713,-0.12568698823451996,3.909047882189043e-05,-352.4572457791147,-0.0065474980510771275,1647342670370.0483,1609162878366.039,34874374212.0
train_tune_571cc_01154_1154,CNN,0.0180097928625898,0.7659086018903304,0.4223588474154258,0.1752893328666687,0.7230839729309082,-0.01374030765146017,5.719290129491128e-06,-374.442336793609,-0.002042236737906933,3390897292902.676,3446033692564.4536,28066631356.0
train_tune_571cc_01155_1155,CNN,0.0237197166962411,0.7419602564321761,0.4242683618322929,0.31962329149246216,1.2923200130462646,-0.04904396831989288,1.0888563338085078e-05,-328.3503441471238,0.0026409688871353865,43435109064.63965,42426162722.05729,10201711068.0
train_tune_571cc_01156_1156,CNN,0.0082699619771863,0.801434387724519,0.4553983981212282,0.36884623765945435,0.9774040579795837,-0.07573007792234421,2.2304757294477895e-05,-338.8207141185334,0.013205494731664658,3974207486.151977,3907967543.3986006,16921585476.0
train_tune_571cc_01157_1157,CNN,0.0162097600471509,0.8317313161183169,0.5302521286894489,0.7652625441551208,3.3996245861053467,-0.29083043336868286,3.101335096289404e-05,-326.2727720372051,0.00135907344520092,185045.54971643488,184972.47576954233,8692268380.0
train_tune_571cc_01158_1158,CNN,0.0051973951973951,0.7943567208186896,0.4321745663827867,0.4875541627407074,2.1242904663085938,-0.1313701868057251,3.073612242587842e-05,-358.962017248257,0.020351780578494072,1288548550235.5579,1299808877071.7197,25698103844.0
train_tune_571cc_01159_1159,CNN,0.0035964055865623,0.8185581037364451,0.485055253138354,1.415158748626709,6.504888534545898,-1.1634373664855957,8.723800419829786e-05,-323.2050776880808,0.07413866370916367,4274.13285823754,4274.13285823754,85844348.0
train_tune_571cc_01160_1160,CNN,0.0856845249110761,0.8095475329567599,0.5268458631573596,1.15874445438385,4.424707412719727,-0.5709521770477295,0.00010148374713025987,-324.83173487501875,-0.01690000668168068,276568.17835206824,276644.1429950209,4550025356.0
train_tune_571cc_01161_1161,CNN,0.0127561958583829,0.8008861626246769,0.4446234412873831,0.6776317954063416,2.7798914909362793,-0.2309688925743103,4.818481465918012e-05,-359.5744839734627,0.0016185787972062826,149164431542.7089,149460183992.52734,13397283356.0
train_tune_571cc_01162_1162,CNN,0.0042876632235431,0.7837681036898245,0.4801925654624452,0.5885781645774841,1.797653317451477,-0.1682063192129135,4.518228888628073e-05,-349.7719707930567,-0.004270703531801701,141680635763.7875,145596858569.91223,12637384676.0
train_tune_571cc_01163_1163,CNN,0.0142952938307729,0.800309599992976,0.3834134126793571,0.26136207580566406,0.9909254312515259,-0.030112337321043015,1.1281414117547683e-05,-367.11655051672403,-0.00835450366139412,23201931586687.625,22874550979883.82,20726500260.0
train_tune_571cc_01164_1164,CNN,0.0140924855070738,0.7786850047199877,0.4405349242618244,0.485262930393219,2.05582332611084,-0.1228453665971756,2.422312172711827e-05,-351.2358968443142,0.005089998245239258,33819552252.144447,33678988990.00078,16063824988.0
train_tune_571cc_01165_1165,CNN,0.0146316237756281,0.7880112957586012,0.4141642452374366,0.3379157781600952,1.244998812675476,-0.05209208279848099,1.3510171811503824e-05,-338.4008145206626,0.0013714508386328816,38331392.63587269,37704265.52282481,1198219540.0
train_tune_571cc_01166_1166,CNN,0.0393244070265238,0.8241923724014609,0.4749706534456476,1.2944576740264893,5.976568222045898,-0.7764665484428406,0.00010054933227365837,-321.6349844455826,-0.014479317702353,5541.6247599908,5541.6247599908,129940876.0
train_tune_571cc_01167_1167,CNN,0.0095496670211856,0.7584101096293275,0.4421069573885802,0.5678545832633972,2.3476428985595703,-0.16265243291854858,3.2510644814465195e-05,-334.1592055012271,0.015876024961471558,30715787.556525506,31401677.64695234,2327762716.0
train_tune_571cc_01168_1168,CNN,0.0595042639662612,0.8109510804589034,0.5217016083699769,0.9244080185890198,3.8511366844177246,-0.42773720622062683,8.962675929069519e-05,-329.5020904817629,0.000189892016351223,15432644.623732515,15193382.867504746,11535073980.0
train_tune_571cc_01169_1169,CNN,0.0762647601490648,0.7786642986774114,0.4520375013086137,0.5050762891769409,2.046846866607666,-0.10751044005155563,3.1860876333666965e-05,-332.3497565128772,-0.012819098308682442,7478185664.535379,7638356697.953523,14578078252.0
train_tune_571cc_01170_1170,CNN,0.0332020038503807,0.7931544831599394,0.4360787981926444,0.4329875111579895,1.6203762292861938,-0.08642541617155075,2.5362922315252945e-05,-357.3842641741717,-0.001786122564226389,15765482793927.309,16478979871102.234,22222609412.0
train_tune_571cc_01171_1171,CNN,0.0513160831805521,0.788701344130616,0.5650925104018623,3.181957721710205,11.07869815826416,-8.780157089233398,0.0005468693561851978,-326.5643794820518,0.20693865418434143,6089.927754409242,6089.927754409242,20544652.0
train_tune_571cc_01172_1172,CNN,0.0697952906035353,0.7331557580672098,0.3648565766530571,0.39811381697654724,1.2912451028823853,-0.0755976215004921,1.439623702026438e-05,-347.53418340969245,0.0035417384933680296,2833156526.821012,2860135925.254394,3075521436.0
train_tune_571cc_01173_1173,CNN,0.0442376715996164,0.8071431727793911,0.4504059920885065,0.7561616897583008,3.354727268218994,-0.29008400440216064,6.027365452609956e-05,-336.5945761648146,0.012339216656982899,302544487.0433525,302502956.00892067,14174774476.0
train_tune_571cc_01174_1174,CNN,0.0283529635697939,0.8098364915930184,0.4690334926496209,0.8522430658340454,3.5314624309539795,-0.34718284010887146,7.810031820554286e-05,-330.5300230321275,-0.012463420629501343,275102.78049930057,276705.2641061202,8082016140.0
train_tune_571cc_01175_1175,CNN,0.0566784724894065,0.8095748379258808,0.5000980457135248,1.4062540531158447,6.688310623168945,-0.9164983034133911,0.00010202884004684165,-324.15238652788776,-0.0408087819814682,6406.572749417003,6406.572749417003,140381524.0
train_tune_571cc_01176_1176,CNN,0.0349229390049042,0.7737089781519821,0.5012260013049117,1.0712264776229858,4.580280780792236,-0.6609902381896973,0.0001280549040529877,-358.02219582385203,0.020684659481048584,655975129236.3063,629169415477.1622,22755971196.0
train_tune_571cc_01177_1177,CNN,0.0272081997067678,0.809750588805923,0.540927838831668,1.1787641048431396,5.225017070770264,-0.6533985137939453,8.710406837053597e-05,-322.02786268168063,-0.00693083181977272,2151.2243671296474,2151.2243671296474,24932284.0
train_tune_571cc_01178_1178,CNN,0.0182314864303105,0.8003865754474425,0.3894119694211006,0.2991642951965332,0.7557033896446228,-0.04145929962396622,1.5882294974289834e-05,-355.07904758416646,0.011164924129843712,92325009814.986,94138862683.53775,7427077132.0
train_tune_571cc_01179_1179,CNN,0.0403026654295647,0.7949933569292066,0.4728554961184103,0.8724716901779175,3.3752007484436035,-0.5143163204193115,7.504489622078836e-05,-345.78543749169086,0.06688683480024338,52140926956.87581,51716355312.147026,31803283860.0
train_tune_571cc_01180_1180,CNN,0.0256730966799076,0.7712406433245896,0.4496902056553225,0.6304113864898682,2.16426944732666,-0.24099044501781464,3.7457193684531376e-05,-336.57835357359863,0.04271864891052246,74625902.4475365,74417426.37727994,2388923228.0
train_tune_571cc_01181_1181,CNN,0.0218481588481252,0.7904580711366874,0.5034360168965623,0.5951700806617737,1.1032328605651855,-0.15185387432575226,6.0905505961272866e-05,-340.8001364718236,-0.01752200536429882,2812848501.063175,2835255293.3183928,13490174492.0
train_tune_571cc_01182_1182,CNN,0.0163152727590196,0.7968645028725857,0.5379758758797445,0.9645113945007324,4.182479381561279,-0.3716365098953247,9.930697706295177e-05,-339.0702672357128,-0.021934492513537407,45619202.68314091,45547540.81153348,2419757692.0
train_tune_571cc_01183_1183,CNN,0.0134878302985715,0.7801146764564787,0.4721455995080971,0.5028824806213379,2.1278209686279297,-0.13112130761146545,2.840381239366252e-05,-336.1327965534168,0.006709499284625053,384844153.1648325,381826237.6123135,15535441428.0
train_tune_571cc_01184_1184,CNN,0.0083363203583587,0.758305895305481,0.4750555838437122,1.0369778871536255,4.278890132904053,-0.6078805923461914,0.00010429424582980573,-331.3048093005585,0.016471700742840767,1082908.015185276,1055833.6140742989,224227692.0
train_tune_571cc_01185_1185,CNN,0.0206581600788122,0.7740093811006847,0.3983654086027697,0.36991575360298157,1.474935531616211,-0.06751134991645813,1.6171286915778182e-05,-339.60623943274896,0.002142554149031639,8792018327.884768,8854520589.220499,15588648692.0
train_tune_571cc_01186_1186,CNN,0.0437756852851106,0.7891961896121144,0.5156800579166961,0.5818411111831665,1.9427783489227295,-0.16973786056041718,5.002324905944988e-05,-335.3746943373485,0.012981651350855827,179948260.50995743,177591553.44300705,5834418780.0
train_tune_571cc_01187_1187,CNN,0.0152368835574942,0.7765939299384484,0.4189666622083492,0.2254033386707306,0.8336844444274902,-0.022959552705287933,9.587643944541924e-06,-367.3615072686599,0.004690155386924744,5765897049184.5205,5814128087853.154,18500701260.0
train_tune_571cc_01188_1188,CNN,0.0082699619771863,0.7736748926630127,0.4198909404905963,0.8661788702011108,3.328388214111328,-0.4172865152359009,9.126286022365093e-05,-343.0519830200669,0.024176165461540222,16153215167.561008,16366979125.304924,18746699588.0
train_tune_571cc_01189_1189,CNN,0.0235585532506178,0.7943321848697177,0.4245765209125662,0.8486214876174927,3.676629066467285,-0.39538347721099854,8.02888534963131e-05,-325.8494722003512,0.021698733791708946,7178968.023832122,7097289.81233974,4921244036.0
train_tune_571cc_01190_1190,CNN,0.0167821891741127,0.7789430194981243,0.4355221139019132,0.4991014003753662,1.3795199394226074,-0.13720500469207764,1.4733951502421405e-05,-347.87505544685985,0.010052654892206192,326523985274.2247,332981417878.75037,17282281484.0
train_tune_571cc_01191_1191,CNN,0.0181638300467232,0.805132741693325,0.4555046180928223,0.42475026845932007,1.4823142290115356,-0.08417189866304398,2.8578217097674496e-05,-404.02267637307864,0.004425511229783297,6676578712485.795,6752992569410.6875,14820732236.0
train_tune_571cc_01192_1192,CNN,0.0214033913103027,0.7666686355088683,0.4517934917083555,0.3858679533004761,1.6235078573226929,-0.07957861572504044,2.4471330107189715e-05,-344.0380414840775,0.021307164803147316,28403334.050607696,27520098.553869277,657924716.0
train_tune_571cc_01193_1193,CNN,0.0053753379467718,0.8062319056049501,0.3969059793662148,0.2615319490432739,0.7928979396820068,-0.028818801045417786,1.0973142707371153e-05,-359.42711848528234,0.0043092998676002026,232881072123.823,236809747752.787,14629473284.0
train_tune_571cc_01194_1194,CNN,0.0856616311765494,0.8000020807533171,0.527175378847426,0.8656412363052368,3.7121238708496094,-0.42240309715270996,7.95122905401513e-05,-331.12928982031997,0.02501707151532173,12575308.074279925,12558866.9549928,9770193700.0
train_tune_571cc_01195_1195,CNN,0.0229407128634315,0.8186565452552986,0.538177121832624,1.2285182476043701,4.9156694412231445,-0.9270235300064087,0.00014463820843957365,-331.65704142460424,0.0885496437549591,385621.5847897462,392501.3653730874,5335362572.0
train_tune_571cc_01196_1196,CNN,0.0070139376193221,0.8313674773309584,0.5298340315901522,0.9748393297195435,4.594338417053223,-0.4855246841907501,8.766776591073722e-05,-331.2200437675107,-0.0007375571876764297,112737.0425495675,112767.24223538746,1349274116.0
train_tune_571cc_01197_1197,CNN,0.0186603452467785,0.7646701088229192,0.3891974803323028,0.2897779047489166,0.8666256070137024,-0.038504283875226974,8.232277650677133e-06,-368.75466825845126,-0.0033076645340770483,2910332264905.663,2731835756254.778,6170767420.0
train_tune_571cc_01198_1198,CNN,0.0147961089262462,0.8011528271617593,0.4530914270506462,0.40924280881881714,1.5231388807296753,-0.07770857214927673,2.5374753022333607e-05,-328.0880113200676,-0.000357210636138916,752256.3927879779,753980.2989670496,519870412.0
train_tune_571cc_01199_1199,CNN,0.0419524658669814,0.8183106583020893,0.5004872659466794,1.4060461521148682,6.024745941162109,-0.649707555770874,0.0002663135528564453,-324.09562562326516,0.00045088399201631546,222879.1982034762,225075.99602835558,1118867572.0
train_tune_571cc_01200_1200,CNN,0.0145201201824053,0.7879524449693859,0.3699243659400833,0.3599601686000824,1.4048144817352295,-0.06141019985079765,1.8510892914491706e-05,-359.677240054506,-0.001095971674658358,228200941230.85034,229493617173.42606,10302126092.0
train_tune_571cc_01201_1201,CNN,0.0082983594048073,0.7510745379954787,0.4328576098545403,0.25691550970077515,0.9830971956253052,-0.032114144414663315,8.347398761543445e-06,-372.79587038044747,0.006881771609187126,17116166629525.848,16989363818668.36,17535434052.0
train_tune_571cc_01202_1202,CNN,0.0226167968672485,0.8055129260093028,0.5174758655841804,1.3672680854797363,6.027759075164795,-0.972050666809082,8.081044506980106e-05,-321.781582748238,0.011018212884664536,3432.1439795673864,3432.1439795673864,48428892.0
train_tune_571cc_01203_1203,CNN,0.0151262160689231,0.7853623818310442,0.4415755858765348,0.32032859325408936,0.7091906070709229,-0.035231489688158035,1.36717517307261e-05,-368.4158163332373,-0.012111572548747063,8593054534527.338,8657904504413.714,16047350332.0
train_tune_571cc_01204_1204,CNN,0.0042876632235431,0.7804205938100459,0.3870649751367214,0.167997807264328,0.4220865070819855,-0.008847772143781185,8.772719411354046e-06,-370.46001863731055,0.006108826957643032,6276214336262.785,6314521328424.33,27589751268.0
train_tune_571cc_01205_1205,CNN,0.0042951971885982,0.8221385741005798,0.3665380659255947,0.6973258256912231,1.3385646343231201,-0.41430091857910156,7.098118658177555e-05,-339.68751411533594,0.06728193163871765,1868565871.2873094,1871497928.1895747,8004558604.0
train_tune_571cc_01206_1206,CNN,0.0239754504530174,0.82615386563132,0.5014751714969364,1.7998037338256836,8.095440864562988,-1.8012146949768066,0.00014478678349405527,-324.95757591478764,0.05894249677658081,8198.222890431043,8198.222890431043,111964172.0
train_tune_571cc_01207_1207,CNN,0.0533456881780484,0.819175952170922,0.4470466252233283,1.4343276023864746,6.317144393920898,-1.007033348083496,0.0001236452953889966,-323.9376580892275,-0.008080774918198586,4802.156328824418,4802.156328824418,78837692.0
train_tune_571cc_01208_1208,CNN,0.0313113547540875,0.78759252925836,0.4026517894836709,0.5225304365158081,1.5565787553787231,-0.17178678512573242,3.789107358898036e-05,-333.57771266697074,0.0390252023935318,989426736.0540389,982471753.0938567,3318030476.0
train_tune_571cc_01209_1209,CNN,0.0146289537712895,0.7910631184243432,0.4908390267933507,0.5478688478469849,1.873232364654541,-0.13066549599170685,6.299727101577446e-05,-337.5019518738562,-0.013259039260447025,112670137.37514693,110561578.69745801,5476201388.0
train_tune_571cc_01210_1210,CNN,0.0182542513973124,0.7656272887150967,0.3889127208912714,0.24855154752731323,1.03428053855896,-0.031087014824151993,9.212126315105706e-06,-352.0072177745486,0.009271329268813133,12335559158.884611,12269503627.191717,15539778044.0
train_tune_571cc_01211_1211,CNN,0.0274647997864619,0.8021735084785897,0.5063397449316432,0.7400052547454834,3.0601348876953125,-0.2822262644767761,5.657125802827068e-05,-329.68363583751466,0.008170690387487411,5862093.926451956,5838739.460187189,4078345092.0
train_tune_571cc_01212_1212,CNN,0.0094116892310274,0.8029725632972675,0.5038662243185223,0.47946029901504517,1.6621981859207153,-0.10855816304683685,2.8219488740433007e-05,-333.8595825081662,-0.0010059792548418045,50666394.9767665,51142304.12387641,1542015068.0
train_tune_571cc_01213_1213,CNN,0.0145575954455218,0.8060629631234925,0.3892070177267057,0.22674110531806946,0.5005559325218201,-0.01648794487118721,5.687553311872762e-06,-354.1318629017352,-0.0028306327294558287,2403761579020.091,2431382933926.421,7502313516.0
train_tune_571cc_01214_1214,CNN,0.0042876632235431,0.767331000259072,0.3633066573481263,1.1353808641433716,4.553679943084717,-0.7704746723175049,9.499253064859658e-05,-342.6555602916222,0.043864257633686066,4574432477.690045,4557483838.784815,10725077804.0
train_tune_571cc_01215_1215,CNN,0.0329380252312978,0.8279273385169724,0.5434561069563607,1.216660976409912,5.285000801086426,-0.8898661732673645,9.894413233269006e-05,-322.1951827308397,0.024672560393810272,314727.167542308,314808.95915130386,7776306428.0
train_tune_571cc_01216_1216,CNN,0.0199228824133823,0.7725204096574699,0.4136501499741405,0.9922937750816345,3.0451977252960205,-0.577228307723999,4.784658449352719e-05,-325.27007868727196,0.020732317119836807,55513.601201801066,56446.76781941416,202500516.0
train_tune_571cc_01217_1217,CNN,0.0275156734005695,0.769151065698344,0.4111480906724276,0.67057204246521,2.770663261413574,-0.2429942488670349,5.839518416905776e-05,-342.44918313258165,0.014331096783280373,17187251.92547497,17086733.389288545,17231987076.0
train_tune_571cc_01218_1218,CNN,0.0148456790123456,0.8066487549892513,0.4877644730632844,1.1267520189285278,4.71362829208374,-0.5767846703529358,0.00018686792463995516,-335.13054038258656,0.00898888148367405,9249933.519298311,9157990.456920275,12485404468.0
train_tune_571cc_01219_1219,CNN,0.0140789988267501,0.7901268849104941,0.4451462450631562,0.4532262682914734,1.9395533800125122,-0.09681150317192078,2.5979126803576946e-05,-350.17131142105666,-0.00529901497066021,698460755304.5231,701501003870.5966,33986434900.0
train_tune_571cc_01220_1220,CNN,0.1189866926725531,0.8188022046943625,0.5395030915591664,0.9246735572814941,4.101607322692871,-0.3269687294960022,9.36932337936014e-05,-324.7088129694689,-0.043608590960502625,279693.17426214507,281336.7124803952,13106497276.0
train_tune_571cc_01221_1221,CNN,0.0136168169757215,0.7792865227503744,0.4699919068239673,0.4525301456451416,1.0427217483520508,-0.09940792620182037,2.18633831536863e-05,-344.06085561855457,-0.00964296143501997,7773684660.139324,7709690982.734226,13482433628.0
train_tune_571cc_01222_1222,CNN,0.012439738292011,0.7835725749320454,0.4527418877367936,0.4592645764350891,1.7424449920654297,-0.10734069347381592,2.2410695237340406e-05,-349.53167692019474,0.015345013700425625,2204981005.0414343,2247309909.299755,3854761452.0
train_tune_571cc_01223_1223,CNN,0.0091980091980091,0.764312807932976,0.4114779916854093,0.6323158144950867,2.287627696990967,-0.21615153551101685,4.046789035783149e-05,-353.664043575434,0.030114024877548218,925957275493.6567,926235306236.2104,22769880700.0
train_tune_571cc_01224_1224,CNN,0.0397550773322003,0.7873846492391435,0.5433144029506146,1.7240681648254395,8.306523323059082,-1.3835344314575195,0.0001783307088771835,-321.5138591665315,0.012730170041322708,3887.6622395832665,3887.6622395832665,38911500.0
train_tune_571cc_01225_1225,CNN,0.0478755286436335,0.8115373864995621,0.4840325505597283,0.9336786270141602,2.5069334506988525,-0.5610350966453552,0.00010237496462650597,-325.87330957619776,0.029906805604696274,3159693.5821924135,3208259.2159319567,1552430844.0
train_tune_571cc_01226_1226,CNN,0.0346766856218135,0.7782735743557945,0.4553842913635726,0.3631681203842163,0.7997828722000122,-0.07214602828025818,1.0293128070770763e-05,-341.2272575434219,0.014939723536372185,1695911293.884891,1649647432.6510322,3927143332.0
train_tune_571cc_01227_1227,CNN,0.0422978684315303,0.7925842967252626,0.5604454295320752,1.3492186069488525,6.273688316345215,-0.897101879119873,0.00010473453585291281,-322.06586546382493,-0.007873643189668655,3430.444798028024,3430.444798028024,50559068.0
train_tune_571cc_01228_1228,CNN,0.0140440862184771,0.7793107302872664,0.4242877645101624,0.18724428117275238,0.7470322251319885,-0.015541992150247097,5.999431778036524e-06,-349.66671419373097,-0.0007404633215628564,73555047675.83456,70409066070.24945,14852830060.0
train_tune_571cc_01229_1229,CNN,0.0364712563911158,0.8038055676185,0.5418407671936887,0.8079254627227783,3.6921324729919434,-0.3362993597984314,5.8259225625079125e-05,-329.68451354237743,0.013779204338788986,4242370.22635842,4206369.905076219,2327959852.0
train_tune_571cc_01230_1230,CNN,0.0183032254218088,0.7620166714861171,0.4306105963400897,0.6467249393463135,2.600559949874878,-0.2508162260055542,4.941487713949755e-05,-344.62992105906085,0.04009949043393135,198400183554.48965,196392513860.59546,16274039132.0
train_tune_571cc_01231_1231,CNN,0.0042918454935622,0.7787814024447138,0.4155426587705433,0.1312369704246521,0.5333988070487976,-0.0068778470158576965,3.764091843549977e-06,-373.9670481117978,-0.0006235534092411399,12907174955.785465,12741635166.950338,2262956260.0
train_tune_571cc_01232_1232,CNN,0.0143088216996391,0.7706466054300202,0.4364013210779198,0.5233398675918579,1.9631638526916504,-0.130901500582695,3.496591671137139e-05,-335.27741534555395,-0.0027428283356130123,193580487.6207689,191147568.8800646,6536466076.0
train_tune_571cc_01233_1233,CNN,0.0134828706257277,0.7650154075124161,0.39095560815926,0.3539789617061615,1.3722769021987915,-0.05274210497736931,2.036951991613023e-05,-343.2553441491682,-0.00916729960590601,126607583450.40797,124744703224.56024,11589504420.0
train_tune_571cc_01234_1234,CNN,0.0158333333333333,0.7933097093811418,0.4964019424516543,1.0290770530700684,3.7722043991088867,-0.4648216962814331,9.118477464653552e-05,-326.6443602795944,0.009011294692754745,33893797.83297032,33787527.7894233,1375016588.0
train_tune_571cc_01235_1235,CNN,0.0517876761160784,0.7744566785599399,0.540883395116431,1.416858434677124,5.704196929931641,-1.1699836254119873,0.0002154651447199285,-334.2676991525324,0.03767714649438858,3017343.5787086817,3019974.169361348,1470668412.0
train_tune_571cc_01236_1236,CNN,0.0436597060734602,0.7664141743114695,0.5452945668093049,1.7199294567108154,6.903837203979492,-1.6878867149353027,0.00021951529197394848,-326.162185293697,0.08700986206531525,2483.122405138799,2483.122405138799,14903716.0
train_tune_571cc_01237_1237,CNN,0.0122667161043134,0.7752447835126728,0.4311599146588665,0.2399834245443344,0.7975194454193115,-0.027469292283058167,9.17176566872513e-06,-361.31897093635496,0.00935974158346653,2291540778307.336,2391242431037.707,12854596396.0
train_tune_571cc_01238_1238,CNN,0.0125042354327639,0.8074954204291123,0.4883517337492025,0.9034184813499451,2.3724536895751953,-0.5077841281890869,6.920947635080665e-05,-328.49509478297364,0.037604738026857376,116858.7528585436,116724.18958841944,463834220.0
train_tune_571cc_01239_1239,CNN,0.0188233638172401,0.7892458631895458,0.4976320606719724,0.5089845657348633,1.0856202840805054,-0.1329652965068817,2.0657331333495677e-05,-341.5452175507861,-0.00031369831413030624,659072399.3358977,657027275.6170404,2616482124.0
train_tune_571cc_01240_1240,CNN,0.018373496379934,0.7880622919349038,0.5027934837488296,1.9660253524780273,6.427941799163818,-2.466708183288574,0.00015463787713088095,-337.7225669275599,0.05713842809200287,73195.1523620711,71596.30688645475,55211156.0
train_tune_571cc_01241_1241,CNN,0.0266080371887242,0.7813758481191307,0.4422019585520404,0.476085901260376,1.5124281644821167,-0.09925820678472519,3.2904492400120944e-05,-332.56679529916914,-0.017623722553253174,78060185.75037643,76915665.19235307,2920705268.0
train_tune_571cc_01242_1242,CNN,0.0142116498932601,0.760703205496586,0.4706092984836692,0.2593700587749481,0.8525571823120117,-0.03199068829417229,8.955334124038927e-06,-353.921921585459,0.002586661372333765,985795853558.4084,988498738255.3998,29810566620.0
train_tune_571cc_01243_1243,CNN,0.010438699416943,0.8004919691109939,0.5187804815094491,0.6418802738189697,2.266427755355835,-0.19417570531368256,5.6555923947598785e-05,-328.6884376533261,-0.00337799871340394,7038820.293475976,7040244.547256346,8991077292.0
train_tune_571cc_01244_1244,CNN,0.0215599641012024,0.8258962873703378,0.5364971377873716,1.4883466958999634,6.7560200691223145,-1.2448720932006836,0.00013416449655778706,-325.8980593354479,0.04119199886918068,354236.3877232175,355102.54914571904,9776318428.0
train_tune_571cc_01245_1245,CNN,0.0320876058886457,0.7848251719080661,0.4513842059804245,1.3925457000732422,6.008544921875,-1.154624104499817,0.00015452092338819057,-332.2530654761232,0.04767433553934097,335032477.23298335,338838063.87458205,6619194412.0
train_tune_571cc_01246_1246,CNN,0.0143646363070263,0.7826587222924823,0.4840102823487207,0.7249174118041992,3.1149544715881348,-0.24656054377555847,7.054017623886466e-05,-340.47822549769614,-0.024333175271749496,13104923.534679959,13088717.591776082,11801035988.0
train_tune_571cc_01247_1247,CNN,0.0186127450908587,0.8039330611141451,0.5436422083774614,1.6163887977600098,6.595850944519043,-1.151177167892456,0.00015374200302176178,-325.38422900008703,-0.020976221188902855,5931.769205616129,5931.769205616129,47863324.0
train_tune_571cc_01248_1248,CNN,0.0146289537712895,0.7887348956733958,0.326310958243078,0.15549024939537048,0.43096548318862915,-0.006955391727387905,7.2160473791882396e-06,-365.7359920988851,-8.012354373931885e-05,4605975400439.1455,4622445348338.658,17062637796.0
train_tune_571cc_01249_1249,CNN,0.0516440966868811,0.7871618363671565,0.5254203542944131,0.8119411468505859,3.410823106765747,-0.29428714513778687,6.705905980197713e-05,-324.1555573578605,-0.0030646861996501684,4164751.7094964767,4186487.8635745514,3203956700.0
train_tune_571cc_01250_1250,CNN,0.0189517678083326,0.7777428307721005,0.364130431681831,0.21951352059841156,0.8236086368560791,-0.022266440093517303,7.169086984504247e-06,-355.32465591334096,0.00471025425940752,1382559896169.8684,1411727038672.1814,6217851676.0
train_tune_571cc_01251_1251,CNN,0.0140189003118446,0.772180602380403,0.4038398646216584,0.528302788734436,1.9989371299743652,-0.13719728589057922,3.121410190942697e-05,-350.83986489791755,0.004827359691262245,2231474055.926236,2287954514.5130024,4971011300.0
train_tune_571cc_01252_1252,CNN,0.0083126313777947,0.7891398338981978,0.4920771807939184,0.3021667003631592,0.5099632740020752,-0.024691451340913773,1.44328751048306e-05,-350.236763104913,0.006797541864216328,680824435201.8099,696373543985.5646,7279901116.0
train_tune_571cc_01253_1253,CNN,0.028815976296202,0.7942281236117426,0.4366391953809119,0.6536905169487,2.3050765991210938,-0.2017727941274643,3.6835135688306764e-05,-322.23235684090616,-0.006468900479376316,79131.36998255529,78855.86758719217,1119439372.0
train_tune_571cc_01254_1254,CNN,0.0042901716068642,0.7946989197714579,0.4069953747909702,0.11825989186763763,0.43573519587516785,-0.005185767542570829,5.059966952103423e-06,-372.4613340816692,0.0005015962524339557,1681590751522.214,1672221536221.2153,22830049540.0
train_tune_571cc_01255_1255,CNN,0.0729536814370609,0.8023933122004568,0.4722240113178808,0.9661988019943237,2.6890368461608887,-0.6209261417388916,6.697209755657241e-05,-337.62267365547496,0.029954122379422188,305641331.59961414,307285885.9204327,4952116980.0
train_tune_571cc_01256_1256,CNN,0.0313507587223008,0.7850918682407623,0.4946039580727477,0.9794900417327881,3.5755109786987305,-0.557338535785675,0.0001098024076782167,-347.0511771744159,0.03164544329047203,754465992.7487917,744670739.4893029,11720269460.0
train_tune_571cc_01257_1257,CNN,0.0392549232874261,0.8214565028928638,0.5163859442159845,0.9214985370635986,3.5585458278656006,-0.361860990524292,0.00020963333372492343,-332.1337416707695,-0.013443958945572376,3618312.0016705925,3684049.8527868753,5064280844.0
train_tune_571cc_01258_1258,CNN,0.0842267706672977,0.8276956307281612,0.5511382642327164,2.2242679595947266,7.650784492492676,-2.309583902359009,0.00021706570987589657,-328.62985313079844,-0.0037535056471824646,6003.179089034382,6003.179089034382,20374732.0
train_tune_571cc_01259_1259,CNN,0.0089133051983223,0.7721215695573199,0.5294872438885355,1.5916810035705566,2.431610584259033,-2.235088586807251,0.00023751831031404436,-363.15581604227236,0.10064168274402618,63793.79602723796,64051.67066695304,54584884.0
train_tune_571cc_01260_1260,CNN,0.050007368311707,0.8323789131450988,0.5259636370095894,0.8012130260467529,3.3168773651123047,-0.32084035873413086,4.7617810196243227e-05,-326.21446940754623,-0.009246796369552612,158535.7209141495,157595.14963013673,3123731292.0
train_tune_571cc_01261_1261,CNN,0.0492966460126408,0.7618227875408404,0.4406733345091123,0.24170148372650146,0.9520851969718933,-0.024892371147871017,7.593358077429002e-06,-335.8157883016044,-0.0067977565340697765,21137332823.087357,21460997563.52195,5548443668.0
train_tune_571cc_01262_1262,CNN,0.0056159417142699,0.7867957371748112,0.4338960099891586,1.0068528652191162,3.8659543991088867,-0.5796234607696533,8.948223694460467e-05,-364.33603205840507,0.024541260674595833,7599162136.987625,7636199191.093254,12668656964.0
train_tune_571cc_01263_1263,CNN,0.0889252373191811,0.7357828423460115,0.4071339574508427,0.33179137110710144,1.0006862878799438,-0.04965934902429581,1.0784385267470498e-05,-343.5006461299714,-0.0030006994493305683,104155717072.78519,104767688231.87172,10466967780.0
train_tune_571cc_01264_1264,CNN,0.0170337152644936,0.8121731635183721,0.4919360398674582,1.1998306512832642,5.929381370544434,-0.5789659023284912,0.00010601908434182405,-321.7639467909595,-0.036884285509586334,4432.7115940990425,4432.7115940990425,90206252.0
train_tune_571cc_01265_1265,CNN,0.0138964717707074,0.7983078095652988,0.5348510126166756,0.867551326751709,3.793649196624756,-0.3085101842880249,8.528608304914087e-05,-334.2378750335115,-0.019227050244808197,10589927.02599883,10562045.8301128,5751169308.0
train_tune_571cc_01266_1266,CNN,0.0298572262851434,0.7800203849130035,0.4880090947803644,0.48333293199539185,1.8942910432815552,-0.10988970845937729,2.2201502360985614e-05,-357.4782354736138,-0.0011880139354616404,23873499338924.023,24107006689640.39,28544848980.0
train_tune_571cc_01267_1267,CNN,0.0182314864303105,0.8117067263048647,0.4289013827195105,1.4511196613311768,6.256547451019287,-1.2443116903305054,8.995397365652025e-05,-325.82746097623726,0.058775752782821655,5088.183527613535,5088.183527613535,88532492.0
train_tune_571cc_01268_1268,CNN,0.0571084907192992,0.7824060117523363,0.5367424147641381,1.6569899320602417,6.36945915222168,-1.7229022979736328,0.000143795958138071,-323.4342846116303,0.09210240840911865,2648.207201571143,2648.207201571143,19247228.0
train_tune_571cc_01269_1269,CNN,0.0088327809438077,0.8035917293316039,0.498068115698895,0.6034250259399414,2.2370400428771973,-0.1558535099029541,4.8603171308059245e-05,-336.3333457561577,-0.011052468791604042,276634790.3754932,282004569.13290167,12631588316.0
train_tune_571cc_01270_1270,CNN,0.0130161896114592,0.7521773989256716,0.4623881324279589,1.1018952131271362,1.6774141788482666,-1.0859308242797852,9.650544234318659e-05,-333.6843795367526,0.0642714649438858,12724966.541670911,13278696.208445434,1296341540.0
train_tune_571cc_01271_1271,CNN,0.0166384308581904,0.7995672376561226,0.5441290399356541,1.3553576469421387,5.8649678230285645,-0.9582473635673523,0.0001105350602301769,-324.2053580876709,0.027760302647948265,2440.7984144334223,2440.7984144334223,25843972.0
train_tune_571cc_01272_1272,CNN,0.0186345936571068,0.8147627498289761,0.4115059050904113,1.3500734567642212,6.217280387878418,-1.0362274646759033,0.0002524190931580961,-329.04151532863443,0.034651920199394226,571527.2047239178,572477.1515596677,18741465612.0
train_tune_571cc_01273_1273,CNN,0.009802833716175,0.8107973802863254,0.5713589810350382,1.950117588043213,8.471233367919922,-2.568248987197876,0.00029467674903571606,-353.6135016637541,0.10727380961179733,1983986.7919460954,2068436.255820135,1998160860.0
train_tune_571cc_01274_1274,CNN,0.0531476243454086,0.8259518721490403,0.4790639916432042,0.7774534821510315,3.4660375118255615,-0.3221115469932556,5.3776348067913204e-05,-355.89859295382973,0.0183839350938797,20310109.03649334,20120311.535540037,2705003004.0
train_tune_571cc_01275_1275,CNN,0.0140440862184771,0.785453470852016,0.491309286637047,0.7506697177886963,2.5846543312072754,-0.32529810070991516,4.63766155007761e-05,-326.6176149707169,0.04316786676645279,198700381.24513766,199520053.75662374,16516388876.0
train_tune_571cc_01276_1276,CNN,0.0331414140020274,0.811030815411157,0.4864474559436456,1.1662564277648926,4.7047247886657715,-0.7062631845474243,0.00010628288146108389,-330.475836157064,0.014721224084496498,392975.6661736184,395894.4965823203,7261719532.0
train_tune_571cc_01277_1277,CNN,0.0129194428843361,0.8032424747391601,0.536200981311386,1.2779290676116943,5.753117084503174,-0.8055863380432129,0.00010710320202633739,-323.21286723486594,0.008584000170230865,3430.900111622383,3430.900111622383,53152412.0
train_tune_571cc_01278_1278,CNN,0.0152292299898682,0.7686477093193912,0.3751843690116325,0.6921333074569702,2.0924863815307617,-0.2886102795600891,7.881782948970795e-05,-353.31533254837103,0.010079286061227322,13121767129.651836,13214265707.248335,11098990628.0
train_tune_571cc_01279_1279,CNN,0.0128158231700719,0.8315068465836616,0.5448442740295598,1.2444908618927002,5.63623571395874,-0.8745980858802795,9.42964616115205e-05,-325.50184458004617,0.026298657059669495,343701.6717650472,342218.66414350836,8969107748.0
train_tune_571cc_01280_1280,CNN,0.0128486092821241,0.8004096996058516,0.4121661117753274,0.8870582580566406,4.008774280548096,-0.40015479922294617,5.747390241594985e-05,-325.1108737783022,-0.0011526374146342278,163413.84294350984,164032.3486730978,3095729196.0
train_tune_571cc_01281_1281,CNN,0.0209903319538695,0.7829982589495645,0.4120652106537913,0.5530577301979065,2.1219351291656494,-0.1609799861907959,3.7962621718179435e-05,-352.73077443395937,0.010561268776655197,432031423244.84015,426185157474.1069,13529007548.0
train_tune_571cc_01282_1282,CNN,0.0119325566362815,0.7708029144684807,0.4329247892961633,0.5231260061264038,1.9324400424957275,-0.13884860277175903,3.157488026772626e-05,-349.9941398282506,0.008325726725161076,7639719205.676928,7649493955.521652,7068226420.0
train_tune_571cc_01283_1283,CNN,0.0118408612686022,0.7980553247643747,0.4558904182764701,1.0143376588821411,2.485912799835205,-0.7769373655319214,8.601310400990769e-05,-350.44805486959746,0.05329427868127823,180485697.40047702,181760699.55166706,8255657844.0
train_tune_571cc_01284_1284,CNN,0.0149865414028418,0.7936841441861128,0.5108699662625679,0.6453365087509155,2.6333611011505127,-0.22792014479637146,3.435067628743127e-05,-343.93823077958973,0.01607273332774639,8783795090.975231,8563231056.710468,8219366804.0
train_tune_571cc_01285_1285,CNN,0.0237882547411299,0.7860518433318987,0.3996034447478937,0.1554158329963684,0.5258185863494873,-0.009457681328058243,5.932814019615762e-06,-360.23111125247203,0.0016610140446573496,892000664653.1614,899142455808.4204,6681575188.0
train_tune_571cc_01286_1286,CNN,0.009899170467567,0.7913211911222041,0.4753623017478479,0.4392528533935547,1.7763566970825195,-0.09749782085418701,2.3167487597675063e-05,-336.7059925758803,-0.003819093806669116,6338135.364831235,6210504.444504759,3867105644.0
train_tune_571cc_01287_1287,CNN,0.0146441581868186,0.8031871562072443,0.5290911751313091,0.8518556952476501,2.133909225463867,-0.4645500183105469,5.895073991268873e-05,-341.4508710784179,0.028845399618148804,4114626438.9175177,4071414652.466403,5935753556.0
train_tune_571cc_01288_1288,CNN,0.0166561677264942,0.8067929608847875,0.5448017071495453,1.0028924942016602,3.983154773712158,-0.5405319333076477,0.0002073681534966454,-356.16155509185154,0.011581853032112122,381811767.097873,379598412.1301261,11751989292.0
train_tune_571cc_01289_1289,CNN,0.0175969788509,0.7802176674238712,0.454952326302688,0.4462851285934448,1.8886417150497437,-0.09863851219415665,2.1148011001059785e-05,-353.36386096434796,0.002783270785585046,420554240444.3064,413434040574.6365,10738032204.0
train_tune_571cc_01290_1290,CNN,0.0159348849522888,0.7574111581457014,0.4437114961740379,0.32263466715812683,0.9159644842147827,-0.04806371033191681,9.32343118620338e-06,-343.1491036558857,-0.004127715714275837,132189328737.9248,134437884129.20486,9869446276.0
train_tune_571cc_01291_1291,CNN,0.0176650130284659,0.7556128944149304,0.3961820573526364,0.4320269823074341,1.5835559368133545,-0.08456216752529144,1.56243968376657e-05,-342.631303498607,-0.0028325156308710575,12107298263.551472,12133504612.229916,16802424156.0
train_tune_571cc_01292_1292,CNN,0.0140440862184771,0.7981842400749413,0.3534429863095691,0.32921481132507324,1.3185738325119019,-0.05425604432821274,1.4484387975244317e-05,-371.4020593373943,0.005973362363874912,52977355105334.28,52573139015059.94,36495409156.0
train_tune_571cc_01293_1293,CNN,0.0258804256309024,0.8024759942258926,0.514706331583383,1.1635161638259888,4.398654937744141,-0.7500024437904358,0.00011606451880652457,-325.91577077669,0.005217245779931545,7937012.242861737,7865191.620156192,7740740716.0
train_tune_571cc_01294_1294,CNN,0.0183803132290863,0.7643124030283756,0.4706634733681454,0.4303181767463684,1.490222692489624,-0.09281468391418457,1.69197483046446e-05,-335.69988738948734,0.00831339880824089,272221117.4975494,271853524.34098446,8991727652.0
train_tune_571cc_01295_1295,CNN,0.0089255421112076,0.7921336678357079,0.4247342775660322,0.2862975299358368,0.8273038268089294,-0.03773878514766693,5.871126631973311e-06,-362.1963169104763,0.0058119650930166245,8868513537.80827,8845574558.656464,16846497124.0
train_tune_571cc_01296_1296,CNN,0.0182059145004284,0.7826342008483924,0.4546290555926927,0.43479686975479126,1.1877652406692505,-0.08937805891036987,2.606254565762356e-05,-330.1056419737364,-0.011790862306952477,2632862330.7259407,2602688376.7476177,10034761212.0
train_tune_571cc_01297_1297,CNN,0.0134828706257277,0.7836451541679739,0.4418924918408502,0.6394338011741638,2.543668270111084,-0.20368055999279022,5.250694084679708e-05,-338.22898601239456,0.005291295237839222,619979732.9897182,622460642.0670128,16615566044.0
train_tune_571cc_01298_1298,CNN,0.0146289537712895,0.7823504693650021,0.4291236412796008,0.1445799320936203,0.558890163898468,-0.007778005674481392,4.787920261151157e-06,-360.26089840090117,-0.004964685998857021,1268793165405.2065,1201941323720.4487,13026244388.0
train_tune_571cc_01299_1299,CNN,0.0400684247125876,0.7582981872389113,0.3243419923100689,0.46749764680862427,1.5414247512817383,-0.10783523321151733,3.2953852496575564e-05,-335.5800604432293,0.0029459737706929445,318758337066.6031,326341439354.09546,16633595300.0
train_tune_571cc_01300_1300,CNN,0.0300440459191173,0.8087381938854664,0.4227780092697524,1.668097972869873,6.591954231262207,-1.2395987510681152,0.00020601967116817832,-326.4370170631653,0.009456954896450043,5992.742639000735,5992.742639000735,53971900.0
train_tune_571cc_01301_1301,CNN,0.0103825347780765,0.8020815326941316,0.400137995553029,1.043238878250122,3.3504626750946045,-0.6855242252349854,0.00013121125812176615,-361.70818676970583,0.025482719764113426,5828298328.294626,5794507935.374828,3238961308.0
train_tune_571cc_01302_1302,CNN,0.0742572665954257,0.8153839299825499,0.5031246067900743,1.3585201501846313,5.401003837585449,-1.0103240013122559,6.444061727961525e-05,-324.83741812477194,0.04935552179813385,4543.068536724002,4543.068536724002,62497292.0
train_tune_571cc_01303_1303,CNN,0.0141555883801083,0.7684271919239453,0.2696113987335703,0.2988739311695099,1.1444264650344849,-0.0406920462846756,8.523826181772165e-06,-338.3645040650855,-0.0010007924865931273,43855307.54366959,45107963.32771933,2035964612.0
train_tune_571cc_01304_1304,CNN,0.0242447654745989,0.7940907504990565,0.511981496671131,0.871845006942749,3.7796759605407715,-0.4411952793598175,8.560484275221825e-05,-338.82658036257897,0.02962978556752205,1125546595.7596414,1134838138.5906425,37420024268.0
train_tune_571cc_01305_1305,CNN,0.0364291077889275,0.7949091564579643,0.454890929095503,1.11021089553833,4.008833408355713,-0.6873632669448853,7.429976540151983e-05,-378.04837881060797,0.0403880700469017,235657655.52788204,236163916.1261637,16543652260.0
train_tune_571cc_01306_1306,CNN,0.0532917309243324,0.8061070230572166,0.531119652307619,1.0582835674285889,4.76474666595459,-0.5740373730659485,7.753151294309646e-05,-328.35164168785013,-0.0032012262381613255,3932549.0792272706,3920670.6984079815,2378076540.0
train_tune_571cc_01307_1307,CNN,0.0616634396911265,0.8189198210640624,0.5278269358947517,0.8157181739807129,3.146963357925415,-0.37725862860679626,6.316497456282377e-05,-329.5507691592603,0.010594263672828674,9804698.637678124,9800128.912572233,8312579044.0
train_tune_571cc_01308_1308,CNN,0.028011782181625,0.8028585186162526,0.5253151377240756,1.6212859153747559,7.432554244995117,-1.3446143865585327,0.00012682734814006835,-321.4191091117298,0.02060510963201523,4522.91096595455,4522.91096595455,57875932.0
train_tune_571cc_01309_1309,CNN,0.0142952938307729,0.7727346150141248,0.4372438495225413,0.33565211296081543,1.3000720739364624,-0.055528029799461365,1.6437072190456092e-05,-343.51282324146496,0.007671688683331013,415509659200.64197,418159844657.1301,21591829340.0
train_tune_571cc_01310_1310,CNN,0.0484283687109894,0.8229455339733186,0.4778214873230588,1.615976333618164,6.344417095184326,-1.511896014213562,0.00015749594604130834,-327.37624375593987,0.04946461319923401,4754.579509666439,4754.579509666439,53376124.0
train_tune_571cc_01311_1311,CNN,0.0482869091231069,0.8108352103115447,0.4645424376323279,1.439576268196106,6.720859050750732,-1.1034495830535889,9.097217116504908e-05,-322.5415186899596,0.025273162871599197,4801.629503119298,4801.629503119298,89347676.0
train_tune_571cc_01312_1312,CNN,0.0129131288409849,0.7871802397329181,0.5073285124103769,1.4261000156402588,5.151227951049805,-1.2941052913665771,0.00012660212814807892,-336.481044755755,0.045798301696777344,48949.03004686986,48690.792455036535,73137212.0
train_tune_571cc_01313_1313,CNN,0.0139713865122825,0.8057496995508032,0.4115764053724775,0.5313360691070557,2.032954216003418,-0.11179888993501663,3.1754061637911946e-05,-342.9882105483156,-0.01886882074177265,19774570006.32665,19732805538.494167,19093011276.0
train_tune_571cc_01314_1314,CNN,0.0501011172833127,0.7943024769565247,0.5593178258106216,1.5732994079589844,6.663857460021973,-1.274336576461792,0.00010064752132166177,-326.81847579671035,0.0015665898099541664,2774.4384000775744,2774.4384000775744,22501116.0
train_tune_571cc_01315_1315,CNN,0.0098074326573374,0.8132632751852485,0.4910270270471596,1.1241295337677002,3.3040719032287598,-0.8441851139068604,7.198230741778389e-05,-332.6409490908138,0.038923751562833786,114074.35697982452,113335.0437394986,308672076.0
train_tune_571cc_01316_1316,CNN,0.0213987886121679,0.8204385955906721,0.5533016256815305,0.9990555644035339,4.2111077308654785,-0.5625281929969788,7.359527080552652e-05,-327.58772423427314,0.022560901939868927,228955.34414523994,230885.92214673752,4879876276.0
train_tune_571cc_01317_1317,CNN,0.0182193432230584,0.8086345186451415,0.5034386891651358,0.7407407760620117,2.6494600772857666,-0.2596430778503418,7.703467417741194e-05,-331.0896929711807,0.006465215235948563,240111165.26859486,231224025.43843728,6920057908.0
train_tune_571cc_01318_1318,CNN,0.031003769842649,0.8013800743532942,0.5359164382945246,1.1602551937103271,4.687407493591309,-0.8979417085647583,0.00013488257536664605,-329.2475088926923,0.056401267647743225,5586676.29572296,5528816.810522199,2735232196.0
train_tune_571cc_01319_1319,CNN,0.0185531461231148,0.8220428172592125,0.5153222873951814,0.8000231385231018,3.140658378601074,-0.3546995520591736,3.609284249250777e-05,-328.0079765878545,0.02228279411792755,218170.6612185858,218476.40497893566,3983693564.0
train_tune_571cc_01320_1320,CNN,0.014790897908979,0.7873675595334757,0.3919448693233477,0.5070762038230896,2.0712502002716064,-0.11259599030017853,2.964164195873309e-05,-337.26954315113835,-0.0064275432378053665,8405078324.338638,8821542972.207191,9401922092.0
train_tune_571cc_01321_1321,CNN,0.0364709002144122,0.8103148497893035,0.475457097721282,1.4816937446594238,6.807023525238037,-1.085178256034851,0.00012580341717693955,-323.65656279895643,0.003916816785931587,6024.636313689323,6024.636313689323,104876700.0
train_tune_571cc_01322_1322,CNN,0.0151326020468671,0.8039335661846665,0.5291248909771639,0.8753080368041992,2.941751718521118,-0.38313645124435425,0.00011961549171246588,-328.11420804518104,-0.011371128261089325,7696068.629615895,7707398.713048491,6943587644.0
train_tune_571cc_01323_1323,CNN,0.0142952938307729,0.7712778595791882,0.4693340868898488,0.483345627784729,1.9502538442611694,-0.1293298304080963,2.882103217416443e-05,-344.9123415066913,0.023738011717796326,88507732428.92957,87461040821.21774,14982885236.0
train_tune_571cc_01324_1324,CNN,0.0081678636811716,0.7745276115774081,0.4123618434272564,1.377863883972168,5.569357395172119,-1.2788569927215576,0.0001324174227192998,-325.68667793597524,0.06645774841308594,4272828.9156648,4285204.875249391,4867590372.0
train_tune_571cc_01325_1325,CNN,0.0056375064299588,0.788172298438758,0.4584202905190929,0.48684701323509216,1.548437476158142,-0.11345213651657104,3.5947217838838696e-05,-350.3517489074841,-0.0009558229940012097,10686366849.06209,10648077059.022724,6766000140.0
train_tune_571cc_01326_1326,CNN,0.0133782806121785,0.7863688722448458,0.5104848180969205,1.2182707786560059,5.058850288391113,-0.5884158611297607,0.00016809366934467107,-342.14788709953854,-0.003046770580112934,37169760.75336474,37515872.4697337,23237260988.0
train_tune_571cc_01327_1327,CNN,0.0517037253093944,0.8171666605409097,0.4831550143652443,1.7925844192504883,6.689298629760742,-1.912735104560852,0.00021466161706484854,-324.0373701104294,0.039456769824028015,146965.5173077372,147723.74222180247,1165618668.0
train_tune_571cc_01328_1328,CNN,0.0496245932712209,0.8056137422641266,0.476041907937222,1.3710951805114746,3.373887538909912,-1.7433974742889404,0.00018058414570987225,-331.17169635307187,0.08029484748840332,148521.0277561851,147432.98788125647,391534148.0
train_tune_571cc_01329_1329,CNN,0.0541754032257365,0.8191742040300348,0.4428597454205237,1.8028745651245117,7.565718650817871,-1.6540498733520508,0.00014664576156064868,-323.98220465985133,0.0024815257638692856,5603.305804068628,5603.305804068628,52562732.0
train_tune_571cc_01330_1330,CNN,0.0753157191614977,0.812244730013627,0.5398625794881121,0.7458198666572571,2.8429970741271973,-0.27244365215301514,2.7698606572812423e-05,-326.41177274266533,-0.002398616634309292,184236.83221266457,184125.09219924745,2356511892.0
train_tune_571cc_01331_1331,CNN,0.0140705128205128,0.7536185019298323,0.385196450101837,0.6059237718582153,2.2943310737609863,-0.19696813821792603,4.6901557652745396e-05,-342.6041152496457,0.01624663919210434,465234498240.69617,465548252951.7468,16286329892.0
train_tune_571cc_01332_1332,CNN,0.0143033438447275,0.8124873289311941,0.4715539962084449,0.30764150619506836,1.1504873037338257,-0.04404403269290924,1.067514494934585e-05,-349.0029829331023,0.004974229261279106,40576016940.39875,40514170722.851105,36810358780.0
train_tune_571cc_01333_1333,CNN,0.0156392248666926,0.7805065875179117,0.4165261451388831,0.7514910697937012,3.3327221870422363,-0.226498082280159,9.284394036512822e-05,-334.52253714205216,-0.01746843382716179,7723514.255469107,7703158.792069441,4875961220.0
train_tune_571cc_01334_1334,CNN,0.0275617065263836,0.7681676931009579,0.4256855657105518,0.6473726630210876,1.9951372146606445,-0.16065774857997894,5.857985888724215e-05,-341.96555520096376,-0.027379166334867477,6420228534.935253,6216070152.5849085,9547105900.0
train_tune_571cc_01335_1335,CNN,0.0138172556510665,0.798746806667109,0.4005941646366599,0.3935587406158447,1.5319015979766846,-0.0721367597579956,9.625398888601921e-06,-355.5960516268236,-0.002441096818074584,21786503.665651545,21634943.299489338,538953932.0
train_tune_571cc_01336_1336,CNN,0.0045679367620212,0.7867266869315755,0.4513397177834823,1.210029125213623,4.196455001831055,-1.1733099222183228,0.00010864858631975949,-341.79604480507095,0.09368136525154114,6217674123.314468,6437519746.835558,4625026156.0
train_tune_571cc_01337_1337,CNN,0.021674772532156,0.7858635144180085,0.4773234117152873,0.44249051809310913,1.5705519914627075,-0.0852665975689888,2.3940106984809972e-05,-343.74442406847936,-0.007917828857898712,35279043601.16258,35574731023.45514,29435144676.0
train_tune_571cc_01338_1338,CNN,0.0152368835574942,0.7730086079883979,0.3940462198008794,0.4895552396774292,2.1497387886047363,-0.12070814520120621,2.7433366994955577e-05,-336.29781925966086,0.002522445749491453,12697545520.446249,12756272452.74775,16993672956.0
train_tune_571cc_01339_1339,CNN,0.0182904629958593,0.814411040569711,0.5338067425210691,1.2371206283569336,5.557318687438965,-0.6953015327453613,0.00020208813657518476,-327.4026735643091,-0.004198842216283083,427691.5065729228,431613.11364758783,6112710092.0
train_tune_571cc_01340_1340,CNN,0.0182314864303105,0.8101742764445438,0.4619393142532735,0.5597078204154968,1.6423044204711914,-0.14697758853435516,3.5005818062927574e-05,-340.4873214830325,-0.005941872950643301,8158187441.169752,8067285110.522984,17483266084.0
train_tune_571cc_01341_1341,CNN,0.0445605491685759,0.7927973586895884,0.4914534640631889,1.292332649230957,6.357873916625977,-0.7616224884986877,0.00013475274317897856,-322.84596199647353,-0.013723630458116531,3883.3644829803334,3883.3644829803334,73817812.0
train_tune_571cc_01342_1342,CNN,0.0136892539356605,0.8008980046376452,0.4525597278916529,0.3264642059803009,1.3281641006469727,-0.05212138965725899,8.87587339093443e-06,-379.34903223232436,0.006789552979171276,356450785180.69196,352658121116.4049,23099196868.0
train_tune_571cc_01343_1343,CNN,0.0198474861610454,0.7440038493234299,0.4022625373286319,0.18907107412815094,0.462978720664978,-0.01019449345767498,6.358429800457088e-06,-341.9570826398573,-0.002424599602818489,7732466480.676678,6400250483.810814,10158342388.0
train_tune_571cc_01344_1344,CNN,0.0690830521017294,0.7808388216036746,0.5754276472735033,1.9825698137283325,8.877569198608398,-2.2692201137542725,0.00021183714852668345,-322.15588836946154,0.10124960541725159,4725.960495003928,4725.960495003928,34903148.0
train_tune_571cc_01345_1345,CNN,0.0230883833728907,0.7980435626195561,0.4737572939580138,1.7256507873535156,6.162606716156006,-1.9308583736419678,0.0001432748686056584,-327.6474727406008,0.06379151344299316,5119.215930445533,5119.215930445533,40367372.0
train_tune_571cc_01346_1346,CNN,0.0207272867069074,0.7585752364105932,0.4763003038107341,0.4565203785896301,1.6353390216827393,-0.09175996482372284,2.7389798560761847e-05,-333.1327841492624,-0.002550391247496009,187708788.28447652,186165268.16605276,7249483772.0
train_tune_571cc_01347_1347,CNN,0.0197136068837089,0.7643335096188677,0.3212371000794291,0.16373923420906067,0.6568399667739868,-0.011381713673472404,5.134842012921581e-06,-347.0088953700571,-0.0010268157348036766,6651276801599.219,6577505168896.998,20352012308.0
train_tune_571cc_01348_1348,CNN,0.0170917893264623,0.8013926350188537,0.482349068772304,2.0637776851654053,6.390777111053467,-3.0180788040161133,0.00018703781825024635,-330.25559297381017,0.1377570629119873,3630.3060978117055,3630.3060978117055,12274460.0
train_tune_571cc_01349_1349,CNN,0.0222911808334003,0.7667869536554145,0.351084016380669,0.2216971069574356,0.8091916441917419,-0.020961450412869453,1.3539711289922707e-05,-356.2158557164444,-0.005122742149978876,20092978030589.836,19762314334251.297,19332851660.0
train_tune_571cc_01350_1350,CNN,0.0091980091980091,0.7641121555081517,0.4359058309965102,0.24264925718307495,1.0514891147613525,-0.027769243344664574,8.806905498204287e-06,-345.78163921960663,-0.004322843626141548,8996458192.035883,8928831922.573135,14275876764.0
train_tune_571cc_01351_1351,CNN,0.014636966709269,0.8207394355973353,0.4791223516240839,0.26946455240249634,0.836677074432373,-0.032448433339595795,8.277964298031293e-06,-389.90946285450974,-0.0007522866362705827,9628246853860.744,9804582258700.947,12170870332.0
train_tune_571cc_01352_1352,CNN,0.0091980091980091,0.7703203413091168,0.4303883480846522,0.6854745149612427,2.917769193649292,-0.25228655338287354,4.529046782408841e-05,-333.9673868208274,0.018872760236263275,129757301.7717922,130834113.50760894,3249591260.0
train_tune_571cc_01353_1353,CNN,0.0082699619771863,0.7858626598892138,0.4407888218541635,0.16637901961803436,0.5688616633415222,-0.009973766282200813,4.237941993778804e-06,-360.9639603961803,-0.0017742105992510915,4228651916565.6978,4286256073186.401,13294944716.0
train_tune_571cc_01354_1354,CNN,0.0277210207742087,0.816642810384565,0.5510420476359229,0.7764920592308044,3.1458635330200195,-0.26341333985328674,3.8248064811341465e-05,-327.72051728839983,-0.027261827141046524,197146.13669719646,196720.28888544097,5541424644.0
train_tune_571cc_01355_1355,CNN,0.0515624596361249,0.8304680583768763,0.5191877046167015,1.2997736930847168,5.865143775939941,-0.8792863488197327,0.00012677352060563862,-322.55024624806447,-0.00271253427490592,189489.6696067833,191162.20651102543,7442720636.0
train_tune_571cc_01356_1356,CNN,0.0128347507349626,0.7961803130758444,0.5071387074328084,0.5532046556472778,2.11706280708313,-0.1480783075094223,3.230696529499255e-05,-336.27339452453316,0.005782846827059984,357765748.74407744,348584278.61592054,14077672716.0
train_tune_571cc_01357_1357,CNN,0.014835199595116,0.7918768000389478,0.4875551540966263,0.5559816956520081,2.193553924560547,-0.17553630471229553,3.070396633120254e-05,-355.8192851602035,0.0215341504663229,12954961292.860632,13089997927.383907,11426308740.0
train_tune_571cc_01358_1358,CNN,0.0140466593379748,0.7732851940045617,0.3280616707692486,0.6202720403671265,2.4513843059539795,-0.23211616277694702,4.153447662247345e-05,-350.4958239492425,0.03601890057325363,5358796319.212025,5370849185.059776,9439611348.0
train_tune_571cc_01359_1359,CNN,0.056053100073414,0.8185817699844938,0.5734485505926471,1.4121105670928955,6.167068004608154,-1.321709394454956,0.00016657114611007273,-324.60628947699104,0.057239048182964325,128980.83009703059,124505.65716695267,2445807828.0
train_tune_571cc_01360_1360,CNN,0.0182861929472319,0.8052649681548064,0.3497468688987965,0.15299072861671448,0.58187335729599,-0.009430544450879097,7.532563358836342e-06,-366.67779489381746,-0.003323337296023965,3287790797810.351,3314400775798.978,5638689140.0
train_tune_571cc_01361_1361,CNN,0.0100653284804286,0.7779451279841821,0.4526752795828019,0.5035476684570312,1.8558634519577026,-0.13158303499221802,2.8093518267269246e-05,-337.1792518204774,0.015639446675777435,5457172707.984278,5519695033.292819,12654026124.0
train_tune_571cc_01362_1362,CNN,0.0152368835574942,0.7816331609170505,0.3794631840864693,0.23193605244159698,0.3699244260787964,-0.009398860856890678,1.2300489288463723e-05,-359.6560734755872,0.001995045691728592,768324196.9451761,767049254.3255498,3296918636.0
train_tune_571cc_01363_1363,CNN,0.0082699619771863,0.8053411521147912,0.5455836544205579,0.6418909430503845,2.623570442199707,-0.19765084981918335,4.3804204324260354e-05,-324.107770066798,0.012635305523872375,4089115.273079262,4149329.023437853,4519054892.0
train_tune_571cc_01364_1364,CNN,0.0812067193689135,0.8177226486955327,0.4729225222894098,0.7972773313522339,3.0877954959869385,-0.3595049977302551,5.828090797876939e-05,-375.8274824286533,0.026894424110651016,111546750.71179992,111492779.90281424,6605844428.0
train_tune_571cc_01365_1365,CNN,0.0610436505261197,0.7717009347983739,0.5009526099142024,1.7542248964309692,6.921774864196777,-1.695671558380127,0.00017289427341893315,-323.8980429120853,0.07975572347640991,2830.250732012386,2830.250732012386,15511508.0
train_tune_571cc_01366_1366,CNN,0.0019294281797142,0.7849590433311785,0.4199453409985223,0.2091064155101776,0.8415220975875854,-0.020066456869244576,7.829509740986396e-06,-407.34285485769556,0.0021475087851285934,11244301455912.041,11378125105428.777,10434438420.0
train_tune_571cc_01367_1367,CNN,0.0499752279864025,0.7697484267920697,0.4736560972027925,0.6503022909164429,2.772653102874756,-0.21823543310165405,5.555294774239883e-05,-339.5143578202111,0.00316462479531765,412392550.0741726,412159255.0128083,7201318500.0
train_tune_571cc_01368_1368,CNN,0.0093763079205464,0.8114473992513846,0.4760940195383806,0.21019622683525085,0.8453673124313354,-0.018429649993777275,5.942578354733996e-06,-340.0110343485155,-0.008481506258249283,40438024.0973233,40411685.396443024,12028634428.0
train_tune_571cc_01369_1369,CNN,0.0249673559711083,0.8064214666188615,0.5001618893947547,0.8108713626861572,3.3105690479278564,-0.3301149606704712,4.8590274673188105e-05,-326.9552737646036,0.0004358491860330105,302454.36665314785,301311.5950372736,7769787132.0
train_tune_571cc_01370_1370,CNN,0.0073850409906978,0.7886707398871923,0.5075911950678894,1.2440059185028076,4.954026222229004,-0.9629606008529663,0.00013480112829711288,-338.4907062326351,0.06529034674167633,16053412.144939292,16193346.427829027,7690870788.0
train_tune_571cc_01371_1371,CNN,0.0181447113882134,0.7556100962903248,0.4385096493154329,0.48494964838027954,1.8246420621871948,-0.11995010077953339,2.3702512407908216e-05,-338.7493256146532,0.010262317955493927,22249627453.28086,22011825013.22132,28821718996.0
train_tune_571cc_01372_1372,CNN,0.0314611368135094,0.8170976876661972,0.4571998224853196,0.8324812650680542,3.6781513690948486,-0.3272872269153595,7.35932044335641e-05,-328.0773833764149,-0.016220465302467346,307646.52893730847,307149.48281069135,7332962508.0
train_tune_571cc_01373_1373,CNN,0.0091980091980091,0.7657419259473239,0.3923009078641494,0.34478044509887695,0.7436288595199585,-0.05337778106331825,1.4136034224065952e-05,-334.84145774243575,0.013233243487775326,880440771.7069955,888820980.7786245,4483971716.0
train_tune_571cc_01374_1374,CNN,0.0165553356757266,0.7846913008208157,0.3888660827628685,0.45721468329429626,1.3856843709945679,-0.11335420608520508,3.028079299838282e-05,-359.0477776324642,0.011718014255166054,7463433900.897984,7758137057.564575,13016302052.0
train_tune_571cc_01375_1375,CNN,0.0134977605988097,0.7830940919377235,0.4189629439904568,0.6191143989562988,2.5756642818450928,-0.16049185395240784,4.52376261819154e-05,-365.62231720157615,-0.017052561044692993,30841819572.158443,34072918810.36342,18190058932.0
train_tune_571cc_01376_1376,CNN,0.0245749576320955,0.824104908293903,0.4306821864000833,0.8726943731307983,1.7969180345535278,-0.6403705477714539,5.2227082051103935e-05,-331.6383409411036,0.06929884850978851,76343.42726424195,75839.23523019499,444086876.0
train_tune_571cc_01377_1377,CNN,0.0048067734428398,0.7287980764521823,0.438597758830316,0.5334678888320923,1.9379782676696777,-0.1467420905828476,3.786938759731129e-05,-356.8604891782721,0.009746778756380081,5369152989930.227,4976543575739.148,9790635572.0
train_tune_571cc_01378_1378,CNN,0.0184743948476112,0.7989292718962518,0.5348896988692918,1.3710657358169556,6.027805328369141,-1.066612720489502,9.426362521480769e-05,-322.53416563563,0.04659673571586609,3445.2103218580996,3445.2103218580996,54923732.0
train_tune_571cc_01379_1379,CNN,0.0973477245065129,0.7929290232895422,0.5178718975786524,2.311438798904419,8.142082214355469,-2.2502360343933105,0.00039504835149273276,-327.8296546531087,-0.025790642946958542,6603.787497154946,6603.787497154946,21032780.0
train_tune_571cc_01380_1380,CNN,0.0171132433791621,0.7570445470533768,0.3753976555075236,0.29859793186187744,1.210801601409912,-0.04126540198922157,1.678867010923568e-05,-342.81095945493826,-0.004137864336371422,99958971416.83356,100413615444.97739,14379840844.0
train_tune_571cc_01381_1381,CNN,0.0226167968672485,0.7970823367628067,0.5256041518397725,1.9711816310882568,8.743510246276855,-2.085615873336792,0.000172961299540475,-321.8437726450404,0.02450994774699211,5489.809638157918,5489.809638157918,48428892.0
train_tune_571cc_01382_1382,CNN,0.0035624113226343,0.7742281626186994,0.4079748794433782,0.8696192502975464,3.7891576290130615,-0.3891959488391876,7.787832146277651e-05,-335.76814090463574,0.00561116635799408,3051068768.54702,2983617391.620702,7312751900.0
train_tune_571cc_01383_1383,CNN,0.01536204098658,0.7907722525918649,0.3693027341395478,0.2360822707414627,0.9456177949905396,-0.025415631011128426,8.303656613861676e-06,-359.9056636877341,-0.0031345784664154053,1012081975374.3824,1014015661146.4731,6545360724.0
train_tune_571cc_01384_1384,CNN,0.0152396533963521,0.8002335130866669,0.5259107060090384,0.8029961585998535,3.1987645626068115,-0.3258933424949646,6.879107968416065e-05,-324.8004654243317,0.0020143594592809677,3283507.241040633,3297942.0874788277,2726504540.0
train_tune_571cc_01385_1385,CNN,0.0278279383910226,0.8072371064758223,0.5313831316072449,1.132155418395996,4.097960948944092,-0.6677988171577454,9.628526458982378e-05,-324.97662485015803,0.0004207058809697628,253589.63115035725,253257.29876356607,5145342604.0
train_tune_571cc_01386_1386,CNN,0.0164061633965192,0.7979383758513631,0.5002831706310452,0.5620588660240173,2.014737606048584,-0.1668345034122467,2.994171518366784e-05,-337.6902126831417,0.01062320638448,370423313.30374163,366950598.9472943,11652805836.0
train_tune_571cc_01387_1387,CNN,0.0089928861170435,0.817365567095781,0.4734675895518793,1.5011579990386963,7.0625433921813965,-1.246544361114502,9.26957291085273e-05,-324.4819494682764,0.028912056237459183,6898.948431933109,6898.948431933109,144508172.0
train_tune_571cc_01388_1388,CNN,0.0156318256592613,0.7611326243700991,0.4440444176672455,0.6256235837936401,1.8385612964630127,-0.2581193149089813,5.191546006244607e-05,-337.622353149755,0.054015107452869415,60597425933.39646,57984766497.257256,4681637780.0
train_tune_571cc_01389_1389,CNN,0.0052640233076589,0.819947840160185,0.4523005986235011,1.9954047203063965,9.001045227050781,-2.345762252807617,0.0002258637105114758,-323.52856640242226,0.07184487581253052,6764.367348585063,6764.367348585063,70079372.0
train_tune_571cc_01390_1390,CNN,0.0374629028762929,0.7627696505223768,0.3848209931644622,0.2983661890029907,0.620037317276001,-0.02793218567967415,1.6387504729209468e-05,-349.716204973501,-0.02265964448451996,27712862480.97008,28220430659.683792,8722844740.0
train_tune_571cc_01391_1391,CNN,0.0153861879329876,0.8061435600826462,0.5074212697490473,1.0029386281967163,4.096889972686768,-0.5055292844772339,0.00011925680882995948,-326.14892167032457,-0.0002443566918373108,160160.25797419067,158863.31954173325,2816735404.0
train_tune_571cc_01392_1392,CNN,0.0040982380210676,0.7699358803379485,0.4646886821593869,0.5547142028808594,2.2306838035583496,-0.15448102355003357,2.9715822165599093e-05,-348.4854609764209,0.006514446344226599,12271005402.249023,12219129367.442656,9473169468.0
train_tune_571cc_01393_1393,CNN,0.0187881263616557,0.8143260769924853,0.4742074691924722,0.3981207609176636,1.437493085861206,-0.06312572211027145,3.194714736309834e-05,-338.7790294820155,-0.018381254747509956,55319706.52627218,52745483.389251284,1967503772.0
train_tune_571cc_01394_1394,CNN,0.0161603613017164,0.7879298724383657,0.491902761807004,1.0016396045684814,2.7608656883239746,-0.792421817779541,0.00010303107410436496,-366.6115669175503,0.07852344959974289,274366421652.63287,282575978749.3726,18311045444.0
train_tune_571cc_01395_1395,CNN,0.0138156242150213,0.815817695253911,0.4364294348735724,1.4373630285263062,4.8833184242248535,-1.5650010108947754,0.00016983688692562282,-327.52328681587227,0.11808129400014877,94257.56141525338,93923.96560251754,612147260.0
train_tune_571cc_01396_1396,CNN,0.0082359468337083,0.7914389309752797,0.462952360218392,2.1614480018615723,7.030390739440918,-3.1569674015045166,0.00026403128867968917,-327.8396823100288,0.0687144473195076,4709.5934343076915,4709.5934343076915,14026124.0
train_tune_571cc_01397_1397,CNN,0.0427506231227973,0.7820706914116458,0.5421769192993862,0.7025839686393738,2.9280660152435303,-0.2793368697166443,5.346753459889442e-05,-330.4995968060838,0.02085169404745102,205263159.1162284,206448834.7558351,14461970500.0
train_tune_571cc_01398_1398,CNN,0.0033925941654122,0.778978448553162,0.3336891298699496,0.3992815613746643,1.6484674215316772,-0.07964160293340683,1.7911908798851073e-05,-351.03685186886815,0.010698748752474785,4105341424744.8984,4173088255200.747,10918886212.0
train_tune_571cc_01399_1399,CNN,0.0021183953767306,0.7786423492124639,0.4331245416164157,0.7946008443832397,2.5830507278442383,-0.34649625420570374,6.797937385272235e-05,-355.19108028468423,0.03772623836994171,42010872943.611664,41478471082.8219,18564338540.0
train_tune_571cc_01400_1400,CNN,0.0300007228408591,0.8070235345293616,0.5252697876283439,0.7751610279083252,2.306657314300537,-0.1751963347196579,8.985782915260643e-05,-333.3378139254211,-0.03885570913553238,331667673.6502701,328868803.3675208,20581325684.0
train_tune_571cc_01401_1401,CNN,0.0143214852815439,0.7966923770466067,0.5237359038273005,0.9495205879211426,3.9463951587677,-0.4307928681373596,8.776654431130737e-05,-334.1333411974159,0.010115455836057663,10072211.746203294,10034489.951460134,5051305308.0
train_tune_571cc_01402_1402,CNN,0.0353439736229576,0.7947796912778734,0.5242925841018699,2.047903537750244,6.712903022766113,-2.7596635818481445,0.00024182771448977292,-329.4327692369793,0.10817469656467438,4150.9820309047,4150.9820309047,19281116.0
train_tune_571cc_01403_1403,CNN,0.0082699619771863,0.7816719775770616,0.407119891394657,0.31184449791908264,0.7569268941879272,-0.046478137373924255,2.46236286329804e-05,-342.12898480390345,0.005154896527528763,293518765222.9989,280900193781.661,20312587228.0
train_tune_571cc_01404_1404,CNN,0.0140440862184771,0.7551884517243289,0.3661096781353909,0.26777181029319763,0.8655449151992798,-0.032654523849487305,1.0385175301053096e-05,-339.1177952864818,0.007016647607088089,4160776083.561287,4275747539.9849386,695623972.0
train_tune_571cc_01405_1405,CNN,0.0424106958153301,0.8134024093203994,0.4456157178508831,1.5097566843032837,6.629336833953857,-1.1915876865386963,7.910080603323877e-05,-323.3672098016271,0.0027143768966197968,5140.29117301843,5140.29117301843,70261436.0
train_tune_571cc_01406_1406,CNN,0.049531244063274,0.7750752037613687,0.4800316713868764,0.26397424936294556,0.9593740105628967,-0.03024274669587612,1.017644717649091e-05,-351.61153408572704,-0.0022870549000799656,231878302834.1269,231982229642.65488,16172655092.0
train_tune_571cc_01407_1407,CNN,0.0110707315824195,0.7715651379683321,0.4439966815519401,0.6515734195709229,1.9665015935897827,-0.17734995484352112,5.5259151849895716e-05,-376.35064772524856,-0.014589285477995872,264228096309.18967,260373226248.01544,6722601564.0
train_tune_571cc_01408_1408,CNN,0.0053349750416485,0.8346976919961825,0.5161712230342775,1.0440452098846436,4.3292036056518555,-0.49242103099823,7.530313450843096e-05,-327.5735236982429,-0.0030998713336884975,365908.32359009696,363981.3673088528,7822609988.0
train_tune_571cc_01409_1409,CNN,0.0134927936215884,0.7700008800797464,0.5284612658404905,0.45167574286460876,1.752432107925415,-0.10019681602716446,2.3956708901096135e-05,-340.63535532813466,0.003877943614497781,2704752393.4241133,2707222690.2937765,6452974652.0
train_tune_571cc_01410_1410,CNN,0.0101728178594116,0.7951522989633997,0.4893702523617702,0.5359567403793335,2.080937385559082,-0.15959957242012024,3.269367880420759e-05,-336.8422684596841,0.02857178822159767,502699337.5491479,506687700.36970055,12453840852.0
train_tune_571cc_01411_1411,CNN,0.0624408639994609,0.7962792976889683,0.451711692927416,0.4755769968032837,2.065402030944824,-0.1204795092344284,2.655147181940265e-05,-338.9824669429688,0.011552003212273121,4745889872.976946,4678123017.310153,7941354548.0
train_tune_571cc_01412_1412,CNN,0.0218716750997648,0.7983964221132732,0.5039748813485329,5.069211959838867,11.787895202636719,-32.18193435668945,0.0014756966847926378,-374.27306288454395,0.7864640951156616,5295.206497205691,5295.206497205691,6521612.0
train_tune_571cc_01413_1413,CNN,0.092938262620602,0.7881558577605073,0.551276832623298,1.45775306224823,6.578056812286377,-1.0513694286346436,0.00010092220327351242,-322.25279493380435,-0.02021452598273754,3397.809253125362,3397.809253125362,34455836.0
train_tune_571cc_01414_1414,CNN,0.0247547858873244,0.8202827980287194,0.474623801308187,1.21424400806427,5.058877944946289,-0.7253983020782471,0.00010153342736884952,-327.31721196812873,-0.014295563101768494,400643.6044696722,400071.6113448745,5822655220.0
train_tune_571cc_01415_1415,CNN,0.0156301361864629,0.7870914118283737,0.3652989432123517,0.3238925337791443,1.3254482746124268,-0.049462828785181046,1.1433205145294778e-05,-352.358732412029,0.002751781139522791,425038545909.9144,416080066356.22864,20406165980.0
train_tune_571cc_01416_1416,CNN,0.0140171453675062,0.7692304672216227,0.3042752837607249,0.3722279667854309,1.4449472427368164,-0.06113982945680618,2.6059322408400476e-05,-356.2919264489716,-0.00445939414203167,2063539130022.7988,1939103337853.6396,8629967484.0
train_tune_571cc_01417_1417,CNN,0.0146289537712895,0.8046711815332103,0.4421973093024648,0.23015381395816803,0.28526899218559265,-0.006214534863829613,1.0694930097088218e-05,-378.467294268111,0.006544123403728008,1235307114559.316,1238072173417.6155,19861014884.0
train_tune_571cc_01418_1418,CNN,0.0042876632235431,0.7820138674259844,0.4079843009773284,0.5202487707138062,1.899092435836792,-0.15198791027069092,2.9038605134701356e-05,-341.7654263553378,0.031626395881175995,183868556496.57843,183151261003.43994,11276082436.0
train_tune_571cc_01419_1419,CNN,0.0294571924230281,0.7810523945437041,0.4179629805255125,0.6914341449737549,2.689100742340088,-0.283791720867157,4.881228232989088e-05,-340.3345063137326,0.03654886782169342,21958554934.446533,21956353828.381393,21031838124.0
train_tune_571cc_01420_1420,CNN,0.0039904348084581,0.7953117063164793,0.4973369859851844,0.7897140383720398,3.4942569732666016,-0.3641573190689087,4.26637488999404e-05,-323.3889301061023,0.023004699498414993,3288446.797229158,3256981.4934822074,2324021948.0
train_tune_571cc_01421_1421,CNN,0.0196896552949727,0.812194313969801,0.4710035062502978,1.0854225158691406,5.135405540466309,-0.642942488193512,5.8138364693149924e-05,-321.3346763356343,0.007932782173156738,3405.1096803841892,3405.1096803841892,92406092.0
train_tune_571cc_01422_1422,CNN,0.0182314864303105,0.7651226181790176,0.333924196053278,0.09230567514896393,0.3570920526981354,-0.002897442551329732,3.019050609509577e-06,-358.119104342736,0.002107425360009074,882379457565.2415,865670063679.3756,13827876564.0
train_tune_571cc_01423_1423,CNN,0.0172936102527198,0.7759348378087362,0.4642689045043791,0.48646289110183716,2.017570972442627,-0.11688588559627533,3.2008269045036286e-05,-345.58066576617375,0.0015667449915781617,7848265086.93413,7671996669.972673,6555503372.0
train_tune_571cc_01424_1424,CNN,0.0376240392560989,0.8110057475756808,0.5031549422867556,2.326944589614868,6.681159973144531,-4.033021926879883,0.00020167201000731438,-334.3828170220777,0.16482150554656982,3560.598858595419,3560.598858595419,9646964.0
train_tune_571cc_01425_1425,CNN,0.0143057589067837,0.7240578255598548,0.3622857385535692,0.20768283307552338,0.8051612973213196,-0.018935680389404297,5.448748197522946e-06,-334.87036241014295,0.006670017726719379,15555803806.37373,14843281486.368473,4397545492.0
train_tune_571cc_01426_1426,CNN,0.0146289537712895,0.7677203979034143,0.5012697028035991,0.18734917044639587,0.31952863931655884,-0.005700638983398676,9.859235433395952e-06,-360.4280925918481,-0.001499301753938198,44170016882.29511,43004878743.060425,7523496596.0
train_tune_571cc_01427_1427,CNN,0.0172009120163206,0.79560500608945,0.5415530618596204,0.8138754367828369,3.0557186603546143,-0.3296878933906555,5.8762048865901306e-05,-328.74973128929196,-0.002880620304495096,12985208.205279917,12971208.045015525,8519935172.0
train_tune_571cc_01428_1428,CNN,0.0508422349994656,0.8233611482461205,0.4511708455566695,1.8341989517211914,8.33463191986084,-2.338927745819092,0.00021751673193648458,-330.3370057242894,0.08798374235630035,169184.02548088643,171689.59483120005,1819866980.0
train_tune_571cc_01429_1429,CNN,0.0188767937507419,0.7940630634299586,0.4113636710768409,0.606545627117157,2.270503520965576,-0.16759581863880157,3.5121738619636744e-05,-357.7759763816755,-0.004922205116599798,35822696138.684326,35239732023.64092,27518205500.0
train_tune_571cc_01430_1430,CNN,0.0240513360562446,0.7814305911081547,0.4225847200060473,0.7229520678520203,2.9311370849609375,-0.2770373821258545,5.2989991672802716e-05,-387.97289433523326,0.021172162145376205,133867584370473.9,133280268358060.78,31714916596.0
train_tune_571cc_01431_1431,CNN,0.0084050039093041,0.7895552003684592,0.4453707662930986,0.3639969527721405,1.1501295566558838,-0.06830849498510361,1.44209225254599e-05,-353.8404408054538,0.010700510814785957,1136463372.697143,1126123799.8886108,3342549788.0
train_tune_571cc_01432_1432,CNN,0.0159270875507752,0.6760799261300047,0.4394091522860532,0.4112589955329895,1.6107991933822632,-0.08236461877822876,1.763015279721003e-05,-328.8643949540618,-0.0013485292438417673,101495043.9206138,104816148.16918838,1535033100.0
train_tune_571cc_01433_1433,CNN,0.0126200791109436,0.7658366600876594,0.4894875404177592,0.8324220180511475,2.5553641319274902,-0.40970462560653687,8.953286305768415e-05,-329.62707823646554,0.015061784535646439,176446712.0546494,175755466.43491015,7305426188.0
train_tune_571cc_01434_1434,CNN,0.0091980091980091,0.7869854767714074,0.3737185756156598,0.2652232050895691,1.057878851890564,-0.03167662024497986,1.3111946827848442e-05,-385.3310489915608,-0.002427699975669384,59341669754345.92,57758313246210.31,26334561188.0
train_tune_571cc_01435_1435,CNN,0.0228266186251717,0.7958003546081466,0.4824588425433903,1.6960084438323975,6.663442611694336,-1.8658803701400757,0.00017136952374130487,-323.1314974646725,0.06001164764165878,189221.8957325214,189328.15220135372,2229947188.0
train_tune_571cc_01436_1436,CNN,0.0042951971885982,0.7913506017978181,0.4773056420065438,0.7284287810325623,1.367740273475647,-0.4090379476547241,3.842746446025558e-05,-343.11963040512035,0.04050765559077263,2369496014.4831095,2363972264.64522,9505202060.0
train_tune_571cc_01437_1437,CNN,0.0021671254221737,0.7818265278056996,0.5141529291431516,0.36044907569885254,0.9221974611282349,-0.06609548628330231,1.1419007933000103e-05,-350.7548074776669,0.0008996232645586133,411202538.0698937,413509293.4205489,15830340988.0
train_tune_571cc_01438_1438,CNN,0.0308738439759005,0.785412957396605,0.4886331376750719,1.9805254936218262,7.488277435302734,-2.365556478500366,0.00020126774325035512,-325.97048403959366,0.12064474076032639,4327.004657990274,4327.004657990274,27144172.0
train_tune_571cc_01439_1439,CNN,0.013891723891882,0.7668549963591792,0.4607873082356409,0.9811385869979858,4.550787925720215,-0.4616162180900574,0.00010996163473464549,-323.8736565567593,0.004745538346469402,1530175.418728171,1488973.9969812215,1081822052.0
train_tune_571cc_01440_1440,CNN,0.0122493769296581,0.8041625871326411,0.5018581351583044,0.6919091939926147,3.1169686317443848,-0.23254872858524323,5.7733508583623916e-05,-329.2601826137046,0.003154497593641281,11672991.21410768,11607257.60106787,11637036540.0
train_tune_571cc_01441_1441,CNN,0.0146423135464231,0.7825735002778426,0.5396355452667695,0.8565757274627686,3.4108190536499023,-0.4146110713481903,9.144954674411565e-05,-338.1746242576402,0.027287356555461884,244401887.63790643,246513727.36164296,6249012764.0
train_tune_571cc_01442_1442,CNN,0.0043238993710691,0.7957702503741036,0.4337396228795139,0.6186419725418091,2.7174766063690186,-0.20595121383666992,3.4645468986127526e-05,-344.5145769509468,0.018023397773504257,24680463531.036587,24714853139.88121,23835065076.0
train_tune_571cc_01443_1443,CNN,0.0309518385939363,0.8118345679187424,0.4552144441373787,1.4910786151885986,6.69072151184082,-1.1953579187393188,7.685588207095861e-05,-325.0192693948815,0.04516356810927391,5196.372540115229,5196.372540115229,82478588.0
train_tune_571cc_01444_1444,CNN,0.0150441383126145,0.7803447528319783,0.3698389744897066,0.5933544039726257,2.451529026031494,-0.2014480084180832,4.216361412545666e-05,-346.1854891185935,0.03109240159392357,539698082.0081168,563827186.2305539,23798908236.0
train_tune_571cc_01445_1445,CNN,0.0138847856647648,0.8168903214499705,0.4406082612688049,1.4947071075439453,6.380343914031982,-1.1998183727264404,7.740269938949496e-05,-324.5237970485018,0.045960020273923874,5866.3975685012665,5866.3975685012665,93739532.0
train_tune_571cc_01446_1446,CNN,0.041971646707556,0.8201693750164529,0.4939396541694025,0.9982154369354248,4.477053165435791,-0.5049190521240234,9.807024616748095e-05,-328.89059395021616,0.01327441819012165,297797.9302031883,297779.19824484293,7867435292.0
train_tune_571cc_01447_1447,CNN,0.0166972176445378,0.7712388861846028,0.4568371495612189,0.19031405448913574,0.8349951505661011,-0.016523338854312897,6.909678631927818e-06,-342.6234057275481,0.003998741507530212,3476586823.821643,3292551801.1577144,14182567012.0
train_tune_571cc_01448_1448,CNN,0.0141347099311701,0.8221269849189251,0.4774191789067372,0.8311519622802734,2.818122148513794,-0.3737531304359436,6.435041723307222e-05,-334.51543385160755,0.018897324800491333,13861286.132670064,13827199.310918625,9178793188.0
train_tune_571cc_01449_1449,CNN,0.0211543556087703,0.7891195731722037,0.3780529149448494,1.2002782821655273,3.480550527572632,-1.2067095041275024,0.00013087160186842084,-331.46919636333905,0.0752091035246849,137845.5498595977,136774.98631720227,645293212.0
train_tune_571cc_01450_1450,CNN,0.0142116498932601,0.7769706357371208,0.3452774904410136,0.20779627561569214,0.8093072772026062,-0.01933303475379944,5.538310688280035e-06,-365.22743494223164,0.0007768162759020925,26051624995001.79,26400309785713.188,26822134796.0
train_tune_571cc_01451_1451,CNN,0.0249577491881983,0.7845139778596382,0.5384054308667195,1.727189064025879,5.495272159576416,-1.545775294303894,0.00022604754485655576,-332.74544300684676,0.05378063768148422,4449.746965958779,4449.746965958779,16935692.0
train_tune_571cc_01452_1452,CNN,0.0875618412556695,0.8010706584831763,0.4878787619398921,1.9065217971801758,7.923527717590332,-2.082338333129883,0.00016283094009850174,-325.22160526374853,0.055485427379608154,6327.360041100321,6327.360041100321,69617132.0
train_tune_571cc_01453_1453,CNN,0.0165708204453749,0.8042942720176472,0.4375883448173893,1.7541821002960205,3.9506072998046875,-2.9090561866760254,0.00023545717704109848,-333.56084451718937,0.08274929970502853,51952.021330025025,51837.72039585701,70400404.0
train_tune_571cc_01454_1454,CNN,0.0172542019931578,0.782000200347042,0.3592379075740533,0.1897822767496109,0.5058098435401917,-0.01203241478651762,4.775896741193719e-06,-361.4215923411597,-0.00439603952690959,85345942503.25699,85337535996.31067,11533202052.0
train_tune_571cc_01455_1455,CNN,0.004993146661445,0.7534398967237307,0.3961048121869584,0.5451469421386719,1.7153661251068115,-0.15873801708221436,5.768572736997157e-05,-348.13398445763585,0.00906621478497982,124786974847.16592,126521158765.69507,7228226140.0
train_tune_571cc_01456_1456,CNN,0.0352890411828161,0.7981194295643533,0.5099936260491582,1.0916450023651123,4.474724292755127,-0.7183386087417603,0.00010736360854934901,-329.4558295570571,0.0442357063293457,303503480.1466595,309847313.0324251,16123870116.0
train_tune_571cc_01457_1457,CNN,0.0686295384478896,0.8052470762377583,0.5071492610785395,0.9753453135490417,4.2119317054748535,-0.537904679775238,0.0001412020792486146,-328.5512391301259,0.025996297597885132,9503163.608550271,9759197.080600418,17713633516.0
train_tune_571cc_01458_1458,CNN,0.0083607721608883,0.7718521338957592,0.4521285854521044,0.6203312873840332,2.1747677326202393,-0.19016849994659424,4.5528795453719795e-05,-334.8888916239896,0.012502352707087994,46370912.83342591,47631777.89176358,1566050108.0
train_tune_571cc_01459_1459,CNN,0.0079984825335803,0.7796164806314723,0.4915901984705585,1.0545284748077393,3.626221179962158,-0.8172098398208618,9.061132732313126e-05,-333.33966637235767,0.09203443676233292,236185525.48896775,236447482.36835295,12488699300.0
train_tune_571cc_01460_1460,CNN,0.0226494927393355,0.7944863016305695,0.4519169716336875,0.7039703130722046,2.8013112545013428,-0.27342846989631653,4.8817149945534766e-05,-358.50365083173057,0.01970551535487175,413996537727.21497,412112632499.8984,14638596420.0
train_tune_571cc_01461_1461,CNN,0.0043238993710691,0.7881944291985508,0.4768099845384422,0.5077708959579468,1.8670238256454468,-0.1325734555721283,2.2798196368967183e-05,-326.8316971839188,-0.0007903047371655703,5068496.520673893,5043566.437109638,6092407108.0
train_tune_571cc_01462_1462,CNN,0.0047767050464955,0.7935612567807896,0.4478427641285616,0.4225611686706543,1.4588602781295776,-0.07900315523147583,1.3793189282296225e-05,-340.19771303896925,-0.008154220879077911,11907239783.917828,12113754590.33404,11716708740.0
train_tune_571cc_01463_1463,CNN,0.0135110294117647,0.7780486547712281,0.337309134641352,0.3360593318939209,0.8206502199172974,-0.0532304048538208,2.918686550401617e-05,-341.21726166332303,0.004468686878681183,2654590680637.0786,2590056545051.4053,23617776460.0
train_tune_571cc_01464_1464,CNN,0.0554681878921765,0.8132129309068429,0.5024698833246787,1.0053369998931885,4.321529388427734,-0.42243432998657227,0.00011493421334307641,-327.3421294418911,-0.038894981145858765,451393.7866834705,451819.67387886054,8729292708.0
train_tune_571cc_01465_1465,CNN,0.0239754504530174,0.8317883376652206,0.4832671830647571,1.541987419128418,6.956308364868164,-1.301145076751709,0.0001054866734193638,-323.8713880496402,0.04616618901491165,6832.282667286572,6832.282667286572,111964172.0
train_tune_571cc_01466_1466,CNN,0.0042876632235431,0.7600801123771502,0.4947258940249022,0.7197002172470093,2.5056581497192383,-0.2626369297504425,2.693212081794627e-05,-341.2488147230704,0.008409613743424416,2061961937.2661135,1934660046.7444777,5537342484.0
train_tune_571cc_01467_1467,CNN,0.0042918454935622,0.7202820771075205,0.4377330748184183,0.6946027874946594,2.553129196166992,-0.27446383237838745,5.5765554861864075e-05,-344.2649281446945,0.03307083249092102,9240339849367.092,9354421633966.041,13252197644.0
train_tune_571cc_01468_1468,CNN,0.0148121361078253,0.8285840909969653,0.508639467398599,0.9444929361343384,3.688171148300171,-0.46964532136917114,7.89806799730286e-05,-346.63860373322336,0.021997906267642975,196811376.0917783,198275429.79957753,5308537524.0
train_tune_571cc_01469_1469,CNN,0.0146289537712895,0.7503106379334962,0.4299536327073341,0.37815481424331665,1.6176625490188599,-0.057038821280002594,2.659167512319982e-05,-349.8482257238298,-0.013857580721378326,2327781116939.559,2255649091870.5303,8747752316.0
train_tune_571cc_01470_1470,CNN,0.0254941735537149,0.7841836087336467,0.4829621486436726,0.5568113327026367,2.129486083984375,-0.16610312461853027,2.9387130780378357e-05,-331.8818267701591,0.022105032578110695,3088622.980360794,3023457.468679956,1297472964.0
train_tune_571cc_01471_1471,CNN,0.0042960359304823,0.7902187159636541,0.4427424896695932,0.5316917896270752,1.745545506477356,-0.17249533534049988,4.0908256778493524e-05,-356.56004215902425,0.03398090600967407,133082408695.54375,123982598521.38551,10417827140.0
train_tune_571cc_01472_1472,CNN,0.0293804322079842,0.8210505646133487,0.5458726951537529,1.1832770109176636,4.0803704261779785,-0.802935004234314,8.549977792426944e-05,-340.8876650354308,0.012220039963722229,127411.34727683882,126992.64751066251,428475348.0
train_tune_571cc_01473_1473,CNN,0.0312232364312836,0.8019403687001051,0.5545352305365892,1.2051174640655518,3.526590585708618,-0.9345120787620544,9.266391862183809e-05,-368.44991235569,0.062494926154613495,2039451.1528552065,2226642.354774894,1051349612.0
train_tune_571cc_01474_1474,CNN,0.0349676669588609,0.7967766494155951,0.5378473301993189,0.6781045198440552,2.2978463172912598,-0.24882428348064423,5.927710662945174e-05,-333.9540464431507,0.01395496353507042,68659189.98347124,69217090.60538197,6452444940.0
train_tune_571cc_01475_1475,CNN,0.0142116498932601,0.7689949292296135,0.4687004562537695,0.10165311396121979,0.3585069179534912,-0.003313302295282483,4.438317318999907e-06,-365.13113523132097,0.0034175782930105925,2793606292371.1304,2816965152045.773,27494305652.0
train_tune_571cc_01476_1476,CNN,0.0289587697421974,0.7881568584710531,0.4711067538023242,0.5715186595916748,1.963120698928833,-0.1465744972229004,4.231330967741087e-05,-365.90494328728084,-0.0040780710987746716,247297376508.6151,251322870729.153,17144002108.0
train_tune_571cc_01477_1477,CNN,0.0239580312618165,0.7775143222263138,0.3931942659576959,0.4212947487831116,1.6640092134475708,-0.08983439952135086,1.4020902199263219e-05,-336.89336093572774,0.008751350454986095,11412731598.298677,11488691175.909145,17872023868.0
train_tune_571cc_01478_1478,CNN,0.0313965551851557,0.81032310043684,0.5038665522047842,0.44758206605911255,1.8997976779937744,-0.10627545416355133,1.9387658539926633e-05,-338.31129734413184,0.015495049767196178,54156740.96994886,54687114.90525564,1972468860.0
train_tune_571cc_01479_1479,CNN,0.0141037589313451,0.8094374984328572,0.5209019293452272,0.918458104133606,3.3283724784851074,-0.4997740089893341,8.927759336074814e-05,-332.11073876946966,0.04004160314798355,189517662.86152303,192222815.6683025,7412980900.0
train_tune_571cc_01480_1480,CNN,0.021613220983939,0.8080487180681808,0.5157094907295696,1.2720909118652344,6.035148620605469,-0.6590683460235596,0.00017959994147531688,-329.08007684455714,-0.02905398979783058,98903.44499337302,101371.25807896888,738660236.0
train_tune_571cc_01481_1481,CNN,0.0012550315093975,0.7688192011038578,0.3890322820222252,0.3073987662792206,1.3017382621765137,-0.045459020882844925,1.7022513929987326e-05,-341.73494077115174,0.005456205457448959,1114903378.4683075,1145073072.9711425,2533378268.0
train_tune_571cc_01482_1482,CNN,0.0044388890030641,0.7604808187192234,0.4377783959167167,0.3425289988517761,1.2646530866622925,-0.059833262115716934,1.3765236872131936e-05,-361.69032299556045,0.012207994237542152,214038380364.99774,212660781137.96735,8077532316.0
train_tune_571cc_01483_1483,CNN,0.0244032665007476,0.7726962200426247,0.4771014175962157,0.40946170687675476,1.6281423568725586,-0.08816319704055786,1.5806315786903724e-05,-357.82174107860726,0.012753449380397797,11134107588605.291,11383833880076.168,13799326676.0
train_tune_571cc_01484_1484,CNN,0.0114719308555924,0.8143491572396381,0.5321044738537847,0.730464518070221,2.7450828552246094,-0.23571491241455078,4.423468271852471e-05,-330.5927039801736,-0.012210309505462646,10000443.255384427,10028090.639550243,6142422516.0
train_tune_571cc_01485_1485,CNN,0.0945780009585372,0.7947649441341847,0.4443301951813437,1.6582112312316895,5.5619306564331055,-1.5458412170410156,9.506067726761103e-05,-328.9704485882794,0.008459611795842648,3977.899433501159,3977.899433501159,22410924.0
train_tune_571cc_01486_1486,CNN,0.0457157309671897,0.7649241017737028,0.3925508791633741,0.3554958701133728,1.4773555994033813,-0.05532035976648331,2.0026382117066532e-05,-338.54664860550133,-0.014482168480753899,953240300.2273059,978151201.5423477,4521958900.0
train_tune_571cc_01487_1487,CNN,0.0063919752228001,0.8019125185978973,0.5657350391496657,1.312342643737793,5.7465338706970215,-0.9985871315002441,0.00013530399883165956,-331.7456161758031,0.024352308362722397,10449117.477362368,10372679.75932667,9757593172.0
train_tune_571cc_01488_1488,CNN,0.0152451960962599,0.8024796672713618,0.4662114440694047,0.4721861481666565,1.8384721279144287,-0.12021747976541519,2.8256272344151512e-05,-350.5222457951403,0.014526797458529472,17148716434144.52,17100887165353.36,20546282724.0
train_tune_571cc_01489_1489,CNN,0.0134828706257277,0.8017730179367479,0.4111170304597655,0.6223253011703491,2.4439072608947754,-0.17521314322948456,5.107187826070003e-05,-364.7080091547668,0.0014800495700910687,6547657916601.396,6403173698168.576,15670525348.0
train_tune_571cc_01490_1490,CNN,0.0446792353304958,0.8106423547516134,0.5164733108487505,1.2929654121398926,4.843594074249268,-0.9461356401443481,9.644661622587591e-05,-322.35205485043787,0.07732181996107101,209198.30788016837,209399.64622120647,2952061180.0
train_tune_571cc_01491_1491,CNN,0.020725547099647,0.8070263226285469,0.5743367358586196,1.278350591659546,5.35341739654541,-0.9734824895858765,0.00015234203601721674,-321.90738223837434,0.04405125603079796,126150.52426763815,126060.78181592475,3268158188.0
train_tune_571cc_01492_1492,CNN,0.0126328481796947,0.7863727955867258,0.5708682301544464,3.2699007987976074,10.905525207519531,-7.82744026184082,0.000526044808793813,-327.99139081801474,0.2489113062620163,5433.448578147543,5433.448578147543,13002492.0
train_tune_571cc_01493_1493,CNN,0.0135576508288654,0.8240916999774982,0.4564275569344183,1.3175163269042969,4.698202133178711,-1.1225790977478027,0.0001403905771439895,-324.94865366706085,0.08914035558700562,156390.30613946138,154366.59080657427,1443477996.0
train_tune_571cc_01494_1494,CNN,0.0524186800163789,0.8166480944973459,0.5241021670026144,0.9449647665023804,3.2960214614868164,-0.40108227729797363,5.6234453950310126e-05,-325.5626480553604,-0.008956266567111015,170698.4894460886,172255.3407467733,1892067340.0
train_tune_571cc_01495_1495,CNN,0.0248035870021647,0.7704897572451754,0.4221240407965647,0.9000811576843262,3.8388466835021973,-0.46895667910575867,8.55188409332186e-05,-334.4731699465343,0.030164554715156555,539474938.6054845,528887565.8146609,12478543196.0
train_tune_571cc_01496_1496,CNN,0.0042876632235431,0.7916620432201983,0.4482724031824892,0.46987396478652954,0.9436551928520203,-0.12967953085899353,2.4323695470229723e-05,-335.42719324899394,0.029065430164337158,73500933.18225883,72341872.01301895,7561197652.0
train_tune_571cc_01497_1497,CNN,0.0253778935545093,0.8096141488776653,0.4824996140268524,1.2174128293991089,5.475221157073975,-0.8196529746055603,0.00010408818343421444,-326.9497588834159,0.016215475276112556,421988.53592565557,426154.8297166446,7635045836.0
train_tune_571cc_01498_1498,CNN,0.0134828706257277,0.8032106792802054,0.4500180821591966,0.33494025468826294,1.5200623273849487,-0.0521845668554306,1.4212489986675791e-05,-360.7283049592505,-0.0037162727676331997,3838329102477.3657,3908139938984.8574,15543601828.0
train_tune_571cc_01499_1499,CNN,0.0043688284178677,0.8060081063650174,0.322963105029261,0.21417850255966187,0.8005281686782837,-0.020225871354341507,4.927292138745543e-06,-359.70300949925957,0.009115772321820259,12768127685239.521,13192513318325.62,26488728212.0
train_tune_571cc_01500_1500,CNN,0.0091699754206844,0.7760136931190837,0.4193660887782697,0.35137760639190674,1.438778042793274,-0.057788677513599396,1.4477385775535367e-05,-363.7853374568133,-0.003716265084221959,16934917078537.86,16503392703600.895,22805791108.0
train_tune_571cc_01501_1501,CNN,0.0294249454586686,0.7802786039864672,0.4903293401810797,0.4261953830718994,1.426470398902893,-0.08561554551124573,1.0624155038385652e-05,-340.6858841833862,-0.0056875916197896,7165697492.585743,6994188821.162857,12002054044.0
train_tune_571cc_01502_1502,CNN,0.0054553860881167,0.8070286026169818,0.4767492923271065,0.8547936081886292,2.6671268939971924,-0.4745720624923706,8.293785504065454e-05,-342.28189651869525,0.04581935331225395,390232923.7438586,389821010.8913854,13629327388.0
train_tune_571cc_01503_1503,CNN,0.0394105873656539,0.7826966835341085,0.5225517583398213,0.7349710464477539,2.3596596717834473,-0.30240318179130554,4.153657209826633e-05,-329.5749841277436,0.02031366340816021,61929633.27588041,60699698.79085444,1516404212.0
train_tune_571cc_01504_1504,CNN,0.0080735205429418,0.8235298042430715,0.4778119854381402,0.558029055595398,1.50636625289917,-0.17411711812019348,2.1813404600834474e-05,-346.4643246772022,0.003385786432772875,347079121.3006292,353916140.9521086,9590292540.0
train_tune_571cc_01505_1505,CNN,0.0244286801920219,0.7973814092869159,0.4028735423771252,1.0076408386230469,4.024625778198242,-0.4997885525226593,8.998539124149829e-05,-334.47375543637395,0.009349310770630836,5325514.0060413685,5331138.793206438,2860451292.0
train_tune_571cc_01506_1506,CNN,0.0254979167576672,0.7615800375371274,0.3753905214468918,0.5510083436965942,1.8718206882476807,-0.13954885303974152,3.239723446313292e-05,-354.46126015553205,0.0002845682902261615,487291099928.19604,489832716640.99207,6764275332.0
train_tune_571cc_01507_1507,CNN,0.0222673346893558,0.7655211593105098,0.4967832376853344,0.36152899265289307,0.9228606224060059,-0.07220080494880676,2.0266041246941313e-05,-342.5073451946406,0.012932302430272102,1807122536.5622456,1756258429.9739919,7293112916.0
train_tune_571cc_01508_1508,CNN,0.054867524944916,0.8432879787994619,0.59784928034504,1.1998823881149292,5.476645469665527,-0.7834993004798889,0.00016821097233332694,-351.85140599074543,0.018804453313350677,70182.30155222875,69688.4931764583,256300932.0
train_tune_571cc_01509_1509,CNN,0.0135110294117647,0.7014644409899503,0.3729734421665685,1.2620702981948853,4.793959140777588,-1.176225185394287,0.00017173547530546784,-336.16950574809874,0.10497646778821945,327991586879.42285,351692586442.29016,12558363220.0
train_tune_571cc_01510_1510,CNN,0.01192799248708,0.7969952107265681,0.555748313232116,1.173517107963562,4.402952671051025,-0.789095938205719,0.00012501620221883059,-326.7157027578214,0.034159354865550995,8234135.485686575,8270573.228042844,11415993308.0
train_tune_571cc_01511_1511,CNN,0.0453917524875046,0.7645151845832302,0.4435736061632531,0.8193118572235107,3.0145676136016846,-0.28354862332344055,6.990009569562972e-05,-332.39177225831304,-0.013948984444141388,1909898.4560875928,1835787.7526129433,522401556.0
train_tune_571cc_01512_1512,CNN,0.0083881791198864,0.7574950124069345,0.4950712690024126,0.1882704496383667,0.8252663612365723,-0.015889953821897507,5.267463166092057e-06,-344.2007908578604,0.0015223037917166948,9880300.803772315,9895777.064235087,1158030172.0
train_tune_571cc_01513_1513,CNN,0.0501782080884391,0.8211262835852228,0.455251459923128,0.6616324186325073,2.1070148944854736,-0.24178308248519897,4.4867167162010446e-05,-416.4317482923477,0.01741713285446167,4660981876.015144,4642690534.448074,19231665316.0
train_tune_571cc_01514_1514,CNN,0.0110791572444247,0.8264584427470113,0.4913441147100671,1.4238041639328003,6.3223347663879395,-1.057971477508545,0.00015298629296012223,-324.82002930199087,0.033154867589473724,5905.24161721083,5905.24161721083,101550092.0
train_tune_571cc_01515_1515,CNN,0.0165707894918982,0.8045300596966184,0.5420426885752657,0.834960401058197,3.861703395843506,-0.3189127445220947,0.00010610353638185188,-335.79720737672346,-0.001923427334986627,32220762.392214667,32003580.903045576,21424162804.0
train_tune_571cc_01516_1516,CNN,0.0152396533963521,0.7847706061535948,0.4067509722915304,0.24739566445350647,1.0639618635177612,-0.027991825714707375,1.0270198799844366e-05,-337.3580513032252,-0.004266649484634399,45942330.04960716,43272757.48753185,3999757404.0
train_tune_571cc_01517_1517,CNN,0.0199046692535311,0.7642235508901983,0.4513973856611725,0.7967792749404907,2.7570247650146484,-0.34031206369400024,0.0001170989271486178,-329.6352357607551,0.004295989405363798,242370890.85480198,242006800.96169463,13339185468.0
train_tune_571cc_01518_1518,CNN,0.0160647812035148,0.8144351629884516,0.4494902858859448,1.2687069177627563,5.716957092285156,-0.884493350982666,7.604688289575279e-05,-321.3754009426568,0.062446270138025284,3838.6438029467536,3838.6438029467536,63074892.0
train_tune_571cc_01519_1519,CNN,0.0169476476042116,0.8023801741754241,0.5272949824294092,5.193728446960449,12.938776016235352,-36.485565185546875,0.0020489837042987347,-342.58790173067706,0.6349008083343506,7792.629047741625,7792.629047741625,9125132.0
train_tune_571cc_01520_1520,CNN,0.0018258233429791,0.7626606640428785,0.3942251689903111,0.6975729465484619,1.2161056995391846,-0.3482832610607147,4.882217399426736e-05,-348.9232884114707,0.03009030967950821,2227800645.2725654,2221787513.9603257,7419966068.0
train_tune_571cc_01521_1521,CNN,0.0347665209827906,0.8113379030924096,0.4863998459900935,0.9954750537872314,3.079965353012085,-0.5321319103240967,0.00011220945452805609,-328.91535486704356,0.018465880304574966,207918.91167550092,207103.5698159708,1796405548.0
train_tune_571cc_01522_1522,CNN,0.050200751230247,0.7943925105854824,0.5091528391314345,0.7034738659858704,2.5384247303009033,-0.2200082391500473,6.518773443531245e-05,-333.1932861987454,-0.0024916587863117456,431615681.326687,428627305.0481175,11565566652.0
train_tune_571cc_01523_1523,CNN,0.0194622622848907,0.7413506472158655,0.3551827149604928,0.3405172824859619,1.0470094680786133,-0.0520780086517334,1.4999008271843195e-05,-410.0005859652439,-0.0049324422143399715,2351189895147.48,2429089179450.581,8730239476.0
train_tune_571cc_01524_1524,CNN,0.008875613754868,0.8147119544386247,0.5898227073526241,1.5842719078063965,6.527956485748291,-1.6423122882843018,0.0001870792475529015,-327.68287936272884,0.08342351764440536,70914.28292882236,70524.79067541237,568969340.0
train_tune_571cc_01525_1525,CNN,0.0716686909783887,0.8003827134787819,0.4666224713458963,1.4315392971038818,6.879865646362305,-1.1569396257400513,9.390185005031526e-05,-323.1421633781165,0.054675180464982986,4776.310576903175,4776.310576903175,106864316.0
train_tune_571cc_01526_1526,CNN,0.0331366698888118,0.7785845748413888,0.4965929983792738,1.6265949010849,5.881996154785156,-1.3051470518112183,0.00020881585078313947,-324.38609969899244,0.0012036911211907864,2971.6979322482043,2971.6979322482043,13432172.0
train_tune_571cc_01527_1527,CNN,0.0270758060997017,0.796268120677951,0.4951359039521885,0.43658971786499023,1.264405608177185,-0.09740038216114044,1.6042527931858785e-05,-332.19608604516975,0.008670113980770111,58240529.43114737,56890758.33904064,9471786164.0
train_tune_571cc_01528_1528,CNN,0.0182314864303105,0.7895518381363372,0.4163933825715551,0.5947400331497192,2.4477550983428955,-0.18164265155792236,4.280782741261646e-05,-344.6613666237033,0.005017036572098732,43154016950.564384,43230153746.517235,33935968588.0
train_tune_571cc_01529_1529,CNN,0.0625463138161627,0.800956665264927,0.5227355041147689,1.5419394969940186,7.331493854522705,-1.132580041885376,0.00011081549746450037,-321.5751882132284,-0.018431756645441055,4551.696906698999,4551.696906698999,64370772.0
train_tune_571cc_01530_1530,CNN,0.0135110294117647,0.7429606233150602,0.4603790800176439,0.32642388343811035,1.2057647705078125,-0.05148172378540039,1.1631263987510465e-05,-345.0960602138703,0.007583045866340399,53450583124.67328,53475667294.13887,10561014940.0
train_tune_571cc_01531_1531,CNN,0.0538501767851185,0.7959068264452124,0.5298564658310946,0.6467748880386353,2.677138328552246,-0.21230323612689972,4.844044451601803e-05,-332.10910837111675,0.011049477383494377,665070681.9514118,663123865.0461948,21833189868.0
train_tune_571cc_01532_1532,CNN,0.0127348778876228,0.7880109701640312,0.4549608792405489,0.3450932502746582,1.4063223600387573,-0.05973135679960251,1.653792423894629e-05,-349.1200104606393,0.004536786116659641,300845638424.7543,303166498057.9642,14388051500.0
train_tune_571cc_01533_1533,CNN,0.0042876632235431,0.7507194274034213,0.3007675871372284,0.2241552770137787,0.725777804851532,-0.02027951553463936,4.650669779948657e-06,-354.8014385639568,0.00506354495882988,442994819254.1742,456177655285.1978,6260079500.0
train_tune_571cc_01534_1534,CNN,0.0134828706257277,0.8265542281913301,0.396587361366131,0.19144126772880554,0.7507453560829163,-0.01581917703151703,7.197059403551975e-06,-356.59774079361995,0.0010774272959679365,8603350314805.104,8504343992025.306,23051017084.0
train_tune_571cc_01535_1535,CNN,0.0123262279888785,0.7803997973279692,0.4313590635036855,0.6506762504577637,2.6554017066955566,-0.2088143229484558,4.7504592657787725e-05,-346.58891040243697,0.017298033460974693,433267235.4263623,433909457.77126825,17136963420.0
train_tune_571cc_01536_1536,CNN,0.0217247319213943,0.8147290559830059,0.4479232733671952,1.086889386177063,5.112374305725098,-0.6647776365280151,7.614832429680973e-05,-324.3844709545606,0.05417006090283394,4580.200448668942,4580.200448668942,147111692.0
train_tune_571cc_01537_1537,CNN,0.0198828768354664,0.80022731933825,0.4946001786748698,1.8120887279510498,5.63845682144165,-2.0722031593322754,0.0001317154965363443,-331.39365819285524,0.06367512792348862,3692.777823086173,3692.777823086173,16653620.0
train_tune_571cc_01538_1538,CNN,0.0289180834214397,0.7864986791501618,0.4501857273829582,0.490857869386673,1.5712517499923706,-0.13123589754104614,4.344660555943847e-05,-356.4129611826666,0.023313594982028008,281992527832.55774,287282716158.8413,8662542036.0
train_tune_571cc_01539_1539,CNN,0.0079191299905116,0.7753610717640212,0.4677471526990057,0.3057411015033722,1.1235073804855347,-0.04518759995698929,1.0452848073327914e-05,-339.9374532670429,0.010007561184465885,603762.6178592804,587318.7490814077,192563868.0
train_tune_571cc_01540_1540,CNN,0.0100431413461204,0.7858431847824364,0.4827005454119846,0.7813483476638794,3.329627752304077,-0.30942702293395996,6.738569936715066e-05,-336.48281240048686,0.01053005363792181,424370449.94089484,426765987.48212457,11822414332.0
train_tune_571cc_01541_1541,CNN,0.0490212617105665,0.8054360842183637,0.5278309377750833,1.133812665939331,4.725185871124268,-0.6378061771392822,9.455746476305649e-05,-331.2095381779496,0.0035179166588932276,256493.29589081122,256275.95009499148,3363188796.0
train_tune_571cc_01542_1542,CNN,0.0262460656936956,0.8141040263947432,0.4751548279988446,0.4728248715400696,1.7792794704437256,-0.0873129591345787,2.354386742808856e-05,-333.8732535215971,-0.0211581289768219,6403410609.930208,6547217444.784221,8040576428.0
train_tune_571cc_01543_1543,CNN,0.0152396533963521,0.7777728601688829,0.4359777195901533,0.2476920485496521,0.8924120664596558,-0.027914125472307205,5.874107955605723e-06,-368.62148892356015,0.001964251045137644,10749421261167.059,10842110640457.383,19908621764.0
train_tune_571cc_01544_1544,CNN,0.042919588300958,0.8158637963403184,0.4415466080306268,0.5076078176498413,1.8370484113693237,-0.11176252365112305,2.707045860006474e-05,-360.63018499449834,-0.007088079117238522,212747721248.69818,213588991247.24023,9690855852.0
train_tune_571cc_01545_1545,CNN,0.0146289537712895,0.8047053769848437,0.5257880188338289,0.43986278772354126,1.801414966583252,-0.0934569388628006,2.5412391551071778e-05,-334.10003388021056,-0.0003938762820325792,162353392.21152276,163776083.97722894,5895466708.0
train_tune_571cc_01546_1546,CNN,0.0076859762814111,0.8280303743455538,0.4657530090170352,1.8247895240783691,7.6864094734191895,-1.8518567085266113,0.00011155423271702603,-325.3599911557603,0.03132554516196251,6414.088723694766,6414.088723694766,77737636.0
train_tune_571cc_01547_1547,CNN,0.0178548962906917,0.770803476168786,0.3452330127825302,0.6795454025268555,2.082368850708008,-0.2543320655822754,4.190237814327702e-05,-334.09636158705007,0.012834947556257248,3459876.3383127684,3402525.3954813248,1615601932.0
train_tune_571cc_01548_1548,CNN,0.0232540061388922,0.7700890172451637,0.3980540822286618,0.15281729400157928,0.40233510732650757,-0.007066772319376469,3.975339495809749e-06,-349.29057524600915,-0.0008729625842534006,34787259824.057594,35240444366.784386,13426276148.0
train_tune_571cc_01549_1549,CNN,0.0210169931243914,0.7720412146293786,0.4679995128151177,0.4448792040348053,1.9291841983795166,-0.09357903897762299,1.8404771253699437e-05,-337.6794129633907,0.0061959633603692055,6907077.061008315,6814807.351423772,2802518748.0
train_tune_571cc_01550_1550,CNN,0.008550500398223,0.8099859024402312,0.5435727937677152,1.8094274997711182,6.477553844451904,-1.99089515209198,0.00014330864360090345,-327.7690785136932,0.043919943273067474,4166.068558700172,4166.068558700172,26287772.0
train_tune_571cc_01551_1551,CNN,0.0527941297536288,0.8188149538777858,0.5476665867718757,1.049299955368042,4.89048433303833,-0.5500702857971191,9.047045023180544e-05,-326.0624965603328,0.009350663051009178,149838.78597656332,148122.6165371111,2406413244.0
train_tune_571cc_01552_1552,CNN,0.0042726679712981,0.7681832676153215,0.452336707668991,0.48883891105651855,2.0887627601623535,-0.1115843877196312,3.0228078685468063e-05,-362.127918603803,-0.0006093126721680164,42797596271206.86,43180677940489.86,30166698420.0
train_tune_571cc_01553_1553,CNN,0.0753580962661348,0.6349400117327133,0.4583428773207351,4.5626630783081055,6.834364891052246,-25.23693084716797,0.0014002404641360044,-596.8053212342721,0.13269007205963135,3233.197956955619,3233.197956955619,746092.0
train_tune_571cc_01554_1554,CNN,0.0561414923289123,0.7816419152712522,0.4839201563141295,2.3325960636138916,7.839300155639648,-3.4518470764160156,0.00016846343351062387,-328.9959345033422,0.11163406074047089,5951.877552632026,5951.877552632026,25465212.0
train_tune_571cc_01555_1555,CNN,0.0072468203979909,0.8092928745221077,0.4803596100338455,1.732358694076538,6.64686393737793,-1.749229907989502,0.00012435638927854598,-324.3370962409289,0.04094021022319794,5194.261457381386,5194.261457381386,45827132.0
train_tune_571cc_01556_1556,CNN,0.0142116498932601,0.8009828081200712,0.3849412283201388,0.2649223804473877,1.018747329711914,-0.03334826976060867,7.707105396548286e-06,-373.2308235831888,0.005663939751684666,13512117884250.863,13660903575839.05,20167488372.0
train_tune_571cc_01557_1557,CNN,0.051184783928147,0.8274454347287207,0.4958735419504849,0.9886631965637207,2.904393196105957,-0.7188779711723328,0.00015259701467584819,-326.51125783361056,0.06862220168113708,3923703.703209902,3875270.6910362756,3049570268.0
train_tune_571cc_01558_1558,CNN,0.0340958294032246,0.7836151164625029,0.5900267834052167,2.2545523643493652,8.30080795288086,-2.1284475326538086,0.0007252334035001695,-328.51592113038254,-0.038970477879047394,4711.215032125231,4711.215032125231,12537548.0
train_tune_571cc_01559_1559,CNN,0.0067435199778656,0.8060019738615387,0.5696779686345474,1.329135537147522,4.611095428466797,-1.1673288345336914,0.00013144733384251595,-322.092177497165,0.08466268330812454,73612.5985228722,74234.9657567596,752587188.0
train_tune_571cc_01560_1560,CNN,0.011180824992912,0.7833527998043586,0.4733475559529103,0.47827744483947754,1.9785702228546143,-0.10850614309310913,2.5728259060997516e-05,-346.1843256061536,-0.0043268525041639805,16821066381.08897,17390192176.965748,22048130732.0
train_tune_571cc_01561_1561,CNN,0.0666793298468833,0.8195603490653851,0.4377119313698598,1.3802485466003418,5.63161039352417,-1.0817915201187134,8.427412831224501e-05,-323.34501438071527,0.054602786898612976,3996.9608972039423,3996.9608972039423,58044284.0
train_tune_571cc_01562_1562,CNN,0.0267438866952454,0.811340479653253,0.5029211702004732,2.0828332901000977,8.746767044067383,-3.079406499862671,0.00032997853122651577,-331.97985611638273,0.09524478018283844,398082.681282211,395119.7158685238,3884338812.0
train_tune_571cc_01563_1563,CNN,0.0742548464769521,0.8073152370429805,0.514321161035793,1.54775071144104,4.892928123474121,-1.5021629333496094,0.0002397591742919758,-331.74354774224,0.10615983605384827,86674.90415376505,84757.79908360369,198209372.0
train_tune_571cc_01564_1564,CNN,0.0080280874516799,0.7507700806616112,0.2903084037114217,0.7114048004150391,2.5990488529205322,-0.2482832670211792,4.284491660655476e-05,-348.5598348453216,-0.0017173737287521362,166770208505.52713,169964299921.04434,7576131252.0
train_tune_571cc_01565_1565,CNN,0.0222406615218327,0.8027613762613384,0.461194465579115,0.6494189500808716,2.4288549423217773,-0.23440343141555786,4.503103991737589e-05,-330.29252020857496,0.024630706757307053,125030049.40638086,124669768.23426107,6228073940.0
train_tune_571cc_01566_1566,CNN,0.0249860646938248,0.8168306576690861,0.4528353238939199,1.4378104209899902,6.482714653015137,-1.0368783473968506,7.762247696518898e-05,-324.077634053168,-0.020534973591566086,5525.828440752833,5525.828440752833,84698068.0
train_tune_571cc_01568_1568,CNN,0.0758216431060346,0.7872472311771758,0.5249099687952941,0.6173672676086426,2.7296738624572754,-0.2051047831773758,2.507144381524995e-05,-338.8562637549774,0.013957487419247627,7666237.245943989,7759654.390930455,4850764772.0
train_tune_571cc_01569_1569,CNN,0.0364663664981926,0.8066408183205039,0.5312151727380401,1.110795021057129,4.121685028076172,-0.6759474277496338,8.726610394660383e-05,-338.7026814363478,0.010595306754112244,10239684.403180145,10391451.42422047,2929676404.0
train_tune_571cc_01570_1570,CNN,0.0305069632654403,0.811776095617534,0.4952144272342549,1.638761043548584,7.83448600769043,-1.3459227085113525,0.00014920464309398085,-322.84517499321066,-0.011238528415560722,8183.414185072172,8183.414185072172,165336332.0
train_tune_571cc_01571_1571,CNN,0.0354287845660932,0.7835455230445083,0.3746840579140838,0.45146551728248596,1.8896371126174927,-0.10398735105991364,2.6537607482168823e-05,-382.2725624450765,0.011319829151034355,212731178405177.53,214276152495333.12,55161851612.0
train_tune_571cc_01572_1572,CNN,0.0152130198083549,0.7441342914844538,0.4776226764279672,1.1616873741149902,4.1766581535339355,-0.8025873899459839,0.00011276632722001523,-480.43900724842104,0.026093188673257828,486432.76092415967,544204.3568819473,116450108.0
train_tune_571cc_01573_1573,CNN,0.0141843971631205,0.7693551502899451,0.4415003655809182,0.4379584491252899,1.1719176769256592,-0.11060028523206711,1.4009214282850735e-05,-366.3549164750412,0.0187979768961668,11272081698208.676,11524835194583.73,18613488092.0
train_tune_571cc_01574_1574,CNN,0.0251583181294042,0.7879100169230399,0.4686949414776669,1.0504151582717896,3.7951931953430176,-0.757889986038208,7.009056571405381e-05,-339.18013191849,0.07875394821166992,72417592.3007333,72098121.74540636,2467122604.0
train_tune_571cc_01575_1575,CNN,0.0574462075671335,0.78569615731242,0.5288333203226111,1.7429938316345215,6.111977577209473,-2.4394752979278564,0.00022939678456168622,-323.98059608280096,0.12692049145698547,2336640.9533098596,2281177.2896979903,2124457772.0
train_tune_571cc_01577_1577,CNN,0.0263078683398563,0.8059280180390521,0.457502452443758,1.5354516506195068,5.86728048324585,-0.9501575231552124,0.00028788403142243624,-331.34667299116,-0.04236931726336479,5764.321435980441,5764.321435980441,44272652.0
train_tune_571cc_01579_1579,CNN,0.0217350701109746,0.7537165180067689,0.3960902120762901,0.3753833472728729,1.3490369319915771,-0.06245659664273262,2.6047917344840243e-05,-354.6743650244064,-0.00864618830382824,10373821164592.71,9953235948054.104,26219393740.0
train_tune_571cc_01580_1580,CNN,0.0128036996706726,0.7682609677412944,0.4987271293135661,0.8755526542663574,3.198214292526245,-0.5243626236915588,7.473025470972061e-05,-331.13618456749134,0.06202417239546776,230952829.0226704,230062239.06321347,11840256284.0
train_tune_571cc_01581_1581,CNN,0.0227903478144273,0.796380064041009,0.4658199759117162,1.5529139041900635,4.580385208129883,-1.381235122680664,0.0001713134115561843,-334.74395563672067,-0.0015295986086130142,75585.82242591727,75993.46695591939,75050044.0
train_tune_571cc_01582_1582,CNN,0.0528038333153232,0.8073221071678095,0.5497028694977325,1.1610242128372192,4.780787467956543,-0.7927969098091125,0.000115779104817193,-328.3487706790848,0.02907775342464447,261349.75543596668,261311.15643575368,2254328012.0
train_tune_571cc_01586_1586,CNN,0.0739337594263398,0.8118697100318318,0.4816949652626982,1.7197637557983398,7.680753231048584,-1.539372205734253,0.00016824872000142932,-340.13530697504126,0.035297080874443054,112606.82201473296,111461.85627806252,322408132.0
train_tune_571cc_01588_1588,CNN,0.0495057234523031,0.8089950209849129,0.4406918980380676,0.7857969999313354,2.182473659515381,-0.3370811343193054,4.681524296756834e-05,-324.87914417396644,0.005288159474730492,3098049.905749518,3077598.3575780154,1354934916.0
train_tune_571cc_01589_1589,CNN,0.0218168731825059,0.7983111444999383,0.4891213781562287,0.5125970244407654,1.625144600868225,-0.12690897285938263,2.6100144168594852e-05,-343.79414545574673,-0.0033076871186494827,129285303.45111251,131397074.2839333,4434397652.0
train_tune_571cc_01590_1590,CNN,0.0292078879763944,0.7754816989747644,0.4473568963043835,1.7145212888717651,6.949942111968994,-2.008087635040283,0.0003224627871531993,-337.4531873345778,0.1201658546924591,3247515.2898874534,3222006.6689412575,1698114756.0
train_tune_571cc_01591_1591,CNN,0.0185013042171985,0.7908447246328465,0.4117344733393919,0.33107155561447144,1.2947232723236084,-0.05347749963402748,1.1653164619929157e-05,-338.93831653982124,0.00828017108142376,2207014527.395607,2193916987.4356976,7491095356.0
train_tune_571cc_01592_1592,CNN,0.0151364804368647,0.6782865764002796,0.358434074580994,0.25064781308174133,0.7501175403594971,-0.02596527896821499,1.0383709195593838e-05,-342.1881207069498,-0.0033535535912960768,503504.1424796827,505801.8989943068,231568220.0
train_tune_571cc_01593_1593,CNN,0.0513050637847898,0.7990500638293182,0.49587896573126,0.3746066391468048,1.4431438446044922,-0.06178721785545349,1.545617305964697e-05,-348.5310777446913,-0.006878984160721302,27411085685.753597,27287633733.06182,22032695028.0
train_tune_571cc_01594_1594,CNN,0.0386720541817884,0.8130816757944123,0.5721792432926623,1.7627297639846802,7.656968116760254,-1.5837053060531616,0.00026988613535650074,-322.7747442466409,-0.01751094125211239,197376.92413554655,192180.02147789186,2995911724.0
train_tune_571cc_01595_1595,CNN,0.0348118838974103,0.7806913599602264,0.4798353555627735,0.2629331946372986,1.0049536228179932,-0.032393570989370346,7.960471521073487e-06,-338.5537929974395,0.0031525124795734882,122616807157.62822,120232003516.34308,9637907772.0
train_tune_571cc_01596_1596,CNN,0.0121775024085144,0.7946227918948203,0.4470774889389514,0.6297323107719421,1.788712501525879,-0.21974866092205048,3.564575672498904e-05,-336.82816644300385,0.005997155327349901,3568201526.2776394,3613018197.0277824,12918982476.0
train_tune_571cc_01597_1597,CNN,0.0137220138493714,0.812586732817807,0.5185737753707241,1.0181912183761597,3.178898811340332,-0.6182833909988403,7.320791337406263e-05,-329.6239392601668,0.026150405406951904,180005.68646133714,180003.48862023538,1526636988.0
train_tune_571cc_01598_1598,CNN,0.0211814140737434,0.7957359533745749,0.4849486435927597,0.864773154258728,3.552196979522705,-0.38689830899238586,0.00010939395724562928,-333.91005821911483,0.007485093083232641,237218193.55458468,243651544.37900305,6897183956.0
train_tune_571cc_01599_1599,CNN,0.021369333165462,0.8007221782139022,0.5781650814808216,2.022587776184082,8.415878295898438,-2.761869430541992,0.0003456332196947187,-325.45018138935814,0.11511381715536118,4615.641678951477,4615.641678951477,33667892.0
train_tune_571cc_01600_1600,CNN,0.0883735330688577,0.7829975543099034,0.4597178328740093,0.8890892863273621,3.7508931159973145,-0.4790037274360657,6.733454938512295e-05,-327.8532903189773,0.042590782046318054,6692576.5467762165,6760300.304781711,4407831924.0
train_tune_571cc_01601_1601,CNN,0.0152368835574942,0.7725521865532956,0.3668050081531352,0.3120301067829132,0.7553309798240662,-0.04325411096215248,1.8072749298880808e-05,-346.87937285111934,0.0030491177458316088,94085573349.1526,96595960510.16379,7405723796.0
train_tune_571cc_01602_1602,CNN,0.0040269506876409,0.7720160050702951,0.4232387555054138,0.4134331941604614,1.3570005893707275,-0.08353853225708008,1.9001183318323456e-05,-343.5315860969449,0.0037524839863181114,270553051.4953316,269596874.94333386,6988987988.0
train_tune_571cc_01603_1603,CNN,0.0377055714806105,0.7842131958706108,0.5084826593853599,0.9816752672195435,4.125171184539795,-0.3925292193889618,0.00016574015899095684,-330.39225174985074,-0.03184465318918228,16069050.547694623,15821941.063377745,10292971324.0
train_tune_571cc_01604_1604,CNN,0.0134878302985715,0.783968115070515,0.4181271281073968,0.3263828158378601,1.355015754699707,-0.051103174686431885,1.1579671081562992e-05,-380.73876046610576,-0.0031899798195809126,4495996772745.743,4551887980567.375,22726926452.0
train_tune_571cc_01605_1605,CNN,0.0231918560352129,0.7790771187101707,0.4562275560098874,0.5582758188247681,1.7092467546463013,-0.17282667756080627,2.5042303605005145e-05,-329.73305857464374,0.015716738998889923,114250996.87393364,113967699.24911523,2675654236.0
train_tune_571cc_01606_1606,CNN,0.0258941313843359,0.7602497764251881,0.3912629795651457,0.5234791040420532,2.1078193187713623,-0.14987854659557343,2.658359517226927e-05,-346.22369212761015,0.01693687215447426,334395907411.20496,328018429763.928,10005915348.0
train_tune_571cc_01607_1607,CNN,0.0586388425267133,0.8154161374635339,0.4916881537441364,0.6890382766723633,2.291543960571289,-0.1843620091676712,5.203647742746398e-05,-331.31426275455374,-0.03240008279681206,152471.07138983114,152509.98917883777,1274031556.0
train_tune_571cc_01608_1608,CNN,0.0267492276045092,0.7706036920281057,0.4157810333371114,0.7545174360275269,3.171381950378418,-0.28160515427589417,6.332826160360128e-05,-338.2995245220572,0.006890319287776947,35948786.88123291,36895325.34440114,3969638860.0
train_tune_571cc_01610_1610,CNN,0.0609084598391715,0.7957802175068514,0.5623836652515867,0.9363827109336853,4.3097243309021,-0.4874049425125122,5.8882447774522007e-05,-321.9021613202947,0.01655753329396248,140405.16701665233,140609.35856328765,2287515356.0
train_tune_571cc_01611_1611,CNN,0.0072514742093563,0.7888707565981239,0.5583720581119632,1.270965576171875,3.857877016067505,-1.1784929037094116,0.0002190110390074551,-334.288266675131,0.09816952049732208,1928579.3700050549,1864889.02742352,497495668.0
train_tune_571cc_01612_1612,CNN,0.0321637478317453,0.7870180736298015,0.4593170118208461,1.8583409786224365,5.988076210021973,-2.1295461654663086,0.00014787196414545178,-332.8986141885167,0.1282539665699005,3332.7711679598087,3332.7711679598087,11745292.0
train_tune_571cc_01613_1613,CNN,0.0397900407796166,0.8002236947801061,0.4442981909663607,0.5879793167114258,2.458834648132324,-0.17796193063259125,4.757520218845457e-05,-345.7228109455666,0.007954321801662445,28130893900.54383,28345159295.776787,31848134908.0
train_tune_571cc_01614_1614,CNN,0.0144712430426716,0.8053638272829563,0.4771979882041133,0.8965533375740051,2.3665518760681152,-0.40501633286476135,0.00011144836753373966,-325.74550079355487,0.0038912566378712654,4902139.819467363,4900058.590413069,7180621684.0
train_tune_571cc_01615_1615,CNN,0.0334936969417538,0.7635287293626178,0.294901042632963,0.27686381340026855,1.0254837274551392,-0.03887932002544403,1.0009773177444004e-05,-360.6638841775549,0.01115211471915245,1892637985301.6533,2048661780625.8457,7913290916.0
train_tune_571cc_01616_1616,CNN,0.0181422828624376,0.7992950170969944,0.5330205680860193,0.9236800074577332,3.6272830963134766,-0.3315927982330322,9.867768676485866e-05,-344.9135445706502,-0.02133210375905037,433438231.24731624,434762076.7188281,8204867380.0
train_tune_571cc_01617_1617,CNN,0.012853029920417,0.8371166733119045,0.549376150639206,1.6908307075500488,6.547873497009277,-1.9960205554962158,0.00026624693418852985,-334.559332904578,0.12834934890270233,65937.26454967458,65738.65690250308,305288084.0
train_tune_571cc_01618_1618,CNN,0.0406225664481489,0.8048596091956483,0.4342471144469051,3.1094908714294434,6.659061431884766,-8.655350685119629,0.0007591603207401931,-369.80983661590386,0.23563417792320251,3207.4636189878343,3207.4636189878343,3516140.0
train_tune_571cc_01619_1619,CNN,0.0042876632235431,0.7794016309033677,0.4682360744058729,0.45324355363845825,1.7987440824508667,-0.10491952300071716,2.02433093363652e-05,-370.4676763532932,0.008951508440077305,33213530182.089996,33336647968.23517,18933244604.0
train_tune_571cc_01620_1620,CNN,0.0082778306374881,0.7485738308835986,0.437992209650282,0.3254167437553406,1.3464287519454956,-0.052470795810222626,1.0217847375315614e-05,-324.64688905349,0.006842861883342266,646264178.6109779,631944075.1908455,2833010540.0
train_tune_571cc_01621_1621,CNN,0.0333743961676675,0.775821314753142,0.4190047184978508,0.7562782764434814,2.663435697555542,-0.2671077251434326,4.6629749704152346e-05,-345.8978086234995,0.00016152998432517052,54685796.10611006,52391519.078632854,1423753676.0
train_tune_571cc_01622_1622,CNN,0.0242718583046347,0.8041662420354961,0.5601534713479673,0.8284397125244141,3.4932174682617188,-0.3856062889099121,6.38458295725286e-05,-320.22364763803455,0.027515161782503128,2242386.1571569424,2257105.5579795903,3913102324.0
train_tune_571cc_01623_1623,CNN,0.03743299346737,0.8238860159807593,0.4339797278078656,1.1377593278884888,5.083473205566406,-0.6726217269897461,6.191310967551544e-05,-324.3839985591147,-0.007008940912783146,4315.649978423935,4315.649978423935,104419292.0
train_tune_571cc_01624_1624,CNN,0.0775128573516261,0.8084705184151191,0.494713742339143,0.9277005195617676,3.936394453048706,-0.2859629690647125,0.00011181659647263587,-325.4112134232588,-0.02218066155910492,229515.35283159668,228229.79493558523,2684863156.0
train_tune_571cc_01625_1625,CNN,0.0280563984463653,0.8075305330475046,0.5623214728237046,1.0685147047042847,3.873725652694702,-0.729690432548523,7.639714749529958e-05,-341.30742655487376,0.08277834951877594,6520304.019764515,6459140.209449346,4382902812.0
train_tune_571cc_01626_1626,CNN,0.0281734616461785,0.7939115652512627,0.5454801621322153,0.472297728061676,1.9722027778625488,-0.11166182160377502,2.2810041627963074e-05,-330.61575590841204,0.0015524877235293388,343583751.23414934,343922193.00867057,15720434588.0
train_tune_571cc_01627_1627,CNN,0.0322121150648942,0.8150825288656319,0.4890564576571305,2.0289785861968994,7.959864616394043,-1.8170435428619385,0.0006651141447946429,-329.0976417045257,0.004726070910692215,7725.691615081055,7725.691615081055,38295188.0
train_tune_571cc_01628_1628,CNN,0.0142194556328573,0.7695081021866926,0.4025097420294005,0.35480600595474243,1.0450775623321533,-0.06986817717552185,2.4525779735995457e-05,-353.01759465485054,0.02436731941998005,92120543340.15958,95197133405.9334,4625015300.0
train_tune_571cc_01630_1630,CNN,0.0194009858246245,0.8344384684679881,0.5083995130552771,2.125929117202759,6.14853572845459,-3.1389412879943848,0.00021318532526493073,-339.998027424578,0.12007232755422592,3912.1959602899533,3912.1959602899533,9175676.0
train_tune_571cc_01631_1631,CNN,0.0128371549325044,0.7790178160093215,0.379306473733534,0.7962371110916138,3.0541815757751465,-0.3521077036857605,6.25143147772178e-05,-340.06941886831294,0.010836411267518997,1335581914.773253,1330214222.449996,6043326348.0
train_tune_571cc_01632_1632,CNN,0.0134927936215884,0.7915545540633034,0.4908565915169853,0.187602698802948,0.757928192615509,-0.016554947942495346,4.34821731687407e-06,-341.97346267703614,0.0016189714660868049,26974993.072611965,26468579.195637383,5580054708.0
train_tune_571cc_01633_1633,CNN,0.06569617634738,0.8122350279652889,0.4357689705305422,1.4978845119476318,6.114137649536133,-1.2676470279693604,0.00011614775576163083,-326.56039324964405,0.06315983086824417,4468.918824673887,4468.918824673887,63134764.0
train_tune_571cc_01634_1634,CNN,0.0042876632235431,0.7862531141838254,0.4375198829553074,0.4811131954193115,1.8925354480743408,-0.10229664295911789,2.7560319722397253e-05,-344.14909989195974,-0.00033967255149036646,2759402003.5812273,2573148095.300379,10844422372.0
train_tune_571cc_01635_1635,CNN,0.0545244201021147,0.799883933419951,0.4997007275184064,2.3421273231506348,6.931921005249023,-3.1141462326049805,0.0002199521113652736,-335.6475661673653,0.03507299721240997,4597.600937648935,4597.600937648935,10522796.0
train_tune_571cc_01636_1636,CNN,0.0113528376021625,0.7942963383922615,0.4983494310234468,0.9874548316001892,3.4706859588623047,-0.581228494644165,0.0001338868314633146,-329.71334964194057,0.0455951914191246,227753369.0425115,234152221.55625626,5482329612.0
train_tune_571cc_01637_1637,CNN,0.0524626390514465,0.7788933715303868,0.4821209251341753,0.7237070798873901,2.8833484649658203,-0.29198458790779114,4.0897346480051056e-05,-338.15675252654694,0.024442873895168304,17936294.863598876,17688801.722516604,20699918284.0
train_tune_571cc_01638_1638,CNN,0.0405486995242182,0.7933824300585215,0.4984380585443766,1.9950107336044312,9.179144859313965,-2.5124568939208984,0.00022987037664279342,-320.5794049573505,0.1161946952342987,5481.534062612141,5481.534062612141,73227372.0
train_tune_571cc_01639_1639,CNN,0.0047809784007499,0.7973095759717651,0.5394821324239633,0.762092113494873,3.2590465545654297,-0.2947509288787842,4.885180896962993e-05,-332.71317788436954,0.013481572270393372,5529555.930670118,5621363.230346342,3449766972.0
train_tune_571cc_01640_1640,CNN,0.0057784324148991,0.798346901819944,0.4388604402813403,0.8451340198516846,3.347968578338623,-0.33826375007629395,9.897216659737751e-05,-336.8100600748328,0.0013265274465084076,192145419.61500248,190285633.13986623,7005629244.0
train_tune_571cc_01641_1641,CNN,0.0068465482117844,0.8047156257861426,0.4808952330029176,1.6459739208221436,6.8687567710876465,-1.2376282215118408,0.00012360051914583892,-324.8166601764434,-0.015220548026263714,5546.0487046858825,5546.0487046858825,48183572.0
train_tune_571cc_01643_1643,CNN,0.0100652870000312,0.7980083191580398,0.357327785847812,0.2345035970211029,0.9982329607009888,-0.02602057345211506,6.136054253147449e-06,-343.08711894193937,0.0057233222760260105,1258946108.9594908,1225813454.4772172,5730771852.0
train_tune_571cc_01644_1644,CNN,0.0201595870566626,0.8191588065440994,0.5435895451905531,1.1856012344360352,4.9943952560424805,-0.6012202501296997,0.00011275873839622363,-325.2940123588754,-0.013309990987181664,293821.216872734,296196.82718293,2969052132.0
train_tune_571cc_01645_1645,CNN,0.0266856005450216,0.7667205213079091,0.4265112575920836,0.2592275142669678,0.8696425557136536,-0.030011499300599098,1.3260996638564393e-05,-353.18184220200703,0.0029694847762584686,358392803601.48975,364383296971.49854,24719990548.0
train_tune_571cc_01646_1646,CNN,0.0847575144665362,0.8158543140740789,0.4577708848327339,0.8772846460342407,2.204611301422119,-0.47853147983551025,5.81241947656963e-05,-326.63686188056715,-0.002625829540193081,75010.15661832251,75234.92017455556,372780396.0
train_tune_571cc_01647_1647,CNN,0.0143038251549999,0.7484309753204686,0.4998593971576834,0.7985958456993103,1.8983817100524902,-0.4561626613140106,6.989205576246604e-05,-329.61701763625234,0.03454792499542236,65219005.063677914,65049187.94743415,3909473076.0
train_tune_571cc_01649_1649,CNN,0.0235522081816814,0.7854870592083268,0.5512076753912886,0.9709674119949341,3.901355504989624,-0.4262849688529968,7.027554966043681e-05,-320.20878756361526,-0.01956280693411827,115025.96028642374,115047.43336518886,1785054884.0
train_tune_571cc_01650_1650,CNN,0.0240523798143961,0.7925696871890738,0.4214757266596485,1.572346806526184,5.949710845947266,-1.6277583837509155,0.00018796684162225574,-322.508782379167,0.05140747129917145,117875.8061946287,117972.47334721054,654550604.0
train_tune_571cc_01651_1651,CNN,0.0362126865671641,0.7922395808653965,0.4617146504208809,0.5118325352668762,1.6624054908752441,-0.13182875514030457,1.944589166669175e-05,-357.5308784976879,0.0010466640815138817,30141723522.717133,30053463121.540188,28838387988.0
train_tune_571cc_01652_1652,CNN,0.0638983393685051,0.825438808066476,0.4429485052305694,1.4421297311782837,7.047616958618164,-0.9457294940948486,0.00012843692093156278,-323.6275853750136,-0.02393857017159462,6428.489600525184,6428.489600525184,124140516.0
train_tune_571cc_01653_1653,CNN,0.0135576508288654,0.8457970266982212,0.4954500643613689,0.6215449571609497,2.174229383468628,-0.17320255935192108,2.7031073841499165e-05,-358.9966401311978,-0.00818677619099617,1918138020.1724622,1982655401.3439994,11425521668.0
train_tune_571cc_01654_1654,CNN,0.0608967120333599,0.7978975858111924,0.4709272454742141,0.8154904842376709,1.9373726844787598,-0.46537840366363525,8.597589476266876e-05,-328.9025096859548,0.032999876886606216,38807.462263305235,38941.428069328445,147996484.0
train_tune_571cc_01655_1655,CNN,0.0120758562586928,0.7821758936391765,0.4600273985170171,0.658918559551239,2.476449489593506,-0.21835468709468842,6.326734001049772e-05,-352.57971036641146,0.015172811225056648,17129193007.119606,17571696298.570797,11896844036.0
train_tune_571cc_01656_1656,CNN,0.0235302458697996,0.7439537984220359,0.4214791401031818,0.40810906887054443,1.5023694038391113,-0.07851949334144592,2.0683230104623362e-05,-329.5365564416878,-0.003274338785558939,3034177819.198005,3117186094.7152042,4714472844.0
train_tune_571cc_01657_1657,CNN,0.0134828706257277,0.7835812114136645,0.3857948593007612,0.3539981245994568,1.3534177541732788,-0.06052738428115845,1.2420632629073225e-05,-357.73386798224806,0.0022915357258170843,8901584265416.723,8889275283155.195,13276430076.0
train_tune_571cc_01658_1658,CNN,0.0344562664566647,0.818082576292252,0.4342304662286423,0.7060766816139221,1.8658418655395508,-0.33665329217910767,5.971237987978384e-05,-326.37078515896195,0.04040485993027687,59228.86924203605,58978.01439481196,342424780.0
train_tune_571cc_01659_1659,CNN,0.0156137306933387,0.7702021119590459,0.50600723702065,0.880561113357544,3.28490948677063,-0.437450110912323,0.00010715526150306687,-330.02097767938335,0.03472905233502388,195715549.22893006,199767452.95594114,5380624500.0
train_tune_571cc_01660_1660,CNN,0.0134695630829651,0.779734782171898,0.4614709440772455,0.4847146272659302,1.737858772277832,-0.10941182076931,2.294367914146278e-05,-337.4561982632342,-0.007455930579453707,2972377084.335142,2989147172.958763,6653265692.0
train_tune_571cc_01661_1661,CNN,0.0137097276749548,0.8079060832377385,0.5021442085193374,0.992499589920044,3.821498394012451,-0.5152007937431335,0.00013985495024826378,-340.6363027672349,0.01620016247034073,98324451.10985073,100710096.04714552,4429383804.0
train_tune_571cc_01662_1662,CNN,0.056257734580054,0.8185895881796234,0.4222484657097171,1.4496524333953857,5.499749183654785,-1.1380329132080078,6.126982043497264e-05,-327.8101966990756,0.04325634241104126,4514.301987933921,4514.301987933921,58592012.0
train_tune_571cc_01663_1663,CNN,0.0962955587114146,0.8071551605660362,0.4763146521687662,0.8952652215957642,1.968106746673584,-0.4805532991886139,3.7894984416197985e-05,-331.67426296112114,-0.020134195685386658,49616.692130614596,49508.81992491117,178164052.0
train_tune_571cc_01664_1664,CNN,0.0091980091980091,0.7424824811716073,0.4368839349570039,0.2563595175743103,1.1115782260894775,-0.030827026814222336,9.030874934978783e-06,-355.36878022071204,0.005609896965324879,2131029323424.1934,2113297379047.2861,9933992292.0
train_tune_571cc_01665_1665,CNN,0.0142952938307729,0.782610604161274,0.5121323588564465,0.2942323088645935,1.1290075778961182,-0.040523648262023926,1.1048370652133599e-05,-357.2326295178758,0.0017779858317226171,65153372769.356094,64497137434.18213,11095385740.0
train_tune_571cc_01666_1666,CNN,0.0134828706257277,0.8073497016030715,0.4778503033297574,0.4082234799861908,0.883684515953064,-0.09391802549362183,3.0094641260802746e-05,-359.2911770581005,0.01924879103899002,3354360894631.083,3267839033004.2393,7439813764.0
train_tune_571cc_01667_1667,CNN,0.0142952938307729,0.7865929659781697,0.4366376992920557,0.28648021817207336,0.9288274049758911,-0.03375592827796936,1.549447733850684e-05,-344.04979192503305,-0.011766024865210056,1333178320.1773496,1328159070.5868814,6970719452.0
train_tune_571cc_01668_1668,CNN,0.0182314864303105,0.7226801211539646,0.3601404309994133,0.4048179090023041,1.4862556457519531,-0.0750618502497673,1.888105907710269e-05,-382.95702935082534,-0.0017939505632966757,2462297744437.959,2389159155060.883,12671279732.0
train_tune_571cc_01669_1669,CNN,0.0527914333795579,0.7958322505261933,0.4922561130227066,1.9917725324630737,7.751676559448242,-2.0660948753356934,0.0001725287875160575,-323.0939839571208,0.018157318234443665,4541.239921332176,4541.239921332176,25992172.0
train_tune_571cc_01670_1670,CNN,0.0152237225311093,0.7673315161594992,0.3790517483884132,0.22913789749145508,0.842286229133606,-0.024448473006486893,9.938956281985156e-06,-344.24118877238925,0.0012288902653381228,61336776968.96956,61554897164.52872,8046314844.0
train_tune_571cc_01671_1671,CNN,0.0249382702553558,0.7546102187503618,0.4090195488615399,0.4509674906730652,1.2579931020736694,-0.0999528020620346,2.3259854060597718e-05,-339.5538434394472,0.0022145677357912064,3277752190.471645,3267565676.6184397,3935332052.0
train_tune_571cc_01672_1672,CNN,0.0152090052488458,0.7828203804889758,0.4162389288368082,0.1803871989250183,0.7384902238845825,-0.01405344158411026,7.98416294855997e-06,-349.9974296341021,-0.002123991260305047,7862279.901033778,7658641.745301411,686700604.0
train_tune_571cc_01673_1673,CNN,0.0214552369393615,0.8013374113782894,0.4897085751862377,0.8049609065055847,2.952691078186035,-0.29861149191856384,6.0108406614745036e-05,-326.20091237136205,0.005932574160397053,175252.91191338748,174080.7893851847,2243840572.0
train_tune_571cc_01674_1674,CNN,0.0111126265365437,0.7767567126771256,0.5024458124477277,0.5374947190284729,1.9255077838897705,-0.1507754921913147,2.261423651361838e-05,-340.1487821669647,0.010898925364017487,689991679.2627914,687336192.0417823,11959083692.0
train_tune_571cc_01675_1675,CNN,0.0142116498932601,0.820454299042408,0.3590638298280251,0.37542760372161865,1.310972809791565,-0.06861558556556702,1.1459441338956822e-05,-385.410406376433,0.009622611105442047,28724780610321.242,28332882421629.523,17292640204.0
train_tune_571cc_01676_1676,CNN,0.0166441718966474,0.773147323779083,0.5203613544811346,0.42786744236946106,1.1790249347686768,-0.07915416359901428,1.9695084120030515e-05,-342.00632876431547,-0.01777740567922592,235675154.5010622,237710531.003999,9065345916.0
train_tune_571cc_01677_1677,CNN,0.0166908956514376,0.7542569710046045,0.4558946447921435,0.4444287419319153,1.8756954669952393,-0.1063571497797966,1.6512996808160096e-05,-339.7974446079902,0.015995565801858902,12928212143.167854,12880472094.586771,16101191468.0
train_tune_571cc_01678_1678,CNN,0.045517579456206,0.8064017660710879,0.4823566011150966,0.8122868537902832,3.438352584838867,-0.3414177894592285,8.364539826288819e-05,-342.4793889473448,0.0091867595911026,7962892620.668812,7647282366.211,19680428412.0
train_tune_571cc_01679_1679,CNN,0.0133341172984913,0.7949089969437156,0.4879227434696724,0.4958731532096863,1.6067936420440674,-0.12211404740810394,2.10941034310963e-05,-333.595342247743,0.004431629553437233,324366879.8746593,321826239.1650448,13279609420.0
train_tune_571cc_01680_1680,CNN,0.0330354583947193,0.8304044286162545,0.5566339784008768,0.8109152913093567,3.3737850189208984,-0.38034284114837646,6.505800411105156e-05,-333.4697553440616,0.03136688098311424,1546971.3540091156,1545872.9080608136,741124124.0
train_tune_571cc_01681_1681,CNN,0.0136231345594154,0.7588678988139465,0.4042019813457088,0.9157094955444336,4.142338275909424,-0.5740019083023071,8.218868606491014e-05,-330.9908935020858,0.069061279296875,124880390152.93552,125305791992.89676,9624686444.0
train_tune_571cc_01682_1682,CNN,0.0417950874431997,0.8086398862631977,0.5005065805979132,1.1672680377960205,4.261734962463379,-0.6533299088478088,0.00014032580656930804,-340.78745808220725,0.012435891665518284,4524894.14555206,4385718.460772999,1022923764.0
train_tune_571cc_01683_1683,CNN,0.0264687443826943,0.7723437022258005,0.4074116930756244,0.5355603694915771,2.2797274589538574,-0.15514789521694183,3.320330870337784e-05,-344.43433541601905,0.021767765283584595,31593101476.90119,31485997541.8168,23416186652.0
train_tune_571cc_01684_1684,CNN,0.0648874586766918,0.8019065951870981,0.5375481395437517,1.1292920112609863,4.226740837097168,-0.648166298866272,0.00019617484940681607,-332.17688399300573,0.016932712867856026,3983398.518310785,4087407.3104832894,3474215412.0
train_tune_571cc_01685_1685,CNN,0.030250951338147,0.7951651482412504,0.5038034296086072,0.9189409017562866,2.9734575748443604,-0.4475594162940979,9.068323561223224e-05,-329.36699384072443,-0.0007736934348940849,5688573.636236517,5763988.780044444,7406950884.0
train_tune_571cc_01686_1686,CNN,0.0253757008233565,0.8181022523640814,0.468564351522059,0.38733071088790894,1.258394718170166,-0.08233347535133362,2.2211757823242806e-05,-364.03001966931413,0.028274331241846085,344838117596.85504,344195296481.3804,12292786804.0
train_tune_571cc_01687_1687,CNN,0.0681592595614287,0.7907158616939834,0.49180424093259,0.4084893763065338,1.056605339050293,-0.09091071039438248,2.3164622689364478e-05,-354.16528453506993,0.0005164479371160269,4668145865.215075,4729238148.352874,13247267364.0
train_tune_571cc_01688_1688,CNN,0.0147543059777102,0.7939003411310629,0.4253914913296276,0.5295665860176086,1.9169639348983765,-0.1331755667924881,3.517842196743004e-05,-356.0169011321642,-0.0019722632132470608,36814682882.93849,36783470700.48518,23147730516.0
train_tune_571cc_01689_1689,CNN,0.0034650347216293,0.7862036839468689,0.4709381909695648,0.6315662264823914,2.5338165760040283,-0.20966672897338867,4.1941610106732696e-05,-338.8050575575464,0.013240739703178406,48221240.761432186,46821239.803202316,1959114692.0
train_tune_571cc_01690_1690,CNN,0.0146316237756281,0.7776513212297423,0.5166101063269822,0.2693512737751007,0.8980429172515869,-0.027427254244685173,1.7401998775312677e-05,-353.4276931344439,-0.01729980669915676,63553282.36620225,64374777.00587392,5284029940.0
train_tune_571cc_01691_1691,CNN,0.0044962190884937,0.7748520153057328,0.4460674404410627,0.2591343820095062,0.9659363031387329,-0.03352298215031624,9.78652315097861e-06,-368.4691435849156,0.008628437295556068,581486496735.4929,578951319477.4244,12089222412.0
train_tune_571cc_01692_1692,CNN,0.0152368835574942,0.8111536238615806,0.5303679270076814,0.5229476690292358,2.2987208366394043,-0.1503014862537384,3.0613242415711284e-05,-336.7564088679443,0.021122869104146957,22262091.6114968,22301906.759938125,25462268044.0
train_tune_571cc_01693_1693,CNN,0.0410548367813524,0.758472532822181,0.4820941723537426,0.2819274365901947,0.8803868293762207,-0.03433260694146156,1.0925134120043367e-05,-348.7656328485252,-0.004344572778791189,24378215937.197758,23277966280.287838,4546393036.0
train_tune_571cc_01694_1694,CNN,0.0146583775217894,0.7642231901567449,0.5120213780320167,0.5802084803581238,2.5994677543640137,-0.11636114120483398,4.885721136815846e-05,-324.0851046174786,-0.0272790789604187,2462691.5340017006,2526726.041979928,2036996292.0
train_tune_571cc_01695_1695,CNN,0.0135251444731341,0.8227718526310769,0.519613664813723,0.7587392926216125,2.1488893032073975,-0.34915658831596375,2.7774283807957545e-05,-335.38377059863546,0.03372602164745331,142176.9852225936,141503.06502493724,968470540.0
train_tune_571cc_01696_1696,CNN,0.0202365387332175,0.7662819832061792,0.4728708748175304,0.2709764838218689,0.8370137214660645,-0.03473813831806183,1.132145644078264e-05,-370.5015364226645,0.00345291243866086,2161981266846.2288,2152647658871.5342,34569058212.0
train_tune_571cc_01697_1697,CNN,0.0422118992040576,0.8179402246473634,0.4798215955633549,0.7019878625869751,2.1530656814575195,-0.2781674265861511,3.7851990782655776e-05,-332.85376134684896,0.02404186502099037,12708004.323410058,12707226.992335144,13534573828.0
train_tune_571cc_01698_1698,CNN,0.0135110294117647,0.7757365512008209,0.4498687671911465,0.1538858413696289,0.5748999714851379,-0.00917260255664587,3.1252930057235062e-06,-363.1098624295623,-0.001767132431268692,30047203873.450264,30686018462.197906,13485695516.0
train_tune_571cc_01699_1699,CNN,0.0562586389102884,0.7693749571100791,0.4021475405531658,1.014822244644165,3.594374895095825,-0.5692386627197266,0.00011647604696918279,-324.36756986790397,0.0448395311832428,3862809.8893411057,3867658.2169240816,2884623348.0
train_tune_571cc_01700_1700,CNN,0.0164905209264124,0.8101349551611016,0.5366976809851559,0.9794986844062805,4.370184421539307,-0.45326197147369385,7.588240259792656e-05,-323.6135522237215,0.0010247556492686272,114893.28541033744,114554.9673076689,1453572004.0
train_tune_571cc_01701_1701,CNN,0.0833171823189763,0.8058744917101999,0.5453252105780619,0.7015302181243896,1.2877753973007202,-0.37661388516426086,9.848638728726655e-05,-334.26115055453954,0.05077500641345978,4325183.979507107,4305405.844528297,10406148588.0
train_tune_571cc_01702_1702,CNN,0.0194237866831474,0.7526363298478546,0.364673957829736,0.827096700668335,3.296563148498535,-0.3318119943141937,0.0001029742561513558,-360.2301836079364,0.0029988654423505068,31443489940298.98,30775800328163.312,19606894356.0
train_tune_571cc_01703_1703,CNN,0.0408045229084972,0.7795632029711688,0.495467535792182,0.7355139255523682,2.464602470397949,-0.2898551821708679,5.232969851931557e-05,-333.6567804956857,0.015301331877708435,335543380.4812683,339766224.529595,6907093732.0
train_tune_571cc_01704_1704,CNN,0.010963754101009,0.7638041280806499,0.4224404803497759,0.29286128282546997,0.8735948801040649,-0.03716772422194481,8.64467892824905e-06,-350.01658126346183,-0.010595012456178665,57418740786.710045,57210957184.60918,5185259004.0
train_tune_571cc_01705_1705,CNN,0.0141242937853107,0.7747029534374296,0.3754621339864329,0.5698889493942261,1.190880298614502,-0.20298373699188232,5.500980478245765e-05,-332.0639073289298,0.018966013565659523,1118408.1097657778,1121327.5944592198,641808580.0
train_tune_571cc_01706_1706,CNN,0.0192500701260045,0.7885728264248227,0.4909893069063845,0.6426272988319397,2.391467809677124,-0.20542941987514496,5.5567812523804605e-05,-356.26171526475434,0.013344928622245789,58937718006.43413,60969355340.71463,4942448980.0
train_tune_571cc_01707_1707,CNN,0.0450803387173728,0.8120599303477718,0.5076814705492528,2.5147757530212402,8.203575134277344,-4.384248733520508,0.00016636763757560402,-332.9291214471974,0.15099939703941345,6345.776958406936,6345.776958406936,20894108.0
train_tune_571cc_01708_1708,CNN,0.0061920508331712,0.816780390632393,0.4477904021702181,0.4676606357097626,1.6985912322998047,-0.11269865930080414,2.4381391995120794e-05,-394.9300130774733,0.014370211400091648,6001711039003.121,5876441683644.701,16556368068.0
train_tune_571cc_01709_1709,CNN,0.0453775023672733,0.7871806560126787,0.5585919516256126,1.6360092163085938,7.81601619720459,-1.4643710851669312,0.00013569026486948133,-322.98771296615377,0.0326155386865139,3258.024023732934,3258.024023732934,37392020.0
train_tune_571cc_01710_1710,CNN,0.0208421323722918,0.7907167736401295,0.5197196305367203,0.6966809034347534,1.618141531944275,-0.3199397325515747,5.019550008000806e-05,-331.2572527956934,0.021216901019215584,3343858.6540315626,3320303.4054525634,1482252796.0
train_tune_571cc_01711_1711,CNN,0.021259044262465,0.8012052408471626,0.4567832766132078,0.1420000046491623,0.3988533616065979,-0.005965379998087883,5.412221526057692e-06,-370.8158030060841,-0.0010978118516504765,2535450413801.2754,2519918786459.8086,9830488956.0
train_tune_571cc_01712_1712,CNN,0.0565894291976496,0.7704290628530622,0.4743721331883874,0.6620604991912842,1.2069895267486572,-0.30761268734931946,5.8705023548100144e-05,-337.54859413429085,0.006060553714632988,10593650243.5526,10392415778.884933,21645340020.0
train_tune_571cc_01713_1713,CNN,0.0095768929549696,0.7908517048852945,0.5406565001894803,1.5154690742492676,3.9475224018096924,-2.3141441345214844,0.0002155759430024773,-336.02199342980293,0.14392951130867004,5963641.631567782,6009026.230396074,4858676940.0
train_tune_571cc_01714_1714,CNN,0.0019725249049607,0.7662795373040058,0.4922951584799544,0.49843108654022217,2.066100597381592,-0.12305331230163574,2.545747884141747e-05,-328.13179043188296,0.006557379849255085,333735702.5736513,334279424.453323,20373511340.0
train_tune_571cc_01715_1715,CNN,0.0327554278343044,0.7561359644627815,0.3648009120553837,0.7487573623657227,2.947603940963745,-0.3001248240470886,8.105523738777265e-05,-332.35110790911665,0.024934399873018265,2856509325.011673,2832316689.326576,5820329676.0
train_tune_571cc_01716_1716,CNN,0.0219635021120903,0.7959328117491534,0.5704093322587055,2.5704007148742676,10.229034423828125,-4.297778606414795,0.0002505936718080193,-323.49819774227825,0.10327309370040894,6087.087194942863,6087.087194942863,31543852.0
train_tune_571cc_01717_1717,CNN,0.0016984569469429,0.7598247240328112,0.4697233831516894,1.0626858472824097,4.595775604248047,-0.6998649835586548,0.00011615201947279274,-331.74891902705684,0.061384737491607666,1772568170.605491,1710384132.6405463,4577341316.0
train_tune_571cc_01718_1718,CNN,0.0153036387976147,0.7916248923496717,0.48046090223383,0.29221123456954956,0.6944332122802734,-0.03543582558631897,9.922572644427419e-06,-354.7638789813592,-0.0037364992313086987,5709453811281.357,5638410219777.393,21539632356.0
train_tune_571cc_01719_1719,CNN,0.0339341800150813,0.7910873709719878,0.4822550814400723,0.9519994854927063,3.9398512840270996,-0.49256134033203125,8.407329733017832e-05,-333.75877654913563,0.02205689810216427,15831245.519373871,15755637.100530358,12142989372.0
train_tune_571cc_01720_1720,CNN,0.0369447466351185,0.8079469205192243,0.4860431319882788,2.0422253608703613,9.549487113952637,-2.568493366241455,0.00018632248975336552,-323.0016938726817,0.12311813235282898,6804.590433749099,6804.590433749099,94602668.0
train_tune_571cc_01721_1721,CNN,0.039690485575389,0.7849043790297846,0.4336935148683052,0.26458853483200073,0.7369734048843384,-0.029376855120062828,5.680127742380137e-06,-345.1423216027339,-0.006428772117942572,8932795092.457836,9114589882.965765,21015247372.0
train_tune_571cc_01722_1722,CNN,0.0140182438094507,0.7944642186173828,0.4350822692416893,0.1937681883573532,0.4435805082321167,-0.009794311597943306,8.280767360702157e-06,-343.6637289660995,-0.002219187328591943,72992214360.71875,74940653144.7191,9896533764.0
train_tune_571cc_01723_1723,CNN,0.0008795074758135,0.8096003961372542,0.4323884426382222,2.08408522605896,7.77548885345459,-2.622443437576294,0.00015405096928589046,-325.0827931623328,0.05628398060798645,6364.218366362369,6364.218366362369,40615332.0
train_tune_571cc_01724_1724,CNN,0.0142116498932601,0.8004220671288422,0.3970556867114337,0.16521206498146057,0.6676208972930908,-0.011835062876343727,3.974743322032737e-06,-369.7099414224134,0.0019680496770888567,12989406.156116504,12331686.53717045,3046794316.0
train_tune_571cc_01725_1725,CNN,0.0248377822763996,0.8043121626154951,0.4919010850267096,0.6454741954803467,2.5254509449005127,-0.17866456508636475,3.782354178838432e-05,-347.5367216368276,-0.015823183581233025,556475715.1705799,564806299.0856917,14785957028.0
train_tune_571cc_01726_1726,CNN,0.0155383127209782,0.7817822071864581,0.4896515340848379,0.512317419052124,1.8434784412384033,-0.12277841567993164,3.2110467145685107e-05,-368.9278866874256,-0.0011503880377858877,9364110291.434368,9181100131.262388,15041720812.0
train_tune_571cc_01727_1727,CNN,0.0454477647819778,0.8018237084039811,0.500258357892309,1.6459057331085205,7.570425033569336,-1.469995379447937,0.00019724328012671322,-322.262580327151,0.04434455931186676,4524.3872558689345,4524.3872558689345,49019332.0
train_tune_571cc_01728_1728,CNN,0.0698035513662349,0.8018477228693968,0.5659503046400111,0.7583388090133667,2.943821907043457,-0.2865602374076843,4.0744547732174397e-05,-322.4156526186355,0.003436004975810647,95567.7182530903,95619.10069386775,2367878804.0
train_tune_571cc_01729_1729,CNN,0.0146289537712895,0.7848868332929922,0.4316322983694998,0.5346102714538574,2.0564844608306885,-0.129710853099823,2.8898282835143618e-05,-331.9606075743609,-0.003171464428305626,6436558197.351562,6390396492.972635,11837288692.0
train_tune_571cc_01730_1730,CNN,0.0310408105321958,0.7840469744030348,0.4620698616628872,0.9429153203964233,3.9863617420196533,-0.5035097599029541,8.659792365506291e-05,-326.9679583274508,0.03308281674981117,190085315.52943683,189484907.85578912,9518405364.0
train_tune_571cc_01731_1731,CNN,0.0226763085433724,0.7773422746173876,0.5433904633644112,0.46841633319854736,1.584235668182373,-0.11803965270519257,2.3628583221579902e-05,-336.3817808926085,0.022796887904405594,1152349620.0113976,1082162241.4296458,3386673372.0
train_tune_571cc_01732_1732,CNN,0.1039844778103261,0.8039836589975771,0.5225190461546242,0.4363977015018463,1.7161741256713867,-0.08273037523031235,1.7328056856058538e-05,-336.59937290266987,-0.0118251983076334,2662219.5694291755,2688262.0605610646,964681972.0
train_tune_571cc_01733_1733,CNN,0.0143481741486544,0.7840389446205984,0.3708503459943256,0.15962913632392883,0.6592000126838684,-0.011018220335245132,3.7926774894003756e-06,-342.38128840588473,-0.0007509134011343122,2294637769082.579,2280026860823.362,15346708588.0
train_tune_571cc_01734_1734,CNN,0.0134828706257277,0.7913773396605076,0.3435075475547954,0.3482167720794678,0.7330049872398376,-0.04344043508172035,1.5391742635983974e-05,-363.9677677653987,0.011850954964756966,257057670889.83777,262092895654.99704,19749288068.0
train_tune_571cc_01735_1735,CNN,0.054847013689679,0.7598322974569643,0.4648226640143165,0.473305881023407,1.026790738105774,-0.12461183220148087,1.837142372096423e-05,-339.1116271159889,0.010843942873179913,5357621879.704765,5305522830.507046,11074188908.0
train_tune_571cc_01736_1736,CNN,0.0155890938451027,0.8196720803455405,0.4873696123884014,1.034271001815796,4.4346923828125,-0.5863820910453796,9.264190157409757e-05,-326.28388047655716,0.04242262989282608,329471.17508200905,332022.4202828085,8224763372.0
train_tune_571cc_01737_1737,CNN,0.0408434496951523,0.8127394533488492,0.4632481668961402,1.2803075313568115,6.031754016876221,-0.816828727722168,0.00014112325152382255,-322.8073378439308,-0.0104132741689682,4417.220661944755,4417.220661944755,93139372.0
train_tune_571cc_01738_1738,CNN,0.0138847856647648,0.8134461789367772,0.4060688722011967,1.2098551988601685,5.17210054397583,-0.7845093011856079,5.030178726883605e-05,-326.1468776239522,0.03813408687710762,4563.351703154211,4563.351703154211,93739532.0
train_tune_571cc_01739_1739,CNN,0.0219232601622541,0.8033806398985881,0.4321276965254387,0.33018165826797485,1.224710464477539,-0.05197039246559143,1.0144121915800497e-05,-368.7433061682443,0.00855652429163456,1509458345424.7563,1533257694845.395,29049987228.0
train_tune_571cc_01740_1740,CNN,0.0240809654600267,0.8032690748765554,0.4434457902187671,0.5420547127723694,2.23858380317688,-0.14705659449100494,3.1921870686346665e-05,-354.5164319126783,0.007861290127038956,28937568103.944984,29980046924.027405,25949619940.0
train_tune_571cc_01741_1741,CNN,0.0297709704477887,0.8150101587275148,0.4932534427647221,1.803344488143921,8.136603355407715,-1.661113977432251,0.00016459671314805746,-323.6310074639782,0.00780698424205184,7783.223647311387,7783.223647311387,96298788.0
train_tune_571cc_01742_1742,CNN,0.0146476642913697,0.7657826707598154,0.3510797397892276,0.49257704615592957,1.998119592666626,-0.10254208743572235,3.869240026688203e-05,-350.2176307340544,-0.0111232353374362,481584132606.5255,473299510372.7594,24991609292.0
train_tune_571cc_01743_1743,CNN,0.0205822056626935,0.7867897467955834,0.5188041172188934,0.8054537773132324,3.1653308868408203,-0.3568187952041626,6.663251406280324e-05,-337.2193290881293,0.008047406561672688,9516108.430621877,9642756.725802634,6527808844.0
train_tune_571cc_01744_1744,CNN,0.0291407131914207,0.7773257515870614,0.477682860539288,0.8943154811859131,3.573273181915283,-0.36314481496810913,0.00010561414819676429,-336.5640179534621,-0.02042846754193306,17864880950.68588,17746068444.50924,17117158828.0
train_tune_571cc_01745_1745,CNN,0.0152368835574942,0.8016458116162334,0.4724151270806861,1.1556456089019775,4.600889205932617,-0.7933350801467896,9.317747026216239e-05,-326.39549723653204,0.05731688812375069,79860.08621137256,79754.93519420813,515186284.0
train_tune_571cc_01746_1746,CNN,0.0107975157329289,0.7705061285977745,0.3429121719058951,0.5612820982933044,2.1197543144226074,-0.16209706664085388,2.9523826015065424e-05,-348.7775482125403,0.004874856676906347,5048164403455.166,5244283951346.058,15016306300.0
train_tune_571cc_01747_1747,CNN,0.0287751945567908,0.8016873146535968,0.4631170663329514,0.72237229347229,3.0337300300598145,-0.2655869722366333,6.274983024923131e-05,-344.4994004378113,0.0016532843001186848,32037197405.38686,32693209856.723564,22936821316.0
train_tune_571cc_01748_1748,CNN,0.0185133043333959,0.7701889730144632,0.4212381435424049,0.15222477912902832,0.5365473628044128,-0.008352193050086498,3.841261786874384e-06,-345.4453098353458,-0.007129427045583725,338771605.5059029,313759489.4528592,8103286396.0
train_tune_571cc_01749_1749,CNN,0.0170571481505905,0.8294146384672572,0.538060260734999,0.8248071670532227,3.4309496879577637,-0.3558662533760071,5.037882874603383e-05,-323.2826592947386,0.007165415212512016,161667.72567326867,161028.4645629527,5985015828.0
train_tune_571cc_01750_1750,CNN,0.0548403438299278,0.7949602093390129,0.4488592487501997,0.31019437313079834,1.0366594791412354,-0.047422945499420166,7.37749087420525e-06,-423.596391087214,0.005261686630547047,312948686039.7403,312246536610.2583,20097995188.0
train_tune_571cc_01751_1751,CNN,0.035085814196388,0.8082359938275848,0.4056488618303042,0.5259206891059875,2.0262815952301025,-0.14710547029972076,3.362325151101686e-05,-393.6679999041975,0.01667836681008339,47446079657656.375,48619500760156.766,20032343180.0
train_tune_571cc_01752_1752,CNN,0.0134828706257277,0.7372554935996588,0.4346466630360933,0.1558261513710022,0.6079891920089722,-0.009745958261191845,4.956305019732099e-06,-378.25971291726927,-0.004421854391694069,11700465924.221512,11368542749.818764,13127144356.0
train_tune_571cc_01753_1753,CNN,0.0084400759103011,0.7694622597569342,0.5281783095426482,0.8641448020935059,3.3667690753936768,-0.4583278298377991,7.782754255458713e-05,-332.66605288466525,0.031424380838871,253768862.83151677,256148793.725296,11319085428.0
train_tune_571cc_01754_1754,CNN,0.01735430481299,0.7842328858912827,0.4986142994566188,0.41184186935424805,1.3299590349197388,-0.08593499660491943,1.6848138329805806e-05,-340.79600893832765,0.009176388382911682,551735862.9688885,553365434.3911386,22001472556.0
train_tune_571cc_01755_1755,CNN,0.0282467553327415,0.7718459966805074,0.4551454927252905,0.42779678106307983,1.6730201244354248,-0.0831068903207779,2.374978612351697e-05,-337.35330041179907,-0.009249834343791008,4075285123.443477,4063386709.937228,8105582012.0
train_tune_571cc_01756_1756,CNN,0.0212767527220174,0.7901969043088032,0.4588062889398972,0.5117343068122864,1.4908502101898193,-0.14610235393047333,2.6708625227911398e-05,-350.20037874430966,0.019943097606301308,11211437277.268322,11278791328.473675,16006575324.0
train_tune_571cc_01757_1757,CNN,0.0413113840302367,0.8149032136670754,0.4367068489898172,1.2535603046417236,5.3140435218811035,-0.8610387444496155,9.007540938910097e-05,-328.7951308733876,0.036183618009090424,478526.2636013463,477517.41940954304,7419390956.0
train_tune_571cc_01758_1758,CNN,0.0437377636213283,0.8300886912639833,0.5149177395691545,1.1698899269104004,2.1265945434570312,-1.2922290563583374,0.00012611517740879208,-342.7416755348941,0.11282326281070709,240799987.32179302,237680410.67680156,16801972212.0
train_tune_571cc_01759_1759,CNN,0.0699591870040354,0.7861951793942094,0.4370846433537748,1.8385108709335327,7.0781989097595215,-1.774525761604309,0.0003233284514863044,-324.28298062442286,-0.013863163068890572,5980.327577437418,5980.327577437418,39718556.0
train_tune_571cc_01760_1760,CNN,0.0330406923010918,0.7925678793950172,0.5129880091868092,1.2185086011886597,5.499756813049316,-0.7455670833587646,6.943770858924836e-05,-322.4596587105542,0.03298477828502655,2618.6814770677647,2618.6814770677647,36245084.0
train_tune_571cc_01761_1761,CNN,0.0039200313602508,0.8339456809210303,0.5208299708804562,0.8061321377754211,3.6605594158172607,-0.33697497844696045,3.9709480915917084e-05,-327.2272653298559,0.004006731789559126,245918.8093066124,245341.96732403405,10049090316.0
train_tune_571cc_01762_1762,CNN,0.0181086850639163,0.7754361358814658,0.362755232222108,0.09664856642484665,0.3641900420188904,-0.0033254800364375114,4.457916929823114e-06,-359.0144175021585,0.00196097232401371,99847841283.78107,111799868882.34357,5723080172.0
train_tune_571cc_01763_1763,CNN,0.0687521570944272,0.8258605762390453,0.4888601884394416,1.4584708213806152,6.939762592315674,-1.0999451875686646,8.13074002508074e-05,-322.5586827473189,0.017735464498400688,6471.027027170989,6471.027027170989,142701668.0
train_tune_571cc_01764_1764,CNN,0.0627199986092675,0.7955843753115205,0.4550320751936768,2.34163498878479,8.235784530639648,-3.5765674114227295,0.00036994574475102127,-328.9527576203207,0.14893761277198792,6002.8713466384925,6002.8713466384925,29537596.0
train_tune_571cc_01765_1765,CNN,0.0182314864303105,0.8114023752130457,0.4008040558122577,0.5491780638694763,2.3576912879943848,-0.13464148342609406,3.259476579842158e-05,-371.18940711026596,-0.013975085690617561,217715633328.6948,215546850772.80573,9342843868.0
train_tune_571cc_01766_1766,CNN,0.0379611677115322,0.8091349028760079,0.4518068995883297,1.491135835647583,6.443857192993164,-1.1455897092819214,0.0001260169519810006,-327.5232611420536,0.04127620905637741,4344.838089296503,4344.838089296503,56475372.0
train_tune_571cc_01767_1767,CNN,0.0225781255379129,0.8141146354167247,0.4969134831624642,2.1741604804992676,6.931891918182373,-3.240241050720215,0.00033518351847305894,-331.24451997415235,0.15820074081420898,3319.9120839051648,3319.9120839051648,10640732.0
train_tune_571cc_01768_1768,CNN,0.0196413360765533,0.7709718639640689,0.4222288993557392,0.14008928835391998,0.41901639103889465,-0.00618012435734272,5.482338110596174e-06,-346.81057342789785,0.0009209975833073258,4231521098.1640716,4674960641.585897,4035769212.0
train_tune_571cc_01769_1769,CNN,0.0169387029498711,0.7706310456770001,0.4324985244880375,0.5618497729301453,2.2463247776031494,-0.1700820028781891,3.684126568259671e-05,-333.73323684452635,0.016290469095110893,6016385530.194838,5829137318.671458,9843487268.0
train_tune_571cc_01770_1770,CNN,0.0244359586421592,0.7807730750392475,0.5336314770853037,0.9084434509277344,3.2764947414398193,-0.4894663095474243,7.437445310642943e-05,-326.36000529378293,0.047506414353847504,1741017.1347204368,1725542.0228646775,808015788.0
train_tune_571cc_01771_1771,CNN,0.019549797300293,0.8191221563029604,0.5565154401319029,1.0276813507080078,4.218478202819824,-0.3104720413684845,0.000331223156535998,-355.12063300675595,-0.009362664073705673,55265.54167251951,53600.30787479467,246610924.0
train_tune_571cc_01772_1772,CNN,0.0052057424329081,0.7803490174971444,0.3992412695363503,0.7227775454521179,3.08948016166687,-0.2212795913219452,6.307756120804697e-05,-400.1225372969985,-0.0013795376289635897,4555772451230.0625,4612518851565.053,15404816828.0
train_tune_571cc_01773_1773,CNN,0.0315868863911498,0.8282530434714963,0.492997997722531,1.8079421520233154,8.241460800170898,-1.6136555671691895,0.00015947654901538044,-324.2706954690793,0.02952907234430313,8267.42379475273,8267.42379475273,108058892.0
train_tune_571cc_01774_1774,CNN,0.0144818032993325,0.7818681945824402,0.4061960108571826,0.35391122102737427,1.4129782915115356,-0.05707335099577904,1.4722449122928083e-05,-349.4675005469517,-0.00689108157530427,330415872682.4824,336208115906.25195,14054259028.0
train_tune_571cc_01775_1775,CNN,0.0158218136455711,0.8052562932892092,0.4544158247226452,1.461261510848999,4.713503837585449,-1.6352317333221436,0.0001478955673519522,-330.43196170317736,0.12462201714515686,163976.4011491333,165909.6214942944,1105643500.0
train_tune_571cc_01776_1776,CNN,0.0170185190484366,0.8090489397395859,0.4969683395280653,0.9001164436340332,3.771376132965088,-0.45699816942214966,6.60289588267915e-05,-322.952462882835,0.041891202330589294,177942.53723424993,178816.30927585013,2732926268.0
train_tune_571cc_01777_1777,CNN,0.0409176128075311,0.8008342298080661,0.4874003920333039,2.302016496658325,7.9377899169921875,-3.2186219692230225,0.0002420831297058612,-324.141678844121,0.09338061511516571,4585.014113267203,4585.014113267203,14773812.0
train_tune_571cc_01778_1778,CNN,0.0711086017471444,0.8035888331992146,0.4371209527640987,0.3041771352291107,1.202303171157837,-0.04205535352230072,9.263701940653846e-06,-356.5719412004273,-0.005763718858361244,200755683761.3007,205405124921.6608,11323549076.0
train_tune_571cc_01779_1779,CNN,0.0180941781954953,0.7819605700397189,0.4854274103440849,0.1456892192363739,0.5727888345718384,-0.009015788324177265,4.2800529627129436e-06,-359.66695024621094,0.0014375050086528063,356714685761.5297,355645071608.21533,30824483548.0
train_tune_571cc_01780_1780,CNN,0.0447633777622991,0.7997064801973507,0.4132384642078667,1.0695312023162842,4.703785419464111,-0.602182149887085,6.144475628389046e-05,-329.6622496906045,0.0235588438808918,242835.63801273803,242047.4183245501,2447344388.0
train_tune_571cc_01781_1781,CNN,0.0505021295314018,0.7963113918677646,0.509593240817595,1.884608268737793,7.154760837554932,-1.9344451427459717,0.000179368129465729,-324.2525157689189,0.026414569467306137,5084.8249524076255,5084.8249524076255,28610732.0
train_tune_571cc_01782_1782,CNN,0.058447366173876,0.8055744914628179,0.5204599067313846,1.5464195013046265,4.205372333526611,-1.734450101852417,0.00017776461027096957,-365.9074112136359,0.07019392400979996,1030847.1623964785,1064668.122771441,285992428.0
train_tune_571cc_01783_1783,CNN,0.022745118121632,0.7833009590293627,0.3527364511155444,0.44939666986465454,1.7763104438781738,-0.09862741827964783,2.1753359760623425e-05,-329.9875248038005,-0.0013644362334161997,272954786.7822406,277029560.58383393,14127350868.0
train_tune_571cc_01784_1784,CNN,0.0170690269257065,0.7861287905961167,0.5394676795871877,0.7360870838165283,2.700068235397339,-0.2795351445674896,5.471883196150884e-05,-333.24217555234225,0.0010665198788046837,8397860.480438892,8365974.7086079605,7421136284.0
train_tune_571cc_01785_1785,CNN,0.0370498642337153,0.8125536181402438,0.5667939019266861,0.9801582098007202,3.6090595722198486,-0.49264129996299744,6.385052984114736e-05,-353.0316851914065,0.017699304968118668,1989305.0144701737,1982512.058894537,2975428828.0
train_tune_571cc_01786_1786,CNN,0.0196254523077615,0.8021388901106964,0.5303250274834822,1.010419487953186,4.327943801879883,-0.5835976600646973,0.0001099543587770313,-342.3986733144258,0.029829315841197968,186249981.37793136,183334367.6859072,7272300172.0
train_tune_571cc_01787_1787,CNN,0.004736530491415,0.826996796943881,0.4857277585101945,0.3353184461593628,1.3641831874847412,-0.05601412430405617,1.7439111616113223e-05,-352.1116396761122,0.006941742263734341,1170751278277.1423,1217186709188.6243,11146028236.0
train_tune_571cc_01788_1788,CNN,0.018134267254909,0.7473519809706023,0.5235084775012547,0.1425679624080658,0.5434330105781555,-0.00784845370799303,1.945803433045512e-06,-347.6482028920097,0.004743334837257862,396294060.3515153,399872832.8970979,1051921028.0
train_tune_571cc_01789_1789,CNN,0.0142952938307729,0.7751578831888225,0.3537166926491124,1.1071139574050903,3.728022336959839,-0.8680322170257568,0.0001301011216128245,-380.42198123209704,0.11919461935758591,74900887204084.78,78842674863442.88,22548200252.0
train_tune_571cc_01790_1790,CNN,0.0380259664291479,0.7834970060546791,0.4811993712498204,0.5378032922744751,1.2412166595458984,-0.17673249542713165,3.1107523682294413e-05,-336.26761636877063,0.0067621637135744095,4954878138.88731,4945723446.829996,17658435916.0
train_tune_571cc_01791_1791,CNN,0.012557045307559,0.8053029602864158,0.5160628128848682,0.7771337628364563,2.738938331604004,-0.3303437829017639,6.709552690153942e-05,-343.6878123334211,0.018502697348594666,463778088.73564506,462369430.5824381,7153360844.0
train_tune_571cc_01792_1792,CNN,0.0260019364148144,0.8036242111387265,0.531149221329765,0.9815419912338257,2.641357898712158,-0.5617933869361877,7.294174429262057e-05,-336.83180656353454,0.0009228009730577469,1243257.982947248,1246042.343141044,214252236.0
train_tune_571cc_01793_1793,CNN,0.0270159335941415,0.7776317364101767,0.4488760459787518,0.7186941504478455,1.1069855690002441,-0.32771632075309753,6.359109829645604e-05,-327.41542762604104,-0.008687137626111507,564340.4606048033,568728.7205462027,1378178316.0
train_tune_571cc_01794_1794,CNN,0.0445605491685759,0.7907771369700977,0.4823540413414151,1.1772302389144897,5.717885971069336,-0.6353403925895691,0.00010802241740748286,-322.6032683319992,-0.014848751947283745,3398.20515093916,3398.20515093916,73817812.0
train_tune_571cc_01795_1795,CNN,0.0084302325581395,0.7937722021472848,0.5100417214160582,1.0213268995285034,4.228419780731201,-0.5111863017082214,0.00011786200775532052,-326.1950473123153,0.002042960375547409,172608117.73999375,173297811.48023468,13007118172.0
train_tune_571cc_01796_1796,CNN,0.0129577296976828,0.7675245023158355,0.5026670921389593,0.691889762878418,2.8138062953948975,-0.2526729106903076,6.252268212847412e-05,-335.11120938515904,0.012860871851444244,397390538.2203795,399724493.93337345,14312222756.0
train_tune_571cc_01797_1797,CNN,0.0182037731403959,0.8178503582896696,0.453813415634205,1.1013708114624023,4.678250789642334,-0.5925099849700928,0.00014067573647480458,-326.3384248650668,-0.006333920173346996,204026.32189203665,202573.15142126192,3106182020.0
train_tune_571cc_01798_1798,CNN,0.0549685638765301,0.7931977106005544,0.4859567526093366,0.8574259281158447,3.4071710109710693,-0.39744046330451965,9.459778084419668e-05,-331.681216275726,0.01299606915563345,12851795.530472301,12489917.035285749,13888279044.0
train_tune_571cc_01799_1799,CNN,0.0283071112907677,0.7661442107789472,0.4573612844284692,0.35197916626930237,1.5006747245788574,-0.05912616103887558,9.668851816968527e-06,-334.75755092308464,0.002679921220988035,750007.5629389491,749904.3673912084,309457156.0
train_tune_571cc_01800_1800,CNN,0.0042876632235431,0.7445405461597668,0.3831174742936085,0.17653164267539978,0.5928111672401428,-0.012273073196411133,4.072686806466663e-06,-373.52182608214025,0.004490385763347149,6995153587582.686,7247532116435.895,17443208820.0
train_tune_571cc_01801_1801,CNN,0.0353978082172533,0.7457186405377811,0.3581184303256623,0.2556581199169159,0.667397141456604,-0.027196122333407402,1.3720437891606707e-05,-346.9176693764746,-0.002182506490498781,5193224226769.447,5192075571295.217,13113976652.0
train_tune_571cc_01802_1802,CNN,0.0298614912062712,0.8068345225189866,0.5123489393167927,0.6075118780136108,2.566927671432495,-0.19973227381706238,4.896215250482783e-05,-328.6540000064465,0.007346462924033403,5504371.862043111,5536071.6250767745,4144065764.0
train_tune_571cc_01803_1803,CNN,0.0623572766022329,0.7751081678334278,0.5065322190934904,0.6554017663002014,1.8121726512908936,-0.24049754440784454,5.6026754464255646e-05,-328.1232568750818,0.0043596443720161915,97033115.70613438,96669473.26862077,6918148612.0
train_tune_571cc_01804_1804,CNN,0.0158284390028764,0.8237525962384676,0.4594494586986674,0.8610361814498901,3.9435372352600098,-0.40472787618637085,5.773981683887541e-05,-329.28973547533076,0.023575060069561005,311333.65889561595,307920.4055066337,15046012020.0
train_tune_571cc_01805_1805,CNN,0.0082699619771863,0.7893499641179841,0.4055266596558191,0.3424220085144043,1.3287725448608398,-0.05537872016429901,1.8415277736494318e-05,-361.2515853422557,0.005542960949242115,198992081305917.2,197338076862340.62,66658573588.0
train_tune_571cc_01806_1806,CNN,0.0182314864303105,0.7890842370141765,0.4490474729569549,0.5109579563140869,1.9004697799682617,-0.14857351779937744,4.193488712189719e-05,-341.26758816934125,0.03771110624074936,8802394540.667828,8998519278.96233,15863328844.0
train_tune_571cc_01807_1807,CNN,0.0186272838300522,0.786248275135259,0.4264177205072929,0.47317439317703247,2.1076104640960693,-0.0873129814863205,3.6145473131909966e-05,-336.52076213116254,-0.01706681028008461,505188218.1882945,497693203.475822,30882903412.0
train_tune_571cc_01808_1808,CNN,0.0194365305476416,0.7965205267445673,0.377790708706146,0.3045669496059418,1.0418719053268433,-0.04170938581228256,1.443261317035649e-05,-348.8370453913527,-0.004313785582780838,120808014.08959416,123380309.27833095,5214227492.0
train_tune_571cc_01809_1809,CNN,0.0450865033528211,0.8182345766039273,0.5688863105225808,1.3235456943511963,5.424523830413818,-0.8958984613418579,0.00011740091576939449,-326.3877802119416,-0.019418977200984955,216935.79140136982,215620.14837506146,5056324772.0
train_tune_571cc_01810_1810,CNN,0.0207123824948505,0.8180171148642835,0.4993471209727272,0.9531545639038086,3.0448951721191406,-0.5057623386383057,5.677048829966225e-05,-327.12781540094625,0.01802593097090721,155001.27246179478,153469.9520905735,1188537996.0
train_tune_571cc_01811_1811,CNN,0.0042876632235431,0.7763422226252565,0.4573314912093719,0.3103072941303253,1.269237995147705,-0.04699260741472244,1.0554660548223183e-05,-338.0778139737329,0.006411112844944,8642710320.501373,8763821414.597256,13626403316.0
train_tune_571cc_01812_1812,CNN,0.0150099394014452,0.8017417156225952,0.4151680142355995,0.5367955565452576,2.2810909748077393,-0.1497182846069336,2.631897950777784e-05,-356.9060830714561,0.008282879367470741,43779394347.18889,43577057086.86372,21962574812.0
train_tune_571cc_01813_1813,CNN,0.0134273874300351,0.7972848894310443,0.5120072784399402,1.014269471168518,4.281038761138916,-0.6541107296943665,9.751924517331645e-05,-337.3660994365919,0.0645378828048706,87528565.28010382,92282268.98913515,6172273364.0
train_tune_571cc_01814_1814,CNN,0.0191611510935858,0.7692816697537928,0.4516574177299044,0.8595967292785645,3.8044941425323486,-0.4376622438430786,8.103871368803084e-05,-330.5410100278889,0.03535144031047821,142063470.62197578,139677797.762559,4683042124.0
train_tune_571cc_01815_1815,CNN,0.0217888152705197,0.8121367596842419,0.5632590131400531,0.8509438633918762,3.8883066177368164,-0.3794163465499878,5.8309298765379936e-05,-321.6669146594926,0.020207416266202927,77935.1690427826,78177.50381494305,1859430284.0
train_tune_571cc_01816_1816,CNN,0.0122512455623733,0.8156563017316157,0.5254157007511433,0.38563764095306396,0.836148738861084,-0.07498042285442352,2.392916940152645e-05,-336.81583818650915,0.01548729557543993,2897512637.5498686,2851640134.4124165,8178244644.0
train_tune_571cc_01817_1817,CNN,0.0168050421380508,0.7482627682773718,0.4722206218710854,0.5007359385490417,1.8055518865585327,-0.10899042338132858,2.6485078706173226e-05,-370.0963178935958,-0.007461789064109325,11286325500765.256,10919320293948.55,13734237804.0
train_tune_571cc_01818_1818,CNN,0.0167011506513755,0.7893751562194202,0.3886260419734328,0.2821340560913086,0.8673182725906372,-0.03158216550946236,7.019594249868533e-06,-340.99453095568674,-0.004326158668845892,21780386.992300555,21683504.689216636,1245944068.0
train_tune_571cc_01819_1819,CNN,0.0636978346299445,0.7813669693713066,0.5562173776383331,1.2160804271697998,4.597785949707031,-0.7280011177062988,0.00011604468454606831,-323.5977703895703,0.017717890441417694,100072.74150000702,99927.72589563673,534062732.0
train_tune_571cc_01820_1820,CNN,0.0074688195325104,0.798161129798454,0.4252066740226985,0.2887226641178131,1.2681958675384521,-0.040772534906864166,9.47247553995112e-06,-347.0263056417728,0.0057374462485313416,2298321943.8822613,2315729690.497841,18353267836.0
train_tune_571cc_01821_1821,CNN,0.0152927557423993,0.7779736373317142,0.4946428322342901,0.7009394764900208,1.2347087860107422,-0.2734370827674866,8.496129885315895e-05,-331.3211781683817,0.00023553334176540375,17296090.145705305,17111790.120779887,1137108740.0
train_tune_571cc_01822_1822,CNN,0.0413303263254397,0.7995854009277116,0.5071125720911692,0.7971570491790771,3.008016347885132,-0.31770578026771545,4.386667569633573e-05,-330.54078652426415,0.0009099487215280533,208161595.96587092,211052236.3119537,6834825452.0
train_tune_571cc_01823_1823,CNN,0.0463170868237551,0.7763278427586701,0.483168800439464,0.3653583526611328,1.5868439674377441,-0.06435304880142212,2.3311935365200043e-05,-342.44199618790816,-0.004028141498565674,603310662.7607577,610617872.0769494,17212848260.0
train_tune_571cc_01824_1824,CNN,0.0227732992794473,0.76211807204303,0.4332132302862726,0.41499215364456177,1.5982848405838013,-0.08601924777030945,2.3798267648089677e-05,-352.24236675524196,0.007697705645114183,30381106239094.1,30581288629708.65,27632997828.0
train_tune_571cc_01825_1825,CNN,0.0082699619771863,0.7873253562476231,0.5047836652448442,0.7995758056640625,3.2367148399353027,-0.37720412015914917,8.124638407025486e-05,-338.48145062141793,0.048845015466213226,126267848.7547175,125019779.5348432,7959964260.0
train_tune_571cc_01826_1826,CNN,0.0427823488722516,0.8013343130942993,0.5644655463111097,1.0729707479476929,4.759581089019775,-0.5864496231079102,7.187947630882263e-05,-321.20151612869654,0.0016432194970548153,122938.73715596567,122387.76967319014,2075186212.0
train_tune_571cc_01827_1827,CNN,0.0703391372626583,0.8120455047534124,0.5430052146299872,1.0008089542388916,4.257743835449219,-0.5515656471252441,7.462460780516267e-05,-327.8408611755491,0.00475678313523531,287376.7090721254,288988.4306402859,9263121564.0
train_tune_571cc_01828_1828,CNN,0.0152368835574942,0.7722646676343428,0.5329639611094509,0.33529192209243774,1.4156725406646729,-0.05668358504772186,1.4612653103540652e-05,-332.5649374721859,0.004163306672126055,146201011.32592866,143480225.39154136,11626593132.0
train_tune_571cc_01829_1829,CNN,0.0803082339815205,0.7978181676166275,0.5249026972423331,1.197239875793457,4.798201084136963,-0.8361788988113403,9.801552369026467e-05,-331.3935500096544,0.022030344232916832,15152192.907991707,15246360.257978296,12104582364.0
train_tune_571cc_01830_1830,CNN,0.0153066339937347,0.791240050439137,0.4755338339772652,0.36626994609832764,1.4304102659225464,-0.06967343389987946,1.4924593415344134e-05,-349.5978384811542,0.0155038358643651,14281465698.603678,14630763972.83284,19301789372.0
train_tune_571cc_01831_1831,CNN,0.0199740264218848,0.7994522944496354,0.4739893966444956,1.3707940578460693,6.17128849029541,-1.0958976745605469,8.906119910534471e-05,-322.4298117429253,0.050886549055576324,3419.884787652689,3419.884787652689,58466372.0
train_tune_571cc_01832_1832,CNN,0.0148937429004165,0.7733134410196078,0.4996871466743708,0.5751519203186035,2.294755458831787,-0.15088656544685364,6.639986531808972e-05,-329.6656364468854,-0.006632158532738686,279296948.3128119,279353249.91446245,17679605908.0
train_tune_571cc_01833_1833,CNN,0.0138260432378079,0.7909410168128505,0.4138486161990183,0.25192081928253174,0.8503860831260681,-0.028449559584259987,1.2576781045936514e-05,-361.7612669495854,0.0015561734326183796,1217953489845.8013,1219659878020.7476,34327668220.0
train_tune_571cc_01834_1834,CNN,0.0449552426560198,0.7539295236513991,0.3552129510255827,0.7379390001296997,2.393670082092285,-0.30260133743286133,5.595651236944832e-05,-344.4049377355441,0.024567164480686188,75140888978.1907,72796510832.3255,11130227956.0
train_tune_571cc_01835_1835,CNN,0.0471140350950112,0.7530633896320786,0.4581895655790434,0.9524093866348267,1.6797666549682617,-0.8753637671470642,8.112352224998176e-05,-345.8451996559574,0.06121901422739029,1921417311.420321,1875749698.8510976,3645768812.0
train_tune_571cc_01836_1836,CNN,0.0045009574435761,0.7688261825805287,0.4524797935224903,0.5940083265304565,2.2089109420776367,-0.166265070438385,4.125817577005364e-05,-334.4678680097463,0.0026510669849812984,6842860665.202522,6554722021.432837,11792289180.0
train_tune_571cc_01837_1837,CNN,0.0330079330260721,0.7970413673280713,0.3598432244967861,0.32978057861328125,1.2420063018798828,-0.04981055483222008,1.5172272469499148e-05,-363.3183781309819,-0.0007699299603700638,32244741373514.6,31049554990940.195,20933961972.0
train_tune_571cc_01838_1838,CNN,0.0091980091980091,0.7793587932981821,0.46152868587432,0.27227556705474854,1.061545729637146,-0.03187303990125656,1.3471467354975175e-05,-360.8868811248376,-0.005461453925818205,849203559473.4011,853884920673.7678,21731886580.0
train_tune_571cc_01839_1839,CNN,0.0286461309238094,0.7823559667855163,0.5044164273004588,0.888238787651062,3.9047722816467285,-0.4495953321456909,7.981862290762365e-05,-335.7641795654491,0.036913856863975525,5321525.186066531,5355473.329200445,3093120212.0
train_tune_571cc_01840_1840,CNN,0.0153857088186398,0.7646601738870816,0.4989445592058519,0.4213102459907532,1.186516523361206,-0.08315049111843109,1.396994230162818e-05,-339.4077623733215,-0.008963734842836857,217475971.28913713,217047313.07759136,6978635220.0
train_tune_571cc_01841_1841,CNN,0.0091980091980091,0.7805970366696665,0.4308328839059113,0.44144079089164734,1.7621378898620605,-0.10368139296770096,2.7197904273634776e-05,-368.2951852604106,0.01972566917538643,3864331579248.8086,3916242847635.098,11116004356.0
train_tune_571cc_01842_1842,CNN,0.0533068310370859,0.809088626619845,0.5232951016854579,0.677013635635376,2.9422667026519775,-0.21370093524456024,5.269876419333741e-05,-330.46457240720224,-0.00311789708212018,16811766.435463764,16873636.45183504,21377560356.0
train_tune_571cc_01843_1843,CNN,0.035668548762338,0.7713519895768551,0.5136555120388084,0.5655250549316406,2.23815655708313,-0.15049481391906738,4.215019725961611e-05,-341.00338236664913,-0.0016989677678793669,373153285.63503325,376844342.2524886,8604439716.0
train_tune_571cc_01844_1844,CNN,0.0141878910539825,0.8050377667435192,0.465819076228269,1.1191576719284058,5.173357963562012,-0.6550331711769104,8.104465086944401e-05,-323.51903307153157,-0.00606672465801239,3369.469747387073,3369.469747387073,84340012.0
train_tune_571cc_01845_1845,CNN,0.0084751626671899,0.8040632473959067,0.5057221598866358,1.2724134922027588,5.058848857879639,-1.163198471069336,0.00014355631719809026,-334.48590763078795,0.07732544839382172,13668322.498068308,13782196.86157275,12878541708.0
train_tune_571cc_01846_1846,CNN,0.00419921875,0.7897091107338469,0.5211366394015139,0.8455594778060913,2.9310250282287598,-0.43980953097343445,7.981287490110844e-05,-328.3187224609323,0.05345137417316437,193135465.15942708,193777486.6034026,6137921556.0
train_tune_571cc_01847_1847,CNN,0.0148432889208538,0.7775580627195011,0.5452938674537898,0.7202897071838379,2.9217519760131836,-0.2930874824523926,4.939789869240485e-05,-332.20234131994306,0.02410350926220417,126349526.51157144,123517831.05540508,6188492524.0
train_tune_571cc_01848_1848,CNN,0.0241298004626324,0.8187058541832924,0.481682056202856,1.4453797340393066,6.4229512214660645,-1.0647332668304443,0.00010458430915605277,-323.1401883060373,0.021911755204200745,5139.652380202616,5139.652380202616,77388108.0
train_tune_571cc_01849_1849,CNN,0.0039418823556587,0.782086175523582,0.4544384496672422,1.0661982297897339,3.7494823932647705,-0.6918964982032776,0.00014292760170064867,-350.268421774335,0.05891123414039612,55601289.04926245,54130047.65866141,1877176292.0
train_tune_571cc_01850_1850,CNN,0.018277016668846,0.8115841490402028,0.5289803897031445,1.2841525077819824,5.45383882522583,-0.5122971534729004,0.0002720127522479743,-324.65182977333643,9.22083854675293e-05,131048.9177189719,130312.31764068612,1206825980.0
train_tune_571cc_01851_1851,CNN,0.0088022871371908,0.7516730767873222,0.4808116584010872,0.8519368171691895,3.302485227584839,-0.3849678039550781,4.7564109991071746e-05,-323.2679853055525,0.01950973831117153,1559057.5098300427,1549755.4398049521,1061757932.0
train_tune_571cc_01852_1852,CNN,0.024953569038964,0.7882452905396499,0.4696667484018931,1.0074150562286377,3.1738486289978027,-0.5382381677627563,9.01695093489252e-05,-325.2138670601734,0.0062883272767066956,162450.3887296021,162878.43867454882,1774537628.0
train_tune_571cc_01853_1853,CNN,0.0037190986654998,0.767790011240943,0.4393463468157676,0.5260246992111206,2.016889810562134,-0.1253582239151001,2.919176040450111e-05,-336.2434429841827,0.0007720674620941281,8625649319.362614,8654877908.197933,13657949180.0
train_tune_571cc_01854_1854,CNN,0.0146289537712895,0.7685964645682812,0.4946204895962851,0.2971114218235016,0.8315783739089966,-0.037073347717523575,1.8641396309249103e-05,-352.2075074087377,0.00010612711776047945,69804303967.07234,66286538939.112976,4633435436.0
train_tune_571cc_01855_1855,CNN,0.0401329492805721,0.7833217479326559,0.4849094239358363,1.1611881256103516,4.9438862800598145,-0.6794047951698303,8.01326532382518e-05,-476.59655106364795,0.010283837094902992,51129.6328804208,51639.40336716486,76735612.0
train_tune_571cc_01856_1856,CNN,0.0146289537712895,0.7977866882214015,0.4613180912530579,0.35074466466903687,1.2268626689910889,-0.05496855825185776,1.0541448318690527e-05,-341.8886165856026,-0.0009158450411632657,25927070236.31745,25827788569.159622,21438089244.0
train_tune_571cc_01857_1857,CNN,0.0043511531681497,0.8129383570219266,0.476703763944726,1.9860904216766357,6.38967752456665,-2.720343589782715,0.00015969324158504605,-329.48832069756696,0.05196371302008629,5699.585935367227,5699.585935367227,29953292.0
train_tune_571cc_01858_1858,CNN,0.0082055766807969,0.7826108837490106,0.4874530543384313,0.5515930652618408,2.2401106357574463,-0.15940913558006287,3.681061934912577e-05,-335.0828365457569,0.010892288759350777,355694487.7668644,356499136.6754998,15111357300.0
train_tune_571cc_01859_1859,CNN,0.009018759018759,0.7870689326759209,0.3887859872491107,0.3816073536872864,1.1156699657440186,-0.07149261236190796,1.8556169379735366e-05,-356.80403593658025,0.002518097870051861,1494274597717.6123,1456969333061.7134,6267202308.0
train_tune_571cc_01860_1860,CNN,0.077679588597253,0.8044145240085387,0.4459522598598246,1.4901645183563232,6.625387191772461,-1.0659105777740479,0.0001193117059301585,-323.8935318909248,-0.0025412803515791893,5169.592292900867,5169.592292900867,67207148.0
train_tune_571cc_01861_1861,CNN,0.0150485436893203,0.8002050916729009,0.3996610737112944,0.4462605118751526,1.586849570274353,-0.08942098915576935,1.9197925212210976e-05,-345.08754397752944,-0.0030167794320732355,121618731855.89844,121765943362.19734,2178457900.0
train_tune_571cc_01862_1862,CNN,0.0246959114647812,0.8381879400827316,0.5617390662320471,1.5506367683410645,6.036751747131348,-1.5334951877593994,0.00024256473989225924,-333.4941127360176,0.05858585238456726,293200.24661770643,291837.1627805701,1335687852.0
train_tune_571cc_01863_1863,CNN,0.0152368835574942,0.7722768624176326,0.4179000128192853,0.28099149465560913,0.9265125393867493,-0.03900996595621109,1.038500340655446e-05,-360.8146242081374,0.009959788993000984,9378499095788.16,9323730263531.096,24475199108.0
train_tune_571cc_01864_1864,CNN,0.0248565087407001,0.780184932222804,0.5075522981972656,0.9781187772750854,3.415576696395874,-0.5612967014312744,7.676583481952548e-05,-331.99795389885765,0.023695267736911774,257793190.25767273,265301834.12314045,7770988876.0
train_tune_571cc_01865_1865,CNN,0.0280112154920535,0.7886418023523118,0.3822736894249376,0.2938666343688965,1.1070424318313599,-0.03988141566514969,9.073157343664207e-06,-345.11160916169774,-0.0024524936452507973,12815977242.59306,12800937939.417007,11382015460.0
train_tune_571cc_01866_1866,CNN,0.029264701300161,0.7938764387171311,0.4912633585349013,1.153791904449463,4.496816158294678,-0.8215819597244263,0.00012622398207895458,-331.8718240771497,0.038815148174762726,127161973.95983456,130530072.89977889,3570571324.0
train_tune_571cc_01867_1867,CNN,0.0151939712721971,0.835927088571197,0.5615991076404386,1.1067813634872437,4.726232528686523,-0.6283265948295593,8.584461465943605e-05,-327.48018263666563,0.012410461902618408,190421.08808552055,189283.58815276093,6201087380.0
train_tune_571cc_01868_1868,CNN,0.0072395294435496,0.781486037659144,0.4772335074954764,0.36500442028045654,1.4748454093933105,-0.06324309855699539,1.1403672033338808e-05,-336.50609926477904,0.006611514836549759,7956294571.526958,7972852380.673918,9786607652.0
train_tune_571cc_01869_1869,CNN,0.009441087613293,0.7655536660901264,0.4447139239301537,0.21551401913166046,0.8291577100753784,-0.02012348175048828,5.749540832766797e-06,-356.7702586147343,-0.00038630966446362436,42607651183.38188,41282917402.22946,4004811396.0
train_tune_571cc_01870_1870,CNN,0.0096767757382282,0.789980920294732,0.4294301834583374,0.5214892625808716,1.9534153938293457,-0.11330192536115646,5.93005825066939e-05,-339.92093095618134,-0.010632341727614403,80558250406.39676,81147691067.32736,6289499252.0
train_tune_571cc_01871_1871,CNN,0.0375309790082877,0.7659159125518432,0.3985699894326273,0.6803979873657227,2.671326160430908,-0.23520611226558685,5.6896144087659195e-05,-358.8705458406797,0.007352658547461033,907251788442.4243,917586906192.5348,18710996924.0
train_tune_571cc_01872_1872,CNN,0.0331099454949278,0.7970531978230464,0.4638014803807231,1.590074062347412,6.232327461242676,-1.3182698488235474,0.00010836112778633833,-325.34830553172026,0.005278173368424177,3842.8545744147923,3842.8545744147923,34476972.0
train_tune_571cc_01873_1873,CNN,0.0155019350964335,0.7888354664480328,0.5441538289010314,1.3322328329086304,6.243378162384033,-0.908126175403595,0.0001014709851006046,-323.08851257565425,0.012056549079716206,2485.174080493375,2485.174080493375,33745268.0
train_tune_571cc_01874_1874,CNN,0.0138123240594686,0.7883460873995819,0.5432238179427518,1.4847276210784912,6.803332805633545,-1.1573578119277954,0.00012300952221266925,-320.23069477253296,0.021688072010874748,2787.935495789842,2787.935495789842,32529684.0
train_tune_571cc_01875_1875,CNN,0.0569610417711683,0.810535564006602,0.4209672901524925,0.4278901219367981,1.8903640508651733,-0.09697192907333374,2.5522833311697468e-05,-336.67537136463983,0.013795968145132065,155614525.8135352,154543625.34627268,12153334508.0
train_tune_571cc_01876_1876,CNN,0.0240597781166538,0.7078446221580657,0.3640425803848355,1.1113845109939575,4.909055233001709,-0.5322657227516174,0.00010515921894693747,-490.03104178341613,-0.032833173871040344,45773.114051979246,45042.72357724689,73928972.0
train_tune_571cc_01877_1877,CNN,0.0443703893712641,0.79859523732443,0.5046390776915884,1.5301146507263184,5.9069647789001465,-1.3705263137817383,0.00011110659397672862,-324.70123661446155,0.0059379651211202145,5125.374713408026,5125.374713408026,54686732.0
train_tune_571cc_01878_1878,CNN,0.0044779157337675,0.7887963174421149,0.3977914827912529,0.4158484935760498,1.178534746170044,-0.09422672539949417,2.3068803784553893e-05,-349.8608117684586,0.012429511174559593,106812541303.34453,105007634313.0078,6554236924.0
train_tune_571cc_01879_1879,CNN,0.0142116498932601,0.8086619102926448,0.45019526203617,0.2801364064216614,1.128329873085022,-0.033198993653059006,7.756952982163057e-06,-352.7975256931952,-0.011705026030540466,359378912175.926,368803948037.46735,20277595132.0
train_tune_571cc_01880_1880,CNN,0.0745875220623168,0.7932492320217719,0.3818379111469994,0.49042725563049316,2.06410551071167,-0.13230913877487183,2.5708734028739855e-05,-353.0940206369987,0.025935057550668716,6727717796.290928,6728248248.83656,9705065844.0
train_tune_571cc_01881_1881,CNN,0.0135376284536336,0.7647510899525005,0.388380769668091,0.2263093888759613,0.8085593581199646,-0.023103583604097366,6.938152182556223e-06,-337.4508906636742,0.006102368235588074,79652322539.20573,81208611095.4345,13541724388.0
train_tune_571cc_01882_1882,CNN,0.0280790646779404,0.8064730214621143,0.4601842368165782,1.905680537223816,8.348993301391602,-1.871713638305664,0.000182413961738348,-323.6274079750385,0.0495145320892334,6675.533735612607,6675.533735612607,66576044.0
train_tune_571cc_01883_1883,CNN,0.040360516879778,0.754871433019468,0.4414501868940818,0.2458532601594925,0.9495108723640442,-0.029891420155763626,1.2221722499816678e-05,-350.93879756968295,0.010082215070724487,4853918101290.54,4934628657199.973,14522767660.0
train_tune_571cc_01884_1884,CNN,0.0340588075948158,0.8202446221085581,0.5654964883533247,1.2481052875518799,5.979089736938477,-0.7665886878967285,0.0001246650645043701,-348.30097185306096,0.011487936601042747,67262.49423772047,66280.39701273642,455575708.0
train_tune_571cc_01885_1885,CNN,0.0134828706257277,0.6991703720219901,0.2920969655021082,0.2618350088596344,1.081365704536438,-0.033801186829805374,8.814462489681318e-06,-349.7272713125291,0.00907154567539692,108465086646.87567,107670137096.42899,1885670428.0
train_tune_571cc_01886_1886,CNN,0.0183986575572336,0.7983374518593663,0.4660730442764155,0.7184081077575684,2.5697031021118164,-0.283916175365448,5.295936716720462e-05,-375.43255626541145,0.013732817023992538,44795853497140.75,43881245494158.11,40131285692.0
train_tune_571cc_01887_1887,CNN,0.0135476322433647,0.7898966577602469,0.4001997916004904,0.4502272307872772,0.7151603698730469,-0.0818951427936554,2.8745917006745003e-05,-337.4273422657601,-0.002710988512262702,261749206.98067966,249615007.35950544,2419305836.0
train_tune_571cc_01888_1888,CNN,0.0641795900059278,0.8120084609250404,0.4908874556192859,1.396026611328125,5.256344795227051,-1.0340449810028076,0.00010644430585671216,-326.8114731509681,0.023371290415525436,4304.779965330736,4304.779965330736,51055980.0
train_tune_571cc_01889_1889,CNN,0.0340958294032246,0.7975359167766763,0.5668050749763428,1.6233487129211426,5.994743347167969,-1.0383069515228271,0.00037211287417449057,-330.74977326714344,-0.05568544194102287,2946.192185294579,2946.192185294579,12537548.0
train_tune_571cc_01890_1890,CNN,0.0355941993695294,0.8201564415378546,0.5260332291400623,1.4523866176605225,5.6540985107421875,-1.454992651939392,0.00021359666425269097,-325.16848358951387,0.11039350926876068,299543.92811215896,302332.2542921448,5436431340.0
train_tune_571cc_01891_1891,CNN,0.0183404511880641,0.7891913211850753,0.5318946285503616,0.7704126834869385,3.4332361221313477,-0.27459415793418884,6.909477815497667e-05,-323.9017599274204,-0.0120183564722538,5470298.126493378,5495267.754145407,7313308140.0
train_tune_571cc_01892_1892,CNN,0.0234413205698692,0.7733764908096096,0.4664508985758717,0.4952820837497711,2.09488582611084,-0.12895703315734863,2.7255333407083526e-05,-330.3566779304508,0.0073138875886797905,81116764.78117897,82041402.66191588,4105567852.0
train_tune_571cc_01893_1893,CNN,0.0152368835574942,0.7980630591666121,0.5034328920912784,0.3847334384918213,1.5137691497802734,-0.06630608439445496,2.575761936896015e-05,-331.59517783762385,-0.003714164951816201,58741154.232163414,59694019.26034363,4646903076.0
train_tune_571cc_01894_1894,CNN,0.0134927936215884,0.7732825172530337,0.3906398806920577,0.6726959943771362,2.844369411468506,-0.2456798106431961,4.6437675337074324e-05,-355.0153992306259,0.01347283087670803,670970023826.4893,666225170357.0122,15262511988.0
train_tune_571cc_01895_1895,CNN,0.0408434496951523,0.8127394533488492,0.4632481668961402,1.2803075313568115,6.031754016876221,-0.816828727722168,0.00014112325152382255,-322.8073378012865,-0.0104132741689682,4417.220661944755,4417.220661944755,93139372.0
train_tune_571cc_01896_1896,CNN,0.0083591441144966,0.7971512102039381,0.5467680257946843,1.7372064590454102,7.480347156524658,-1.7625237703323364,0.000173761451151222,-322.92617871084644,0.07434514164924622,5074.65563189469,5074.65563189469,59408492.0
train_tune_571cc_01897_1897,CNN,0.0152451960962599,0.7968584876182775,0.4621105943595233,0.6043714880943298,2.138241767883301,-0.18656545877456665,4.152062319917604e-05,-330.96198420707003,0.004257079679518938,8797780.119426899,8793202.539682573,10525814076.0
train_tune_571cc_01898_1898,CNN,0.0487707840424145,0.7936255739502219,0.4437513831095533,0.40974587202072144,1.4623602628707886,-0.08328194916248322,1.2010794307570904e-05,-355.6756541431266,0.003659711917862296,43896887821.90138,42969725864.022766,22299115956.0
train_tune_571cc_01899_1899,CNN,0.0144333234134727,0.8157966986696863,0.5456353730333935,1.328641653060913,6.24542236328125,-0.9273119568824768,0.0001268872438231483,-329.651199696552,0.033043213188648224,386244.05161008565,388943.16898714943,9006932980.0
train_tune_571cc_01900_1900,CNN,0.0142116498932601,0.7890623821050622,0.3912174202135922,0.648005485534668,2.6387462615966797,-0.22685420513153076,3.2095533242681995e-05,-355.6643585321856,0.015494367107748985,1425729572337.6538,1459533899584.05,35496995084.0
train_tune_571cc_01901_1901,CNN,0.0182607661194384,0.7686319764938934,0.4305508787808352,0.6409449577331543,2.6551055908203125,-0.1956220269203186,6.579507316928357e-05,-354.6278352195135,0.004238773602992296,353909344.6498649,368522767.2802371,1281051996.0
train_tune_571cc_01902_1902,CNN,0.0362078760125783,0.7920097551080328,0.5401800533085787,0.7795477509498596,3.327906608581543,-0.3521413207054138,4.341805470176041e-05,-330.4410450547042,0.03002062626183033,11875357.746186461,11947479.248024885,16331716388.0
train_tune_571cc_01903_1903,CNN,0.0142979872361315,0.770883839400548,0.4297530902265196,0.3091619312763214,1.109013557434082,-0.04347648471593857,9.347502782475203e-06,-368.68399611815477,0.0028959589544683695,17262621922979.988,17444117751768.607,20386826372.0
train_tune_571cc_01904_1904,CNN,0.0156529837380901,0.7941729288894516,0.4664334803980175,0.33430349826812744,1.3358912467956543,-0.05503442883491516,1.2191016139695421e-05,-343.9615842390509,0.009870782494544983,76085716.99804965,74206493.5720838,4240672556.0
train_tune_571cc_01905_1905,CNN,0.022380182522008,0.7925774424631973,0.4449566691340709,0.8254168629646301,3.566767454147339,-0.31254398822784424,7.903719233581796e-05,-324.0216095886252,-0.017632778733968735,257884.7200398136,257353.28196725342,3902383700.0
train_tune_571cc_01906_1906,CNN,0.0148127617639812,0.7797477149931681,0.4946708458930911,1.4664721488952637,7.165892124176025,-0.9553035497665405,0.00016771798254922032,-321.5323354442704,-0.015312515199184418,3958.926505326091,3958.926505326091,53690252.0
train_tune_571cc_01907_1907,CNN,0.049644095154931,0.7826776073807445,0.4037750197230825,0.5015245676040649,1.157425880432129,-0.15853238105773926,3.453777753748e-05,-335.7217964987731,0.02391362562775612,58159062.33461031,58721633.667388655,3089811180.0
train_tune_571cc_01908_1908,CNN,0.0203162079650491,0.8121449241194894,0.5430631703788501,3.7831549644470215,11.486296653747559,-12.735920906066895,0.0008630900410935283,-334.05916754140384,0.4570983052253723,7944.282236529,7944.282236529,18237452.0
train_tune_571cc_01909_1909,CNN,0.0093142712296816,0.8063961380145521,0.4778820923314915,0.924512505531311,3.1717612743377686,-0.4545750617980957,0.00015420917770825326,-333.8732387972311,0.005620531737804413,10481966.428272646,10440590.39990187,4952551396.0
train_tune_571cc_01910_1910,CNN,0.0036280131898893,0.759079397333902,0.4150530562737506,0.4875935912132263,2.18691349029541,-0.13201789557933807,2.9352975616347976e-05,-343.9093742862516,0.019745394587516785,2180936699448.5176,2226411221907.2744,13709014276.0
train_tune_571cc_01911_1911,CNN,0.0161397087429775,0.7929468583384301,0.4292857502737455,0.3354882001876831,1.2698261737823486,-0.054881732910871506,1.4063477465242613e-05,-353.92086593699145,0.0021112028043717146,49622651869031.5,49114454785695.305,45024752604.0
train_tune_571cc_01912_1912,CNN,0.0401803219344598,0.7794099267167932,0.4922592738766528,0.4300839900970459,1.1239718198776245,-0.09142936021089554,2.3105318177840672e-05,-330.38222145337795,0.004325640853494406,183457029.64849418,182292195.05652273,13239613444.0
train_tune_571cc_01913_1913,CNN,0.0185319328745623,0.7656095515718392,0.3078733988577255,0.15460342168807983,0.5095615386962891,-0.008108963258564472,4.505193373915972e-06,-366.3378912536593,-0.0034668422304093838,161811267930.42676,163629180271.93402,4932016540.0
train_tune_571cc_01914_1914,CNN,0.0134853500061297,0.7930561174920387,0.4235391417982662,0.26822105050086975,0.9067733287811279,-0.0340372771024704,1.336951299890643e-05,-358.18352400205345,0.007150205783545971,10121168153521.223,10203087673687.758,11683600252.0
train_tune_571cc_01915_1915,CNN,0.0165309389573327,0.802902482015225,0.5425814925337725,1.5842866897583008,7.459620952606201,-1.2989859580993652,0.0001362030889140442,-320.55822581765955,0.02155878022313118,3940.250586762761,3940.250586762761,51006380.0
train_tune_571cc_01916_1916,CNN,0.0158853789881287,0.7980821028482364,0.5353111615542524,1.615668535232544,7.1842875480651855,-1.8275595903396606,0.00023660938313696533,-340.76951778091427,0.09987221658229828,20324969.85094805,20196230.540119126,12213900700.0
train_tune_571cc_01917_1917,CNN,0.0056508183943881,0.7269415583162213,0.4943513940988708,0.19614307582378387,0.6570241451263428,-0.017036350443959236,5.078563390270574e-06,-380.96473106164456,0.007941141724586487,598230913983.1633,579061778927.3799,7606762548.0
train_tune_571cc_01918_1918,CNN,0.0463163172858264,0.8065190172985502,0.3866296417854059,0.2673106789588928,1.122511386871338,-0.032352447509765625,1.0960901818179991e-05,-374.05401294994044,-0.00634806789457798,1639686765.5132587,1578728152.9264808,12442686524.0
train_tune_571cc_01919_1919,CNN,0.0142116498932601,0.760853284102961,0.3584985562167204,0.3573397696018219,1.310461163520813,-0.05932392552495003,1.5395056834677234e-05,-348.71555470213804,0.0013603591360151768,401982207536.31177,418846647576.7545,19822118316.0
train_tune_571cc_01920_1920,CNN,0.033847728467367,0.7938058960073757,0.4485196238813088,1.5786464214324951,5.952681541442871,-1.337709903717041,0.00010412530536996201,-326.1534853975436,0.02874859981238842,3852.037318812075,3852.037318812075,33743692.0
train_tune_571cc_01921_1921,CNN,0.0743686052795539,0.7959340049956696,0.5104650316542897,0.7637718915939331,1.1872347593307495,-0.36350539326667786,7.238725083880126e-05,-365.60538722048426,0.006026837974786758,53846.551325942026,53790.346043594865,280898260.0
train_tune_571cc_01922_1922,CNN,0.0516705311214286,0.797998321232846,0.3993436092349002,0.23935407400131226,0.7944930195808411,-0.022201884537935257,5.7441734497842845e-06,-369.22874677816003,-0.0073848930187523365,32452077054953.086,32277295055074.83,26765540260.0
train_tune_571cc_01923_1923,CNN,0.0417509966003386,0.8111886590139966,0.4965062411597553,1.802323341369629,8.475225448608398,-1.852832555770874,0.0001679853885434568,-321.7427369340283,0.08008451759815216,6825.659811454825,6825.659811454825,110367644.0
train_tune_571cc_01924_1924,CNN,0.0187661607426585,0.8103153560271977,0.5123214243248603,0.7727211713790894,3.4655613899230957,-0.3136764168739319,4.37067610619124e-05,-515.851979035288,0.02301189675927162,411742.0405228564,415464.3429853115,184278740.0
train_tune_571cc_01925_1925,CNN,0.036798073041258,0.7854942708897306,0.5905637093099173,2.2284278869628906,9.241943359375,-2.808065414428711,0.00020658093853853643,-321.57183930604714,0.06457048654556274,4750.166404117171,4750.166404117171,25062284.0
train_tune_571cc_01926_1926,CNN,0.0245328982039129,0.8025325728392471,0.4542047410729611,0.3882460296154022,1.1165767908096313,-0.08290150761604309,1.837255695136264e-05,-438.1668166585043,0.012392452917993069,244208659771.1455,211179967618.85052,3371648148.0
train_tune_571cc_01927_1927,CNN,0.0369084713838817,0.7960060184884888,0.472554714329973,0.48625653982162476,1.8108904361724854,-0.12592516839504242,2.2340704163070768e-05,-340.3797548716559,0.022548243403434753,1442704433.436265,1386440692.11896,5288580324.0
train_tune_571cc_01928_1928,CNN,0.0595645735480658,0.8005406137931018,0.5432433926475232,1.3900537490844727,5.903095245361328,-0.7431315779685974,0.00014241343887988478,-324.23096959768293,-0.0066274614073336124,3401.856620097683,3401.856620097683,28193468.0
train_tune_571cc_01929_1929,CNN,0.0152368835574942,0.7597624572953262,0.3469431700793161,0.39043617248535156,1.504043459892273,-0.07205516844987869,2.4106990167638287e-05,-402.19625113578314,0.000434102606959641,77786797921886.0,82039400277239.67,31052543068.0
train_tune_571cc_01930_1930,CNN,0.0523194162652552,0.748075588338604,0.4478168961266087,0.4855318069458008,1.9915372133255005,-0.1085948571562767,2.8126090910518542e-05,-342.47037068201644,-0.006894911639392376,11232894090.819084,11195876488.688923,12946172364.0
train_tune_571cc_01931_1931,CNN,0.0196379603264398,0.7697786250865072,0.3140837731374129,0.4683065116405487,2.011481285095215,-0.106727734208107,1.9518703993526287e-05,-337.18238323888056,0.004183645360171795,48693922.748018146,50041079.07859863,2227224372.0
train_tune_571cc_01932_1932,CNN,0.1150917509619374,0.7716437056283717,0.4699603233371576,0.3936075270175934,1.3983098268508911,-0.07444621622562408,3.0099494324531406e-05,-358.20066352675644,-0.0018644168740138412,218493017879.884,220129436523.9323,7878946900.0
train_tune_571cc_01933_1933,CNN,0.0304911983466114,0.8093612766611097,0.5258423203857371,1.2764976024627686,5.900752067565918,-0.8707310557365417,8.258353045675904e-05,-324.40705888604293,0.022651270031929016,3398.7759463054754,3398.7759463054754,71456052.0
train_tune_571cc_01934_1934,CNN,0.0178693044424489,0.7649368011262819,0.3210332314462235,0.5664372444152832,2.502743721008301,-0.15113258361816406,2.7766260245698504e-05,-328.0936036720879,-0.00017069035675376654,1721395.2099155444,1709352.7766810996,1662959244.0
train_tune_571cc_01935_1935,CNN,0.013587795688963,0.7566813743685813,0.3770213967605289,0.2427482008934021,0.3160592317581177,-0.004626371432095766,1.747338319546543e-05,-359.70758682380017,0.010455573908984661,2565395861855.9614,2571501330050.8623,27231861964.0
train_tune_571cc_01936_1936,CNN,0.0437877458753543,0.8104321656801536,0.5409477709090451,1.5196915864944458,6.251067161560059,-1.4174089431762695,0.0001724066969472915,-330.80646220265737,0.05915188789367676,445108.9501962472,440215.41610046243,5747464836.0
train_tune_571cc_01937_1937,CNN,0.0554698169099108,0.771329928218746,0.5152172687607138,0.5367337465286255,2.3413870334625244,-0.1310899257659912,2.6691104721976444e-05,-331.9418739990799,-0.003770329523831606,414215430.25928503,407551087.817543,15760724444.0
train_tune_571cc_01938_1938,CNN,0.0134828706257277,0.7791367425608825,0.4232063769878103,0.12147378921508789,0.46881505846977234,-0.005613305140286684,5.021168817620492e-06,-341.8584603629174,-0.00024050776846706867,417659733.2104367,449384116.57147884,10258217716.0
train_tune_571cc_01939_1939,CNN,0.0301145441696784,0.8170682172473347,0.5434295336989597,0.8409538269042969,3.3492088317871094,-0.3201764225959778,6.811560888309032e-05,-328.37118862880106,-0.014210697263479233,167840.88093401096,167061.72992532607,1430171564.0
train_tune_571cc_01940_1940,CNN,0.0357835322336412,0.7387902716667124,0.3938594584918642,0.127386674284935,0.47677159309387207,-0.006330874748528004,5.080477876617806e-06,-372.14940700197405,0.002342444844543934,962998264307.0377,1050742955173.9875,12823118572.0
train_tune_571cc_01941_1941,CNN,0.0306823856143344,0.8054796174277072,0.4797919297526865,0.4484547972679138,1.4167920351028442,-0.11412732303142548,2.172359927499201e-05,-389.14265241777406,0.02833787351846695,51786003085.696236,53678358458.95068,6653318604.0
train_tune_571cc_01942_1942,CNN,0.0554278553612906,0.8092742809417127,0.5703031078859301,1.398632526397705,5.691593170166016,-0.9948458075523376,0.00010363819455960765,-352.2233535292843,0.002839325461536646,59806.195498193345,61754.77506189541,198409132.0
train_tune_571cc_01943_1943,CNN,0.0135126834960997,0.8028818105470674,0.4355577730346213,0.37811893224716187,0.6216520071029663,-0.05810932070016861,1.9876137230312452e-05,-354.8949142497147,0.025409862399101257,19140687729.371353,17316433616.620117,7789234980.0
train_tune_571cc_01944_1944,CNN,0.042975931616364,0.7994062737091799,0.5793779137186865,1.487656831741333,5.995813369750977,-1.3251830339431763,0.0001634335785638541,-320.4585170733337,0.0736793503165245,74303.37231667474,73869.80875634402,955105116.0
train_tune_571cc_01945_1945,CNN,0.0482367815601986,0.8189097050523199,0.5475314703553722,1.0179940462112427,2.8610482215881348,-0.5567924380302429,9.069490624824539e-05,-335.30827905616513,0.004917687736451626,6303945.865614727,6347164.687547056,3126339212.0
train_tune_571cc_01946_1946,CNN,0.0209301648516887,0.7826696422904776,0.5723455798833258,1.86216402053833,8.667342185974121,-1.8795086145401,0.0001835627481341362,-322.0453317315768,0.004497626330703497,4778.130259204541,4778.130259204541,49664444.0
train_tune_571cc_01947_1947,CNN,0.0369374173924768,0.7739932133908091,0.503270264702508,0.48562678694725037,1.972992181777954,-0.10847800225019455,2.4588487576693296e-05,-326.1930793094007,-0.0012861511204391718,57435806.41299956,57389555.04332407,3654063732.0
train_tune_571cc_01948_1948,CNN,0.0409176128075311,0.7909917952674669,0.5218848061653117,2.688570261001587,9.218900680541992,-4.514622688293457,0.0003450752701610327,-324.2810900934005,0.13100191950798035,5501.03048055984,5501.03048055984,14773812.0
train_tune_571cc_01949_1949,CNN,0.0134977605988097,0.7668942219113214,0.4633203696219976,0.7227104902267456,2.9362425804138184,-0.3120995759963989,5.4954907682258636e-05,-343.74047194185584,0.04040138050913811,38000245089.20046,38733968257.56569,35728576356.0
train_tune_571cc_01950_1950,CNN,0.0791735334573447,0.8138580362495964,0.5035313258329077,0.8598370552062988,3.6632375717163086,-0.2982121706008911,0.00010296187247149646,-330.21998708822144,-0.023110948503017426,14264014.210922217,14281775.981355015,8082464140.0
train_tune_571cc_01951_1951,CNN,0.0471930154172135,0.8032254575684031,0.4909883402956767,0.9861891269683838,3.613478183746338,-0.5247735977172852,8.138720295391977e-05,-332.8597515722156,0.027064763009548187,5940436.67830947,5826609.544668006,7893626308.0
train_tune_571cc_01952_1952,CNN,0.0063083984895266,0.7725730144422219,0.5050934125484754,0.621866762638092,1.9762159585952759,-0.215221107006073,1.9039594917558134e-05,-335.8792517719502,0.010079321451485157,3398470.3841335746,3409830.6318071317,1089116316.0
train_tune_571cc_01953_1953,CNN,0.044945475920475,0.7943298773372743,0.3869765935416742,0.23242413997650146,0.9418323040008545,-0.025234002619981766,8.492955203109886e-06,-351.1346093088101,0.0010369489900767803,260179721414.19885,256113039078.93408,12986850020.0
train_tune_571cc_01954_1954,CNN,0.0135376284536336,0.843845329500181,0.533923837686829,0.450991690158844,1.7496575117111206,-0.07725267112255096,3.17025333060883e-05,-474.61069016237605,-0.018350614234805107,265835754.6592916,266957569.14367884,5781805796.0
train_tune_571cc_01955_1955,CNN,0.0171552093577088,0.8114902877378963,0.5009112515153494,0.554477334022522,2.304238796234131,-0.13247936964035034,4.05268365284428e-05,-334.5555173577001,-0.015596453100442886,36203258.73694467,36455491.86625248,1713573028.0
train_tune_571cc_01956_1956,CNN,0.0449910173238765,0.808683796497367,0.4584877553096634,1.866502285003662,6.993295192718506,-2.3850247859954834,0.00022111130238045007,-336.98204269071243,0.08677344769239426,5288369.458296737,5206518.029478729,7271917516.0
train_tune_571cc_01957_1957,CNN,0.010687889883374,0.7982812210715996,0.456013490373278,1.2161023616790771,3.1351373195648193,-0.8580622673034668,0.00011076115333708003,-337.00125242638364,0.03448585048317909,140823.72869543743,140460.198587314,384011596.0
train_tune_571cc_01958_1958,CNN,0.0168961937319322,0.7654603676716153,0.3881940510489647,0.5031072497367859,1.6082954406738281,-0.1090894415974617,2.623793807288166e-05,-343.7501378602734,-0.011127491481602192,40395385.28849078,38964050.15486962,588805244.0
train_tune_571cc_01959_1959,CNN,0.0250039738125751,0.7739602821599445,0.3267954796315038,0.33554670214653015,1.2007086277008057,-0.05404214560985565,1.5141949916142039e-05,-350.85750165876436,0.0067395600490272045,267206807254.60907,268244294053.24164,15531936860.0
train_tune_571cc_01960_1960,CNN,0.0545244201021147,0.8038012141112217,0.4862839806438845,1.9059747457504272,5.704893112182617,-1.9942277669906616,0.00014251438551582396,-335.6072174434557,0.011884702369570732,3577.404492934824,3577.404492934824,10522796.0
train_tune_571cc_01961_1961,CNN,0.0106401675311477,0.8196166161129309,0.5234491689779466,1.2196375131607056,3.3950271606445312,-1.120805263519287,0.00011916931543964893,-336.31008377822343,0.08990643173456192,6073558.822863758,6023574.093634986,3866593844.0
train_tune_571cc_01962_1962,CNN,0.0311903534748662,0.785612409539666,0.4483021864698231,0.24884292483329773,1.0032048225402832,-0.03131231293082237,6.283848051680252e-06,-345.79348971936315,0.012857265770435333,89716830221.89679,91582855417.78464,16332690260.0
train_tune_571cc_01963_1963,CNN,0.0449740365665155,0.7977936447968953,0.4564145059593986,0.5490885972976685,2.2707719802856445,-0.15162596106529236,2.7844424039358273e-05,-336.8210202440125,0.01221699919551611,23523403.018749356,23597696.62803974,23783791188.0
train_tune_571cc_01964_1964,CNN,0.0258165725489721,0.8190687553141686,0.5428526535539593,1.672155499458313,7.490251064300537,-1.541689157485962,0.0002907017187681049,-327.1100139142668,0.00544204656034708,312203.91435847734,309884.47963685164,2786807516.0
train_tune_571cc_01965_1965,CNN,0.0182412358882947,0.7840038949806364,0.481032268816328,0.5174710750579834,1.3353912830352783,-0.11821502447128296,3.184135493938811e-05,-348.1605166948589,-0.011237860657274723,15934507838.157927,16285900214.439713,13331630788.0
train_tune_571cc_01966_1966,CNN,0.0158835417456107,0.7788101561813375,0.4573799384865085,0.19053882360458374,0.6392173767089844,-0.0157797671854496,3.643795025709551e-06,-362.7953805186797,0.005291301291435957,25701275040.936592,23914532913.780388,4992679196.0
train_tune_571cc_01967_1967,CNN,0.0042876632235431,0.7681326811431114,0.474238664281486,0.17741623520851135,0.6894746422767639,-0.013013552874326706,6.557254891959019e-06,-363.3358406203798,-0.00013735750690102577,720988300944.0701,712381501441.7579,12029837668.0
train_tune_571cc_01968_1968,CNN,0.0156013052431803,0.8178371469079556,0.562237349482349,1.9087998867034912,7.290188312530518,-2.442763566970825,0.00022007591906003654,-325.9150889500554,0.19304721057415009,5848.615120564126,5848.615120564126,53384972.0
train_tune_571cc_01969_1969,CNN,0.0140440862184771,0.740568105692638,0.3603920077804945,0.42989566922187805,1.38140070438385,-0.07549527287483215,1.3533262062992435e-05,-338.40963346422893,-0.013468781486153603,523464702244.19995,524501296482.36115,22991590156.0
train_tune_571cc_01970_1970,CNN,0.0255906639828639,0.8024350085350994,0.4217119206657848,1.168684959411621,3.9864578247070312,-0.7276418209075928,0.00014248941442929208,-323.8150523995729,0.023264018818736076,67880.82673997141,67337.99576635391,297740252.0
train_tune_571cc_01971_1971,CNN,0.0212081807955966,0.7859562524434014,0.5574458224787789,1.3572437763214111,3.6258692741394043,-1.3025720119476318,0.00013122255040798336,-333.55543919118224,0.029994364827871323,74033.10995277145,74023.36179552632,196233460.0
train_tune_571cc_01972_1972,CNN,0.0451641384357154,0.8036654869412346,0.4935302454360324,2.041733741760254,7.078056812286377,-1.8564915657043457,0.00046091052354313433,-330.5424203846909,0.023105477914214134,5961.555347179541,5961.555347179541,21392828.0
train_tune_571cc_01973_1973,CNN,0.0142952938307729,0.8231665041177294,0.4546270244808057,1.286800503730774,6.057399749755859,-0.8001053333282471,0.0001248706685146317,-324.16906380306386,0.012815174646675587,5570.268296849376,5570.268296849376,134581164.0
train_tune_571cc_01974_1974,CNN,0.0467945577081301,0.8210220988336099,0.4825308635788797,2.511737823486328,10.047243118286133,-4.165676116943359,0.0003316171932965517,-326.5519135703645,0.10101266205310822,7754.95169925767,7754.95169925767,49895908.0
train_tune_571cc_01975_1975,CNN,0.0050185859837984,0.8061370354360573,0.582398267558054,0.5094714164733887,1.6009070873260498,-0.12823894619941711,1.604709541425109e-05,-361.4916830322353,0.004208213649690151,2859229242.560094,2821091437.17887,12235252556.0
train_tune_571cc_01976_1976,CNN,0.0146289537712895,0.787105977784587,0.4546670182150161,0.34880125522613525,1.0998085737228394,-0.05207546800374985,2.7013771614292637e-05,-351.6773089113303,-0.0036114065442234278,133167288275.67464,135469610200.40384,13676087780.0
train_tune_571cc_01977_1977,CNN,0.0461614430191735,0.7826176063949856,0.3663873479395048,0.5608772039413452,0.9293670654296875,-0.17986205220222473,5.799883365398273e-05,-351.1774485968656,0.029153794050216675,3886218809.385997,3867737556.0822725,19598260364.0
train_tune_571cc_01978_1978,CNN,0.0148751778553874,0.7965294690264906,0.4397899649546293,1.8134856224060059,7.915954113006592,-2.014522075653076,0.00012158692697994411,-324.3252393567225,0.07019823789596558,5545.962222177809,5545.962222177809,65700212.0
train_tune_571cc_01979_1979,CNN,0.0197010846659855,0.7650397457712556,0.3735315602430242,0.2727457880973816,1.0019770860671997,-0.033188700675964355,8.858120054355823e-06,-334.9012793623715,0.0028266706503927708,10295788453.167057,9777311273.634796,5265679220.0
train_tune_571cc_01980_1980,CNN,0.0156710060656648,0.8202009285898372,0.5115292674416453,1.1992626190185547,5.4745330810546875,-0.7653218507766724,6.375147495418787e-05,-322.50230875475023,0.023630954325199127,3040.8447807091748,3040.8447807091748,62599452.0
train_tune_571cc_01981_1981,CNN,0.0429607808601772,0.8130253358720001,0.5326438917645809,1.3138158321380615,5.9016008377075195,-0.8703354001045227,7.961408118717372e-05,-322.25117922570075,0.02452426217496395,3004.3929256576635,3004.3929256576635,43849388.0
train_tune_571cc_01982_1982,CNN,0.0144322603952467,0.7787271768141739,0.4671166889892547,0.7111403942108154,2.145097017288208,-0.30120813846588135,7.586479478050023e-05,-346.6469730955695,0.03599640727043152,5384807978.415762,5587020318.804972,6942506972.0
train_tune_571cc_01983_1983,CNN,0.0420949378418016,0.8090447987715869,0.5616243819086268,1.1794137954711914,5.283652305603027,-0.7089372873306274,9.815393423195928e-05,-320.6243028257706,-0.0009129177778959274,130172.08756543414,129581.68610692915,3022649324.0
train_tune_571cc_01984_1984,CNN,0.0136054421768707,0.8106305444668279,0.557846225064666,1.2572827339172363,3.2167251110076904,-1.2473160028457642,0.00012502522440627217,-325.6439900116825,0.073123499751091,1984626.9621707094,1958162.2088527186,1182679372.0
train_tune_571cc_01985_1985,CNN,0.0182314864303105,0.780721837846527,0.3130971286250515,0.10266931354999542,0.3422278165817261,-0.002938794204965234,2.7384585337131284e-06,-360.76413642741454,2.1255225874483585e-05,302667970474.2663,300937897980.08014,10244837340.0
train_tune_571cc_01986_1986,CNN,0.0143057589067837,0.7537264592604856,0.4881296443818204,0.17739194631576538,0.4490186274051666,-0.01029206719249487,4.665265350922709e-06,-376.75893029270526,-0.0010644423309713602,223973801639.59436,202424569224.5775,6207952516.0
train_tune_571cc_01987_1987,CNN,0.0588343860034814,0.8059438753340329,0.5118121831868067,0.9812233448028564,3.9279026985168457,-0.49472174048423767,9.695849439594895e-05,-330.2922404112113,0.00763470446690917,7718446.825977634,7609962.782622069,9473654764.0
train_tune_571cc_01988_1988,CNN,0.0108437028657616,0.778979202022762,0.5417772720682175,0.5042108297348022,1.3651477098464966,-0.15108753740787506,5.095450978842564e-05,-330.13138593052435,0.036591678857803345,43488518.27878338,43702440.86452932,5810647980.0
train_tune_571cc_01989_1989,CNN,0.0135110294117647,0.7778973713369052,0.478163724470762,0.3878746032714844,1.065408706665039,-0.08257655799388885,1.7004900655592792e-05,-331.8042285711143,0.018037863075733185,3237184059.5512714,3181654473.7698174,9407393420.0
train_tune_571cc_01990_1990,CNN,0.0281657457900746,0.7264186247418828,0.3697881418386344,2.680253505706787,4.672468185424805,-7.440374374389648,0.0003884682955686003,-439.3363695521782,0.15451973676681519,30140.133996945056,29993.662694119455,4317292.0
train_tune_571cc_01991_1991,CNN,0.009485398336587,0.7926195376044333,0.4247312157238807,0.4083338975906372,1.369982123374939,-0.09608423709869385,1.968423748621717e-05,-369.40575883580874,0.01805366761982441,3941008355.3075085,4037294341.34074,4864138076.0
train_tune_571cc_01992_1992,CNN,0.0182314864303105,0.7903733761229557,0.4252805705126521,0.29322096705436707,0.7188582420349121,-0.04098206013441086,1.1101433301519137e-05,-354.84636200352884,0.006943651475012302,7378170032377.836,7186383679173.297,21061700516.0
train_tune_571cc_01993_1993,CNN,0.0157742460155202,0.7966643680293068,0.5472722389703305,2.060525894165039,7.796996593475342,-2.407137870788574,0.0002997681440319866,-329.27071239751103,0.027621818706393242,84382.97192844027,90197.14936901952,116242140.0
train_tune_571cc_01994_1994,CNN,0.073993599851306,0.7867192417059478,0.4945656966860773,0.5580524802207947,2.1837408542633057,-0.10063539445400238,4.4022199290338904e-05,-340.8751150163399,-0.04065252095460892,652183461.5306413,645208910.3318844,29756077956.0
train_tune_571cc_01995_1995,CNN,0.0136609956416283,0.7625923326801676,0.3682209885733394,0.521678626537323,2.2347869873046875,-0.12549465894699097,2.1371550246840343e-05,-368.36902907163494,-0.004294469021260738,22808411023175.18,22155432922340.04,22486810516.0
train_tune_571cc_01996_1996,CNN,0.007329372107714,0.8117549238682483,0.5527088005881794,1.8585655689239502,6.774404525756836,-2.167848587036133,0.0001618630631128326,-329.5255542484009,0.04140017181634903,4168.873107232476,4168.873107232476,28039436.0
train_tune_571cc_01997_1997,CNN,0.014180536580029,0.8138162665468816,0.4930481295114979,0.9031639099121094,3.9522626399993896,-0.4229585528373718,6.460330041591078e-05,-324.0627081029039,0.023549914360046387,234682.30282532115,232717.98900980694,13354560964.0
train_tune_571cc_01998_1998,CNN,0.0327864940685381,0.8010238816106893,0.5261600070506354,1.3084479570388794,5.381844520568848,-1.0258749723434448,0.00014436282799579203,-325.9992523701435,0.06487026810646057,11242674.724215284,11183579.890650775,12595921860.0
train_tune_571cc_01999_1999,CNN,0.0254879665984226,0.8094712717505979,0.5404220809548311,0.7794467210769653,2.7918710708618164,-0.3211086392402649,2.9030939913354814e-05,-336.52113041733685,0.01827167719602585,4223878.262342031,4228649.166635376,2371978844.0
