model_id,model_type,initial_val_f1_macro,best_val_f1_macro,best_test_f1_macro,grad_norm,snip,grasp,fisher,jacob_cov,plain,synflow,synflow_bn,train_flops
train_tune_95c45_00000_0,TRANSFORMER,0.0128116699908378,0.7497649172885786,0.5134526840597109,49.273963928222656,148.69482421875,-702.8031005859375,0.01251764502376318,-573516.2898259301,4.174659252166748,15441.807824318023,15433.029604243451,4145152000.0
train_tune_95c45_00001_1,TRANSFORMER,0.0840575159655084,0.7992194412528704,0.5594439097702665,36.7800407409668,85.5845718383789,-219.51596069335938,0.005687454715371132,-954.7152217743405,5.599678993225098,7307.121984437203,7042.119814011485,1417216000.0
train_tune_95c45_00002_2,TRANSFORMER,0.0818288306324036,0.730292312425914,0.4938873485927197,19.54000473022461,59.24506378173828,-108.38485717773438,0.002739233896136284,-11194.534646640408,1.7408440113067627,9637.513953483549,9670.295733805064,1810432000.0
train_tune_95c45_00003_3,TRANSFORMER,0.0322235135665238,0.8239928411464311,0.5904132783504115,55.07143020629883,125.40745544433594,-596.5623168945312,0.010398393496870995,-640.9097266237661,5.469593524932861,10717.649050510625,11450.610019883576,3096576000.0
train_tune_95c45_00004_4,TRANSFORMER,0.0636513395888596,0.7847175450929265,0.5005399989989378,30.48320960998535,80.75035095214844,-174.531982421875,0.012900668196380138,-50454.74342207478,7.737261772155762,8399.731751608982,7962.97826835491,1679360000.0
train_tune_95c45_00005_5,TRANSFORMER,0.0051927225378427,0.7880343982644431,0.5575597963501637,26.35403060913086,48.08562088012695,-219.06175231933594,0.002219029702246189,-964422.9893276186,4.925390720367432,3915.2484511375565,3915.2484511375565,964608000.0
train_tune_95c45_00006_6,TRANSFORMER,0.0347024235719425,0.812086652967849,0.529344566131539,38.510215759277344,89.74575805664062,-256.3085632324219,0.003984091337770224,-981.9213000630463,5.668880462646484,3318.0250299915983,3368.024371315886,1679360000.0
train_tune_95c45_00007_7,TRANSFORMER,0.0428580071481841,0.7969326148618918,0.5029172588231898,33.398048400878906,79.27281951904297,-218.23959350585938,0.006544624455273151,-1792.064199794319,4.497501850128174,11920.181418459164,11949.629207884227,3096576000.0
train_tune_95c45_00008_8,TRANSFORMER,0.0643396991323727,0.7882429318981037,0.4959702844785063,39.09859085083008,111.91421508789062,-370.152587890625,0.006844085641205311,-1426319.0189400804,4.764362812042236,21409.508090551717,21409.508090551717,3620864000.0
train_tune_95c45_00009_9,TRANSFORMER,0.0804151626469697,0.7716054437750768,0.4572470955375456,26.215791702270508,80.84821319580078,-133.76556396484375,0.004963260143995285,-953.6274455021143,3.0514464378356934,14450.044585583655,14431.405579382601,2715648000.0
train_tune_95c45_00010_10,TRANSFORMER,0.054475019748739,0.7902025981154337,0.5248468748033972,46.51227951049805,121.92520141601562,-459.92608642578125,0.01014601532369852,-6881.572307256803,7.306192874908447,10696.422339082543,10696.416646628448,1679360000.0
train_tune_95c45_00011_11,TRANSFORMER,0.069920037316026,0.7485981729507679,0.5299518021198659,32.85230255126953,82.14686584472656,-161.25048828125,0.01427394151687622,-51815.41358065985,4.952810287475586,11834.146361040303,12988.880875055343,3096576000.0
train_tune_95c45_00012_12,TRANSFORMER,0.0315995702458446,0.8091737567060991,0.6005172081030354,139.6839141845703,414.8825988769531,-3192.4423828125,0.04004131257534027,-1260.8893527394775,7.6360883712768555,37454.79853520726,38303.26263797892,8290304000.0
train_tune_95c45_00013_13,TRANSFORMER,0.0362240085870126,0.8128319392724699,0.5604896125008045,14.004780769348145,31.159334182739258,-70.93034362792969,0.0017089577158913016,-999.3274874140188,2.1244170665740967,3856.1413502317755,3466.238342309015,708608000.0
train_tune_95c45_00014_14,TRANSFORMER,0.0721481549498292,0.7446698083267751,0.4870763620973706,40.33570861816406,134.95675659179688,-251.81671142578125,0.030985187739133835,-120335.9942502708,6.240257263183594,24804.076984914707,24713.70099219097,6217728000.0
train_tune_95c45_00015_15,TRANSFORMER,0.0388286356304719,0.7645790633347355,0.5063307148288702,13.713128089904785,32.7197151184082,-59.28741455078125,0.0017272292170673609,-744.1415422826378,2.235996961593628,4050.9307200357466,3867.295943693009,708608000.0
train_tune_95c45_00016_16,TRANSFORMER,0.0324658688261931,0.8296263868961617,0.5155417505211031,27.938125610351562,75.94318389892578,-220.10519409179688,0.0013323979219421744,-3020.1566572307174,2.7474546432495117,8242.67663346628,8161.868604162146,2715648000.0
train_tune_95c45_00017_17,TRANSFORMER,0.1886973599222246,0.8159715426649088,0.5798652432254368,21.228174209594727,46.85044860839844,-126.36604309082031,0.001574465655721724,-3339.9071075771217,2.5494158267974854,3590.46889600328,3721.3728574726597,1062912000.0
train_tune_95c45_00018_18,TRANSFORMER,0.0491409726289699,0.7600540926682391,0.5337459930075011,29.62838363647461,78.13175964355469,-232.93014526367188,0.007038387469947338,-877.726993656753,5.283982276916504,6469.446939962063,6626.9342169100055,1259520000.0
train_tune_95c45_00019_19,TRANSFORMER,0.0472747412649536,0.7141105644374565,0.599886619863911,17.37837791442871,43.82868194580078,-90.27761840820312,0.003999757114797831,-533.7456947545998,2.6197142601013184,6380.328061426231,6637.643531431544,1548288000.0
train_tune_95c45_00020_20,TRANSFORMER,0.0331487925922099,0.809091829888873,0.5205444654782684,30.573293685913086,71.21715545654297,-234.54962158203125,0.002884645015001297,-3459.5896213625465,4.835723876953125,3674.2530986221436,3792.6286520955014,1259520000.0
train_tune_95c45_00021_21,TRANSFORMER,0.0800097904751709,0.7869558335103504,0.5763732450581159,32.04350280761719,111.32341003417969,-198.2634735107422,0.022837281227111816,-257969.2537051783,4.863210678100586,16905.25038349047,16881.202292767797,4145152000.0
train_tune_95c45_00022_22,TRANSFORMER,0.0966044862832085,0.7220021560199882,0.5511773801084324,23.490964889526367,42.2910270690918,-123.22943115234375,0.0019243319984525442,-119709.94886190341,4.821749210357666,3394.982812703877,3394.982812703877,964608000.0
train_tune_95c45_00023_23,TRANSFORMER,0.0416793374845791,0.7904650733270919,0.5288473418970815,33.25924301147461,87.38186645507812,-313.19830322265625,0.006814860738813877,-3449.9733753816276,5.3167500495910645,7726.7582617050375,7729.951095503171,1259520000.0
train_tune_95c45_00024_24,TRANSFORMER,0.0148158488836603,0.830568482357685,0.5199897493599333,51.885231018066406,133.48899841308594,-758.9156494140625,0.0027324247639626265,-1562.3563121507634,4.482247352600098,9284.600123499004,9345.212446007417,3620864000.0
train_tune_95c45_00025_25,TRANSFORMER,0.0051637546862842,0.7989405981092492,0.5363886702596128,148.31459045410156,404.555908203125,-3404.0341796875,0.05184647813439369,-2423251.6142830313,11.008520126342773,30102.873636149674,30102.873636149674,8290304000.0
train_tune_95c45_00026_26,TRANSFORMER,0.0538335682136716,0.7401086509798898,0.5804870034774144,57.8209342956543,198.37120056152344,-570.4708251953125,0.01970202662050724,-618.1667325281,5.212559700012207,37749.808970453116,36415.8045735819,8290304000.0
train_tune_95c45_00027_27,TRANSFORMER,0.08818311078646,0.7943116600535358,0.5227418554170431,22.656429290771484,64.5425796508789,-112.43905639648438,0.007346321363002062,-28750.43788535887,3.974642753601074,11570.035760568795,12213.947202691665,2715648000.0
train_tune_95c45_00028_28,TRANSFORMER,0.0774433045915943,0.7951438519605685,0.551120968328811,14.090219497680664,35.24113082885742,-46.47224807739258,0.0018884151941165328,-114858.46681995553,1.4750274419784546,5580.167595325852,5337.555062251593,1548288000.0
train_tune_95c45_00029_29,TRANSFORMER,0.0568159600931072,0.8101135489184437,0.5177482931801244,30.34835433959961,69.87620544433594,-232.23623657226562,0.0032260813750326633,-7428.7022394710175,4.054868698120117,6424.9724934534115,6438.844701692244,1062912000.0
train_tune_95c45_00030_30,TRANSFORMER,0.0087665893165888,0.7517861016601626,0.5846237924935741,55.66048049926758,167.09872436523438,-919.573974609375,0.015248611569404602,-238756.2101052957,4.783481597900391,16387.698659169073,15742.415040354275,4145152000.0
train_tune_95c45_00031_31,TRANSFORMER,0.0692052905802935,0.76225389103444,0.5307572036690801,24.01481819152832,59.645084381103516,-122.6375732421875,0.003976163454353809,-215506.40778767056,4.945361137390137,5684.7101014728405,5683.421440688382,1259520000.0
train_tune_95c45_00032_32,TRANSFORMER,0.057083262307385,0.774217807487124,0.5883676837289278,63.089046478271484,216.2381591796875,-696.2899169921875,0.01920616813004017,-3881.972406269224,5.448342323303223,41315.02894905553,41454.87950359238,8290304000.0
train_tune_95c45_00033_33,TRANSFORMER,0.0490921595562724,0.8298888283142077,0.476737093030065,32.022239685058594,91.58186340332031,-205.40289306640625,0.01089690625667572,-20424.040983907747,5.065799713134766,15719.757996355836,16209.928594163954,3620864000.0
train_tune_95c45_00034_34,TRANSFORMER,0.015368760732078,0.8299799288547671,0.5482845129244603,40.75594711303711,84.484130859375,-425.6877746582031,0.003828795161098242,-2083.9785652914115,4.214970111846924,8359.982946000395,8351.51243645163,3096576000.0
train_tune_95c45_00035_35,TRANSFORMER,0.0536437624029862,0.7896159448323483,0.4884835682792037,23.958566665649414,63.87529373168945,-144.92184448242188,0.0032732593826949596,-995.5133601404237,4.964603424072266,4783.406392610501,4799.424690932577,1259520000.0
train_tune_95c45_00036_36,TRANSFORMER,0.0510156821333255,0.8030550689263404,0.50214710078393,37.760841369628906,107.8394775390625,-344.26629638671875,0.009013241156935692,-316585.06656043296,4.82049036026001,18745.439173190167,18790.12426777038,3620864000.0
train_tune_95c45_00037_37,TRANSFORMER,0.0145016443843103,0.8263008726506442,0.5026584308650169,45.43735122680664,122.30811309814453,-573.0795288085938,0.002382525708526373,-842.6951489329854,4.264665126800537,7211.441604423661,7340.162630963909,3620864000.0
train_tune_95c45_00038_38,TRANSFORMER,0.0549927775517586,0.7862901026670834,0.4639661087829744,20.543087005615234,52.7428092956543,-94.1579360961914,0.002675270428881049,-1061.1914124598572,4.304396152496338,4674.483709678282,4602.959793089269,1259520000.0
train_tune_95c45_00039_39,TRANSFORMER,0.0565708397089873,0.7760475936999713,0.4854494390027917,25.758005142211914,68.1046142578125,-162.80990600585938,0.0036494997330009937,-70482.39478169286,5.408575057983398,5604.473782093964,5604.473782093964,1259520000.0
train_tune_95c45_00040_40,TRANSFORMER,0.0620319981502505,0.7868130321735272,0.4317655643279499,44.93068313598633,133.51002502441406,-348.523193359375,0.009112052619457245,-1328.8058738457742,5.285450458526611,15375.32677234653,15437.074653260883,3620864000.0
train_tune_95c45_00041_41,TRANSFORMER,0.0678706230544001,0.8275889117414403,0.4763994450540052,37.9663200378418,117.03719329833984,-261.03497314453125,0.00718694506213069,-1375.1618720830836,4.074580192565918,20096.996071407037,20084.54776495807,3620864000.0
train_tune_95c45_00042_42,TRANSFORMER,0.1135949011438859,0.7700904507899711,0.572740531274389,17.342195510864258,30.871475219726562,-76.02001190185547,0.0012431424111127853,-1255.6878235556212,3.5337071418762207,1685.93513106084,1679.358535004494,964608000.0
train_tune_95c45_00043_43,TRANSFORMER,0.0642709013277692,0.7819238831096109,0.5088551047608537,32.791072845458984,87.5693130493164,-202.80152893066406,0.011620606295764446,-135905.97617407943,7.842347145080566,8186.955165119876,8356.715828721128,1679360000.0
train_tune_95c45_00044_44,TRANSFORMER,0.088725393180714,0.7472204409619507,0.5538451746358615,22.911907196044922,41.36589050292969,-113.71763610839844,0.003815146628767252,-336120.83993516123,5.61065149307251,3121.712549238816,3191.1422650088048,964608000.0
train_tune_95c45_00045_45,TRANSFORMER,0.1867304221857242,0.8393050760513907,0.5982605935165886,19.541461944580078,43.840736389160156,-108.80182647705078,0.0014497018419206142,-1325.9585934008455,2.3803155422210693,2738.8127367321767,2693.6451228307324,1062912000.0
train_tune_95c45_00046_46,TRANSFORMER,0.0958364774656973,0.7454329917628819,0.5450757613191828,22.78961181640625,41.17299270629883,-112.67335510253906,0.0038379020988941193,-335584.3057022955,5.631441116333008,3120.8348819900098,3187.4240616928455,964608000.0
train_tune_95c45_00047_47,TRANSFORMER,0.178413349189163,0.7811469078949534,0.5535297714757681,29.119192123413086,67.50045776367188,-169.68450927734375,0.003963841591030359,-1015.5882372533924,3.7589311599731445,6380.030534955614,6361.242772681694,1417216000.0
train_tune_95c45_00048_48,TRANSFORMER,0.0536972091372859,0.7926161020693927,0.5804566178123746,74.91571807861328,261.43499755859375,-987.2601318359375,0.024396538734436035,-2411.943966807478,6.213342189788818,46443.785365415824,46580.66377644532,8290304000.0
train_tune_95c45_00049_49,TRANSFORMER,0.0370038273801878,0.7933354013588388,0.580059732785766,33.492557525634766,104.0228042602539,-397.7720947265625,0.005614908877760172,-4443.028658668453,2.341503381729126,17198.885544679655,17225.65112992914,4145152000.0
train_tune_95c45_00050_50,TRANSFORMER,0.0051637546862842,0.8058418844224126,0.6047888608298269,42.561607360839844,129.32125854492188,-672.6666870117188,0.009603428654372692,-1149.555955407593,4.585436820983887,8826.867838347307,8784.75606676058,4145152000.0
train_tune_95c45_00051_51,TRANSFORMER,0.1901681750492955,0.8322392343178433,0.6215084252754869,18.99653434753418,42.90866470336914,-100.2286605834961,0.0013691872591152787,-1032.9427641706652,2.29954195022583,2421.885531755624,2548.3748472302796,1062912000.0
train_tune_95c45_00052_52,TRANSFORMER,0.0320286111740358,0.8106148484822033,0.5967107096051306,70.90052032470703,214.15313720703125,-1253.7802734375,0.013402505777776241,-1023.968680821256,4.43436336517334,26825.195894366007,25783.097301616268,6217728000.0
train_tune_95c45_00053_53,TRANSFORMER,0.0899575652606433,0.809097117789221,0.4997268260381196,17.832984924316406,48.4073600769043,-95.5499496459961,0.0008063909481279552,-53358.6161206699,1.5564789772033691,6711.7005455197295,6711.078492246556,1810432000.0
train_tune_95c45_00054_54,TRANSFORMER,0.0637476823565518,0.7909701070823654,0.4293443545275447,44.75273513793945,133.3812255859375,-372.791015625,0.008730137720704079,-767.1785783853376,5.209787368774414,12964.533878575876,13151.649589835608,3620864000.0
train_tune_95c45_00055_55,TRANSFORMER,0.0678706230544001,0.8073401780120878,0.481508219711558,34.76298141479492,108.19622802734375,-216.9078369140625,0.008577005937695503,-643.7103585956954,4.364804267883301,19297.95023136182,18540.570853345143,3620864000.0
train_tune_95c45_00056_56,TRANSFORMER,0.1666127669561888,0.7287174041442288,0.4958544769814019,22.048324584960938,43.05908966064453,-90.69757080078125,0.0034387267660349607,-1034.5439210406935,5.3252058029174805,4290.291768174252,4292.780632269332,1286144000.0
train_tune_95c45_00057_57,TRANSFORMER,0.0625317425361031,0.7811443639478102,0.5447677471802554,20.569549560546875,52.88471603393555,-157.29812622070312,0.00285926996730268,-4775.603931890842,2.939661979675293,4191.22963402315,4198.802536226599,839680000.0
train_tune_95c45_00058_58,TRANSFORMER,0.0052139834272641,0.7677427386507933,0.5850835279938927,106.52375793457031,319.5820007324219,-2280.69140625,0.0313284806907177,-115581.65582816969,7.561558246612549,24850.866722339357,24112.546774904786,6217728000.0
train_tune_95c45_00059_59,TRANSFORMER,0.0606896354522633,0.7837711929508856,0.5114369891794965,53.943359375,189.58018493652344,-564.058349609375,0.03284971043467522,-228421.07151475758,6.979914665222168,27264.143899920065,26378.46441112806,6217728000.0
train_tune_95c45_00060_60,TRANSFORMER,0.0051927225378427,0.7879137587813716,0.5528019725720408,22.340991973876953,40.33995056152344,-150.03688049316406,0.00236376840621233,-754.767990117998,4.658876895904541,3385.826198521048,3504.3513916971824,964608000.0
train_tune_95c45_00061_61,TRANSFORMER,0.0702860620207818,0.7925947673863489,0.5437986383047401,24.18625831604004,59.85884094238281,-141.53111267089844,0.004463339224457741,-657.9647525219309,3.104219913482666,7884.210471218684,7766.1891455446475,2322432000.0
train_tune_95c45_00062_62,TRANSFORMER,0.0051212746283519,0.7933056406428856,0.6025807407962228,101.93777465820312,306.68731689453125,-2106.519775390625,0.0316697433590889,-69287.21407748692,7.249455451965332,23598.90841724215,24992.190355510014,6217728000.0
train_tune_95c45_00063_63,TRANSFORMER,0.0846229051631331,0.7359699000060531,0.551226509622107,12.343255996704102,23.46283721923828,-49.71920394897461,0.0009011048241518438,-3771.832478640466,2.400597095489502,1721.882256916109,1728.7560245077111,643072000.0
train_tune_95c45_00064_64,TRANSFORMER,0.0320286111740358,0.8258698608344069,0.5901762518837592,59.804622650146484,177.9219207763672,-894.22998046875,0.013977501541376114,-535.8306593465389,4.263904571533203,23390.14139339032,22683.125550761637,6217728000.0
train_tune_95c45_00065_65,TRANSFORMER,0.057468360878981,0.7844454206232638,0.4987417602435641,29.79861068725586,75.99568176269531,-156.90997314453125,0.00459606759250164,-1598.5125314241245,6.324483871459961,6520.248606366547,6542.011413335171,1679360000.0
train_tune_95c45_00066_66,TRANSFORMER,0.1039719807642138,0.7684141764851937,0.4451624099797241,29.205297470092773,98.7449722290039,-194.11288452148438,0.012185722589492798,-89390.6642295041,4.308074951171875,16837.077457643012,16837.077457643012,4145152000.0
train_tune_95c45_00067_67,TRANSFORMER,0.0501355185667439,0.8356789188784608,0.5469115537149387,30.659273147583008,90.00695037841797,-225.35040283203125,0.005112688057124615,-585.4849884272496,3.289106845855713,12154.801466534052,11507.40114424989,2715648000.0
train_tune_95c45_00068_68,TRANSFORMER,0.0647376560499295,0.7353564790164152,0.5882529061915349,43.95110321044922,151.09344482421875,-424.476318359375,0.013262704014778137,-613.395787184212,3.8721344470977783,28560.969018787186,27711.63520030887,6217728000.0
train_tune_95c45_00069_69,TRANSFORMER,0.0774713103897008,0.7604621673031648,0.5300355211289425,19.817222595214844,51.62666320800781,-165.11817932128906,0.00407823221758008,-1840.567381956464,3.189953327178955,5012.282931570998,4520.117452850289,839680000.0
train_tune_95c45_00070_70,TRANSFORMER,0.1587756363873649,0.7503312493731082,0.5687170191706548,19.702564239501953,47.68268966674805,-64.18997192382812,0.0052138580940663815,-158638.67156697018,3.5166351795196533,5673.57174756953,5695.590523859014,1062912000.0
train_tune_95c45_00071_71,TRANSFORMER,0.0575748218482883,0.7669286482659132,0.4945483729726574,79.47442626953125,277.5483703613281,-1014.392333984375,0.04990139976143837,-172069.81784055155,9.46767520904541,37432.76833970608,38342.67165641185,8290304000.0
train_tune_95c45_00072_72,TRANSFORMER,0.0295607209877331,0.7614449821650521,0.4452649216119471,49.96831130981445,172.43081665039062,-555.8770141601562,0.02251962572336197,-80265.98799110968,6.857721328735352,26759.146087128072,26759.146087128072,6217728000.0
train_tune_95c45_00073_73,TRANSFORMER,0.0413138774155524,0.7298710022500539,0.4325001993204335,20.220693588256836,46.725364685058594,-146.40481567382812,0.0033212490379810333,-728.3183925419405,2.7987120151519775,5385.1766984484,5808.100130846308,1548288000.0
train_tune_95c45_00074_74,TRANSFORMER,0.0769737889313356,0.7696626714347206,0.4762357037890882,12.902717590332031,34.33927536010742,-34.22342300415039,0.0038742520846426487,-292019.0546685455,2.9741554260253906,3507.3913633921047,3719.5902866787046,839680000.0
train_tune_95c45_00075_75,TRANSFORMER,0.0323797951857666,0.7977876219415656,0.5924898351886798,64.03910064697266,195.98385620117188,-1023.75048828125,0.013755721040070057,-714.1712770586084,4.2378082275390625,25182.005040106265,25179.929248822387,6217728000.0
train_tune_95c45_00076_76,TRANSFORMER,0.052400972615662,0.7687163234662483,0.5168594238575557,41.14323043823242,98.28780364990234,-373.75408935546875,0.009267271496355534,-1661.8708447477588,5.452493190765381,12675.036651225833,12700.96994546846,3096576000.0
train_tune_95c45_00077_77,TRANSFORMER,0.0950946333491021,0.8454437424927024,0.5132250351875058,21.26170539855957,57.93820571899414,-109.08175659179688,0.0011764299124479294,-1191.787168390789,2.14107346534729,5666.549521396662,5705.532303208529,2715648000.0
train_tune_95c45_00078_78,TRANSFORMER,0.1264283893658343,0.740877707309134,0.5177936522843094,32.668888092041016,68.68586730957031,-155.92544555664062,0.00442011933773756,-326215.47818764264,4.22514533996582,8238.668931038745,8235.420752503202,1417216000.0
train_tune_95c45_00079_79,TRANSFORMER,0.0570531077475448,0.7659735614618259,0.6029106252762564,13.7901611328125,30.23304557800293,-46.79717254638672,0.002402789890766144,-214042.59008066735,2.444061279296875,2794.329300045385,2870.8204918821066,708608000.0
train_tune_95c45_00080_80,TRANSFORMER,0.0838297782300775,0.7896947720293892,0.568870341484547,36.3513069152832,124.38373565673828,-266.3102111816406,0.012021004222333431,-465.08426424407696,3.753363609313965,27006.980782188362,26129.522664583394,6217728000.0
train_tune_95c45_00081_81,TRANSFORMER,0.0714466687380562,0.8370873272377561,0.6142825538698603,10.309760093688965,23.1856746673584,-31.425518035888672,0.0006789099425077438,-1737.6056414106256,1.4789073467254639,1593.1973442863205,1603.3895639864286,708608000.0
train_tune_95c45_00082_82,TRANSFORMER,0.0865804243204004,0.766601731178985,0.4925025982889738,21.646318435668945,66.55482482910156,-96.81226348876953,0.008554380387067795,-315322.1924860752,3.539658308029175,9347.204319937166,9429.685180192137,1810432000.0
train_tune_95c45_00083_83,TRANSFORMER,0.0833355398629298,0.7954184423397483,0.5214342185970487,33.93918228149414,100.17822265625,-232.9989013671875,0.0063990517519414425,-43597.32165244868,4.080206871032715,13463.659430400563,13464.786569577473,2715648000.0
train_tune_95c45_00084_84,TRANSFORMER,0.0051637546862842,0.8162426569856126,0.6087585951333312,75.7388687133789,211.67059326171875,-1416.9725341796875,0.020021073520183563,-1164.798921651332,6.9521484375,13063.85483032542,13176.999214514724,6217728000.0
train_tune_95c45_00085_85,TRANSFORMER,0.1683995405639628,0.7981800224924139,0.5193401652330715,17.655702590942383,50.01903533935547,-63.261634826660156,0.003390495665371418,-972.5540917004612,2.283513069152832,7001.466648471087,7037.771102328245,1810432000.0
train_tune_95c45_00086_86,TRANSFORMER,0.0666947795716415,0.7526511040481958,0.5577301217838739,15.310125350952148,29.242647171020508,-66.96340942382812,0.002682869555428624,-509754.08990096184,3.7530713081359863,2315.10510718358,2269.9154267363006,643072000.0
train_tune_95c45_00087_87,TRANSFORMER,0.1284169668533357,0.7642633774756671,0.4594686021171124,25.04824447631836,78.50852966308594,-122.39447021484375,0.010994071140885353,-3393.418879087227,3.8306078910827637,14871.68386709183,14903.274574234238,4145152000.0
train_tune_95c45_00088_88,TRANSFORMER,0.0928939984584711,0.7912981168980969,0.5655484388719878,39.995121002197266,93.70252990722656,-254.72079467773438,0.006395075935870409,-910.2223214825865,5.7011260986328125,7932.876282268695,8292.703169104496,1417216000.0
train_tune_95c45_00089_89,TRANSFORMER,0.1264283893658343,0.8283965730235507,0.5836022365833873,30.137876510620117,63.9300651550293,-134.3322296142578,0.005096665117889643,-76546.65435758857,4.285421371459961,6502.2530715713065,6645.552783958424,1417216000.0
train_tune_95c45_00090_90,TRANSFORMER,0.0551926024231656,0.7451569262416656,0.4624549357637995,74.46797180175781,261.83453369140625,-828.4623413085938,0.05091818794608116,-83277.7385582366,9.505256652832031,35536.12034011478,34318.52756251297,8290304000.0
train_tune_95c45_00091_91,TRANSFORMER,0.0139200241879465,0.7871052148699769,0.5631241324846779,29.769577026367188,65.42179870605469,-376.2449951171875,0.0036013296339660883,-6823.351336645758,3.3609836101531982,7593.191453352261,7595.064665542401,1548288000.0
train_tune_95c45_00092_92,TRANSFORMER,0.0898961388135704,0.7630286956567183,0.5370724088030745,18.938522338867188,57.931053161621094,-63.881587982177734,0.008672138676047325,-182455.81728190804,3.390597105026245,8313.831665166932,8441.535497062485,1810432000.0
train_tune_95c45_00093_93,TRANSFORMER,0.0926326809666981,0.7211364544231904,0.5129030504458929,27.63416290283203,90.41667938232422,-133.372314453125,0.020566610619425774,-264721.7638667682,4.506054878234863,15740.06959082573,15955.172790918035,4145152000.0
train_tune_95c45_00094_94,TRANSFORMER,0.0797716850607463,0.7781475891970424,0.4707647763849918,14.378726959228516,37.07012176513672,-47.57410430908203,0.005456999875605106,-226549.8859279558,3.5708775520324707,3867.2885627780715,4067.9596346001986,839680000.0
train_tune_95c45_00095_95,TRANSFORMER,0.0527559344125147,0.7923848270754967,0.5416543779613552,28.930171966552734,65.73468780517578,-204.09869384765625,0.00345813506282866,-1826.3286749289935,4.055452346801758,6617.224652784036,5745.068940555543,1062912000.0
train_tune_95c45_00096_96,TRANSFORMER,0.065443517992619,0.7665639409547338,0.5055635525157791,50.21225357055664,176.23031616210938,-425.54425048828125,0.03474987670779228,-128265.24942495415,7.321500301361084,24760.278407370693,25922.582883231735,6217728000.0
train_tune_95c45_00097_97,TRANSFORMER,0.0501355185667439,0.8371280525402103,0.5169292490856614,31.93158721923828,94.35285949707031,-288.44769287109375,0.0044167665764689445,-683.7348010467324,2.8293142318725586,11453.634012850167,12247.08097572548,2715648000.0
train_tune_95c45_00098_98,TRANSFORMER,0.0689534351299224,0.7744338750744592,0.4533075214452073,36.121681213378906,115.762939453125,-242.29678344726562,0.01689828559756279,-882.2373989014607,5.451007843017578,20559.2479787419,20363.015427050992,6217728000.0
train_tune_95c45_00099_99,TRANSFORMER,0.1188070360810796,0.7417016930340872,0.5430773910898703,16.493539810180664,33.744911193847656,-41.31767272949219,0.005480739288032055,-177857.25865141148,4.558304786682129,3387.07477999811,3413.578930657701,964608000.0
train_tune_95c45_00100_100,TRANSFORMER,0.0949619818128732,0.8245940252312862,0.5655501954112673,21.800399780273438,64.56993103027344,-104.55657958984375,0.006631567142903805,-30724.82341582772,3.661954402923584,12267.536643799982,11387.376947207711,2715648000.0
train_tune_95c45_00101_101,TRANSFORMER,0.0701160932838483,0.8095700690022994,0.5205525918757083,22.389606475830078,66.54840087890625,-130.26791381835938,0.006009264383465052,-81831.1282370538,3.444754123687744,11807.927890919269,11887.393865604947,2715648000.0
train_tune_95c45_00102_102,TRANSFORMER,0.125176412788627,0.8075197151834268,0.5222895423364368,25.883636474609375,81.15798950195312,-135.1195831298828,0.01139099057763815,-238833.52889411603,3.9782164096832275,15409.153816790946,15411.879925153069,4145152000.0
train_tune_95c45_00103_103,TRANSFORMER,0.05086307159346,0.800686817156218,0.5226102881815542,23.882400512695312,55.3701057434082,-138.28219604492188,0.0027031139470636845,-1733.4852361135615,3.603841781616211,5112.702715456599,4944.272293280779,1062912000.0
train_tune_95c45_00104_104,TRANSFORMER,0.0766094836688414,0.770443456208582,0.5642263758466257,22.63819122314453,55.94325256347656,-204.4777069091797,0.0041405013762414455,-2820.9155373542762,3.4718761444091797,4745.188755137448,4350.275364777202,839680000.0
train_tune_95c45_00105_105,TRANSFORMER,0.0554962427621821,0.7492755078925346,0.5907390512561308,70.72737121582031,247.4710235595703,-887.376708984375,0.02411162294447422,-899.8441404190318,5.967706680297852,40579.66151331039,41678.87000927223,8290304000.0
train_tune_95c45_00106_106,TRANSFORMER,0.1680547746430529,0.75675356642033,0.5170606658085657,30.614501953125,70.53848266601562,-158.48782348632812,0.0068451655097305775,-385971.41126248945,4.545063018798828,8533.272070332652,8519.609514937572,1417216000.0
train_tune_95c45_00107_107,TRANSFORMER,0.0679529998133093,0.7643371479841967,0.5168567959407938,31.662851333618164,84.57272338867188,-180.47589111328125,0.011956809088587761,-88975.77876483244,7.730193614959717,7875.477449665882,8576.620619799987,1679360000.0
train_tune_95c45_00108_108,TRANSFORMER,0.0477310509278935,0.7249051683331311,0.5268151541249892,51.33248519897461,125.97247314453125,-536.5552978515625,0.01104719378054142,-1541.6591098840754,5.659256935119629,15059.281584394912,15266.757282465454,3096576000.0
train_tune_95c45_00109_109,TRANSFORMER,0.06908851245781,0.7780762284269834,0.5326449314977948,34.59614181518555,87.27993774414062,-217.39691162109375,0.011908069252967834,-74730.5491217434,5.128164291381836,14409.668465531648,14109.211246183997,3096576000.0
train_tune_95c45_00110_110,TRANSFORMER,0.0678706230544001,0.797814332178344,0.4742405047947122,33.376895904541016,103.36653900146484,-194.52035522460938,0.009543058462440968,-536.206857442013,4.463842391967773,19051.46625112554,18277.286241741094,3620864000.0
train_tune_95c45_00111_111,TRANSFORMER,0.0723696299291325,0.7877828652098015,0.4734043582743164,22.120189666748047,57.56760025024414,-102.98062133789062,0.008015710860490799,-109285.93778271269,5.535846710205078,5602.383716116746,6240.508604522061,1259520000.0
train_tune_95c45_00112_112,TRANSFORMER,0.0152596539495774,0.8288380057145814,0.4987434317471615,44.37895965576172,125.60693359375,-457.6671142578125,0.0067677730694413185,-651.2765032400401,4.073109149932861,15554.578746451227,15539.059256005457,3620864000.0
train_tune_95c45_00113_113,TRANSFORMER,0.0388286356304719,0.7529645688836788,0.520943644505286,15.622308731079102,35.47847366333008,-88.4246826171875,0.001483147032558918,-2075.296636086332,2.2180261611938477,3997.6520372882214,4031.482751556992,708608000.0
train_tune_95c45_00114_114,TRANSFORMER,0.107099781744099,0.8045197499902295,0.5128500621902968,33.33595275878906,96.86351013183594,-163.2098388671875,0.007676051463931799,-800.7576936641264,4.250261306762695,13905.175992384866,13986.748864139961,3620864000.0
train_tune_95c45_00115_115,TRANSFORMER,0.064078576799846,0.7457612469047731,0.484876297135257,48.54521179199219,170.5839080810547,-421.31158447265625,0.035529058426618576,-121402.82503358138,6.990045547485352,25168.06158490624,25943.964887485614,6217728000.0
train_tune_95c45_00116_116,TRANSFORMER,0.0692675994024296,0.7968894576617663,0.5334263755558639,34.77100372314453,89.13130187988281,-191.8819580078125,0.011511570774018764,-86497.94311041197,4.896167755126953,14063.956378931534,13875.18164269529,3096576000.0
train_tune_95c45_00117_117,TRANSFORMER,0.0943967788598919,0.7654527720338542,0.5393240188085999,27.617366790771484,90.03422546386719,-125.45338439941406,0.02022019773721695,-287536.65198240045,4.49495267868042,15535.561865610203,15847.071380166088,4145152000.0
train_tune_95c45_00118_118,TRANSFORMER,0.0395268675298488,0.7639251548992738,0.4889033808081408,12.920913696289062,30.414127349853516,-56.45284652709961,0.0018458409467712045,-619.1554115862454,2.3147172927856445,3750.0578527123394,3976.016372281352,708608000.0
train_tune_95c45_00119_119,TRANSFORMER,0.0822037545253564,0.7831506914969448,0.5322378548853038,15.719820976257324,41.156410217285156,-83.31939697265625,0.003228906774893403,-908.5046021795482,2.8426759243011475,3904.777727802327,4263.147424595067,839680000.0
train_tune_95c45_00120_120,TRANSFORMER,0.1252303300042162,0.7437315362795716,0.5208703969330041,33.073204040527344,69.32393646240234,-157.67523193359375,0.004371323622763157,-2396994.336438777,4.1997456550598145,8230.5238435791,8230.5238435791,1417216000.0
train_tune_95c45_00121_121,TRANSFORMER,0.0816384394500564,0.7723044820548466,0.474828904675773,35.67242431640625,111.55386352539062,-321.05670166015625,0.006003431510180235,-1432.222068144264,3.366194009780884,15103.720516902087,14427.939492612199,2715648000.0
train_tune_95c45_00122_122,TRANSFORMER,0.0051504424778761,0.7742735778729681,0.5875364888405981,40.0174560546875,111.71244049072266,-564.8893432617188,0.008451257832348347,-419364.6789621142,4.236016273498535,12490.32285314786,12490.777456756932,4145152000.0
train_tune_95c45_00123_123,TRANSFORMER,0.0417785438567279,0.8057722100628528,0.5152452929336322,14.13897705078125,32.24661636352539,-71.66790771484375,0.001432399614714086,-1496.911148699748,2.0845422744750977,3352.770766317197,3091.24578822845,708608000.0
train_tune_95c45_00124_124,TRANSFORMER,0.02882395695595,0.8343784688966942,0.5231262353834714,26.424577713012695,72.18132019042969,-193.5235137939453,0.0012116598663851619,-1574.2175137755935,2.5099687576293945,6747.510177246089,6901.875756383981,2715648000.0
train_tune_95c45_00125_125,TRANSFORMER,0.0741963318741512,0.6762732608007253,0.5272243464599746,16.075511932373047,42.156097412109375,-40.51259231567383,0.006364711560308933,-160877.34311470512,2.547318935394287,6308.343121717139,6283.966136680408,1548288000.0
train_tune_95c45_00126_126,TRANSFORMER,0.02882395695595,0.8340601015936877,0.5229993104928587,26.42476463317871,72.17485046386719,-193.43447875976562,0.0012112215626984835,-1571.6339998056587,2.50917911529541,6746.833412672573,6902.835743269623,2715648000.0
train_tune_95c45_00127_127,TRANSFORMER,0.1281424847961884,0.7407315119930954,0.5067271715954321,21.54387092590332,44.11917495727539,-72.21238708496094,0.00771309994161129,-110695.77216450307,6.552037715911865,4604.851050222555,4654.664060829162,1286144000.0
train_tune_95c45_00128_128,TRANSFORMER,0.0235316652176807,0.7943125926117222,0.4957255272060039,49.50093078613281,172.28240966796875,-558.1834106445312,0.022260814905166626,-2536.7143818815293,6.827751159667969,24603.65326369652,24612.252295011698,6217728000.0
train_tune_95c45_00129_129,TRANSFORMER,0.0476762686124282,0.8067766418062029,0.581563995850171,34.538169860839844,88.84378814697266,-314.1854248046875,0.006900550331920385,-1121.2480686187548,5.246337890625,6068.406327388062,6172.0444354706215,1259520000.0
train_tune_95c45_00130_130,TRANSFORMER,0.1670181439828946,0.7912021191327027,0.5343582203877263,16.56142234802246,38.09601974487305,-57.937889099121094,0.0019415161805227399,-1178.3946462873796,2.424886703491211,4456.6384310185895,4443.3504567740365,1062912000.0
train_tune_95c45_00131_131,TRANSFORMER,0.0960610817244309,0.7592588142403565,0.5603257092023995,35.89921951293945,61.73769760131836,-208.28732299804688,0.0067905280739068985,-196380.7755169569,8.313511848449707,4138.588103065833,4444.02512722338,1286144000.0
train_tune_95c45_00132_132,TRANSFORMER,0.0700830738233684,0.7883588456419123,0.5278775361174373,40.72096252441406,135.71620178222656,-250.84262084960938,0.031142257153987885,-106725.28601554543,6.374837875366211,24074.263602792333,24471.080365490252,6217728000.0
train_tune_95c45_00133_133,TRANSFORMER,0.1676143795222177,0.8314954977243582,0.6045342746150502,17.769664764404297,38.617713928222656,-82.14738464355469,0.0012877376284450293,-2197.3382844933017,2.3042659759521484,2700.5161604451946,2825.4149934038733,1062912000.0
train_tune_95c45_00134_134,TRANSFORMER,0.065747025299237,0.7524004485945512,0.5787169343892312,11.912124633789062,23.967416763305664,-39.07776641845703,0.0025405779015272856,-201904.86781275086,3.2438948154449463,1814.1764349482746,2061.6451590667434,643072000.0
train_tune_95c45_00135_135,TRANSFORMER,0.018221177954103,0.7186659871402749,0.5746256449187909,25.62166976928711,49.78315353393555,-182.61624145507812,0.002793341875076294,-1172.2206978026752,5.030363082885742,3830.315243639096,3875.3961189093457,964608000.0
train_tune_95c45_00136_136,TRANSFORMER,0.0808517773198029,0.7868078142572227,0.5084727924680705,15.283621788024902,44.52735900878906,-62.83730697631836,0.003283720463514328,-511814.9418103837,2.1585352420806885,8231.17128357091,8230.686755222108,1810432000.0
train_tune_95c45_00137_137,TRANSFORMER,0.0838297782300775,0.7969626699914696,0.5762695937307991,34.54800796508789,118.62872314453125,-234.479736328125,0.012996383011341095,-427.49144569591556,3.7365617752075195,26755.542877425683,24691.954246358277,6217728000.0
train_tune_95c45_00138_138,TRANSFORMER,0.1181432923001382,0.7575035173613064,0.5464502818057886,26.832969665527344,53.658424377441406,-125.1876449584961,0.008711041882634163,-159520.19454922283,7.860064506530762,5605.597998574049,5245.403808472324,1286144000.0
train_tune_95c45_00139_139,TRANSFORMER,0.0606896354522633,0.7831065129090298,0.525504753209771,49.242977142333984,174.29446411132812,-421.3214111328125,0.03537886217236519,-112433.18514502142,7.08425235748291,24964.445181226096,26262.99768404084,6217728000.0
train_tune_95c45_00140_140,TRANSFORMER,0.0429031771107194,0.8256570875436929,0.4983477783422353,31.98673439025879,90.77039337158203,-258.3675537109375,0.002218971261754632,-6673.960737618331,2.0978851318359375,13962.53188529382,13934.677257099014,2715648000.0
train_tune_95c45_00141_141,TRANSFORMER,0.0320194954408184,0.8201486797028397,0.5612571860509352,59.437530517578125,180.8827667236328,-866.8555908203125,0.014764243736863136,-579.8456540181412,4.234197616577148,22819.914595992468,24127.996159154914,6217728000.0
train_tune_95c45_00142_142,TRANSFORMER,0.0474038672050097,0.7687705914664887,0.4905335765633082,53.109500885009766,130.3192138671875,-593.6575927734375,0.010263117030262947,-5489.179253350778,5.691515922546387,15971.108414041531,16058.042124551444,3096576000.0
train_tune_95c45_00143_143,TRANSFORMER,0.0153496155474788,0.7401652147770568,0.5077346895003122,95.23938751220703,206.1997833251953,-1695.881591796875,0.016378352418541908,-164096.44073222182,8.208242416381836,17571.26340003499,17571.26340003499,3096576000.0
train_tune_95c45_00144_144,TRANSFORMER,0.0051637546862842,0.8137659668955052,0.5941696775207859,80.26480102539062,222.65188598632812,-1567.1298828125,0.021354952827095985,-1754.361047562651,7.219762802124023,14884.097454203482,14918.238997369826,6217728000.0
train_tune_95c45_00145_145,TRANSFORMER,0.0936909195331046,0.8148886855175919,0.5174326371878686,22.226089477539062,66.41488647460938,-118.96235656738281,0.005401798523962498,-40468.87218301846,3.1410837173461914,12323.56346633248,11583.918629666477,2715648000.0
train_tune_95c45_00146_146,TRANSFORMER,0.0394838642735619,0.8133288165680511,0.5102741860807447,27.759292602539062,74.91423797607422,-221.40252685546875,0.0013093794696033,-63893.534540178975,2.704653263092041,11079.467448901883,11076.153593389372,2715648000.0
train_tune_95c45_00147_147,TRANSFORMER,0.0737658858841181,0.7547786598748255,0.4745316061414334,23.662799835205078,62.335365295410156,-128.01666259765625,0.007163043133914471,-3285961.996876493,5.512544631958008,6069.166928165305,6069.166928165305,1259520000.0
train_tune_95c45_00148_148,TRANSFORMER,0.0274299130662457,0.7907526943511107,0.5012828947237982,44.9312744140625,158.65179443359375,-462.5687255859375,0.019420864060521126,-821.2729687210635,6.241139888763428,19807.807831623893,20039.29534508727,6217728000.0
train_tune_95c45_00149_149,TRANSFORMER,0.0868795258796052,0.7764654875481326,0.5132756001641676,21.0537109375,64.21353149414062,-90.90093994140625,0.009363281540572643,-151052.89309682092,3.5268337726593018,8910.570696865661,9672.609388710009,1810432000.0
train_tune_95c45_00150_150,TRANSFORMER,0.0678507151484477,0.771722864193636,0.5205882597806009,33.645530700683594,66.98409271240234,-227.53262329101562,0.005095985252410173,-787.5336624237327,6.8162031173706055,5510.81639529965,5994.171347514939,1286144000.0
train_tune_95c45_00151_151,TRANSFORMER,0.0131434878942183,0.8369064657662212,0.5045482155275904,47.992164611816406,129.28204345703125,-530.697265625,0.0057860128581523895,-772.0309078410478,3.690586566925049,16705.382611278783,15717.959412908267,3620864000.0
train_tune_95c45_00152_152,TRANSFORMER,0.0916283504613187,0.7491088293133856,0.5915792984831607,10.350769996643066,19.553062438964844,-33.27879333496094,0.0007214494398795068,-4413.487495160407,1.9414496421813965,1487.6639158808848,1531.7553342603778,643072000.0
train_tune_95c45_00153_153,TRANSFORMER,0.0829168775745957,0.7837559799239922,0.6196904321953622,11.003419876098633,21.41099739074707,-38.49207305908203,0.0008041828987188637,-1134.8738111051994,2.116716146469116,1263.4883010693075,1240.4114565233122,643072000.0
train_tune_95c45_00154_154,TRANSFORMER,0.0901411630020047,0.7533835685933843,0.5983898559867242,27.413558959960938,90.81034851074219,-210.27964782714844,0.006333141587674618,-130968.85734969837,2.3315939903259277,20829.121444450448,20829.121444450448,4145152000.0
train_tune_95c45_00155_155,TRANSFORMER,0.0606896354522633,0.7860314771738621,0.5336131824070836,49.008567810058594,170.53964233398438,-418.2785949707031,0.03491568565368652,-117985.11473535215,7.140666961669922,25207.560728458382,24533.70452565302,6217728000.0
train_tune_95c45_00156_156,TRANSFORMER,0.0800452266265717,0.7307575247230135,0.5961534442300493,41.802425384521484,141.90525817871094,-390.0713195800781,0.010527754202485085,-2474.3985884489057,3.6482529640197754,29621.920755554456,29616.397488684368,6217728000.0
train_tune_95c45_00157_157,TRANSFORMER,0.0052139834272641,0.7780210250501636,0.6119407209573371,93.95076751708984,288.7180480957031,-1709.015380859375,0.030496792867779732,-58555.264093867474,7.118381500244141,23580.550584897992,23517.12767976804,6217728000.0
train_tune_95c45_00158_158,TRANSFORMER,0.0473493810690732,0.7750217603122602,0.5280356268339198,40.82045364379883,104.15504455566406,-439.8114013671875,0.009038285352289677,-873.0872173739808,5.710483074188232,11322.311452228238,11540.992083544555,2322432000.0
train_tune_95c45_00159_159,TRANSFORMER,0.034916030714102,0.7970092145271277,0.5640173069352525,14.946826934814453,36.34949493408203,-86.0426025390625,0.0011394127504900098,-829.719698024249,2.7624704837799072,1692.5841520518095,1695.789372378032,839680000.0
train_tune_95c45_00160_160,TRANSFORMER,0.0152596539495774,0.8288380057145814,0.4987434317471615,44.37895965576172,125.60693359375,-457.6671142578125,0.0067677730694413185,-651.2765032400401,4.073109149932861,15554.578746451227,15539.059256005457,3620864000.0
train_tune_95c45_00161_161,TRANSFORMER,0.0595733090649605,0.8051923544500148,0.5070346710185365,39.21088409423828,125.18025970458984,-295.3038330078125,0.018713079392910004,-1599.8286866882495,5.895364284515381,22279.01050233594,22419.23348907478,6217728000.0
train_tune_95c45_00162_162,TRANSFORMER,0.0323715276389021,0.8037005554293983,0.553741061923606,33.86366271972656,104.41340637207031,-403.84722900390625,0.007910501211881638,-680.6743259115079,2.684391498565674,16256.437636055665,17256.38457248531,4145152000.0
train_tune_95c45_00163_163,TRANSFORMER,0.0051212746283519,0.77445785322719,0.5845878650542904,114.81781768798828,336.8486633300781,-2636.5,0.03311030939221382,-275648.86468933057,7.901716709136963,27605.4064748973,27615.786468614137,6217728000.0
train_tune_95c45_00164_164,TRANSFORMER,0.0666817490491269,0.7957831979740122,0.601658455822089,47.845855712890625,163.669677734375,-523.7407836914062,0.012800990603864193,-4469.288486251736,4.071256160736084,33094.41495928657,33106.55688971667,6217728000.0
train_tune_95c45_00165_165,TRANSFORMER,0.0316756414317389,0.8151093761794577,0.5910257200053313,132.68431091308594,396.2189025878906,-2907.04443359375,0.030693501234054565,-5389.155377898494,6.908322334289551,39125.846031079534,39212.34732653537,8290304000.0
train_tune_95c45_00166_166,TRANSFORMER,0.0500957936921498,0.8133889416499613,0.4987479250250238,31.808820724487305,96.59202575683594,-288.4454040527344,0.0032553821802139282,-886.8631538968395,2.589491844177246,12878.48060433593,11958.20203508163,2715648000.0
train_tune_95c45_00167_167,TRANSFORMER,0.0051601423487544,0.8194486042894839,0.5499452663877754,150.37356567382812,440.64990234375,-3217.6923828125,0.04809897020459175,-90552.90097822592,9.388050079345703,33908.73848906953,34262.822878637024,8290304000.0
train_tune_95c45_00168_168,TRANSFORMER,0.1662229270443704,0.7418872877629653,0.542508523314517,23.706266403198242,46.1024169921875,-107.44194030761719,0.0037603687960654497,-2557.473799890535,5.740068435668945,4691.120300220296,4677.446184232785,1286144000.0
train_tune_95c45_00169_169,TRANSFORMER,0.0949619818128732,0.8057335506846319,0.5402861122400804,22.937776565551758,68.02667999267578,-136.52023315429688,0.004976840689778328,-80540.27405783175,3.307374954223633,12723.397871153182,12884.737387329398,2715648000.0
train_tune_95c45_00170_170,TRANSFORMER,0.0920370429870681,0.7727652127647127,0.5160009309551365,30.989532470703125,91.8021240234375,-155.56883239746094,0.013766953721642494,-67222.83986816052,4.88627815246582,13438.183981669526,13821.389858221766,2715648000.0
train_tune_95c45_00171_171,TRANSFORMER,0.0666817490491269,0.7818121201094994,0.6132933818189131,39.51199722290039,134.8164520263672,-313.4695129394531,0.015707939863204956,-452.13112579544776,4.149823188781738,25397.68895538003,25575.139572259584,6217728000.0
train_tune_95c45_00172_172,TRANSFORMER,0.1675561233610714,0.7984985644772769,0.486400027666434,18.2917423248291,51.79945373535156,-68.51433563232422,0.0035481455270200968,-2492.448805774413,2.352634906768799,7626.37033245394,7622.894591654399,1810432000.0
train_tune_95c45_00173_173,TRANSFORMER,0.0699907883332162,0.7868908919560749,0.5857363074814221,15.130043029785156,36.20370864868164,-53.68206787109375,0.00235577835701406,-126539.07357071241,1.4929560422897339,5553.589359448291,5936.189061020976,1548288000.0
train_tune_95c45_00174_174,TRANSFORMER,0.0778553175431317,0.7508294156208084,0.5103844429678221,26.385753631591797,67.49337768554688,-127.43214416503906,0.007017182651907206,-407012.58778661187,3.2886757850646973,10727.529118106018,10643.894103586668,2322432000.0
train_tune_95c45_00175_175,TRANSFORMER,0.0461101408779611,0.7555924323063775,0.5010948803359108,13.609180450439453,31.503093719482422,-58.80587387084961,0.001450892654247582,-1013.5692491168747,2.1237282752990723,3906.543915312921,3651.3466626572877,708608000.0
train_tune_95c45_00176_176,TRANSFORMER,0.0400334369007704,0.7872867331866408,0.4965961151134824,54.960880279541016,176.60519409179688,-529.242431640625,0.028503401204943657,-824.5507982525262,7.820068836212158,27941.35404908449,27980.022149649754,8290304000.0
train_tune_95c45_00177_177,TRANSFORMER,0.046216146562682,0.7800005460761192,0.5212649134318789,29.596542358398438,71.24159240722656,-175.16098022460938,0.005642004776746035,-624.5476496470147,4.002518653869629,10547.529069070146,10610.346956714664,3096576000.0
train_tune_95c45_00178_178,TRANSFORMER,0.1244603176321871,0.824580048240928,0.5947299139011957,29.408477783203125,63.39794158935547,-119.46597290039062,0.005352385807782412,-58629.58766724387,4.512704372406006,6216.048351058832,6219.373929976248,1417216000.0
train_tune_95c45_00179_179,TRANSFORMER,0.0924640421535739,0.7193563506943372,0.4511941006020315,18.1661434173584,55.21272277832031,-86.99961853027344,0.0030687295366078615,-916.7125115856016,1.7956979274749756,9077.739737599444,9032.988183227204,1810432000.0
train_tune_95c45_00180_180,TRANSFORMER,0.0146172431438969,0.7987057735026205,0.532900437741837,56.11205291748047,116.69464111328125,-809.9854736328125,0.007423096802085638,-587.885700891076,5.493454456329346,5931.469104599881,5988.002106098809,3096576000.0
train_tune_95c45_00181_181,TRANSFORMER,0.0447008844175879,0.8080380656804875,0.5042772255331204,27.38335609436035,80.12712860107422,-182.64141845703125,0.0030675441958010197,-1067.815699937154,2.37368106842041,12902.880583601696,13024.880705311083,2715648000.0
train_tune_95c45_00182_182,TRANSFORMER,0.0527431196822685,0.7918466139476352,0.5011301284793348,16.192874908447266,43.3422966003418,-86.98612213134766,0.0019236416555941105,-2238.3644173101366,3.254472494125366,3522.4457072581245,3487.916349269449,839680000.0
train_tune_95c45_00183_183,TRANSFORMER,0.0764798335758951,0.8226530228561266,0.5606580001248981,16.762048721313477,49.95868682861328,-79.21241760253906,0.0020241576712578535,-925.7348109057881,1.3218755722045898,8361.271172489294,8331.941140841307,1810432000.0
train_tune_95c45_00184_184,TRANSFORMER,0.0051670441676104,0.8063743835570849,0.6048765057143797,36.95392990112305,103.9373550415039,-478.55133056640625,0.008005736395716667,-1905.8730354571876,4.0305070877075195,9389.803275775077,9429.536521567063,4145152000.0
train_tune_95c45_00185_185,TRANSFORMER,0.0533904454874152,0.78169963617903,0.5226729280315101,12.342673301696777,29.52521324157715,-30.98987579345703,0.0013384384801611304,-1779.150268178301,1.5787484645843506,3403.7249898663777,3365.1578380545625,708608000.0
train_tune_95c45_00186_186,TRANSFORMER,0.0775072751177256,0.7618804929914296,0.5369154104344891,36.01214599609375,120.41336822509766,-259.4253845214844,0.012223944999277592,-531.2950802308374,3.664137840270996,26351.300021148178,27731.786697950854,6217728000.0
train_tune_95c45_00187_187,TRANSFORMER,0.0295607209877331,0.7803739659100215,0.4481413226850612,44.517372131347656,157.92332458496094,-454.73907470703125,0.01930267922580242,-827.9350643362076,6.197804927825928,20069.593229564834,19875.546148123492,6217728000.0
train_tune_95c45_00188_188,TRANSFORMER,0.005186132423984,0.8049546634563715,0.5675013100781154,141.6050262451172,420.4341125488281,-2943.0732421875,0.047314539551734924,-41529.419091279495,9.108625411987305,33517.360586930314,32422.864294596497,8290304000.0
train_tune_95c45_00189_189,TRANSFORMER,0.0319051438572184,0.814663585270439,0.6101190837919095,38.569618225097656,97.82247161865234,-233.67959594726562,0.008082473650574684,-863.0143185953373,6.134621620178223,6910.127001920674,6882.3847547906025,1679360000.0
train_tune_95c45_00190_190,TRANSFORMER,0.0674007563700861,0.818834801640347,0.5398472511207439,20.951984405517578,61.56922912597656,-97.74891662597656,0.006773572880774736,-33299.72598965625,3.490305185317993,10786.699658540756,11986.738268383628,2715648000.0
train_tune_95c45_00191_191,TRANSFORMER,0.0755358121229841,0.8158370999104638,0.5977872488221201,33.22521209716797,73.64225006103516,-178.70321655273438,0.005321836099028587,-697.0609998589938,5.28901481628418,6639.77332354818,6853.61681512227,1417216000.0
train_tune_95c45_00192_192,TRANSFORMER,0.0127476653789688,0.7741092484769913,0.5881760623025648,47.25789260864258,143.72451782226562,-625.850341796875,0.01272713951766491,-214974.2532475585,4.1851043701171875,15294.24267893853,14929.018861252358,4145152000.0
train_tune_95c45_00193_193,TRANSFORMER,0.0051637546862842,0.7926014166997667,0.5836365565292926,44.131771087646484,131.82235717773438,-709.9178466796875,0.00987265259027481,-1678.883655564705,4.629298210144043,9921.313024400974,9877.20070435313,4145152000.0
train_tune_95c45_00194_194,TRANSFORMER,0.0710733806783535,0.7610342981509496,0.5466461694088248,35.662471771240234,89.58953094482422,-206.03759765625,0.008557296358048916,-2063087.5263361863,7.529899597167969,9076.026386893835,9076.026386893835,1679360000.0
train_tune_95c45_00195_195,TRANSFORMER,0.1244603176321871,0.8099007177746359,0.5675323349672047,31.221389770507812,66.54293823242188,-149.19517517089844,0.004805258009582758,-130858.59969500965,4.362091064453125,7467.393355780324,7180.438367346776,1417216000.0
train_tune_95c45_00196_196,TRANSFORMER,0.0274299130662457,0.7872949638390664,0.4998557895805547,44.811058044433594,158.18051147460938,-462.838134765625,0.019581016153097153,-822.2592107606736,6.269542217254639,20027.249384188926,19874.900973681793,6217728000.0
train_tune_95c45_00197_197,TRANSFORMER,0.0963104623192952,0.7463847450535976,0.5270203603879617,13.925302505493164,34.30091857910156,-37.17823791503906,0.002183525124564767,-976.2630455644035,1.4942289590835571,5166.505472516084,5102.175702108603,1548288000.0
train_tune_95c45_00198_198,TRANSFORMER,0.0480716654331228,0.8012270974250946,0.4462113447491236,32.825313568115234,95.21247100830078,-293.9496154785156,0.004304241389036179,-753.4212082813074,3.1852214336395264,11781.76663686031,11879.055037550397,2715648000.0
train_tune_95c45_00199_199,TRANSFORMER,0.098821021678547,0.792200424156566,0.5402422461292611,15.96154499053955,45.51820373535156,-63.526832580566406,0.0031036734580993652,-153397.55352002132,2.0665502548217773,8051.152180470898,8714.054464639034,1810432000.0
train_tune_95c45_00200_200,TRANSFORMER,0.0755373335137381,0.8073751958392025,0.4881968446621351,31.579906463623047,93.73880004882812,-213.6837158203125,0.005638686940073967,-729.967391451306,3.7035107612609863,10032.848069263568,10048.578015348055,2715648000.0
train_tune_95c45_00201_201,TRANSFORMER,0.0803917555687219,0.7481551605000127,0.5654457981506067,16.11684799194336,41.392723083496094,-47.16064453125,0.004582054913043976,-475912.4352813598,2.0289735794067383,5816.579584750248,5820.898861211512,1548288000.0
train_tune_95c45_00202_202,TRANSFORMER,0.065443517992619,0.7633343183798587,0.4895942657974743,53.728633880615234,184.56015014648438,-536.1412353515625,0.03330983221530914,-315728.114256963,7.074221134185791,26361.48129103006,27382.925453196378,6217728000.0
train_tune_95c45_00203_203,TRANSFORMER,0.0393808819288848,0.7552494029448679,0.4624251357705513,62.84762954711914,200.21121215820312,-687.3798828125,0.03394760563969612,-200966.56022951796,8.636804580688477,34095.38456641225,34086.86125385012,8290304000.0
train_tune_95c45_00204_204,TRANSFORMER,0.0051637546862842,0.8296034717364575,0.5938470643451953,146.82940673828125,433.1202697753906,-3376.26025390625,0.0534629262983799,-1007.5359975780094,11.228216171264648,17542.99375434972,17651.302023369495,8290304000.0
train_tune_95c45_00205_205,TRANSFORMER,0.0131434878942183,0.8141932477183949,0.4754694819739443,62.35423278808594,169.8463897705078,-977.9674682617188,0.004153447225689888,-17880.261174956548,3.7477364540100098,19605.13765449049,19623.566645400235,3620864000.0
train_tune_95c45_00206_206,TRANSFORMER,0.1407204648942598,0.7350307219038661,0.5164602611089704,25.122268676757812,51.16088104248047,-120.52304077148438,0.004008270334452391,-784.3686224512344,6.061184406280518,4333.515678572352,4377.382017973279,1286144000.0
train_tune_95c45_00207_207,TRANSFORMER,0.0711970175713129,0.7894059184202487,0.5871409291431362,15.35101318359375,36.728111267089844,-53.9791259765625,0.002381705678999424,-124477.81320265937,1.4939435720443726,5551.901260199375,5936.403791624672,1548288000.0
train_tune_95c45_00208_208,TRANSFORMER,0.090227991433046,0.7740659462597601,0.585693555837937,27.833648681640625,92.33789825439453,-219.71853637695312,0.006331304088234901,-115189.67847318873,2.365283727645874,20827.10239723981,20827.10239723981,4145152000.0
train_tune_95c45_00209_209,TRANSFORMER,0.069615993777523,0.7736617445047886,0.4897441355425383,34.23249053955078,105.49256896972656,-189.83535766601562,0.009692169725894928,-608.6560829452749,4.213146686553955,18758.48250503266,18256.732039894057,3620864000.0
train_tune_95c45_00210_210,TRANSFORMER,0.0320280809886591,0.7967849408244001,0.5347811548982876,42.57635498046875,97.01639556884766,-523.365234375,0.005461270920932293,-1641.3086428324248,4.187887191772461,9972.1498256152,9809.636918344788,2322432000.0
train_tune_95c45_00211_211,TRANSFORMER,0.0186976778201302,0.7681450085090646,0.4803609026773091,77.86558532714844,270.1523132324219,-1185.213134765625,0.038899995386600494,-2358.2863465491423,9.602657318115234,33739.27352773907,33807.55084291722,8290304000.0
train_tune_95c45_00212_212,TRANSFORMER,0.0051637546862842,0.8027517032628417,0.5607926039216616,88.55667877197266,242.695068359375,-1851.08544921875,0.024082185700535774,-405551.6168122138,7.6460161209106445,20587.20951619975,20587.401014601386,6217728000.0
train_tune_95c45_00213_213,TRANSFORMER,0.0709209558230364,0.8493290963402558,0.533091225336463,13.881898880004883,37.89094924926758,-49.40569305419922,0.0006905675982125103,-1765.5162466496488,1.2121752500534058,4206.423984183538,4237.6459610986385,1810432000.0
train_tune_95c45_00214_214,TRANSFORMER,0.0551926024231656,0.7527401857869687,0.4856232351380323,81.88285827636719,285.40936279296875,-1089.875732421875,0.04971398413181305,-3136330.9267842723,9.620735168457031,39840.88942020831,39840.88942020831,8290304000.0
train_tune_95c45_00215_215,TRANSFORMER,0.1166923562981086,0.7678808756905862,0.6113109526533294,32.41829299926758,58.3433837890625,-172.30177307128906,0.0030814919155091047,-1031.4091752181823,6.495522975921631,2754.035061774855,2716.2424050018285,1286144000.0
train_tune_95c45_00216_216,TRANSFORMER,0.0417600861717069,0.6745081742431476,0.6027816148189028,13.909154891967773,26.913719177246094,-76.62296295166016,0.0009809574112296104,-2887.1479710132635,2.491950035095215,3078.4477006362126,3082.0877610093803,643072000.0
train_tune_95c45_00217_217,TRANSFORMER,0.0280344684031568,0.7953433598581483,0.558469274248621,39.37067794799805,84.25028991699219,-392.89385986328125,0.006200084928423166,-30694.007478921492,4.101944446563721,12391.862619327905,13946.672060624758,3096576000.0
train_tune_95c45_00218_218,TRANSFORMER,0.0666817490491269,0.799097154949554,0.588059012574494,43.19483947753906,150.94456481933594,-425.9227294921875,0.013096839189529419,-592.4479977270855,4.162811279296875,26795.807506927278,26390.739007123117,6217728000.0
train_tune_95c45_00219_219,TRANSFORMER,0.0950946333491021,0.8484082909452768,0.5119335848826437,22.446216583251953,60.90110778808594,-125.48069763183594,0.001269172178581357,-1782.5806854597513,2.277200937271118,6367.50208290708,6555.404288186298,2715648000.0
train_tune_95c45_00220_220,TRANSFORMER,0.0330730511612385,0.8147246654970677,0.546335829688987,30.678091049194336,75.44312286376953,-238.719970703125,0.0029497360810637474,-1042.345163952909,4.907614707946777,3134.4635853620466,3095.435482364974,1259520000.0
train_tune_95c45_00221_221,TRANSFORMER,0.0912727971239933,0.7742974451328486,0.5065263876511589,27.327953338623047,82.56501007080078,-120.30704498291016,0.013551894575357437,-89439.15795112289,4.8256635665893555,12512.227431253143,12830.370897229785,2715648000.0
train_tune_95c45_00222_222,TRANSFORMER,0.0477310509278935,0.7202364904416609,0.485888160362844,53.680877685546875,131.6281280517578,-600.860107421875,0.0105583555996418,-9219.211303704358,5.827306747436523,16026.893911285117,16070.072958302153,3096576000.0
train_tune_95c45_00223_223,TRANSFORMER,0.0536437624029862,0.7660503619324919,0.4817079941087562,26.023563385009766,68.78527069091797,-167.529296875,0.0036700505297631025,-41540.33783914162,5.405768394470215,5605.153003085559,5604.566143960831,1259520000.0
train_tune_95c45_00224_224,TRANSFORMER,0.0519423126735409,0.7649008732282713,0.484903582630032,42.28432846069336,100.45939636230469,-384.325927734375,0.009747887030243874,-61775.45459565978,5.548853874206543,13624.648519867787,13624.648519867787,3096576000.0
train_tune_95c45_00225_225,TRANSFORMER,0.1867304221857242,0.8392278678982097,0.5982155278583794,19.543285369873047,43.84853744506836,-108.82882690429688,0.0014499638928100467,-1326.9997902414393,2.3812732696533203,2739.7923339735835,2693.257440683457,1062912000.0
train_tune_95c45_00226_226,TRANSFORMER,0.0370038273801878,0.8117588750225793,0.5726715900296718,31.40399932861328,98.4154052734375,-344.9361877441406,0.005945089738816023,-855.0833844477672,2.3351144790649414,16861.78003716597,16374.761861123789,4145152000.0
train_tune_95c45_00227_227,TRANSFORMER,0.098821021678547,0.7878058200088973,0.4789692553144397,15.823454856872559,44.66859817504883,-59.501102447509766,0.003722159191966057,-74539.22466170203,2.2295265197753906,7719.059610785229,8628.043814381583,1810432000.0
train_tune_95c45_00228_228,TRANSFORMER,0.0051637546862842,0.7876446575869076,0.6197413856162561,41.829620361328125,127.17718505859375,-649.8821411132812,0.009267310611903667,-1146.4528209242876,4.494070053100586,8828.164374017459,8787.046788635009,4145152000.0
train_tune_95c45_00229_229,TRANSFORMER,0.054062881770863,0.801443116413573,0.4963311450065393,23.974374771118164,64.23910522460938,-145.386474609375,0.0033039897680282593,-982.9785415482039,5.02958869934082,4791.904765243513,4730.959956303773,1259520000.0
train_tune_95c45_00230_230,TRANSFORMER,0.051179900739719,0.8128473701948804,0.5720827877424954,13.39769172668457,29.580665588378906,-70.80583190917969,0.0008281042100861669,-1847629.8943071172,1.4364291429519653,4496.964204437678,4496.964204437678,1548288000.0
train_tune_95c45_00231_231,TRANSFORMER,0.1019152304738467,0.7560452980316178,0.5820535918429728,13.399934768676758,31.55120849609375,-26.571056365966797,0.0036872245837002993,-224186.2167004416,2.450840950012207,3248.3356749408695,3242.7634601275436,708608000.0
train_tune_95c45_00232_232,TRANSFORMER,0.0114374608849879,0.7756129261707873,0.5597767408684158,44.31745147705078,80.71558380126953,-386.46197509765625,0.004932663403451443,-100367.76484816558,7.12510871887207,6417.224349073206,6417.224349073206,1286144000.0
train_tune_95c45_00233_233,TRANSFORMER,0.1376498515906029,0.7354063299796179,0.5208186578654013,15.127897262573242,29.943828582763672,-41.99078369140625,0.002097223186865449,-1215.5465282016305,3.265031576156616,3125.238486913118,3101.797837248104,964608000.0
train_tune_95c45_00234_234,TRANSFORMER,0.0335166548616387,0.8324046757621599,0.4949323901703963,46.96302795410156,119.78225708007812,-572.9193115234375,0.003227671142667532,-1694128.6955066686,4.415433406829834,14295.856105827539,14295.856105827539,3620864000.0
train_tune_95c45_00235_235,TRANSFORMER,0.0678507151484477,0.7800166089018297,0.5330600977891061,29.906375885009766,58.372703552246094,-166.82986450195312,0.005460276268422604,-493.17065819455996,6.848006725311279,5512.058436028153,5237.896860359084,1286144000.0
train_tune_95c45_00236_236,TRANSFORMER,0.074416857356905,0.7661407656037906,0.5300971747174175,29.91375732421875,54.41650390625,-182.6175994873047,0.004533239174634218,-577.7895371672132,6.202816963195801,5043.34901258125,5395.94245049561,1286144000.0
train_tune_95c45_00237_237,TRANSFORMER,0.0779330033115851,0.7227746270570573,0.581063618560913,23.75164794921875,79.40901184082031,-145.0164337158203,0.0058119576424360275,-741.4568042326998,2.1933064460754395,18910.02288742454,18608.436709986334,4145152000.0
train_tune_95c45_00238_238,TRANSFORMER,0.0958364774656973,0.7464837791113348,0.5431681212124377,22.84539794921875,40.54646301269531,-112.27908325195312,0.003945750650018454,-216872.5206895194,5.716132164001465,3098.6166361751734,3135.2982250723726,964608000.0
train_tune_95c45_00239_239,TRANSFORMER,0.0326963224207304,0.8031838107104536,0.5819185616510406,36.89741897583008,111.47704315185547,-514.16455078125,0.007479146588593721,-1178.121225282054,2.796647787094116,16288.476435386674,16134.925471493765,4145152000.0
train_tune_95c45_00240_240,TRANSFORMER,0.092669000379244,0.7871293765144889,0.548908696152627,28.865234375,94.9377212524414,-155.4461669921875,0.018473176285624504,-423072.12728567026,4.429320335388184,16260.107168868728,16386.98922360717,4145152000.0
train_tune_95c45_00241_241,TRANSFORMER,0.0568159600931072,0.7902128317573253,0.5311559781294319,26.571125030517578,60.58683395385742,-161.76136779785156,0.0035092663019895554,-1027.3239217687878,3.955634355545044,6121.228505211081,5566.722556368287,1062912000.0
train_tune_95c45_00242_242,TRANSFORMER,0.1039719807642138,0.7751358612279773,0.4557126224270816,27.197118759155273,93.22193145751953,-166.50013732910156,0.01119930762797594,-1202.5394403723078,4.040666103363037,14333.39600035374,14334.342305304735,4145152000.0
train_tune_95c45_00243_243,TRANSFORMER,0.0734225234434753,0.8001644753609589,0.551938929883607,21.511796951293945,54.523529052734375,-63.086463928222656,0.008266263641417027,-93828.89339541702,3.337001323699951,8315.491035973395,8589.161058045098,2322432000.0
train_tune_95c45_00244_244,TRANSFORMER,0.0674007563700861,0.8201679458525591,0.5170688163913566,22.70278549194336,67.02125549316406,-137.93911743164062,0.006135543808341026,-59808.3268813027,3.455352306365967,11664.262553689072,12383.54633974656,2715648000.0
train_tune_95c45_00245_245,TRANSFORMER,0.0897586183773653,0.7610433818518704,0.4987324461219617,10.941126823425293,22.324478149414062,-23.756237030029297,0.0016483099898323417,-1411.6191503845848,2.0404295921325684,2237.6099166643903,2232.5506351915146,643072000.0
train_tune_95c45_00246_246,TRANSFORMER,0.0239950742209605,0.8184329601820283,0.5414895758140723,34.591773986816406,71.61395263671875,-410.31390380859375,0.00335730635561049,-1094.744958215918,3.6355056762695312,5421.293114321246,5515.005471203832,2322432000.0
train_tune_95c45_00247_247,TRANSFORMER,0.0051637546862842,0.7831996178921213,0.5833502835574736,101.86138153076172,291.772705078125,-2377.276123046875,0.029304061084985733,-56215.04591843008,8.542820930480957,23183.028788093045,23175.67451283312,6217728000.0
train_tune_95c45_00248_248,TRANSFORMER,0.0996062489499097,0.7524793546733366,0.5322264987787171,32.43091583251953,67.96771240234375,-153.17005920410156,0.004186458885669708,-602458.7118020897,4.225790977478027,6851.607682665612,6858.5712110575905,1417216000.0
train_tune_95c45_00249_249,TRANSFORMER,0.0914381099571774,0.7552877609262634,0.4876956674199998,29.948312759399414,94.02891540527344,-156.54110717773438,0.014632890932261944,-63642.13136180792,5.22993803024292,13247.599789700587,12810.819454260052,2715648000.0
train_tune_95c45_00250_250,TRANSFORMER,0.1191339576386708,0.7318366433160435,0.5248557310867804,16.321378707885742,34.850337982177734,-43.28788757324219,0.005672855768352747,-226606.90944932675,4.418890953063965,3429.222733890087,3375.8746217976022,964608000.0
train_tune_95c45_00251_251,TRANSFORMER,0.0388286356304719,0.7424071626796087,0.5270048757952673,15.785238265991211,35.12689971923828,-85.23283386230469,0.0015068469801917672,-1433.5886841308977,2.22906494140625,4289.851901044165,4132.277301801094,708608000.0
train_tune_95c45_00252_252,TRANSFORMER,0.1502077856011254,0.840000242406237,0.5919982830955681,25.02179718017578,53.5246696472168,-126.63369750976562,0.00193884561304003,-1944.8281590238578,3.0278000831604004,3800.8199060852453,3552.2242925112614,1417216000.0
train_tune_95c45_00253_253,TRANSFORMER,0.0856715897864723,0.8266008529382127,0.5861985769991935,31.19016456604004,70.36322021484375,-170.5846405029297,0.004758183844387531,-776.192560662309,5.035435676574707,5764.910236540963,5972.547185104416,1417216000.0
train_tune_95c45_00254_254,TRANSFORMER,0.0693958683263401,0.8013902192013095,0.5266849906546831,22.386524200439453,53.87531280517578,-103.52740478515625,0.003684435971081257,-2065.253217737252,2.7735354900360107,8583.400683133048,8498.481534634016,2322432000.0
train_tune_95c45_00255_255,TRANSFORMER,0.0429031771107194,0.8394095632417885,0.5283311887924877,26.261754989624023,76.9430923461914,-155.49642944335938,0.0036405865103006363,-671.6497620279989,2.327008008956909,11001.075904807672,11806.067910548012,2715648000.0
train_tune_95c45_00256_256,TRANSFORMER,0.037456470710887,0.7895563093110975,0.4987978989236487,57.372100830078125,184.4688720703125,-580.004150390625,0.030247539281845093,-1050.185447278996,8.096292495727539,29600.017485513843,29734.494176332493,8290304000.0
train_tune_95c45_00257_257,TRANSFORMER,0.0445680086708804,0.8049567240524345,0.6025194930602464,27.382617950439453,70.40779113769531,-169.88519287109375,0.005423146300017834,-718.3871372132006,4.399197578430176,5034.220682803722,5698.859186984353,1259520000.0
train_tune_95c45_00258_258,TRANSFORMER,0.0913858771806871,0.8328280484746489,0.5295290999572299,16.816579818725586,45.849639892578125,-89.00051879882812,0.0007265546591952443,-805.9053829040326,1.3437528610229492,3761.3103009463553,3762.683565234992,1810432000.0
train_tune_95c45_00259_259,TRANSFORMER,0.0551926024231656,0.7664963908576998,0.4646942238937068,74.30943298339844,258.8300476074219,-788.54150390625,0.05490434542298317,-92613.89005661363,9.303205490112305,32784.53470104163,38414.09295642488,8290304000.0
train_tune_95c45_00260_260,TRANSFORMER,0.0714417413630266,0.7748642840075113,0.4884771302999289,22.448928833007812,60.1851806640625,-117.37203216552734,0.008050496689975262,-107897.74138541611,5.368587017059326,5954.489071271879,6138.074482810642,1259520000.0
train_tune_95c45_00261_261,TRANSFORMER,0.0153496155474788,0.7401652147770568,0.5077346895003122,95.23938751220703,206.1997833251953,-1695.881591796875,0.016378352418541908,-164096.44073222182,8.208242416381836,17571.26340003499,17571.26340003499,3096576000.0
train_tune_95c45_00262_262,TRANSFORMER,0.0400334369007704,0.7766053095621328,0.4860891584894656,61.279178619384766,195.27171325683594,-653.48876953125,0.03283829987049103,-2694.3731410650344,8.48613452911377,32498.465328434024,32493.059743083017,8290304000.0
train_tune_95c45_00263_263,TRANSFORMER,0.0672283210646264,0.7305062950367861,0.5678549251248121,14.126627922058105,33.92676544189453,-31.37673568725586,0.004353186581283808,-239791.9387667214,2.587733507156372,3571.8443472788445,3731.1960347161994,708608000.0
train_tune_95c45_00264_264,TRANSFORMER,0.1649550551611479,0.711464720472307,0.5138861982413407,22.05556869506836,43.0068359375,-90.91019439697266,0.0033565079793334007,-1038.0874737771844,5.241602897644043,4283.486969159347,4315.501210878193,1286144000.0
train_tune_95c45_00265_265,TRANSFORMER,0.0539250306695828,0.7874290114245901,0.534385060638894,29.53009796142578,76.92991638183594,-237.36862182617188,0.007878703065216541,-897.0837395103887,5.211338043212891,6445.74403984487,6757.663678241465,1259520000.0
train_tune_95c45_00266_266,TRANSFORMER,0.0316756414317389,0.8325576275822666,0.600534734709532,115.45454406738281,347.8998107910156,-2236.93359375,0.030135666951537132,-752.3769399345532,6.694690227508545,35013.88024350109,32528.99425280819,8290304000.0
train_tune_95c45_00267_267,TRANSFORMER,0.0445680086708804,0.7988888262945367,0.5652485780475714,31.735166549682617,81.5112075805664,-236.66551208496094,0.004836031701415777,-3099.30238438446,4.542081356048584,6069.981173035783,6564.015411040924,1259520000.0
train_tune_95c45_00268_268,TRANSFORMER,0.0051927225378427,0.7867570078186272,0.5586745847014183,24.076087951660156,44.36797332763672,-185.38922119140625,0.0021992900874465704,-1065.0957114224584,4.82785701751709,3637.2245464806883,3595.8391083529878,964608000.0
train_tune_95c45_00269_269,TRANSFORMER,0.02882395695595,0.8245890843477766,0.5245703054922396,27.25288963317871,74.09455108642578,-208.62445068359375,0.0012593481224030256,-2914.808206259265,2.61519455909729,8144.808124166569,8179.699363109546,2715648000.0
train_tune_95c45_00270_270,TRANSFORMER,0.1502077856011254,0.82883253545041,0.584834084299465,26.07894515991211,55.460750579833984,-135.08139038085938,0.0020087615121155977,-3642.592659883486,3.1533870697021484,4443.54695164402,4399.182275392127,1417216000.0
train_tune_95c45_00271_271,TRANSFORMER,0.0051927225378427,0.7893190582362408,0.5576566071760736,26.33193016052246,48.03766632080078,-218.88209533691406,0.002228641416877508,-5650.826654631521,4.924534320831299,3917.2094427529723,3919.9305340338474,964608000.0
train_tune_95c45_00272_272,TRANSFORMER,0.098821021678547,0.7805513630748202,0.5280179854525362,16.156227111816406,45.84722137451172,-68.06555938720703,0.002757115289568901,-307810.26756585634,2.0206193923950195,9039.044629193244,9027.184151408797,1810432000.0
train_tune_95c45_00273_273,TRANSFORMER,0.0331453763360958,0.835981158345483,0.5099499664572448,44.51382064819336,114.11894226074219,-498.28533935546875,0.0030133677646517754,-3369.832675125012,4.2150959968566895,10820.508346236542,11115.777528850476,3620864000.0
train_tune_95c45_00274_274,TRANSFORMER,0.0839224137855261,0.7071641556961308,0.479485024813349,22.070823669433594,65.3397216796875,-157.80386352539062,0.00451000826433301,-694.53525446836,2.3545331954956055,9738.105451231213,9086.0676409119,1810432000.0
train_tune_95c45_00275_275,TRANSFORMER,0.0051637546862842,0.8241373602846116,0.5504012494550669,141.9019012451172,388.78692626953125,-3160.93408203125,0.048777252435684204,-3298.6054915942327,10.713004112243652,25022.865946829897,24961.207024847576,8290304000.0
train_tune_95c45_00276_276,TRANSFORMER,0.0052293731987092,0.7902580438533897,0.5692704988147919,114.03861999511719,334.1817321777344,-2601.179443359375,0.032867681235075,-3179711.0004363777,7.815661430358887,27596.95773864564,27596.95773864564,6217728000.0
train_tune_95c45_00277_277,TRANSFORMER,0.0846229051631331,0.7224339630089857,0.5884076399175122,12.834890365600586,24.154621124267578,-53.84345626831055,0.0009340972173959017,-149560.93094629594,2.497795581817627,2132.111086555961,2132.111086555961,643072000.0
train_tune_95c45_00278_278,TRANSFORMER,0.0052293731987092,0.8204289445666286,0.605382377167022,88.68672943115234,270.18792724609375,-1569.319091796875,0.03191196545958519,-46604.48945935464,7.177485466003418,23804.873944100847,23763.413980362322,6217728000.0
train_tune_95c45_00279_279,TRANSFORMER,0.0779330033115851,0.7462045998281889,0.5663449234210929,21.91729736328125,71.84518432617188,-114.08425903320312,0.006218926049768925,-483.76309592575967,2.1100449562072754,18897.36352459293,17628.20857535246,4145152000.0
train_tune_95c45_00280_280,TRANSFORMER,0.128479380763069,0.7583389731594776,0.5261947120690911,16.658584594726562,34.08079147338867,-58.0196418762207,0.0024106039199978113,-901.721649431713,3.8041884899139404,3215.8932488455985,3184.91439921328,964608000.0
train_tune_95c45_00281_281,TRANSFORMER,0.0865804243204004,0.7590208965131398,0.4867835623651944,20.975324630737305,63.994834899902344,-81.5146255493164,0.01001143641769886,-136165.6955245109,3.6637537479400635,8097.956383522636,8911.718682774184,1810432000.0
train_tune_95c45_00282_282,TRANSFORMER,0.0472685175548353,0.8235312017273249,0.529433333617787,45.327903747558594,112.95767974853516,-561.3641357421875,0.008926847949624062,-3675.989154089858,5.568525791168213,13406.857257986476,13313.520166701072,2322432000.0
train_tune_95c45_00283_283,TRANSFORMER,0.0766094836688414,0.78101956550608,0.571993668947463,21.43173599243164,53.23033905029297,-185.39096069335938,0.004311489872634411,-1490.052022815458,3.469571590423584,4548.708872645733,4329.339609620236,839680000.0
train_tune_95c45_00284_284,TRANSFORMER,0.0051500778705932,0.7984775301991038,0.5866633385282003,36.51318359375,102.29008483886719,-461.940673828125,0.007870405912399292,-1893.2116965253476,3.9925966262817383,9507.966358407746,9501.979354205483,4145152000.0
train_tune_95c45_00285_285,TRANSFORMER,0.0809197392904713,0.7665317187687679,0.5899489619128566,22.01784896850586,74.99725341796875,-119.0219955444336,0.006627940572798252,-461.59112769375884,2.391674518585205,19219.11430791829,17061.254927547296,4145152000.0
train_tune_95c45_00286_286,TRANSFORMER,0.1191339576386708,0.7264600662680881,0.5063026701208189,17.24578285217285,34.54206466674805,-43.330894470214844,0.0050534578040242195,-280151.1582028993,4.411638259887695,3374.3508413250775,3568.9679578893333,964608000.0
train_tune_95c45_00287_287,TRANSFORMER,0.1190432997336857,0.7178329529986176,0.5012716524718404,19.134653091430664,39.25404739379883,-67.04029846191406,0.005600848235189915,-527082.6218250241,5.164960861206055,3762.1213416157307,3950.5603186186327,964608000.0
train_tune_95c45_00288_288,TRANSFORMER,0.0540286420274447,0.7881673039858297,0.552249281424241,55.66486358642578,187.90870666503906,-519.179443359375,0.019510542973876,-518.2694478978275,5.346278190612793,35452.202061809505,38550.18225018352,8290304000.0
train_tune_95c45_00289_289,TRANSFORMER,0.0840575159655084,0.7964261973910716,0.5538630931456217,37.14849853515625,86.94377136230469,-231.66671752929688,0.005480403080582619,-1013.8845037881262,5.915491104125977,7105.667071781989,7138.868032335565,1417216000.0
train_tune_95c45_00290_290,TRANSFORMER,0.0221610000279417,0.8168728138776236,0.5236624092251789,64.73877716064453,129.63311767578125,-1011.093505859375,0.008879464119672775,-1841.5636449517633,6.013077735900879,9243.536681723166,9306.716660512178,3096576000.0
train_tune_95c45_00291_291,TRANSFORMER,0.0316555872111427,0.7896624393105703,0.5740976894836856,69.89056396484375,216.42730712890625,-1221.5263671875,0.01883837953209877,-527.2482624135954,4.890708923339844,23936.029890568676,22247.735076150246,6217728000.0
train_tune_95c45_00292_292,TRANSFORMER,0.1166923562981086,0.7258148271516918,0.5342172488981197,36.29472732543945,63.70556640625,-209.3795166015625,0.0037119879852980375,-72307.53507667684,7.227234840393066,4868.831848627934,4870.211812060453,1286144000.0
train_tune_95c45_00293_293,TRANSFORMER,0.0202393967680177,0.8098272411531287,0.5443511124353493,24.146690368652344,50.71678924560547,-193.50714111328125,0.0017702901968732476,-1166.8470123626792,2.6113555431365967,5084.389693424461,5187.210353753186,2322432000.0
train_tune_95c45_00294_294,TRANSFORMER,0.0388286356304719,0.7634717985711225,0.5439354243693284,16.674203872680664,37.893795013427734,-103.75180053710938,0.0013657200615853071,-263562.1937273917,2.241455316543579,4177.111357060315,4177.111357060315,708608000.0
train_tune_95c45_00295_295,TRANSFORMER,0.0868795258796052,0.7758708803344895,0.5001874624619174,22.14373779296875,66.94294738769531,-101.39315032958984,0.007866410538554192,-793200.3054073195,3.4821085929870605,9441.79993949212,9403.94513185155,1810432000.0
train_tune_95c45_00296_296,TRANSFORMER,0.0477936306996876,0.7133698121534464,0.4841457279524253,36.155460357666016,89.3497085571289,-349.3519287109375,0.005938539747148752,-4378.646577076416,4.344270706176758,11526.41210307412,11541.576748309588,2322432000.0
train_tune_95c45_00297_297,TRANSFORMER,0.0105529945075144,0.8410586092376844,0.5112801661164279,44.09387969970703,90.25544738769531,-496.27032470703125,0.004210223443806171,-1460804.1604507444,4.478024005889893,10614.638354503422,10614.638354503422,3096576000.0
train_tune_95c45_00298_298,TRANSFORMER,0.0439787735146626,0.774995706573802,0.5420505412656456,12.464905738830566,28.81093978881836,-53.33842849731445,0.001590097090229392,-843.5115054716522,2.034285545349121,3096.3487485744704,3117.221526529795,708608000.0
train_tune_95c45_00299_299,TRANSFORMER,0.0370203762675589,0.779516297472081,0.5326017060534171,64.19791412353516,139.5659637451172,-829.9002685546875,0.008907053619623184,-1220.7564060616241,5.614305019378662,12145.037723992456,13200.163545741805,3096576000.0
train_tune_95c45_00300_300,TRANSFORMER,0.0158407162885574,0.7635095391984267,0.5337465850070338,37.49919128417969,68.61955261230469,-264.94659423828125,0.004958886653184891,-808.7350208449207,6.663994789123535,4572.707266946286,5083.35559691477,1286144000.0
train_tune_95c45_00301_301,TRANSFORMER,0.0633211698367415,0.7911940871119305,0.510985235696293,61.01426315307617,202.9866485595703,-499.14501953125,0.04421906918287277,-83290.0821752447,8.515819549560547,35813.060091928186,35042.33992882686,8290304000.0
train_tune_95c45_00302_302,TRANSFORMER,0.0595733090649605,0.804244547614862,0.5166149807971346,36.529518127441406,116.92877197265625,-251.47677612304688,0.017175352200865746,-870.5803727985133,5.550098896026611,20468.984867967065,20505.762026004362,6217728000.0
train_tune_95c45_00303_303,TRANSFORMER,0.07323264486376,0.7616363054550828,0.4832022008405646,44.42108154296875,145.8125457763672,-330.6003723144531,0.02942834235727787,-323173.55843574705,6.376331329345703,24729.89595856212,25482.594291860176,6217728000.0
train_tune_95c45_00304_304,TRANSFORMER,0.0474958001307122,0.8048509094598555,0.5227385609714171,43.45077896118164,110.70879364013672,-354.8585510253906,0.012227844446897507,-603.9904414957788,5.846972942352295,13237.001050267567,13838.32171208786,3096576000.0
train_tune_95c45_00305_305,TRANSFORMER,0.0806246229242693,0.7963600167675435,0.5482862280762238,38.62419891357422,90.19052124023438,-250.91867065429688,0.0053735882975161076,-1445.7934294872623,5.856541633605957,7546.937493180142,7543.946467261727,1417216000.0
train_tune_95c45_00306_306,TRANSFORMER,0.125176412788627,0.8075373010447802,0.5221709320810535,25.884288787841797,81.16570281982422,-135.15878295898438,0.011390217579901218,-1128569.4911674073,3.978914499282837,15405.706335619332,15405.706335619332,4145152000.0
train_tune_95c45_00307_307,TRANSFORMER,0.065145063316913,0.7665940682682706,0.5904331175135935,12.535555839538574,24.327051162719727,-39.990379333496094,0.0023731007240712643,-220146.23491609024,3.322807550430298,2005.1293697247338,2083.916309562089,643072000.0
train_tune_95c45_00308_308,TRANSFORMER,0.0145367626977011,0.8094480653651579,0.5284114793536999,90.03887939453125,198.39535522460938,-1544.550048828125,0.01692194864153862,-2138.522832853438,8.100312232971191,13873.138803875365,15183.689884550477,3096576000.0
train_tune_95c45_00309_309,TRANSFORMER,0.0681242128467375,0.7929382108118906,0.5274116253791715,36.511234283447266,71.65440368652344,-264.1128234863281,0.005275280214846134,-1305.7482747456393,6.977186679840088,6298.755008027378,6139.946885795765,1286144000.0
train_tune_95c45_00310_310,TRANSFORMER,0.0051637546862842,0.8182018812140289,0.6003454059383712,85.73886108398438,260.7664489746094,-1787.7861328125,0.024569958448410034,-805.5892427373406,7.757896423339844,11613.445807859203,11614.895383530504,6217728000.0
train_tune_95c45_00311_311,TRANSFORMER,0.0538335682136716,0.7400741962618421,0.5814396355881136,57.854209899902344,198.55502319335938,-570.249267578125,0.019707679748535156,-651.9496003304491,5.205426216125488,37839.31091807432,36409.44726099703,8290304000.0
train_tune_95c45_00312_312,TRANSFORMER,0.06908851245781,0.769360145720928,0.5312534547995246,35.62308120727539,89.9709701538086,-230.0763397216797,0.01159366313368082,-108919.04115135153,5.084924697875977,14551.82465497491,14481.74246296125,3096576000.0
train_tune_95c45_00313_313,TRANSFORMER,0.1785303952446795,0.7758433529169875,0.5535529373107309,20.07183074951172,47.15723419189453,-94.58544921875,0.0024015249218791723,-2573.27155451587,2.75797176361084,5308.8867282271085,5334.825217089144,1062912000.0
train_tune_95c45_00314_314,TRANSFORMER,0.0478759469357692,0.7625931854189636,0.538578188177549,9.625104904174805,18.60957908630371,-27.308664321899414,0.0012565422803163528,-439.313676848025,2.3295552730560303,2555.614740314153,2394.584261888101,643072000.0
train_tune_95c45_00315_315,TRANSFORMER,0.0913858771806871,0.8439552450775955,0.5428394689695023,17.00800895690918,46.39033889770508,-87.72177124023438,0.0007324903272092342,-1567.2552067505342,1.37308669090271,4564.247278938231,4601.812064303403,1810432000.0
train_tune_95c45_00316_316,TRANSFORMER,0.005172902494331,0.8221037041922593,0.6256234574801918,144.45120239257812,442.7052917480469,-2964.748779296875,0.055626776069402695,-27325.001241681755,9.93470287322998,33116.69987434078,32380.55623902843,8290304000.0
train_tune_95c45_00317_317,TRANSFORMER,0.0565708397089873,0.779391419295294,0.4805054469873396,25.078779220581055,66.50570678710938,-155.822265625,0.003518511075526476,-2319.3527096257453,5.260124206542969,5310.655362411856,5361.527328739433,1259520000.0
train_tune_95c45_00318_318,TRANSFORMER,0.0899694310507824,0.7617016510927399,0.5170436401574707,18.643630981445312,55.0967903137207,-59.40317153930664,0.0097877262160182,-120069.84875404225,3.48660945892334,8128.723849538863,8793.163973944913,1810432000.0
train_tune_95c45_00319_319,TRANSFORMER,0.0570062131702402,0.7928319427787796,0.6195987451348057,14.886918067932129,32.888938903808594,-53.67090606689453,0.002524446463212371,-155689.97800534152,2.681070327758789,3120.438138275473,3197.0771411556057,708608000.0
train_tune_95c45_00320_320,TRANSFORMER,0.0918425251371054,0.7762915546683483,0.5054814560670505,38.65816879272461,117.04920959472656,-213.7806854248047,0.019124792888760567,-68381.92784823553,5.950118064880371,18294.863301752524,18946.61966293163,3620864000.0
train_tune_95c45_00321_321,TRANSFORMER,0.0051212746283519,0.77445785322719,0.5845878650542904,114.81781768798828,336.8486633300781,-2636.5,0.03311030939221382,-275648.86468933057,7.901716709136963,27605.4064748973,27615.786468614137,6217728000.0
train_tune_95c45_00322_322,TRANSFORMER,0.0786269700329475,0.7684251591503695,0.4823770589848007,37.01175308227539,112.91168975830078,-357.80474853515625,0.0063999672420322895,-1685.7905940884307,3.6428093910217285,15178.842891279286,16163.243909872672,2715648000.0
train_tune_95c45_00323_323,TRANSFORMER,0.0846439054182351,0.7726997683824535,0.500243616612279,17.73101234436035,47.079376220703125,-114.41498565673828,0.0026980373077094555,-941902.7540079607,2.7402124404907227,4413.00071844036,4413.00071844036,839680000.0
train_tune_95c45_00324_324,TRANSFORMER,0.0087645255073577,0.7583296471130793,0.5414217155932748,42.47488784790039,76.1549072265625,-402.8012390136719,0.004408005625009537,-1130670.4170644397,7.1003570556640625,5488.826635644514,5488.826635644514,1286144000.0
train_tune_95c45_00325_325,TRANSFORMER,0.0377164972727942,0.7933626482400014,0.6373899626310673,25.583858489990234,82.76806640625,-196.73934936523438,0.006572982296347618,-448.37092039318827,2.3513758182525635,16087.137104079153,15090.067076156793,4145152000.0
train_tune_95c45_00326_326,TRANSFORMER,0.0145016443843103,0.8364416378467548,0.4995307847996555,52.655670166015625,136.6785125732422,-782.2979736328125,0.0028281607665121555,-1599.9623105499156,4.762664318084717,9307.047629578858,9192.575390623348,3620864000.0
train_tune_95c45_00327_327,TRANSFORMER,0.0316575914904394,0.8121055712423573,0.550602844034376,132.6250457763672,396.2259216308594,-2877.42822265625,0.03090832009911537,-8738.547356636951,6.954896926879883,39014.421773819886,39259.33463833606,8290304000.0
train_tune_95c45_00328_328,TRANSFORMER,0.0153496155474788,0.7801433690827382,0.5329705901090924,85.44561767578125,187.39395141601562,-1377.5096435546875,0.016717761754989624,-1193.5418063127986,8.062976837158203,12778.960236269893,14237.243309376883,3096576000.0
train_tune_95c45_00329_329,TRANSFORMER,0.07323264486376,0.7593304231434077,0.4911221942975721,43.12690353393555,141.59071350097656,-291.0018615722656,0.029487263411283493,-181857.12681829365,6.535696029663086,24584.65892170273,24763.40081228336,6217728000.0
train_tune_95c45_00330_330,TRANSFORMER,0.037456470710887,0.7715096903391467,0.487949355376627,63.88990020751953,203.2375030517578,-715.9735717773438,0.03465929254889488,-957611.3203475339,8.760062217712402,34100.92085962617,34100.92085962617,8290304000.0
train_tune_95c45_00331_331,TRANSFORMER,0.01372490479063,0.8321504633269622,0.4918028539644771,58.2408561706543,158.2687530517578,-817.9100341796875,0.004528207704424858,-1675.2704210260886,4.01723575592041,18151.958281633433,18042.36764701531,3620864000.0
train_tune_95c45_00332_332,TRANSFORMER,0.0053601227593777,0.780463393253541,0.5811643745690375,93.53677368164062,276.8663330078125,-1753.3662109375,0.025919266045093536,-99981.24779265904,6.640834808349609,23929.357367065804,22784.428776066005,6217728000.0
train_tune_95c45_00333_333,TRANSFORMER,0.0957243824922785,0.8483484608659778,0.5148522788577552,23.343032836914062,63.58184051513672,-140.05308532714844,0.001354258507490158,-3532.8856834514013,2.3995063304901123,7704.641356531666,7754.067445172545,2715648000.0
train_tune_95c45_00334_334,TRANSFORMER,0.125176412788627,0.8038868333492226,0.5269799947985578,25.23194122314453,79.11177062988281,-126.44243621826172,0.011068010702729225,-3290.83690137723,3.8884687423706055,14879.54254421009,14902.903836941878,4145152000.0
train_tune_95c45_00335_335,TRANSFORMER,0.1076162272439363,0.7855560418958065,0.5131764944019845,34.04096603393555,80.90990447998047,-195.8511962890625,0.005599777214229107,-754.0861069202301,5.664361000061035,6842.804527149343,7042.8654612815235,1417216000.0
train_tune_95c45_00336_336,TRANSFORMER,0.0323715276389021,0.8037005554293983,0.553741061923606,33.86366271972656,104.41340637207031,-403.84722900390625,0.007910501211881638,-680.6743259115079,2.684391498565674,16256.437636055665,17256.38457248531,4145152000.0
train_tune_95c45_00337_337,TRANSFORMER,0.1790553317288334,0.7764668651776547,0.5451389508126605,21.091808319091797,49.18104934692383,-106.55393981933594,0.002520674141123891,-85535.08594952,2.8871521949768066,5685.235766146189,5685.235766146189,1062912000.0
train_tune_95c45_00338_338,TRANSFORMER,0.0386203478988702,0.8212945223623085,0.5523098881447921,40.60734558105469,100.0050048828125,-262.81756591796875,0.004707693587988615,-852.9550862283652,6.426211833953857,3711.166991295292,3780.291426587275,1679360000.0
train_tune_95c45_00339_339,TRANSFORMER,0.0861258407248176,0.732749833974884,0.4553305330237175,21.241348266601562,67.21847534179688,-139.5302276611328,0.0042532216757535934,-537.1487760514901,2.4234676361083984,8315.402053393658,9290.245801252557,1810432000.0
train_tune_95c45_00340_340,TRANSFORMER,0.0127476653789688,0.751852989713868,0.5773406415064584,47.46784591674805,142.13232421875,-600.979248046875,0.013057754375040531,-290887.52997111797,4.193350315093994,14536.78708529857,14925.08607891369,4145152000.0
train_tune_95c45_00341_341,TRANSFORMER,0.1062680222717891,0.7351683210247327,0.5685089430066614,12.479654312133789,26.87527084350586,-24.449689865112305,0.004596395418047905,-344810.6415643563,3.2055699825286865,2320.322515655007,2613.9449622550915,643072000.0
train_tune_95c45_00342_342,TRANSFORMER,0.0397894687622134,0.7786611940692563,0.6679025180403755,18.41752052307129,42.50888442993164,-121.63287353515625,0.0033426135778427124,-532.1592727995798,2.5992908477783203,6075.242926975296,5335.63501040882,1548288000.0
train_tune_95c45_00343_343,TRANSFORMER,0.0051504424778761,0.7837074742413265,0.6159489249104383,34.49147415161133,97.26596069335938,-409.27288818359375,0.007370607927441597,-1261.7060369034648,3.829345464706421,8467.251294237258,8483.294195230894,4145152000.0
train_tune_95c45_00344_344,TRANSFORMER,0.1684217039571144,0.7953988901467179,0.5769044894085618,30.923294067382812,66.34292602539062,-207.07814025878906,0.0025038288440555334,-3015.400861177184,3.3073413372039795,4971.080313710539,4958.2105862051985,1417216000.0
train_tune_95c45_00345_345,TRANSFORMER,0.0957243824922785,0.8477580860521912,0.5125192063799778,22.206096649169922,60.35112762451172,-123.14927673339844,0.0012830027844756842,-1810.926401869835,2.277395725250244,6554.1604610435925,6512.619731297583,2715648000.0
train_tune_95c45_00346_346,TRANSFORMER,0.0061147129574535,0.7055240002502958,0.5647263508087262,23.545011520385742,45.24245834350586,-181.09881591796875,0.0023640866857022047,-1404.956403614262,4.781144618988037,3469.275673177843,3533.139021177954,964608000.0
train_tune_95c45_00347_347,TRANSFORMER,0.0928554802519245,0.778818704942684,0.5426415494858018,19.14656639099121,55.65934753417969,-119.99290466308594,0.0025523582007735968,-696.905096507042,1.654958724975586,7834.1598521933865,8166.664644087895,1810432000.0
train_tune_95c45_00348_348,TRANSFORMER,0.0950070686536836,0.7949911790231929,0.5137375191319002,22.28348159790039,65.31365966796875,-123.73365783691406,0.003945315722376108,-52348.185961223884,2.7203304767608643,8565.346002902741,8563.617664861304,1810432000.0
train_tune_95c45_00349_349,TRANSFORMER,0.0551926024231656,0.7564944707432844,0.4707355015219326,71.47879028320312,254.89071655273438,-750.5982055664062,0.051848117262125015,-73194.12765438785,9.417303085327148,34892.76137475464,34561.86793208686,8290304000.0
train_tune_95c45_00350_350,TRANSFORMER,0.0315064706331858,0.7660473209541747,0.5633746974574494,14.881624221801758,33.134033203125,-93.38134002685547,0.0011284303618595004,-886.8532519230562,1.724989891052246,3279.9810151525858,3194.19114632605,1548288000.0
train_tune_95c45_00351_351,TRANSFORMER,0.0790597229249072,0.7679604933669053,0.5063854926441596,29.627647399902344,76.92771911621094,-150.618408203125,0.0077999914065003395,-376787.20752418565,6.907900810241699,7583.429765601516,7581.70995376022,1679360000.0
train_tune_95c45_00352_352,TRANSFORMER,0.1264283893658343,0.840846630440121,0.6040295238773337,27.101219177246094,61.771690368652344,-96.8261947631836,0.006344640161842108,-41761.727074449234,4.647373199462891,5882.534615775271,6603.254641073507,1417216000.0
train_tune_95c45_00353_353,TRANSFORMER,0.0990504911744453,0.8015808517212895,0.5219291801301129,18.531198501586914,57.32472229003906,-97.1078109741211,0.003049605991691351,-1333.718518016392,1.8851768970489502,9579.775261830828,9642.20055263968,1810432000.0
train_tune_95c45_00354_354,TRANSFORMER,0.0734225234434753,0.8060352972651061,0.5434202851891248,21.887189865112305,55.370784759521484,-65.41917419433594,0.007411772385239601,-94088.2937754029,3.187547445297241,8726.520502776324,8737.664818160925,2322432000.0
train_tune_95c45_00355_355,TRANSFORMER,0.0059111883728819,0.765551744740824,0.57648011824387,90.67393493652344,273.8415222167969,-1657.520263671875,0.02521955966949463,-121466.6403873381,6.597409248352051,23648.698340334126,23529.340720235083,6217728000.0
train_tune_95c45_00356_356,TRANSFORMER,0.1666127669561888,0.7169541177462393,0.5044276874154193,23.7231388092041,46.147010803222656,-108.18550109863281,0.0037564646918326616,-2586.18154918238,5.747973918914795,4691.210641827629,4677.2070463629625,1286144000.0
train_tune_95c45_00357_357,TRANSFORMER,0.0536972091372859,0.7925076154094314,0.5816968351742309,65.27549743652344,232.19039916992188,-743.4300537109375,0.02641904726624489,-499.36256586565753,6.060344696044922,36777.61180636677,36181.88071456014,8290304000.0
train_tune_95c45_00358_358,TRANSFORMER,0.0235316652176807,0.7976625527363016,0.5007104862629481,48.06962203979492,168.39947509765625,-532.1791381835938,0.021333245560526848,-1461.9881460506272,6.665252685546875,22742.15491607364,22952.862706250362,6217728000.0
train_tune_95c45_00359_359,TRANSFORMER,0.0051637546862842,0.8162370668897354,0.6082095521583879,75.71964263916016,211.63433837890625,-1416.4564208984375,0.020017070695757866,-1163.1484120440264,6.951903820037842,13061.946589800578,13172.708094055704,6217728000.0
train_tune_95c45_00360_360,TRANSFORMER,0.0700830738233684,0.7963190273121113,0.5240700689614155,43.9061279296875,143.48377990722656,-309.04156494140625,0.029435185715556145,-192669.4501662667,6.331821918487549,24968.36071745873,24685.076153531558,6217728000.0
train_tune_95c45_00361_361,TRANSFORMER,0.077134163867534,0.791486092558709,0.4597829151731686,47.1482048034668,152.06210327148438,-451.27587890625,0.010935153812170029,-664.5888162200163,5.0826616287231445,18035.50139944522,17138.597811619544,3620864000.0
train_tune_95c45_00362_362,TRANSFORMER,0.0490921595562724,0.8198791549876598,0.4890476470819537,35.52267837524414,103.54251098632812,-296.5865478515625,0.009544202126562595,-51896.78752673887,4.747285842895508,15954.209783778902,16382.575670771572,3620864000.0
train_tune_95c45_00363_363,TRANSFORMER,0.1055910531553637,0.7601801022819803,0.5665969833559804,37.04771423339844,67.03395080566406,-204.3669891357422,0.007567775435745716,-103194.1469641274,8.884963989257812,4386.046803468361,4989.9302807743825,1286144000.0
train_tune_95c45_00364_364,TRANSFORMER,0.1043717214505347,0.7737771412392604,0.4839442864799822,29.36968421936035,99.38499450683594,-198.7310028076172,0.012213370762765408,-68858.36629857369,4.335707664489746,16838.139066495463,16838.85089764759,4145152000.0
train_tune_95c45_00365_365,TRANSFORMER,0.0316275539249794,0.8186035524350632,0.5773933136549143,68.79493713378906,220.26205444335938,-1261.268798828125,0.018643267452716827,-520.2689508251494,5.036555290222168,24301.278947026927,23252.27765874389,6217728000.0
train_tune_95c45_00366_366,TRANSFORMER,0.0916946771187047,0.8078352127297086,0.5140326527790399,29.56132698059082,100.15767669677734,-204.03155517578125,0.012328500859439373,-87672.38520797866,4.383780002593994,16836.80221724349,16836.80221724349,4145152000.0
train_tune_95c45_00367_367,TRANSFORMER,0.0700830738233684,0.7900565022024759,0.5297541320427603,42.27872085571289,138.60467529296875,-282.22918701171875,0.02918446995317936,-142133.7906371573,6.271506309509277,24450.755761687335,24282.76909643773,6217728000.0
train_tune_95c45_00368_368,TRANSFORMER,0.0346952611422397,0.8174796264944195,0.5217781179926901,40.008731842041016,92.86795806884766,-267.3792724609375,0.004183280747383833,-1254.5842017809887,5.830102920532227,3737.0240838533655,3694.5045188297913,1679360000.0
train_tune_95c45_00369_369,TRANSFORMER,0.097139338470348,0.7966441098986883,0.5151175047453201,22.199016571044922,65.16822814941406,-126.20310974121094,0.0039001544937491417,-2251.2442582151884,2.740215301513672,8051.022363430597,8062.611457473547,1810432000.0
train_tune_95c45_00370_370,TRANSFORMER,0.0977163473476904,0.7830501812103603,0.517094150674916,16.196439743041992,45.8668098449707,-66.3121566772461,0.003150892909616232,-120324.45772867177,1.9890518188476562,8065.141479356065,8164.915202741289,1810432000.0
train_tune_95c45_00371_371,TRANSFORMER,0.1251653619006293,0.8088267142045076,0.4793952591546903,25.90359878540039,74.58658599853516,-114.68075561523438,0.005521813407540321,-1447.0338690806227,3.334522008895874,11369.099942023922,11333.104931289241,2715648000.0
train_tune_95c45_00372_372,TRANSFORMER,0.0316756414317389,0.8110360701100614,0.5920791814224526,132.70095825195312,396.4688415527344,-2909.917724609375,0.030800271779298782,-1636428.2618794169,6.931462287902832,39139.2577842328,39139.2577842328,8290304000.0
train_tune_95c45_00373_373,TRANSFORMER,0.064078576799846,0.7454892059014473,0.4651146868778821,53.48688507080078,183.65655517578125,-526.439208984375,0.03341562673449516,-334056.74628698826,7.0688042640686035,26354.748681183795,27360.867082765446,6217728000.0
train_tune_95c45_00374_374,TRANSFORMER,0.1588700502318515,0.8161428183325932,0.5759184570933876,18.324703216552734,39.534080505371094,-87.68900299072266,0.0013155981432646513,-4108.135545594112,2.369274139404297,3198.79034007627,3328.4590344655967,1062912000.0
train_tune_95c45_00375_375,TRANSFORMER,0.0145016443843103,0.8337673967173742,0.4982792275295191,56.196807861328125,144.42984008789062,-901.3775634765625,0.0031317099928855896,-2968.545322943433,5.033259391784668,11397.324793348718,11348.52983640108,3620864000.0
train_tune_95c45_00376_376,TRANSFORMER,0.0840575159655084,0.7964261973910716,0.5538630931456217,37.14849853515625,86.94377136230469,-231.66671752929688,0.005480403080582619,-1013.8845037881262,5.915491104125977,7105.667071781989,7138.868032335565,1417216000.0
train_tune_95c45_00377_377,TRANSFORMER,0.0320194954408184,0.8065936484808363,0.5404843509822783,63.447914123535156,202.1253662109375,-1055.7047119140625,0.013977634720504284,-737.4712348429889,4.423559188842773,24507.57943687535,24203.126634247204,6217728000.0
train_tune_95c45_00378_378,TRANSFORMER,0.0777783382957527,0.7313013967568,0.562379899180626,20.703685760498047,68.97639465332031,-103.15921783447266,0.007057728245854378,-449.73640206744074,2.358762741088867,16761.687338374628,18068.02362813017,4145152000.0
train_tune_95c45_00379_379,TRANSFORMER,0.00668260219389,0.7893157531118734,0.6219720069236631,47.23112487792969,144.0286102294922,-590.7455444335938,0.017501497641205788,-88198.75600414834,4.656418800354004,15217.055056720214,14677.31925479149,4145152000.0
train_tune_95c45_00380_380,TRANSFORMER,0.0927377931589988,0.7795812916748567,0.4682969392365971,29.679182052612305,93.42767333984375,-152.6827392578125,0.01458269078284502,-60572.61504225325,5.178434371948242,13238.877107967635,12815.359166040917,2715648000.0
train_tune_95c45_00381_381,TRANSFORMER,0.0637476823565518,0.7894503058123878,0.425136812435107,45.38587951660156,135.43716430664062,-372.3001403808594,0.009031647816300392,-978.4157288208286,5.308332443237305,13980.28707160862,14132.634995917662,3620864000.0
train_tune_95c45_00382_382,TRANSFORMER,0.0400334369007704,0.7873166897180892,0.4965152930475947,54.967960357666016,176.62094116210938,-529.296875,0.02850973978638649,-824.8250136354577,7.820685386657715,27939.879437093936,27979.81066961428,8290304000.0
train_tune_95c45_00383_383,TRANSFORMER,0.0480274826199691,0.7774127450507082,0.4676815594596354,27.14748764038086,61.478729248046875,-193.42340087890625,0.002806158736348152,-4682.690064669062,3.487354040145874,6030.851575871503,6010.277958106421,1062912000.0
train_tune_95c45_00384_384,TRANSFORMER,0.0316275539249794,0.8080528799604535,0.56333515999086,75.39810180664062,235.94473266601562,-1469.062255859375,0.018772829324007034,-706.4123944541741,5.270876407623291,24163.77403291518,23703.904734880067,6217728000.0
train_tune_95c45_00385_385,TRANSFORMER,0.0710733806783535,0.7725453758851486,0.5503090903724285,34.70637893676758,87.06930541992188,-203.5334014892578,0.00911429151892662,-58154.77752250293,7.54198694229126,8425.48915897126,7900.238397945092,1679360000.0
train_tune_95c45_00386_386,TRANSFORMER,0.0335166548616387,0.8320984725393169,0.4924574464998222,41.53779220581055,106.02610778808594,-445.10638427734375,0.0026999800466001034,-1792.8354640342156,3.9629387855529785,9140.052448138373,9166.141013948145,3620864000.0
train_tune_95c45_00387_387,TRANSFORMER,0.0400334369007704,0.7717556385248449,0.4774220233131143,61.328407287597656,195.4936065673828,-658.2279052734375,0.03293384239077568,-2699.303316473408,8.477553367614746,32340.13918301086,32459.4141073272,8290304000.0
train_tune_95c45_00388_388,TRANSFORMER,0.07262000140529,0.7685094296445901,0.529623491542106,29.307167053222656,76.18746948242188,-118.01095581054688,0.011308695189654827,-52224.06497569697,4.6660661697387695,12899.313651139679,12155.871756194703,3096576000.0
train_tune_95c45_00389_389,TRANSFORMER,0.0317288357917737,0.8463532249855186,0.483896833914315,45.28278350830078,115.55974578857422,-533.612060546875,0.0030987730715423822,-3537.4594729564105,4.393598556518555,11001.759015626954,11010.59372940663,3620864000.0
train_tune_95c45_00390_390,TRANSFORMER,0.0127476653789688,0.7741092484769913,0.5881760623025648,47.25789260864258,143.72451782226562,-625.850341796875,0.01272713951766491,-214974.2532475585,4.1851043701171875,15294.24267893853,14929.018861252358,4145152000.0
train_tune_95c45_00391_391,TRANSFORMER,0.0053601227593777,0.780016400361736,0.5727932178568106,98.9056167602539,292.6298522949219,-2001.1728515625,0.026549482718110085,-588226.8021416222,6.91447639465332,24932.854451933476,24888.84987999108,6217728000.0
train_tune_95c45_00392_392,TRANSFORMER,0.0584964466068078,0.795056180402177,0.5700976373508008,44.36178970336914,152.9798126220703,-433.01922607421875,0.013539675623178482,-553.4847432565549,3.9931082725524902,29709.08436170104,26989.298349509463,6217728000.0
train_tune_95c45_00393_393,TRANSFORMER,0.0051504424778761,0.7785979233968546,0.6001144857427136,38.1430549621582,106.62005615234375,-510.6653747558594,0.008067803457379341,-3744.5371324478583,4.102720260620117,10701.178951626312,10732.534120715205,4145152000.0
train_tune_95c45_00394_394,TRANSFORMER,0.0957243824922785,0.8477580860521912,0.5125192063799778,22.206096649169922,60.35112762451172,-123.14927673339844,0.0012830027844756842,-1810.926401869835,2.277395725250244,6554.1604610435925,6512.619731297583,2715648000.0
train_tune_95c45_00395_395,TRANSFORMER,0.0127476653789688,0.7399480234536849,0.5864194205692925,44.690120697021484,134.48377990722656,-524.5555419921875,0.013549970462918282,-165272.58902305982,4.232357025146484,14316.238645807945,14569.659306987156,4145152000.0
train_tune_95c45_00396_396,TRANSFORMER,0.0447008844175879,0.7993924475922016,0.4721700278718802,31.50475311279297,89.27348327636719,-258.06402587890625,0.0021168815437704325,-13586.239989253423,2.09112548828125,13931.66196235539,13951.585761405167,2715648000.0
train_tune_95c45_00397_397,TRANSFORMER,0.0148158488836603,0.8267021389544602,0.5197861690216331,51.96516036987305,135.29141235351562,-747.1122436523438,0.0027380550745874643,-1558.727293097662,4.564270496368408,9220.044661952306,9322.688528412951,3620864000.0
train_tune_95c45_00398_398,TRANSFORMER,0.0765996468948688,0.7519609853817446,0.5920622583570245,13.226874351501465,29.847145080566406,-61.699668884277344,0.000875702069606632,-130012.64119209866,1.8163907527923584,2935.1388443281544,2935.1388443281544,708608000.0
train_tune_95c45_00399_399,TRANSFORMER,0.0782057671941312,0.7727071690873996,0.4851210443974323,24.920135498046875,62.79646301269531,-145.72689819335938,0.006077813450247049,-118445.3881692682,5.585455894470215,6148.680928938894,6143.9504402535085,1259520000.0
train_tune_95c45_00400_400,TRANSFORMER,0.057083262307385,0.7847392842877289,0.5386383044015484,54.588104248046875,186.27969360351562,-484.3824462890625,0.0196942538022995,-508.11927261118586,5.2492451667785645,38686.58670184152,34777.61039501686,8290304000.0
train_tune_95c45_00401_401,TRANSFORMER,0.0349630758643091,0.806593258555785,0.5618434289514094,15.706094741821289,37.952980041503906,-94.71174621582031,0.0012103528715670109,-1106.1228977886608,2.8587136268615723,1859.545446431207,1901.4509696444482,839680000.0
train_tune_95c45_00402_402,TRANSFORMER,0.0051637546862842,0.8220271743203706,0.549470965376477,141.99172973632812,389.0281066894531,-3156.153564453125,0.048972517251968384,-3311.3098793931345,10.728874206542969,24623.480635140113,24567.73551203579,8290304000.0
train_tune_95c45_00403_403,TRANSFORMER,0.1066619816941157,0.7934445823317939,0.4597623411340043,26.88024139404297,77.50141906738281,-124.91357421875,0.005776208359748125,-2693.5915577587703,3.5047459602355957,11883.186095707484,11858.977710722975,2715648000.0
train_tune_95c45_00404_404,TRANSFORMER,0.1181432923001382,0.7460668401882874,0.54390489318191,28.850465774536133,57.305824279785156,-148.11154174804688,0.008515546098351479,-4204636.903491493,7.873908042907715,5790.827317954275,5790.827317954275,1286144000.0
train_tune_95c45_00405_405,TRANSFORMER,0.0727117979951074,0.7397822951607622,0.5217729841491598,25.919069290161133,59.55051803588867,-171.1639862060547,0.0024900094140321016,-13339.725696285557,3.4971072673797607,5245.077504022786,5247.921405763876,1062912000.0
train_tune_95c45_00406_406,TRANSFORMER,0.0576731312125958,0.8088064581419344,0.6240632899581477,13.012718200683594,29.822555541992188,-38.44408416748047,0.002861902816221118,-106668.50148769966,2.9726881980895996,2700.6629300442683,2753.8144050921537,708608000.0
train_tune_95c45_00407_407,TRANSFORMER,0.054475019748739,0.7797793470870609,0.5217715552003773,44.992340087890625,116.91324615478516,-411.9044189453125,0.010647008195519447,-1729.9677324583267,7.239451885223389,9017.014214215182,9104.090751567308,1679360000.0
train_tune_95c45_00408_408,TRANSFORMER,0.0559755199007294,0.8145633940417554,0.5507641910239578,13.103450775146484,28.931806564331055,-67.10773468017578,0.0008165616891346872,-2727.7579876067302,1.4144163131713867,3763.309190234564,3745.4486184197604,1548288000.0
train_tune_95c45_00409_409,TRANSFORMER,0.0565708397089873,0.779391419295294,0.4805054469873396,25.078779220581055,66.50570678710938,-155.822265625,0.003518511075526476,-2319.3527096257453,5.260124206542969,5310.655362411856,5361.527328739433,1259520000.0
train_tune_95c45_00410_410,TRANSFORMER,0.0145367626977011,0.8207752767611984,0.5536882226074102,85.77816009521484,190.11126708984375,-1356.861572265625,0.01658836379647255,-1123.3271714541852,8.021501541137695,12526.021253877678,12980.428148832503,3096576000.0
train_tune_95c45_00411_411,TRANSFORMER,0.0755643363266798,0.8046096946871445,0.535365910913695,35.592933654785156,83.27275085449219,-206.23690795898438,0.006964221131056547,-588.3136572492608,5.682252407073975,6890.741063984362,7488.801796719299,1417216000.0
train_tune_95c45_00412_412,TRANSFORMER,0.0316275539249794,0.8080528799604535,0.56333515999086,75.39810180664062,235.94473266601562,-1469.062255859375,0.018772829324007034,-706.4123944541741,5.270876407623291,24163.77403291518,23703.904734880067,6217728000.0
train_tune_95c45_00413_413,TRANSFORMER,0.0811367953600975,0.7640125108194857,0.4849157715854072,13.081005096435547,35.18983840942383,-37.835784912109375,0.003526145126670599,-310890.83133855363,3.0200042724609375,3529.3442221601563,3520.629219560842,839680000.0
train_tune_95c45_00414_414,TRANSFORMER,0.1300673546553991,0.7798557827199046,0.5061349322042344,23.813289642333984,74.82670593261719,-107.7247543334961,0.01055844034999609,-1272.4239874507161,3.6622557640075684,13898.116247883016,13828.463186907007,4145152000.0
train_tune_95c45_00415_415,TRANSFORMER,0.0527431196822685,0.7807320972564544,0.4996550970118014,16.58977699279785,44.251766204833984,-91.66941833496094,0.0019706999883055687,-69498.66864978167,3.3401856422424316,3642.324990611568,3642.324990611568,839680000.0
train_tune_95c45_00416_416,TRANSFORMER,0.0695596965978985,0.7746316990673698,0.5302639400035156,19.952974319458008,51.64723205566406,-161.63006591796875,0.004255657084286213,-1484.39002553304,3.228797435760498,4606.699913235463,4656.190244604712,839680000.0
train_tune_95c45_00417_417,TRANSFORMER,0.0347152607310817,0.8029978986631431,0.5253615795888531,42.04407501220703,97.3906478881836,-290.5717468261719,0.004446567501872778,-1909.4655608821336,6.038485527038574,4271.418896152027,4272.9085784537465,1679360000.0
train_tune_95c45_00418_418,TRANSFORMER,0.0144065124321582,0.7570302443748904,0.4634425015045361,24.287988662719727,56.33424377441406,-240.00875854492188,0.0044188969768583775,-743.9994119886278,3.423302412033081,6350.639027416939,6316.834185917741,1548288000.0
train_tune_95c45_00419_419,TRANSFORMER,0.0928554802519245,0.760360983544457,0.4597785219490025,19.079008102416992,55.68238830566406,-128.42205810546875,0.002128270687535405,-839.0167916133541,1.5948046445846558,8490.144497169287,8847.626507911053,1810432000.0
train_tune_95c45_00420_420,TRANSFORMER,0.0393808819288848,0.7608865630686373,0.4635795575820961,60.8110466003418,194.13650512695312,-646.4759521484375,0.032662827521562576,-2719.3731079950253,8.425788879394531,32496.407487792505,32544.803773974676,8290304000.0
train_tune_95c45_00421_421,TRANSFORMER,0.0901180130260008,0.74319145665696,0.4912655559415157,11.21365737915039,22.8895320892334,-25.61212158203125,0.001699725049547851,-1964.400424294677,2.115488052368164,2313.6841686873336,2308.0298512134354,643072000.0
train_tune_95c45_00422_422,TRANSFORMER,0.0149208049140747,0.816009286319425,0.4964915126472137,44.11426544189453,118.78041076660156,-542.8436889648438,0.002247181488201022,-814.3358923018125,4.107436656951904,7327.401629189828,7163.928349012278,3620864000.0
train_tune_95c45_00423_423,TRANSFORMER,0.046762079602391,0.7871364434127093,0.5280830863139664,57.34995651245117,144.44561767578125,-609.544189453125,0.01811714470386505,-594.0368272179594,7.670925140380859,14006.29429482467,14410.253336165488,3096576000.0
train_tune_95c45_00424_424,TRANSFORMER,0.0822037545253564,0.7856082035021552,0.5155118544351199,17.75688934326172,47.16558837890625,-115.39158630371094,0.002736389171332121,-5746.601751953156,2.7928903102874756,4405.880352269877,4419.911250003096,839680000.0
train_tune_95c45_00425_425,TRANSFORMER,0.0186976778201302,0.7792405609263114,0.4857096321713589,75.7244644165039,264.3656921386719,-1135.542236328125,0.037292949855327606,-1359.2848573830552,9.3948974609375,30741.298149620343,30798.80472378673,8290304000.0
train_tune_95c45_00426_426,TRANSFORMER,0.0166066781891137,0.7804527353658022,0.4974689808847142,74.0075912475586,261.3463439941406,-1098.480712890625,0.036216653883457184,-974.6709465049571,9.267281532287598,28491.274781491287,28409.728278451283,8290304000.0
train_tune_95c45_00427_427,TRANSFORMER,0.080942312138668,0.761777639884378,0.4862744445484612,14.970939636230469,39.54146194458008,-62.08106231689453,0.004374604672193527,-905457.0094794135,3.410597801208496,3938.623068461171,3938.57973325035,839680000.0
train_tune_95c45_00428_428,TRANSFORMER,0.0540286420274447,0.8008079541009693,0.5763467513898334,51.803993225097656,181.90867614746094,-438.3643798828125,0.021568426862359047,-434.66951704055896,5.484834671020508,35945.835574732075,35454.731794876876,8290304000.0
train_tune_95c45_00429_429,TRANSFORMER,0.0612931410503757,0.7888695185795338,0.5274464462587073,28.179174423217773,74.95906829833984,-197.88931274414062,0.004758999217301607,-3818.980257799579,4.64442253112793,6752.281464639864,6764.305520441515,1259520000.0
train_tune_95c45_00430_430,TRANSFORMER,0.0741963318741512,0.7112261447784572,0.5150876838785248,17.372474670410156,45.39665222167969,-56.528839111328125,0.004872872494161129,-297933.38577993837,2.1429569721221924,6782.679145288349,6706.571288590698,1548288000.0
train_tune_95c45_00431_431,TRANSFORMER,0.0949542793654158,0.7851101236035335,0.5557947808166224,15.79069709777832,46.699729919433594,-59.443851470947266,0.003844811115413904,-58157.95132896933,2.275381326675415,7951.368909066784,8149.166388993042,1810432000.0
train_tune_95c45_00432_432,TRANSFORMER,0.1251653619006293,0.8094433503422143,0.4768974431610361,25.926692962646484,74.49675750732422,-114.36091613769531,0.005490913987159729,-1448.1720637812518,3.331233024597168,11397.554211029354,11374.56195716193,2715648000.0
train_tune_95c45_00433_433,TRANSFORMER,0.04760041896352,0.746016361864885,0.53444755610654,22.740568161010742,55.678157806396484,-174.43890380859375,0.004815590102225542,-893.3270557666456,3.242539405822754,7359.356636021997,6990.85723852934,1548288000.0
train_tune_95c45_00434_434,TRANSFORMER,0.0301924001787861,0.7879377510475447,0.5250483597732374,46.50775909423828,119.77587890625,-364.6181640625,0.007015676237642765,-11366.63575263507,6.097156524658203,8948.185799546502,8946.431710063083,1679360000.0
train_tune_95c45_00435_435,TRANSFORMER,0.0757935485217213,0.821604574721137,0.4799708139013163,51.558624267578125,162.9222869873047,-584.0439453125,0.00915310438722372,-1466.5388586677059,5.138970375061035,21112.791103360803,20986.403371771536,3620864000.0
train_tune_95c45_00436_436,TRANSFORMER,0.125176412788627,0.7985431103688571,0.5493173524636581,23.204275131225586,72.91661834716797,-101.77944946289062,0.010218219831585884,-973.2974172412592,3.597256660461426,13334.173241504675,13359.63808305455,4145152000.0
train_tune_95c45_00437_437,TRANSFORMER,0.0316756414317389,0.8275668163981027,0.6132532027214636,99.54065704345703,302.35931396484375,-1621.3330078125,0.02924552746117115,-485.91941709451066,6.09246301651001,29224.010035382147,32379.378137925592,8290304000.0
train_tune_95c45_00438_438,TRANSFORMER,0.0916946771187047,0.8013693596677762,0.5284720072986075,28.156749725341797,96.33280181884766,-183.71041870117188,0.011724436655640602,-1672.4535135658011,4.183863639831543,15080.272240516966,15072.752470696485,4145152000.0
train_tune_95c45_00439_439,TRANSFORMER,0.0689534351299224,0.7620513550844845,0.451360751916662,38.69194793701172,123.443359375,-280.5653381347656,0.018391670659184456,-1642.8480206207876,5.786307334899902,22299.08745459481,22396.4944758173,6217728000.0
train_tune_95c45_00440_440,TRANSFORMER,0.0914381099571774,0.776632340734418,0.4663936571051145,31.905181884765625,98.73371887207031,-186.2728729248047,0.012716976925730705,-155780.7710347375,5.053951740264893,14172.621633709628,14567.173742522735,2715648000.0
train_tune_95c45_00441_441,TRANSFORMER,0.04760041896352,0.7546920944459344,0.5271124355466321,23.76198387145996,57.80930709838867,-199.4625244140625,0.004311054013669491,-1205.7971649066192,3.3378679752349854,7604.473127868533,7791.96861113385,1548288000.0
train_tune_95c45_00442_442,TRANSFORMER,0.0315616715061229,0.8314357749780001,0.5895470788607685,122.20161437988281,376.1874694824219,-2471.46142578125,0.036535076797008514,-556.7440431885827,7.387360572814941,31339.472270341364,29017.87998667554,8290304000.0
train_tune_95c45_00443_443,TRANSFORMER,0.128479380763069,0.7370697786583433,0.5115978035489523,17.79880142211914,36.19416809082031,-67.72151184082031,0.0026049662847071886,-1574.3010600886626,4.119142532348633,3544.9658259111507,3533.175476777532,964608000.0
train_tune_95c45_00444_444,TRANSFORMER,0.0917132396884829,0.7702279135836394,0.5000389449807472,27.396381378173828,81.76162719726562,-122.58053588867188,0.013967921957373619,-86284.71124514981,4.826674938201904,12717.606142007118,13002.159970396966,2715648000.0
train_tune_95c45_00445_445,TRANSFORMER,0.0872893078660226,0.7823076162249779,0.5055763666917719,13.645624160766602,35.77915954589844,-62.267112731933594,0.004318836145102978,-76182.58622038233,3.7765865325927734,3920.429606577153,3788.331078045851,839680000.0
train_tune_95c45_00446_446,TRANSFORMER,0.005186132423984,0.7641226821498686,0.5432369134520298,158.78659057617188,465.48236083984375,-3658.17333984375,0.050362322479486465,-268807.92790715524,9.626827239990234,35820.37993770906,35802.62944827966,8290304000.0
train_tune_95c45_00447_447,TRANSFORMER,0.0645373900485675,0.7629353682515008,0.5437956649553414,15.31616497039795,38.736297607421875,-52.29437255859375,0.0025976833421736956,-937.8857603260867,1.7668497562408447,5341.175358470072,5425.973671471238,1548288000.0
train_tune_95c45_00448_448,TRANSFORMER,0.0051637546862842,0.8311543794110485,0.56712894005674,135.36436462402344,372.46917724609375,-2920.373291015625,0.045876193791627884,-1664.4422090809883,10.369379043579102,21125.76490186249,21408.470361355194,8290304000.0
train_tune_95c45_00449_449,TRANSFORMER,0.1306515204932802,0.7196334795853083,0.4967018519307244,23.675647735595703,44.950748443603516,-86.68992614746094,0.007290023844689131,-191661.0688667119,6.776540279388428,4667.360123894984,5120.730694573672,1286144000.0
train_tune_95c45_00450_450,TRANSFORMER,0.0549927775517586,0.7858215902191882,0.4662843489115641,21.226892471313477,54.455718994140625,-100.67716979980469,0.002781608607620001,-1508.311612613772,4.459866523742676,4834.806277907698,4803.151962003537,1259520000.0
train_tune_95c45_00451_451,TRANSFORMER,0.07323264486376,0.7663245012468337,0.4970367528180878,41.90190887451172,137.2272491455078,-273.9530334472656,0.029004130512475967,-144609.97435488444,6.217545509338379,24448.404124844255,24287.51900728034,6217728000.0
train_tune_95c45_00452_452,TRANSFORMER,0.0316395621084604,0.828899512747103,0.591350207159807,71.40389251708984,210.52142333984375,-1279.711669921875,0.01897135190665722,-502.34486675713447,5.115089416503906,23729.380189209904,23237.06917581369,6217728000.0
train_tune_95c45_00453_453,TRANSFORMER,0.0800452266265717,0.7379670119336204,0.5808855466399616,36.57311248779297,123.81222534179688,-269.26031494140625,0.011829464696347713,-483.73851179804535,3.444868803024292,27479.19558935193,27200.080579626214,6217728000.0
train_tune_95c45_00454_454,TRANSFORMER,0.1284169668533357,0.7751131367461399,0.4648690218021351,23.093576431274414,72.50201416015625,-99.17382049560547,0.010060358792543411,-984.5048667566439,3.554187774658203,13349.884218912332,13287.26138936785,4145152000.0
train_tune_95c45_00455_455,TRANSFORMER,0.0595733090649605,0.8021405121454899,0.5016415820528153,41.80128860473633,132.95639038085938,-338.94549560546875,0.020203329622745514,-300429.02256414155,6.207464218139648,24287.74876746688,24287.660461197513,6217728000.0
train_tune_95c45_00456_456,TRANSFORMER,0.0709209558230364,0.8376446413686989,0.532444424600609,13.245165824890137,36.002342224121094,-43.65046691894531,0.0006590682314708829,-869.4543390931447,1.1239169836044312,3242.7379142637087,3278.405226376705,1810432000.0
train_tune_95c45_00457_457,TRANSFORMER,0.0316575914904394,0.8324274857943122,0.5651432553806509,105.20954132080078,322.3966064453125,-1834.542724609375,0.027258915826678276,-557.7208445920475,6.2595672607421875,34197.23197243806,30284.202652953714,8290304000.0
train_tune_95c45_00458_458,TRANSFORMER,0.0051769378058293,0.8012425173897963,0.5526725031890785,178.3183135986328,520.0750732421875,-4524.74169921875,0.061433982104063034,-309716.967122485,10.84840202331543,40201.29279372161,40490.29808050997,8290304000.0
train_tune_95c45_00459_459,TRANSFORMER,0.0510156821333255,0.8217151226189235,0.5014663344912944,33.422210693359375,95.35897827148438,-237.19020080566406,0.00970476120710373,-28509.155599528618,4.787829875946045,15818.42857131489,16368.991298681969,3620864000.0
train_tune_95c45_00460_460,TRANSFORMER,0.0051637546862842,0.7926014166997667,0.5836365565292926,44.131771087646484,131.82235717773438,-709.9178466796875,0.00987265259027481,-1678.883655564705,4.629298210144043,9921.313024400974,9877.20070435313,4145152000.0
train_tune_95c45_00461_461,TRANSFORMER,0.0528134202783266,0.7784633812612076,0.5046051335498171,12.287956237792969,29.367374420166016,-30.268875122070312,0.001344812917523086,-1783.5748255839126,1.5588583946228027,3373.4272615431705,3335.8453847606206,708608000.0
train_tune_95c45_00462_462,TRANSFORMER,0.0051637546862842,0.7673992693951921,0.6091307654013272,45.87084197998047,135.54444885253906,-770.6118774414062,0.010127797722816467,-3183.8864665258097,4.726737022399902,11231.697272850706,11339.446214318652,4145152000.0
train_tune_95c45_00463_463,TRANSFORMER,0.0800097904751709,0.7834164666059876,0.5448016169251132,33.259098052978516,114.090576171875,-235.1968994140625,0.02056177332997322,-417489.6209534893,4.874007225036621,17482.41948792918,17434.009331343274,4145152000.0
train_tune_95c45_00464_464,TRANSFORMER,0.0554962427621821,0.7476867939713688,0.5712066943201703,61.769256591796875,220.67068481445312,-665.2251586914062,0.02736995555460453,-432.58116110429853,5.632137298583984,33597.08011899373,34778.17177452191,8290304000.0
train_tune_95c45_00465_465,TRANSFORMER,0.0285351965116223,0.7728925400809095,0.53162637132638,53.370391845703125,134.84243774414062,-567.7333984375,0.010019824840128422,-171416.2524550657,6.960738182067871,10622.68771365182,10622.68771365182,1679360000.0
train_tune_95c45_00466_466,TRANSFORMER,0.064078576799846,0.7490513122431574,0.4607593709129902,52.318328857421875,179.92320251464844,-481.3301696777344,0.0336175337433815,-203858.01658445311,6.986810684204102,26645.63405700634,25934.370010091305,6217728000.0
train_tune_95c45_00467_467,TRANSFORMER,0.0901411630020047,0.7657163422262475,0.5488718309868297,23.887449264526367,80.91767883300781,-156.37289428710938,0.007545494474470615,-519.1990576248813,2.4993228912353516,17039.148284144467,18287.271861134534,4145152000.0
train_tune_95c45_00468_468,TRANSFORMER,0.0519423126735409,0.7649757719066812,0.4848528754529775,42.287349700927734,100.4607925415039,-384.3132019042969,0.009746960364282131,-44887.17144079035,5.549242973327637,13626.144513556292,13625.90096751428,3096576000.0
train_tune_95c45_00469_469,TRANSFORMER,0.0928939984584711,0.7670567574154399,0.5512236390872568,44.56222152709961,103.76097106933594,-353.9811096191406,0.005760791711509228,-5535.222528824066,5.648565292358398,8891.07414783631,8901.781416094396,1417216000.0
train_tune_95c45_00470_470,TRANSFORMER,0.0734930459837161,0.790135755681304,0.5707077109802148,21.481176376342773,53.227516174316406,-187.433837890625,0.004354883451014757,-1450.2953260247891,3.4828577041625977,4537.983965890923,4332.189512659813,839680000.0
train_tune_95c45_00471_471,TRANSFORMER,0.0377164972727942,0.7769136541796866,0.6165377209085254,33.10108184814453,103.01738739013672,-383.5262451171875,0.00558779202401638,-1580653.5667538785,2.3308165073394775,17222.721750693505,17222.721750693505,4145152000.0
train_tune_95c45_00472_472,TRANSFORMER,0.088725393180714,0.7537934565884101,0.5699115508828447,21.863372802734375,40.101722717285156,-104.82785034179688,0.004135578870773315,-150798.5779954825,5.476593971252441,2874.2234886093875,2979.6013374094123,964608000.0
train_tune_95c45_00473_473,TRANSFORMER,0.1076162272439363,0.7711971347476273,0.5552902019673427,38.253501892089844,90.61080169677734,-248.32754516601562,0.005297647789120674,-1882.9813857056843,5.915107727050781,7491.2004628037885,7643.330464778451,1417216000.0
train_tune_95c45_00474_474,TRANSFORMER,0.1039719807642138,0.7684141764851937,0.4451624099797241,29.205297470092773,98.7449722290039,-194.11288452148438,0.012185722589492798,-89390.6642295041,4.308074951171875,16837.077457643012,16837.077457643012,4145152000.0
train_tune_95c45_00475_475,TRANSFORMER,0.0960610817244309,0.7799200603700023,0.5777552542161176,30.762069702148438,54.238792419433594,-155.5262451171875,0.007069534622132778,-68120.77726922091,7.742587089538574,3981.114276392536,3843.560153702617,1286144000.0
train_tune_95c45_00476_476,TRANSFORMER,0.0949542793654158,0.7796261738163817,0.5563951847992379,15.880393028259277,46.267086029052734,-57.73786163330078,0.004137527197599411,-54995.59177365579,2.3948822021484375,7877.978936056411,8163.1698319096195,1810432000.0
train_tune_95c45_00477_477,TRANSFORMER,0.0737658858841181,0.7558131191091547,0.4747784236904776,23.65559196472168,62.29861068725586,-127.93370056152344,0.007157455198466778,-524324.354135517,5.506356239318848,6052.064679042961,6058.084005587654,1259520000.0
train_tune_95c45_00478_478,TRANSFORMER,0.1649550551611479,0.6970300355232133,0.5256581219884726,24.544321060180664,47.61763000488281,-117.63697052001953,0.003962465096265078,-228602.2246298703,5.962066650390625,4904.733814322117,4904.1711649252375,1286144000.0
train_tune_95c45_00479_479,TRANSFORMER,0.0714417413630266,0.7810557043487547,0.4802027619269939,22.137226104736328,57.692665100097656,-104.12938690185547,0.008093588054180145,-110561.95900436083,5.552314281463623,5599.013818055292,6235.999506779555,1259520000.0
train_tune_95c45_00480_480,TRANSFORMER,0.0347068997778742,0.7798218036676304,0.5332176384676701,17.198148727416992,41.22433090209961,-113.26171875,0.0013438821770250797,-2921.173352558162,3.0805485248565674,2454.6513461215714,2427.4618035264393,839680000.0
train_tune_95c45_00481_481,TRANSFORMER,0.0760357688378385,0.7727148577028486,0.5303161913176582,12.973496437072754,32.832847595214844,-50.60820770263672,0.0028702777344733477,-145680.75870377728,3.022050380706787,3392.2847457383514,3612.9042365109362,839680000.0
train_tune_95c45_00482_482,TRANSFORMER,0.0370038273801878,0.8117588750225793,0.5726715900296718,31.40399932861328,98.4154052734375,-344.9361877441406,0.005945089738816023,-855.0833844477672,2.3351144790649414,16861.78003716597,16374.761861123789,4145152000.0
train_tune_95c45_00483_483,TRANSFORMER,0.1251653619006293,0.8053453975926235,0.4793164084469755,26.57540512084961,76.60086059570312,-120.86711120605469,0.005721856374293566,-2613.3122043791845,3.426591396331787,11843.05965423959,11849.094450502836,2715648000.0
train_tune_95c45_00484_484,TRANSFORMER,0.0701160932838483,0.7959066653599821,0.513532663634603,23.705577850341797,69.34651184082031,-153.5474090576172,0.005640819668769836,-394454.75301811175,3.3624215126037598,13131.748029371884,13141.805121343008,2715648000.0
train_tune_95c45_00485_485,TRANSFORMER,0.0317288357917737,0.8492401753932508,0.4862145238499964,39.5351448059082,101.74496459960938,-398.0306701660156,0.0025901650078594685,-1245.5153986253235,3.840604543685913,7869.28893204889,7963.074966356257,3620864000.0
train_tune_95c45_00486_486,TRANSFORMER,0.0990504911744453,0.7947862216724294,0.5235793037184391,17.982479095458984,57.04635238647461,-89.03346252441406,0.0032776931766420603,-744.1394685269847,1.9454079866409302,9467.674722717155,9275.842147427536,1810432000.0
train_tune_95c45_00487_487,TRANSFORMER,0.00668260219389,0.7748291945997137,0.6077615086333418,56.913002014160156,167.89736938476562,-930.7454833984375,0.015673749148845673,-250811.5491410297,4.852543830871582,15209.852864427981,15768.243300668773,4145152000.0
train_tune_95c45_00488_488,TRANSFORMER,0.0377164972727942,0.7970420766453968,0.6183777922778053,27.239391326904297,86.0789794921875,-231.03659057617188,0.006175275892019272,-493.21925331521464,2.2988438606262207,16661.83385816202,15363.469742289597,4145152000.0
train_tune_95c45_00489_489,TRANSFORMER,0.0593063297271229,0.6971825006870827,0.5714608812354915,26.121421813964844,50.516456604003906,-185.56460571289062,0.002652889583259821,-143593.0720171778,4.859280586242676,4833.507352124471,4833.507352124471,964608000.0
train_tune_95c45_00490_490,TRANSFORMER,0.0675231685977791,0.7828253034634594,0.4822505673501274,40.26861572265625,128.268310546875,-310.09112548828125,0.01918129436671734,-2883.1522752357423,5.971893310546875,23149.97803245289,23330.902247834976,6217728000.0
train_tune_95c45_00491_491,TRANSFORMER,0.0315995702458446,0.8006575430597722,0.6178021420151741,120.81165313720703,369.1980895996094,-2435.7490234375,0.038078345358371735,-558.8277089730245,7.277377128601074,30598.34929248693,30894.666507300277,8290304000.0
train_tune_95c45_00492_492,TRANSFORMER,0.0721814293148955,0.7892640883244815,0.5046073023081891,38.876747131347656,111.57679748535156,-362.3138427734375,0.006807828322052956,-1418410.0159830833,4.642765998840332,21451.089388318418,21451.089388318418,3620864000.0
train_tune_95c45_00493_493,TRANSFORMER,0.02882395695595,0.8329942982733605,0.5227774579792384,25.822473526000977,70.8979263305664,-181.49264526367188,0.0011536376550793648,-1073.8016730952843,2.4165151119232178,6033.55806342408,6061.26600774692,2715648000.0
train_tune_95c45_00494_494,TRANSFORMER,0.005698837368938,0.7964542670695389,0.5525257744003013,97.68574523925781,289.3282775878906,-1946.6865234375,0.026372727006673813,-597384.4405387538,6.832183361053467,25012.93357172258,24792.65418653648,6217728000.0
train_tune_95c45_00495_495,TRANSFORMER,0.0051637546862842,0.8125259274630934,0.6139047114934488,121.28321838378906,338.27117919921875,-2443.226806640625,0.03898749500513077,-850.5969447796608,9.686105728149414,16306.690117163082,16623.545028978464,8290304000.0
train_tune_95c45_00496_496,TRANSFORMER,0.0997552175840822,0.7249258743387273,0.5196613434454782,12.471531867980957,25.664798736572266,-25.4315242767334,0.0037675751373171806,-780040.0552804747,2.9452271461486816,2213.0258580494406,2224.559175165931,643072000.0
train_tune_95c45_00497_497,TRANSFORMER,0.0926326809666981,0.7232347755487549,0.4822244310472649,28.813461303710938,94.39471435546875,-153.9114990234375,0.018276166170835495,-678933.3822448903,4.431483268737793,15794.959965955959,16329.008504547803,4145152000.0
train_tune_95c45_00498_498,TRANSFORMER,0.0612931410503757,0.77572435324596,0.5048553744464496,24.115367889404297,62.22093200683594,-132.77984619140625,0.0058772931806743145,-725.2179685585481,4.777551174163818,5832.789803803798,6789.465603953141,1259520000.0
train_tune_95c45_00499_499,TRANSFORMER,0.0868795258796052,0.7754443414147881,0.5191806876568024,21.24745750427246,65.72767639160156,-98.2190933227539,0.008489273488521576,-213503.50219706458,3.5156631469726562,9096.31195370213,9739.955033146995,1810432000.0
train_tune_95c45_00500_500,RNN,0.0409599843267865,0.7580733953124605,0.4753441464703211,0.18734592199325562,0.600513219833374,-0.008392260409891605,1.38222112582298e-05,-9265069.66781196,-0.005320046097040176,2457.741148491673,2457.7411535996926,1206464000.0
train_tune_95c45_00501_501,RNN,0.0672479676123173,0.7912749885562189,0.6166674646607624,0.16000637412071228,0.5900595188140869,-0.006043268367648125,2.1796333385282196e-05,-6663902.6581056295,0.0013926599640399218,3342.4007540093785,3342.3368219081976,392832000.0
train_tune_95c45_00502_502,RNN,0.0328220782046601,0.7473482485798146,0.509320066689541,0.2272385060787201,0.5583346486091614,-0.008226294070482254,1.1790414646384306e-05,-6668197.534643292,-0.0027363605331629515,1368.7989763938854,1368.7989679391876,992384000.0
train_tune_95c45_00503_503,RNN,0.0575293779691173,0.8046130356340544,0.5364958935133373,0.1513122022151947,0.8102219104766846,-0.008085958659648895,8.406464985455386e-06,-7960965.180900403,0.0053413561545312405,5841.6125634473665,5841.613751283676,1836288000.0
train_tune_95c45_00504_504,RNN,0.0315556958030924,0.7878048846314557,0.5846416141232772,0.062311187386512756,0.10585447400808334,-6.755018603143981e-06,8.900290595192928e-06,-1094004.8333870894,-0.0008219570154324174,5924.475157873681,5924.475933207348,3325376000.0
train_tune_95c45_00505_505,RNN,0.0302938936143201,0.7806521881195656,0.5489378077759166,0.1339624971151352,0.18110203742980957,-0.000742327596526593,2.8798258426832035e-05,-2108456.694935649,0.007845593616366386,1469.725127209123,1470.6496759400782,3002048000.0
train_tune_95c45_00506_506,RNN,0.0302938936143201,0.7727483529774087,0.5646212346821661,0.18131817877292633,0.2777370810508728,0.0019515184685587883,2.2312642613542266e-05,-4224591.075608347,-0.011774578131735325,803.9201598241162,803.920263951044,3201216000.0
train_tune_95c45_00507_507,RNN,0.0252267946358138,0.7518389376352115,0.4880537123318487,0.23109298944473267,0.5868899822235107,-0.01151339802891016,3.770848343265243e-05,-6369147.281966284,0.016055628657341003,1406.8023692395254,1406.8018383748658,470016000.0
train_tune_95c45_00508_508,RNN,0.0308364465269423,0.7628903883471895,0.5156321467821463,0.14351776242256165,0.2788560688495636,-0.0014684790512546897,2.1190415282035246e-05,-3325807.7813584907,0.0038417859468609095,1784.16985985538,1784.164275036238,1576448000.0
train_tune_95c45_00509_509,RNN,0.0302938936143201,0.7392122928482487,0.6485842600484143,0.07697860896587372,0.11965404450893402,0.0002151293447241187,7.039878255454823e-06,-674108.8181725007,-0.004574399907141924,4080.777186626905,4080.6498235725985,1039680000.0
train_tune_95c45_00510_510,RNN,0.0251266891891891,0.803398218057576,0.5327614074530014,0.11163605749607086,0.3169294595718384,-0.001337811816483736,6.575732186320238e-06,-2684077.9004423916,0.005485204979777336,3783.38661676871,3783.3866172668804,6032384000.0
train_tune_95c45_00511_511,RNN,0.0420278721428882,0.7793969416784643,0.5396141785002769,0.16102848947048187,0.3046329915523529,-0.0010379052255302668,1.4908567209204193e-05,-2919776.7654318074,-0.00021848420146852732,1499.8485957469277,1499.8485946906385,1797504000.0
train_tune_95c45_00512_512,RNN,0.0251266891891891,0.7930120237380339,0.5243147884435808,0.09965983778238297,0.33171147108078003,-0.001653675572015345,1.0812541404447984e-05,-3173150.869133177,0.010062703862786293,5272.390105584138,5272.390117009138,3386176000.0
train_tune_95c45_00513_513,RNN,0.0365635077958242,0.7746729837657884,0.4892101702160848,0.14663977921009064,0.9033395051956177,-0.007651948370039463,7.212063337647123e-06,-6346450.560850723,0.0030397961381822824,7066.108814321224,7066.108802575672,4012032000.0
train_tune_95c45_00514_514,RNN,0.0328943142225882,0.7314625774102937,0.7231146298565989,0.10627128928899765,0.48962855339050293,-0.002634692005813122,7.262193776114145e-06,-5847441.365085844,0.01050944346934557,5877.734323017425,5877.761909569349,1205696000.0
train_tune_95c45_00515_515,RNN,0.0252095294661123,0.7525564631078044,0.5134966143854316,0.1275302767753601,0.2619799077510834,-0.001083487761206925,1.1332199392199982e-05,-3324102.9549191906,0.006014389917254448,2223.670156688932,2223.6670749523887,1269312000.0
train_tune_95c45_00516_516,RNN,0.0471886214754798,0.7731280609847352,0.5261267516249849,0.06219556927680969,0.14022685587406158,-0.00010259781265631318,7.696567081438843e-06,-1662847.479335303,-0.0018691604491323233,6065.404413342768,6065.404189615807,5778752000.0
train_tune_95c45_00517_517,RNN,0.0470910822189542,0.7426980451910274,0.5455417967057798,0.181391641497612,0.7073716521263123,-0.008958721533417702,8.482506927975919e-06,-6101036.728572056,-0.009564870968461037,3126.848017269419,3126.605661925945,378368000.0
train_tune_95c45_00518_518,RNN,0.0308919415078812,0.7558599059635427,0.6361473049313985,0.08392927050590515,0.1445598304271698,2.4639484763611108e-05,7.454304977727588e-06,-637967.4003199897,-0.0024621332995593548,3206.190598667835,3206.1751977322,616256000.0
train_tune_95c45_00519_519,RNN,0.0251266891891891,0.7776152471616258,0.5507294333761955,0.07175047695636749,0.15300321578979492,1.3908280379837379e-05,4.035737674712436e-06,-2269474.085696882,-0.003584087360650301,4818.649229524652,4818.649227890652,5419264000.0
train_tune_95c45_00520_520,RNN,0.0377623702575229,0.7528307541203583,0.5088498249997513,0.18077129125595093,0.9169884920120239,-0.011889215558767319,1.4635804291174281e-05,-6379082.524200834,0.004446796141564846,5213.6290090051625,5213.628335806177,1826624000.0
train_tune_95c45_00521_521,RNN,0.0297460266342673,0.8072646584306127,0.5527207277904567,0.17080587148666382,0.8333327770233154,-0.009454901330173016,1.4175124306348152e-05,-8289550.389969176,-0.003648465732112527,5090.737566874415,5090.739005913814,1293312000.0
train_tune_95c45_00522_522,RNN,0.0353887648809523,0.7326577753530635,0.5487867512776914,0.11578535288572311,0.23349763453006744,-0.00076055689714849,1.0370226846134756e-05,-5493686.242111283,0.003371714148670435,2848.6593170241977,2848.850984107634,2064768000.0
train_tune_95c45_00523_523,RNN,0.0315556958030924,0.7545834886429585,0.4908321144052238,0.11734502762556076,0.1896362453699112,0.0007641881238669157,2.2579028154723346e-05,-648414.7968007423,-0.008704605512320995,1657.0928839513276,1657.10229555568,824768000.0
train_tune_95c45_00524_524,RNN,0.0311201993737619,0.7769562445662419,0.4736412484049289,0.09218113124370575,0.30141037702560425,-0.0010871210834011436,8.9632712843013e-06,-4972623.421345024,0.002660563215613365,5108.962605378575,5108.969463958465,2941312000.0
train_tune_95c45_00525_525,RNN,0.0308919415078812,0.7741211884175583,0.5608557645048915,0.0777420848608017,0.148544043302536,-0.0002962984435725957,7.745604307274334e-06,-2476443.8799297046,0.0034153528977185488,4443.417130390086,4443.4176074938605,6231360000.0
train_tune_95c45_00526_526,RNN,0.0308364465269423,0.7820065797693145,0.5330760816931874,0.1946835070848465,0.29839497804641724,-9.389707702212036e-05,1.5109902960830368e-05,-1394613.5083737203,0.0015352775808423758,793.674712539447,793.6684243941265,4019264000.0
train_tune_95c45_00527_527,RNN,0.058558597432531,0.7560984533068795,0.5295582549486568,0.1729469746351242,0.8125973343849182,-0.009250883013010025,7.4709942055051215e-06,-8631779.45678124,0.001208653673529625,4541.194495647143,4541.19450302075,2713088000.0
train_tune_95c45_00528_528,RNN,0.0302938936143201,0.7737719895824191,0.5737871647883969,0.08045066148042679,0.14423219859600067,-9.26852080738172e-05,9.600031262380071e-06,-1147356.3187764103,0.0003258585638832301,4356.90697351512,4356.907047708621,2339008000.0
train_tune_95c45_00529_529,RNN,0.0353887648809523,0.783066786361184,0.624943238795832,0.06286967545747757,0.16040858626365662,-0.00028063825448043644,5.221709216129966e-06,-1445428.5095413758,0.005470664240419865,7393.299937354081,7393.299970323264,8279296000.0
train_tune_95c45_00530_530,RNN,0.041285677846662,0.7842101483477584,0.5711060687140558,0.1662302315235138,0.9402322769165039,-0.010384583845734596,7.1215945354197174e-06,-8301558.028504588,-0.003939070273190737,6085.746280551919,6085.746295196123,2528832000.0
train_tune_95c45_00531_531,RNN,0.032557634516833,0.793177836322849,0.5383400428718262,0.2085081934928894,0.4934481680393219,-0.00753442058339715,2.7624222639133222e-05,-8129513.019305655,0.01293063536286354,1526.6246093905115,1526.6246094223434,2259200000.0
train_tune_95c45_00532_532,RNN,0.0353887648809523,0.8246334713224495,0.6413762288793798,0.06054544448852539,0.1508699208498001,-0.00011124098091386259,6.730404493282549e-06,-1637906.455018482,-0.0004794922424480319,6886.343671118788,6886.343344046383,5861184000.0
train_tune_95c45_00533_533,RNN,0.0308364465269423,0.7782227675526645,0.5890546984381055,0.05892890691757202,0.11951793730258942,-7.165790884755552e-05,8.079434337560087e-06,-2012901.797386577,0.0011736926389858127,6784.157939857569,6784.157939139644,5456448000.0
train_tune_95c45_00534_534,RNN,0.0353887648809523,0.782423079803509,0.6008363192622239,0.09640853852033615,0.17748667299747467,0.00034265840076841414,1.7308419046457857e-05,-2119892.5634383927,-0.00609994400292635,2706.137380870459,2706.1373806934644,5700736000.0
train_tune_95c45_00535_535,RNN,0.0516727060964584,0.7529578232737149,0.5189948769915187,0.07594329118728638,0.2738509774208069,-0.0007664047880098224,3.2422672120446805e-06,-3971295.421156816,-0.0012706880224868655,6769.876954010216,6769.876952747878,5580032000.0
train_tune_95c45_00536_536,RNN,0.0746667356162276,0.7727007996989971,0.5820186071403834,0.23126515746116638,0.29361993074417114,-0.0006508784717880189,3.3146789064630866e-05,-2677653.960523222,0.0018446292961016297,492.45015831117905,492.45015877823215,6195776000.0
train_tune_95c45_00537_537,RNN,0.0308364465269423,0.7950094698211483,0.6253691836806248,0.06668564677238464,0.1311263144016266,0.00013603044499177486,6.228048732737079e-06,-658858.8500773353,-0.006834422238171101,5524.793516734209,5524.784797842081,3596096000.0
train_tune_95c45_00538_538,RNN,0.0302938936143201,0.7826263681513783,0.554050683899018,0.2929913401603699,0.45157700777053833,0.001030046259984374,5.533953299163841e-05,-7174852.678545328,-0.007912433706223965,341.1531280957307,341.1510809199384,183744000.0
train_tune_95c45_00539_539,RNN,0.0303636017513801,0.7852844177972579,0.5400798001122312,0.12571273744106293,0.25453662872314453,-0.0016764684114605188,2.5131610527751036e-05,-2439095.4422735865,0.014199521392583847,2718.6492196283502,2718.8833193032974,1052800000.0
train_tune_95c45_00540_540,RNN,0.0683005734406508,0.7869823926124602,0.5697035004360551,0.09922614693641663,0.30895012617111206,-0.001218218938447535,6.8472982093226165e-06,-5072988.1664146725,-0.0021043396554887295,4747.651346524726,4747.654231494696,1364096000.0
train_tune_95c45_00541_541,RNN,0.0251266891891891,0.7331648183162205,0.57167139974062,0.158138707280159,0.2626597583293915,-0.001106067094951868,2.3928161681396887e-05,-2471001.162121553,0.005232916213572025,1398.3779738986325,1398.3792155372148,2056192000.0
train_tune_95c45_00542_542,RNN,0.0360563598179976,0.8012406785786312,0.522817130526115,0.15829794108867645,0.9685472249984741,-0.009361309930682182,8.74293164088158e-06,-7579430.05533974,-0.011878479272127151,7190.033148011418,7190.0329031760175,2774336000.0
train_tune_95c45_00543_543,RNN,0.0303636017513801,0.7755493605535452,0.5277061012302076,0.1357889324426651,0.24532872438430786,-0.0010462356731295586,1.02188660093816e-05,-4003411.187584137,0.0013889670372009277,1767.8767518591999,1767.8767542332403,2794880000.0
train_tune_95c45_00544_544,RNN,0.0311063001546769,0.7820284997858377,0.5095299978393912,0.11721628904342651,0.29467785358428955,-0.0007628582534380257,8.16456122265663e-06,-3448115.005079399,-0.003921722527593374,2849.390643195732,2849.3883254664124,1161024000.0
train_tune_95c45_00545_545,RNN,0.0850584566647361,0.7612479222969712,0.5547420258526504,0.1596737504005432,0.7971323132514954,-0.00811699591577053,7.046938662824687e-06,-7770179.625101504,-0.0021651750430464745,4848.727239957345,4848.726897297016,1616256000.0
train_tune_95c45_00546_546,RNN,0.0254028097992224,0.7737807497252084,0.483674003363115,0.08815078437328339,0.2596115171909332,-0.0004955055192112923,6.426316303986823e-06,-2986122.3666321784,-0.0049246205016970634,4726.523082531048,4726.523131775049,2156224000.0
train_tune_95c45_00547_547,RNN,0.0353887648809523,0.7707551728162513,0.554987605826051,0.12295728921890259,0.1868383288383484,0.0003412847581785172,9.258637874154374e-06,-1569090.2234822193,-0.004535004962235689,1900.0291157210172,1900.0313678556709,2089664000.0
train_tune_95c45_00548_548,RNN,0.0789818359034898,0.8065160607719672,0.5968944033590386,0.1572582721710205,0.9552921056747437,-0.009021732956171036,9.150582627626136e-06,-7064277.751372412,0.0005693255225196481,6909.261513084426,6909.260667340892,2842688000.0
train_tune_95c45_00549_549,RNN,0.0724604728545085,0.811187964469705,0.5585409621708375,0.08139102160930634,0.26854580640792847,-0.0006833305233158171,6.07430092713912e-06,-4047580.3870377825,-0.004706523381173611,5533.42372871772,5533.424509268195,4162112000.0
train_tune_95c45_00550_550,RNN,0.0659895690622729,0.7779165460873032,0.5247978801652085,0.16112615168094635,0.7639883160591125,-0.00812424998730421,1.4785664461669512e-05,-6875363.68135455,0.003233062569051981,4666.79148540152,4666.791476813463,3203712000.0
train_tune_95c45_00551_551,RNN,0.0302938936143201,0.7810850202082938,0.5281006319852062,0.09970776736736298,0.24832674860954285,-0.0005392980528995395,1.0703124644351192e-05,-2607433.5682343626,-0.004354060627520084,3773.889723238034,3773.8900889394863,1369344000.0
train_tune_95c45_00552_552,RNN,0.0315556958030924,0.8175187007624842,0.5662252672492556,0.062287308275699615,0.1565311700105667,-0.00018093032122123986,5.928235623287037e-06,-2478770.63303179,0.0018268778221681714,6932.021579198955,6932.021582466775,7953472000.0
train_tune_95c45_00553_553,RNN,0.0125033924970414,0.7782728940954993,0.5572679061528639,0.17455652356147766,0.6316158771514893,-0.0077540879137814045,4.919178536511026e-06,-6674014.436971945,0.0062393019907176495,2820.969607721213,2820.9703669498913,960192000.0
train_tune_95c45_00554_554,RNN,0.0434370078613181,0.8009071035466108,0.5385570701267648,0.1957242786884308,0.478646457195282,-0.007135950028896332,8.632307981315535e-06,-7240553.553873546,-0.00040222122333943844,1560.5239295329518,1560.5239294188839,2327232000.0
train_tune_95c45_00555_555,RNN,0.0315556958030924,0.7945232389985238,0.6517716608397448,0.06250979751348495,0.12306879460811615,-3.7963294744258747e-05,6.245692020456772e-06,-1228855.314628864,0.00015613138384651393,6999.147809793336,6999.14931919252,4018624000.0
train_tune_95c45_00556_556,RNN,0.0355568475452196,0.7847190757898646,0.527429196509411,0.17387282848358154,0.8893288969993591,-0.010267172008752823,1.886657628347166e-05,-6324285.547566157,0.0033736019395291805,5010.256110704617,5010.254627220553,1575936000.0
train_tune_95c45_00557_557,RNN,0.0302938936143201,0.7795423903581902,0.5669922162472726,0.07825548946857452,0.1359744668006897,0.00010927667608484626,5.623346169159049e-06,-2066700.1187814663,-0.002822538837790489,3886.7768219922336,3886.6298646811274,2151616000.0
train_tune_95c45_00558_558,RNN,0.0480565191428803,0.7058318954144762,0.5152435513802395,0.32359930872917175,0.4675581753253937,-0.012252219952642918,0.00010366819333285093,-6713583.409522778,0.02660178765654564,344.6564404969883,344.5545280071516,32384000.0
train_tune_95c45_00559_559,RNN,0.0050584212026218,0.7736983196605504,0.4872590510524698,0.13747261464595795,0.26553431153297424,-0.001909632352180779,1.0422812920296565e-05,-3346508.501370125,0.008920528925955296,2189.2563732689605,2189.2350641143757,543552000.0
train_tune_95c45_00560_560,RNN,0.0308919415078812,0.77213771545397,0.5416665021553312,0.11947950720787048,0.30085861682891846,-0.0006772867636755109,1.1291120245005004e-05,-3322747.3402468357,-0.006458826828747988,2657.6056315983296,2657.6553077243393,592640000.0
train_tune_95c45_00561_561,RNN,0.0251266891891891,0.7605443744794461,0.5410406179542513,0.10183219611644745,0.18708708882331848,-0.00023256118583958596,7.704792551521678e-06,-2159940.162962899,0.001466849585995078,2835.686909470177,2835.6869105636415,6896384000.0
train_tune_95c45_00562_562,RNN,0.0308364465269423,0.7822342364308947,0.565527347555046,0.10006341338157654,0.2647010385990143,-0.0007792384712956846,1.1741382877517026e-05,-3710444.8820858677,0.000767017132602632,4170.751860699372,4170.751860804454,4636864000.0
train_tune_95c45_00563_563,RNN,0.0774967382121364,0.7525644361296904,0.5189603009602874,0.08528035879135132,0.3452155590057373,-0.0011786925606429577,5.9217609305051155e-06,-2459041.7285586777,0.004114738665521145,6875.07202201387,6875.073227408475,3060736000.0
train_tune_95c45_00564_564,RNN,0.0307751637410566,0.7762527006182764,0.54664262660594,0.099263995885849,0.27785924077033997,-0.0006439709104597569,7.518348411394982e-06,-3564333.1605468295,-0.00696534663438797,3939.128690705579,3939.1285674630644,2002240000.0
train_tune_95c45_00565_565,RNN,0.0318167499143786,0.8086205083404026,0.5437435486374438,0.1488390862941742,0.8733964562416077,-0.008102424442768097,1.244603299710434e-05,-6342367.973356404,0.0009452342055737972,6984.057015928556,6984.056652027661,2681600000.0
train_tune_95c45_00566_566,RNN,0.0468140350295813,0.7712309591835174,0.5598179475628062,0.14076578617095947,0.8474411964416504,-0.007263964042067528,5.84222425459302e-06,-6207009.525620405,0.002651650458574295,7244.460054708622,7244.452817972349,2330624000.0
train_tune_95c45_00567_567,RNN,0.0353887648809523,0.7666439939090965,0.558219599055183,0.08746255189180374,0.16024121642112732,-0.00030192206031642854,1.1189241376996506e-05,-1480670.457652325,0.004316448234021664,3748.6604469866843,3748.6604688509706,2486400000.0
train_tune_95c45_00568_568,RNN,0.0303636017513801,0.7349531087412722,0.5871125228127174,0.0864718109369278,0.13546417653560638,-0.0003415426181163639,9.091579158848617e-06,-1874433.3716258907,0.00599185423925519,3268.627778739871,3268.443721259451,1947456000.0
train_tune_95c45_00569_569,RNN,0.0513472737018596,0.7908073068143112,0.55527136852674,0.1755848526954651,0.7790956497192383,-0.0092628737911582,8.59804822539445e-06,-6970824.104794453,-0.003708683419972658,3878.87138302927,3878.8685168785496,915776000.0
train_tune_95c45_00570_570,RNN,0.0353887648809523,0.7790489930458487,0.5278483190145506,0.11038966476917267,0.2397102266550064,-0.00047730020014569163,9.27858127397485e-06,-3057385.9249146692,-0.008225735276937485,2458.887787215604,2458.8877874850887,3452864000.0
train_tune_95c45_00571_571,RNN,0.0539325888390385,0.764117823460306,0.5340167745470386,0.15641871094703674,0.9036545753479004,-0.00867042038589716,9.46268301049713e-06,-6644493.084788657,0.007011177483946085,5884.287042694195,5884.287046276596,3813696000.0
train_tune_95c45_00572_572,RNN,0.0251266891891891,0.7547925181269197,0.4892756933891014,0.15766793489456177,0.3271135091781616,-0.0013696412788704038,9.332145054941066e-06,-3530581.547445901,0.0037448080256581306,1814.169364098993,1814.1693476476075,923648000.0
train_tune_95c45_00573_573,RNN,0.0251266891891891,0.781834836215743,0.5519703923235222,0.1484292894601822,0.2368813157081604,-0.002497731940820813,2.5482131604803726e-05,-2066429.823957267,0.019943073391914368,1777.4112842407826,1777.4112843659952,3506624000.0
train_tune_95c45_00574_574,RNN,0.0743440333067089,0.784480259360262,0.5892074071348288,0.09360495209693909,0.3227422833442688,-0.0010484217200428247,4.082522536918987e-06,-4934639.012118855,-0.002886486705392599,5847.379317655691,5847.379438187383,3673216000.0
train_tune_95c45_00575_575,RNN,0.0353887648809523,0.8066823082902408,0.5434394009156733,0.2318539023399353,0.3111426532268524,-0.002970700850710273,3.6297395126894116e-05,-3797313.4845048436,0.009488744661211967,651.6136583259424,651.6109723796276,810624000.0
train_tune_95c45_00576_576,RNN,0.0353887648809523,0.7908060757734352,0.5212761264383401,0.0858910083770752,0.32760804891586304,-0.0010744004976004362,7.035977432678919e-06,-3192080.744378468,0.0002284267684444785,6406.392051336647,6406.393147177412,2421440000.0
train_tune_95c45_00577_577,RNN,0.0527845139860324,0.727935870149901,0.544908302951573,0.1381196230649948,0.8218117952346802,-0.007092655170708895,8.325443559442647e-06,-6976009.818852435,0.01294639240950346,6880.884385056139,6880.8933261115,2090048000.0
train_tune_95c45_00578_578,RNN,0.0420682893965939,0.7759788102172196,0.5881011210811482,0.1548614501953125,0.7668927311897278,-0.0074521517381072044,9.388359103468247e-06,-6592314.782263555,-0.0030921122524887323,5086.918560202104,5086.919047224574,1816256000.0
train_tune_95c45_00579_579,RNN,0.0361195579618779,0.787203499755956,0.5363027404366659,0.10665077716112137,0.2855767011642456,-0.0011929464526474476,6.1525074670498725e-06,-2510136.687684287,0.006892811972647905,3366.4226958186186,3366.422697078116,3873152000.0
train_tune_95c45_00580_580,RNN,0.0335691392970439,0.7571615238951988,0.6061729239673342,0.07562422752380371,0.144553542137146,0.0003136204613838345,4.4954913391848095e-06,-1416894.3848411094,-0.010197324678301811,4078.3188024953324,4078.318903025983,4469888000.0
train_tune_95c45_00581_581,RNN,0.0387469250989198,0.7910473239527729,0.5598737558604034,0.15153855085372925,0.9527382850646973,-0.008535593748092651,7.729923709121067e-06,-6225916.50677391,-0.0024632755666971207,7241.498923661694,7241.498915249536,4972928000.0
train_tune_95c45_00582_582,RNN,0.030944560574557,0.8234525917812465,0.6269404775531829,0.09974746406078339,0.2447081208229065,-0.0005220772000029683,1.3055786439508665e-05,-3392457.8445756366,-0.001442190958186984,3398.5991211575056,3398.5754918235434,2185792000.0
train_tune_95c45_00583_583,RNN,0.0315556958030924,0.7509989134701138,0.5365150782185081,0.06135410815477371,0.14133010804653168,-0.00017429950821679085,6.0280299294390716e-06,-1954166.5569775377,0.0018371850019320846,6237.104714482322,6237.104752076728,4620608000.0
train_tune_95c45_00584_584,RNN,0.0699775698945519,0.7923485752103273,0.4874108987893465,0.16158173978328705,0.9595502614974976,-0.009531579911708832,6.690472673653858e-06,-6524958.244440921,0.00026754767168313265,6387.202081468444,6387.202069551598,3739328000.0
train_tune_95c45_00585_585,RNN,0.0100689413028057,0.7906928608806847,0.5138640052019497,0.1617422252893448,0.86366868019104,-0.008931293152272701,6.441540790547151e-06,-7536330.98706142,0.00981832668185234,5866.7459119170035,5866.745889710324,2762496000.0
train_tune_95c45_00586_586,RNN,0.0020677633289941,0.8020271483124903,0.4783657779571018,0.15011245012283325,0.8520610332489014,-0.007694157771766186,9.388836588186678e-06,-7654252.25799994,0.004565278999507427,6756.543841356515,6756.54384716614,4290048000.0
train_tune_95c45_00587_587,RNN,0.0518553604781288,0.8236230035774819,0.5374354079429131,0.09561049938201904,0.30687078833580017,-0.0011965837329626083,7.15529949957272e-06,-4439584.061115952,0.006695170886814594,5313.51523376779,5313.516146514243,4372544000.0
train_tune_95c45_00588_588,RNN,0.0591358147017275,0.7854963937046622,0.5345139959179592,0.14312300086021423,0.7709705829620361,-0.006561461836099625,7.4482841228018515e-06,-6175793.27237431,-0.0035519711673259735,5651.091400606729,5651.091393484508,3588992000.0
train_tune_95c45_00589_589,RNN,0.0700681506570683,0.7642636034153691,0.5309460413423599,0.16473707556724548,0.7365456223487854,-0.008102260529994965,6.046455382602289e-06,-8522562.158605,-0.0009954816196113825,4106.767738484439,4106.767742129205,2349696000.0
train_tune_95c45_00590_590,RNN,0.0401802662136847,0.7784754577627497,0.5378014646641022,0.15268126130104065,0.8918417692184448,-0.008924014866352081,8.068545866990462e-06,-6959607.140711813,0.007879883982241154,7035.03392394491,7035.033933669696,3950208000.0
train_tune_95c45_00591_591,RNN,0.0535429574802279,0.7989753593861559,0.6095927266831318,0.09024222940206528,0.377685010433197,-0.001272793859243393,1.0166502761421725e-05,-3344529.431218811,-0.005059294402599335,6222.7978996761485,6222.797843195149,4186496000.0
train_tune_95c45_00592_592,RNN,0.0381755583382549,0.7896737906687628,0.5097935504960156,0.08855105191469193,0.35001999139785767,-0.0013186910655349493,8.601404260843992e-06,-3331577.0568873817,0.004880263935774565,6803.943114700021,6803.943111630413,7424832000.0
train_tune_95c45_00593_593,RNN,0.0320403208519169,0.8081210294358263,0.5845695093864354,0.06522311270236969,0.1473228931427002,-2.635026612551883e-05,8.994488780444954e-06,-2075963.1959893208,-0.0023582500871270895,6523.835147266228,6523.836531823049,4708608000.0
train_tune_95c45_00594_594,RNN,0.0308919415078812,0.7864871110366789,0.6659730941190631,0.3275969326496124,0.41264286637306213,-0.012653591111302376,5.4408752475865185e-05,-609004.6439011939,0.019484151154756546,341.440968212518,341.44096821132644,6345152000.0
train_tune_95c45_00595_595,RNN,0.0545765517444491,0.7936974741648256,0.5435729968798193,0.19457672536373138,0.32499897480010986,-0.0039050302002578974,1.985027120099403e-05,-3855808.371573279,0.012980209663510323,1088.9016365463694,1088.901636505428,2974400000.0
train_tune_95c45_00596_596,RNN,0.0375977962883338,0.7974527584931568,0.5333928922913171,0.15903940796852112,0.9461566805839539,-0.00907121691852808,8.42272311274428e-06,-7170246.3463030895,0.010513571090996265,6984.324307143125,6984.324401409882,3056384000.0
train_tune_95c45_00597_597,RNN,0.0594316123962141,0.8090498210164057,0.5595786152566653,0.22985287010669708,0.33219489455223083,-0.0024844715371727943,2.6444700779393315e-05,-6048218.136401812,0.007372662425041199,666.2503513771452,666.2486530032196,1498304000.0
train_tune_95c45_00598_598,RNN,0.0334639336722414,0.7642796922396886,0.5440271871114563,0.12413114309310913,0.24078777432441711,-0.0005137375555932522,1.3169577869120985e-05,-3621674.1070898357,-0.006182771176099777,2207.6602730269833,2207.6602847885024,2036672000.0
train_tune_95c45_00599_599,RNN,0.0472497757585094,0.7986429250993287,0.5406292681975783,0.15997998416423798,0.9738599061965942,-0.009422801434993744,7.511882358812727e-06,-6623217.291162004,-0.006070615723729134,6986.405321757721,6986.405344829143,3331712000.0
train_tune_95c45_00600_600,RNN,0.0624053545080375,0.7834229806542271,0.5499862755375565,0.08229132741689682,0.16543111205101013,-0.0002010132884606719,6.2637109294882976e-06,-2041601.1272570498,0.0014778965851292014,4018.998910702591,4018.9989104863844,10083392000.0
train_tune_95c45_00601_601,RNN,0.0269378545561957,0.8053023998474247,0.5172570965633404,0.18524757027626038,0.6965774297714233,-0.009606452658772469,1.2442268598533701e-05,-7110950.866652419,0.011399460956454277,3203.0936496877075,3203.093629704126,1822464000.0
train_tune_95c45_00602_602,RNN,0.0303636017513801,0.8083760826155796,0.647127036673445,0.07348387688398361,0.16571852564811707,-0.0003319517709314823,9.79860942607047e-06,-1621071.1666120442,0.006074839271605015,5962.571631082963,5962.571635277093,7988864000.0
train_tune_95c45_00603_603,RNN,0.0123017068800327,0.7758300336809174,0.4570729646377178,0.1673688292503357,0.8925416469573975,-0.01001064758747816,5.6333778957196046e-06,-7466122.386849146,0.00960465706884861,5831.039334193577,5831.039334370034,4137984000.0
train_tune_95c45_00604_604,RNN,0.0315556958030924,0.7652978276206597,0.6081312233934684,0.1031283289194107,0.18223881721496582,-0.00038269913056865335,2.506557575543411e-05,-1445152.4378883743,0.004492160398513079,2865.0512601256232,2865.051259681194,6552640000.0
train_tune_95c45_00605_605,RNN,0.0308364465269423,0.7889217577667922,0.479025765396954,0.06702999025583267,0.12277882546186447,-0.00016597691865172237,1.3985312762088142e-05,-1065779.3000889514,0.00503585347905755,6362.9572357765,6362.957236843833,7220288000.0
train_tune_95c45_00606_606,RNN,0.1023436919195004,0.7826775946263879,0.5202775656106123,0.1471894085407257,0.8323734998703003,-0.007343672215938568,6.4139385358430445e-06,-6344312.894258994,0.008205292746424675,6069.571055343336,6069.571037093949,3161600000.0
train_tune_95c45_00607_607,RNN,0.0512106631703652,0.787176665825553,0.5542857786430354,0.1532963514328003,0.8856285810470581,-0.008266237564384937,7.264286978170276e-06,-8050767.400780604,-0.004129903856664896,6693.129475613559,6693.129478667599,4133504000.0
train_tune_95c45_00608_608,RNN,0.0251266891891891,0.7486935165936566,0.563369707755652,0.254018634557724,0.4335022568702698,-0.010986470617353916,9.839826816460118e-05,-2948532.751105461,0.03168967738747597,640.1853219551244,640.1853356738824,850496000.0
train_tune_95c45_00609_609,RNN,0.0272768576048015,0.7961243851677311,0.5619656633544208,0.0974036380648613,0.28884172439575195,-0.0005679774913005531,8.594958671892527e-06,-3654640.399787882,-0.009684772230684757,4220.746103005694,4220.751476385467,2675520000.0
train_tune_95c45_00610_610,RNN,0.0308641975308641,0.7633225125872518,0.507744856257381,0.16073505580425262,0.7092604637145996,-0.007773605175316334,1.4537546121573541e-05,-6938295.401423413,0.019795922562479973,4219.65176798313,4219.651767179342,3329856000.0
train_tune_95c45_00611_611,RNN,0.0318378135879488,0.7925227587087951,0.4940454042001943,0.09166783094406128,0.3257901668548584,-0.001060971524566412,1.0929212294286117e-05,-2873964.710516637,-0.0001004964578896761,5603.91715169817,5603.917144234574,5428352000.0
train_tune_95c45_00612_612,RNN,0.0690389272830595,0.7652569832552587,0.5627289826003048,0.25843945145606995,0.37205761671066284,0.01443949993699789,3.388377808732912e-05,-8361411.507919802,-0.02829723246395588,341.95684811813686,341.9568479993441,988544000.0
train_tune_95c45_00613_613,RNN,0.0436558657315393,0.7858811900853357,0.4965094625640609,0.17890644073486328,0.6668006181716919,-0.008864322677254677,1.2217642506584525e-05,-7405451.467360582,0.011310990899801254,3090.7415830175805,3090.7415881346706,1401024000.0
train_tune_95c45_00614_614,RNN,0.0315556958030924,0.7644814276608938,0.5388102161467208,0.10305410623550415,0.2567448616027832,-0.0002809576690196991,8.403514584642835e-06,-4347644.133314009,-0.012022703886032104,3102.0781195722143,3102.07814975279,1601216000.0
train_tune_95c45_00615_615,RNN,0.0310314186559583,0.7614040477345496,0.6222654778642832,0.061729367822408676,0.10693252086639404,4.112371607334353e-05,4.229508704156615e-06,-2176623.0504809194,-0.00171206658706069,5949.452918378193,5949.45348868519,4114496000.0
train_tune_95c45_00616_616,RNN,0.0452284461374517,0.7206187191787407,0.5283055206439236,0.2156130075454712,0.6824175119400024,-0.01128838025033474,1.0924799425993115e-05,-7080086.228428288,0.009562129154801369,2054.9081791325652,2054.9368043361437,271616000.0
train_tune_95c45_00617_617,RNN,0.130244033499352,0.79954422388179,0.6030879414371384,0.1066536232829094,0.18598714470863342,-5.72254866710864e-05,1.1749286386475433e-05,-1762415.2093789156,-0.0011488422751426697,2687.306670049912,2687.3066693422325,3644864000.0
train_tune_95c45_00618_618,RNN,0.0355775343008305,0.8011286230698895,0.4783772403979739,0.08203785866498947,0.2882016897201538,-0.0008053804049268365,6.756041784683475e-06,-3333713.519869841,-0.0022276106756180525,5973.395907153012,5973.395882703812,3604224000.0
train_tune_95c45_00619_619,RNN,0.0315556958030924,0.7622469254060997,0.553076284955283,0.17102345824241638,0.23312558233737946,0.0015263207023963332,2.2114298189990222e-05,-1472492.2337909355,-0.00859429594129324,949.4263300366795,949.4263331462955,4991488000.0
train_tune_95c45_00620_620,RNN,0.0345096371882086,0.8127485751185477,0.5330056682766646,0.13849040865898132,0.8136414289474487,-0.006712290458381176,1.0365531124989502e-05,-6866252.414349189,0.008207964710891247,6548.096828123582,6548.089462683257,2120832000.0
train_tune_95c45_00621_621,RNN,0.0386703780092164,0.8096133645537908,0.5798246803895049,0.06747473031282425,0.14693708717823029,9.151727863354608e-05,4.691808499046601e-06,-1368194.214575443,-0.005751567892730236,5811.735505980156,5811.735505488861,8145536000.0
train_tune_95c45_00622_622,RNN,0.1233891298971027,0.7831112148438951,0.5526360390580588,0.1531258523464203,0.8324272036552429,-0.008119843900203705,1.1595975593081675e-05,-8178192.43187282,-0.02175924926996231,5920.985010190505,5920.985685387486,1923968000.0
train_tune_95c45_00623_623,RNN,0.0421625478540888,0.771164957163835,0.5135591544311933,0.09975504875183105,0.22922027111053467,-0.0006420257268473506,7.388735866697971e-06,-4896552.573894611,0.0027263753581792116,3707.1096714670857,3707.103029235248,1532160000.0
train_tune_95c45_00624_624,RNN,0.0577204583953595,0.7769588131918539,0.5665240826030281,0.19335800409317017,0.7320892810821533,-0.011141013354063034,1.7881167877931148e-05,-6537470.048762385,0.004740455187857151,2873.767806499828,2873.771693049193,488000000.0
train_tune_95c45_00625_625,RNN,0.0377601715989207,0.8032915611637981,0.586946747210852,0.0779942125082016,0.1447511911392212,1.4235629350878298e-05,7.500411811633967e-06,-1152156.4750914862,-0.0027304510585963726,4048.5278876279185,4048.5219148038323,2067200000.0
train_tune_95c45_00626_626,RNN,0.0509648783027793,0.7581464177039273,0.5579867116161603,0.15894362330436707,0.82014000415802,-0.008046343922615051,8.026804607652593e-06,-6751012.460508253,0.0062329210340976715,4946.31793874656,4946.317937338309,3726144000.0
train_tune_95c45_00627_627,RNN,0.0809145446629518,0.7507724557179676,0.4937385807343148,0.17267578840255737,0.6914461255073547,-0.008240483701229095,1.1401779374864418e-05,-6565016.5563972,-0.004156987648457289,3353.860324009946,3353.861575726759,985472000.0
train_tune_95c45_00628_628,RNN,0.0308364465269423,0.7799064324585822,0.546131115143679,0.07282451540231705,0.14713406562805176,-3.031753294635564e-05,6.4460455178050324e-06,-1130008.2194341184,-0.0038985980208963156,5108.029685336168,5108.029682520964,6587392000.0
train_tune_95c45_00629_629,RNN,0.0251266891891891,0.8007691113241331,0.6596796917998854,0.3220296800136566,0.4294489622116089,-0.012582207098603249,2.859388041542843e-05,-1535709.9654095087,0.02076534926891327,343.3054934516097,343.3054936061591,4536064000.0
train_tune_95c45_00630_630,RNN,0.0353887648809523,0.764621251167443,0.5237046919711081,0.11367189139127731,0.26350605487823486,-0.0007382764015346766,1.0695791388570797e-05,-3092413.2437928403,-0.0026849552523344755,2673.445011584913,2673.5128380609563,653312000.0
train_tune_95c45_00631_631,RNN,0.0308919415078812,0.7811530518029166,0.5861499215509411,0.07674168050289154,0.26144468784332275,-0.0007149428129196167,1.1324358638375998e-05,-2859944.134695037,0.007202946115285158,6836.476751892025,6836.4895398344015,1930624000.0
train_tune_95c45_00632_632,RNN,0.078694449593106,0.8126478799409147,0.539075789482457,0.0869714617729187,0.3289228081703186,-0.001147136208601296,7.1942827162274625e-06,-3377198.929531476,-0.0033871540799736977,6253.144876218666,6253.14414269981,2709568000.0
train_tune_95c45_00633_633,RNN,0.0315556958030924,0.7835026751185444,0.6058580582473158,0.08079735934734344,0.3195159435272217,-0.0009904117323458195,8.034444363147486e-06,-4482264.440316041,0.001404143637046218,6873.610254084911,6873.610256579614,5775744000.0
train_tune_95c45_00634_634,RNN,0.0303636017513801,0.7831797176501074,0.6110172763212436,0.07725940644741058,0.1536153256893158,9.536510333418846e-06,1.8252514564665034e-05,-1217156.6862294902,-0.005871106870472431,3915.9283513351725,3915.9282262124357,1777664000.0
train_tune_95c45_00635_635,RNN,0.0251120784874277,0.7527931083995629,0.511505969067588,0.0833832398056984,0.14523155987262726,-0.00024335797934327275,8.043365596677177e-06,-1236057.6409927495,0.00555725023150444,3730.41999218425,3730.42015321871,1943808000.0
train_tune_95c45_00636_636,RNN,0.0388370733884992,0.80265495314941,0.5273308896326943,0.19840006530284882,0.7607386708259583,-0.011138774454593658,1.5828964023967274e-05,-6129552.160722046,0.01300203800201416,2993.238764274588,2993.2775546031908,440064000.0
train_tune_95c45_00637_637,RNN,0.1065304158677351,0.8054555133546307,0.5721918142557622,0.138473242521286,0.8119946122169495,-0.006917091086506844,7.836379154468887e-06,-6930258.55007165,0.0018444745801389217,6843.61187842254,6843.611792765576,3029952000.0
train_tune_95c45_00638_638,RNN,0.0328114059145033,0.7747354786180667,0.5112853453568892,0.16308918595314026,0.7993633151054382,-0.008825765922665596,5.877931926079327e-06,-6435864.74960581,-0.004192660097032785,4597.937372856075,4597.937372941167,3765888000.0
train_tune_95c45_00639_639,RNN,0.0051637546862842,0.6597857603927118,0.507626440806439,0.426920622587204,0.6292775869369507,-0.04368502274155617,3.819775520241819e-05,-5792569.222226175,0.05449174344539642,339.36916769676577,339.33997297626786,8064000.0
train_tune_95c45_00640_640,RNN,0.0251266891891891,0.7889522153516125,0.5948302708259062,0.07303407043218613,0.16269609332084656,-0.00022453130804933608,1.303285807807697e-05,-2207501.6516281506,0.003665956435725093,5571.159785799945,5571.15227781097,4660608000.0
train_tune_95c45_00641_641,RNN,0.0353887648809523,0.7524502919058185,0.5368542772129886,0.09487825632095337,0.16018734872341156,-0.00023600339773111045,1.3299935744726099e-05,-1200650.1471195533,0.003971038851886988,3191.6277177112593,3191.627058159026,2181824000.0
train_tune_95c45_00642_642,RNN,0.0051637546862842,0.7470691681958896,0.6379806715048857,0.3808319866657257,0.4952712059020996,-0.021559027954936028,5.95606688875705e-05,-6215913.171556669,0.027007486671209335,341.315283016978,341.3152830416542,1659968000.0
train_tune_95c45_00643_643,RNN,0.0315556958030924,0.7736367646567026,0.5478617521549984,0.07842206954956055,0.25066298246383667,-0.000549016403965652,6.87516558173229e-06,-3374170.049009759,-0.001696903258562088,6258.1144904658795,6258.1197309571735,1579328000.0
train_tune_95c45_00644_644,RNN,0.0251266891891891,0.6777392965448668,0.5371222064533396,0.3824410140514374,0.6038382053375244,-0.034262627363204956,0.00018770528549794108,-6145165.603519385,0.05083015561103821,319.82716422180175,322.58843527076476,1872704000.0
train_tune_95c45_00645_645,RNN,0.0485659099717734,0.8080615818759865,0.6066825747716256,0.19040603935718536,0.7439640760421753,-0.010713329538702965,1.4138419828668702e-05,-6823206.404681079,0.00681911688297987,3057.3613172476003,3057.4372220364094,399296000.0
train_tune_95c45_00646_646,RNN,0.030838399189463,0.7608223084313906,0.5165529686166751,0.08773748576641083,0.17126241326332092,-0.00021275161998346448,1.2945431080879644e-05,-2051842.2065334055,0.0009763197740539908,3940.7068194232643,3940.7071568028596,6259584000.0
train_tune_95c45_00647_647,RNN,0.011292676655323,0.7892020220246422,0.6005309463790969,0.08679525554180145,0.33623644709587097,-0.0011548094917088747,9.485567716183141e-06,-5133306.568859496,0.001693243975751102,7345.264114228747,7345.264112295867,7814336000.0
train_tune_95c45_00648_648,RNN,0.0647535507069347,0.7472778614022859,0.5438194038602553,0.16125640273094177,0.6178619861602783,-0.007169496268033981,8.035634891712107e-06,-6813023.257438721,-0.012992417439818382,3439.5020774512473,3439.66627790713,441408000.0
train_tune_95c45_00649_649,RNN,0.0303636017513801,0.7992621035500463,0.5028571251813689,0.11606159806251526,0.25745904445648193,-0.0008159903809428215,2.035364377661608e-05,-3301315.2257459206,0.0033941674046218395,2867.1883641465192,2867.177796829524,2588544000.0
train_tune_95c45_00650_650,RNN,0.0051637546862842,0.7883407742798034,0.6084833306688213,0.07968545705080032,0.15486273169517517,-0.0004421596531756222,9.094046617974527e-06,-1542895.993245801,0.00874111894518137,4727.052893138032,4727.052894160372,5283648000.0
train_tune_95c45_00651_651,RNN,0.0354442972354343,0.7930458734155508,0.613346635791185,0.08389320969581604,0.318755567073822,-0.0010212038177996874,4.720603101304732e-06,-3868667.600053908,0.0021095843985676765,6214.1060814971415,6214.106125314079,3794880000.0
train_tune_95c45_00652_652,RNN,0.0349754612660744,0.7645349704316468,0.5954861102772359,0.07701380550861359,0.2586404085159302,-0.0006369940238073468,5.7840543377096765e-06,-3267092.309074266,0.004253113176673651,6793.31562216666,6793.314562264257,2436288000.0
train_tune_95c45_00653_653,RNN,0.0772663758389493,0.7811493667722338,0.5064011012632494,0.16312053799629211,0.7084968090057373,-0.00790888350456953,1.35873642648221e-05,-6517848.914622031,-0.0012044929899275303,4136.435388314676,4136.435391500079,2881728000.0
train_tune_95c45_00654_654,RNN,0.0051637546862842,0.7623121438846705,0.6032557287765263,0.07641062140464783,0.15637598931789398,-0.00023236502602230757,3.080931037402479e-06,-1143071.0949461143,0.0036158449947834015,4571.807718339387,4571.8077183235455,9506240000.0
train_tune_95c45_00655_655,RNN,0.0353887648809523,0.7533818276354483,0.5069012159840683,0.12560845911502838,0.22789981961250305,0.0006876506377011538,1.961211637535598e-05,-4768992.839791788,-0.012644467875361443,1533.5863912888237,1533.586391074086,2677568000.0
train_tune_95c45_00656_656,RNN,0.0302938936143201,0.7834006868897609,0.5708298588363299,0.08864863216876984,0.14184370636940002,-0.00010818609007401392,1.4590124919777736e-05,-2216903.704795885,-0.001031445455737412,3190.2629279671883,3190.488050668513,1104896000.0
train_tune_95c45_00657_657,RNN,0.0315556958030924,0.8225427573555371,0.5432778688877933,0.0713750422000885,0.12228025496006012,-0.00013216439401730895,1.754568438627757e-05,-1602594.5451594207,0.002950401743873954,4698.3940648186,4698.478322053419,6588608000.0
train_tune_95c45_00658_658,RNN,0.0353887648809523,0.7767983033235805,0.5323224644560505,0.08996456861495972,0.3567036986351013,-0.001208334811963141,8.847690878610592e-06,-3780161.2376838154,0.005002700723707676,6453.085435896037,6453.084839459247,2229056000.0
train_tune_95c45_00659_659,RNN,0.1187560638083089,0.7600004845016206,0.5225019503040423,0.17221635580062866,0.7360024452209473,-0.008282329887151718,7.928383638500236e-06,-7079834.985239096,-0.011515509337186813,3627.9018491578613,3627.9012238872224,1374656000.0
train_tune_95c45_00660_660,RNN,0.0496405612773899,0.7736671005829756,0.6181556713438967,0.08157634735107422,0.15322540700435638,-4.949835056322627e-05,4.349635219114134e-06,-945339.3922226663,-0.0020507830195128918,4081.971985489803,4081.9719835358724,3880064000.0
train_tune_95c45_00661_661,RNN,0.1001088431929524,0.778070890527053,0.4853514349916104,0.16592693328857422,0.7402073740959167,-0.008689003065228462,1.0462043064762838e-05,-7750541.849632556,0.0010963869281113148,4374.717497517708,4374.71749199735,2397888000.0
train_tune_95c45_00662_662,RNN,0.0308919415078812,0.8252254793009505,0.6640850443396442,0.05719254910945892,0.11373095959424973,-7.736645784461871e-05,8.035731298150495e-06,-1900361.9257769191,0.0018031573854386806,6637.770806264582,6637.780248035031,6234112000.0
train_tune_95c45_00663_663,RNN,0.0383730857760746,0.770333700123346,0.5316478204417232,0.15798313915729523,0.9493082761764526,-0.009779117070138454,8.256548426288646e-06,-6871914.464559403,-0.0009401715942658484,7063.096392098407,7063.09639750331,4630016000.0
train_tune_95c45_00664_664,RNN,0.040017328718901,0.7561832121251979,0.548594197143914,0.24815744161605835,0.468999981880188,-0.005378450267016888,2.0421781300683506e-05,-5988605.443148308,-0.008058734238147736,790.5346250740679,791.6296173310486,35072000.0
train_tune_95c45_00665_665,RNN,0.06321707556388,0.7805572243910817,0.5082208192400622,0.1670517921447754,0.7062883377075195,-0.007782959379255772,1.3816284081258345e-05,-6419154.679664769,0.00037482520565390587,3685.863244008353,3685.863254365371,1840064000.0
train_tune_95c45_00666_666,RNN,0.0238378294644439,0.77717783930429,0.5268159884372617,0.18989330530166626,0.715692400932312,-0.010579857975244522,1.1998992704320699e-05,-9276057.524556061,0.012560159899294376,3140.8404711278336,3140.8404750037203,2333888000.0
train_tune_95c45_00667_667,RNN,0.0352822580645161,0.7461368091310789,0.5690571424877089,0.0726795643568039,0.14410683512687683,0.00015458199777640402,1.0994674084940925e-05,-1504008.1854287777,-0.008028927259147167,4539.107552122144,4539.105986923182,1497088000.0
train_tune_95c45_00668_668,RNN,0.0595403793375208,0.7826455162951621,0.586823871963319,0.0915929302573204,0.263699471950531,-0.0005810627480968833,3.7752470234408975e-06,-2965595.0279725697,-0.012663895264267921,4353.993222639209,4354.015323086631,1667456000.0
train_tune_95c45_00669_669,RNN,0.0251266891891891,0.7965839745931524,0.5713168052962867,0.20471927523612976,0.35304322838783264,-0.003228601301088929,2.3776807211106643e-05,-3942230.789092983,0.010494531132280827,958.6288405266198,958.6318838087659,2782016000.0
train_tune_95c45_00670_670,RNN,0.0539424691568318,0.7619060005544922,0.6152500719821032,0.060775384306907654,0.13827040791511536,-0.000106254214188084,5.501934538187925e-06,-1634387.7107639383,-0.0002109357446897775,7050.668055925613,7050.668057722397,5605824000.0
train_tune_95c45_00671_671,RNN,0.0238480506357291,0.7569031346606216,0.5848609625603732,0.09136863797903061,0.32680290937423706,-0.00115959404502064,7.059136805764865e-06,-3715744.7694614343,-0.002807863522320986,5968.154344247569,5968.152759616618,2108096000.0
train_tune_95c45_00672_672,RNN,0.046502237602255,0.8095325309092618,0.573226751524425,0.0903678685426712,0.3712043762207031,-0.0014245372731238604,4.574221748043783e-06,-3550112.4631236102,0.004417327232658863,6690.145186287551,6690.145142985612,4774400000.0
train_tune_95c45_00673_673,RNN,0.0644943431204066,0.7254262671611214,0.5343763159257814,0.16479521989822388,0.7235100269317627,-0.008023770526051521,6.990830570430262e-06,-7011557.317694325,0.0033763470128178596,4201.484435866661,4201.484980672337,1457856000.0
train_tune_95c45_00674_674,RNN,0.029979156208518,0.806489431000533,0.5583509102129443,0.09157983213663101,0.30499619245529175,-0.0010412897681817412,8.011923455342185e-06,-4060028.5661816336,0.004172529559582472,5655.577719296141,5655.5777223792675,3782144000.0
train_tune_95c45_00675_675,RNN,0.0666915703938056,0.7748565212653882,0.5006345089095317,0.1520787477493286,0.824553370475769,-0.007841641083359718,1.0867974197026342e-05,-6532374.250976931,-0.001988094300031662,6058.547713273723,6058.568721838053,1394432000.0
train_tune_95c45_00676_676,RNN,0.0866819727950872,0.7657890453680282,0.530620567529485,0.17129629850387573,0.8739176392555237,-0.009348379448056221,9.057869647222105e-06,-6215605.351334934,0.0023840325884521008,4941.884523895028,4941.884534311936,1916928000.0
train_tune_95c45_00677_677,RNN,0.0721980597020212,0.7728792942626321,0.5271199943396507,0.15284588932991028,0.8847521543502808,-0.008314045146107674,5.778030754299834e-06,-6257931.192322544,0.007915559224784374,6691.121630628458,6691.121630784346,5591168000.0
train_tune_95c45_00678_678,RNN,0.0415113229206069,0.7179805064283752,0.5179942739047882,0.2734866738319397,0.49844980239868164,-0.009800401516258717,4.7406083467649296e-05,-6649835.6266671475,0.010988932102918625,642.1626442083189,642.1532718081169,65024000.0
train_tune_95c45_00679_679,RNN,0.1152327352963162,0.7622697129494557,0.5598243802139392,0.13297629356384277,0.6167758107185364,-0.005072866566479206,7.719420864304993e-06,-7784348.473789644,-0.0037883126642555,5079.757074742027,5079.741872651757,966272000.0
train_tune_95c45_00680_680,RNN,0.0051637546862842,0.7554347074762745,0.5647696912586686,0.06795457750558853,0.13750071823596954,-0.00016806520579848439,5.36094194103498e-06,-2028152.1555825854,0.0037552497815340757,6507.722675634347,6507.72267684699,6298304000.0
train_tune_95c45_00681_681,RNN,0.0391140645279098,0.8020524716676285,0.5267521799042902,0.11113469302654266,0.2811600863933563,-0.0011567191686481237,6.519313501485158e-06,-3938719.0026303087,0.002543539274483919,3232.5031336500683,3232.494338054511,1032256000.0
train_tune_95c45_00682_682,RNN,0.0354160717196878,0.7755907212766828,0.6715369131039695,0.1643560826778412,0.5983434915542603,-0.0066141402348876,1.0558385838521644e-05,-7644353.608144884,-0.0005508845206350088,3190.7122349211295,3190.6452165471496,365696000.0
train_tune_95c45_00683_683,RNN,0.0220220055343259,0.7200052045749464,0.5876481531313502,0.09648754447698593,0.18333271145820618,-0.0003835019888356328,1.6658048480167054e-05,-3123834.7552844095,0.003617847803980112,3063.4409475688717,3063.4409374704383,1816000000.0
train_tune_95c45_00684_684,RNN,0.0308641975308641,0.7922435402851036,0.5518213099654132,0.18807801604270935,0.6999155282974243,-0.008824273012578487,1.2465135114325676e-05,-6928374.8016558215,-0.011274539865553379,2819.8034833501124,2819.8103020982626,368000000.0
train_tune_95c45_00685_685,RNN,0.0464591103834882,0.7902974520963917,0.5143897547291346,0.09493162482976913,0.3530110716819763,-0.0013645438011735678,6.343491349980468e-06,-3846716.415060464,0.006709038745611906,6097.262043262653,6097.262041240465,6540096000.0
train_tune_95c45_00686_686,RNN,0.0353887648809523,0.8058383027798293,0.5058833713819719,0.13127081096172333,0.2457711547613144,0.0006232239538803697,1.2407530448399484e-05,-4003752.571012346,-0.010514589957892895,1530.2818299974272,1530.281830735462,4602048000.0
train_tune_95c45_00687_687,RNN,0.0353887648809523,0.7681542187316929,0.5963428891674353,0.06334097683429718,0.12458798289299011,-6.993639544816688e-05,4.948265086568426e-06,-1950499.7411350019,0.0003309986204840243,5499.027127315488,5499.02977599769,3838592000.0
train_tune_95c45_00688_688,RNN,0.0303636017513801,0.7798557064869631,0.5055964618704755,0.089754618704319,0.2359476089477539,-0.0007051735883578658,9.50684079725761e-06,-4230705.290134022,0.001742216874845326,4628.044289629677,4628.017244957884,2659520000.0
train_tune_95c45_00689_689,RNN,0.0747846232976789,0.768820360231324,0.5127631040640996,0.14061257243156433,0.8350473642349243,-0.006893735378980637,1.1041829566238448e-05,-6539560.1236455515,-0.003166372189298272,6806.245566942307,6806.24617991485,2121536000.0
train_tune_95c45_00690_690,RNN,0.0308919415078812,0.8047704269413712,0.6247181615018137,0.06935366243124008,0.1617889702320099,-5.811536539113149e-05,4.305335551180178e-06,-1384544.5228406712,-0.0025146258994936943,6057.016021274732,6057.016074774714,8077120000.0
train_tune_95c45_00691_691,RNN,0.0251266891891891,0.7964805284219103,0.5561004322877453,0.10431448370218277,0.21789121627807617,-0.00031645194394513965,1.3808887160848826e-05,-4962491.907711381,0.0009232480078935623,2859.9657766075243,2859.917838041135,1995392000.0
train_tune_95c45_00692_692,RNN,0.0051637546862842,0.7688046583221996,0.6007971086471033,0.085747130215168,0.15764310956001282,-0.0005554758245125413,9.29097950574942e-06,-2010985.606550512,0.011295813135802746,4488.573779654868,4488.57368831912,6532736000.0
train_tune_95c45_00693_693,RNN,0.0316724849254205,0.7337803746470068,0.528055584797587,0.07067298889160156,0.15297836065292358,-0.00012114518176531419,5.453365702123847e-06,-993268.2596115504,0.0016398001462221146,5914.119153963368,5914.118870965627,2336448000.0
train_tune_95c45_00694_694,RNN,0.0308364465269423,0.7793956813087803,0.5612403025051214,0.09051640331745148,0.16699627041816711,0.0001287609920836985,1.3201633009884972e-05,-2152614.753105323,-0.00586378900334239,3577.695140816757,3577.6951399206055,5921152000.0
train_tune_95c45_00695_695,RNN,0.0304923308588346,0.7561906696460216,0.5554970084908878,0.07284487038850784,0.15674936771392822,1.4048651792109013e-05,5.502758540387731e-06,-2503119.2242552782,-0.0041960496455430984,5368.80517000804,5368.805159319379,7415744000.0
train_tune_95c45_00696_696,RNN,0.0302938936143201,0.7521837014056107,0.6195545455474253,0.07589729875326157,0.13337403535842896,-0.00010503162775421515,7.547378118033521e-06,-1794111.706905964,0.0016657635569572449,4920.713815582831,4920.7138126780965,2974144000.0
train_tune_95c45_00697_697,RNN,0.0565938221314486,0.7788815247007195,0.4832582192840953,0.20475207269191742,0.45500606298446655,-0.004955146927386522,2.0983996364520863e-05,-6611864.459018928,-0.022541239857673645,1109.763927844423,1109.7639208045048,894144000.0
train_tune_95c45_00698_698,RNN,0.0314728585901929,0.7653038415476523,0.5263402902473978,0.09284304827451706,0.29647308588027954,-0.001168722752481699,5.813823008793406e-06,-3462820.0597529155,-0.0003366674645803869,5433.335062546699,5433.335065142312,6283776000.0
train_tune_95c45_00699_699,RNN,0.0899180056266102,0.772463541348944,0.5575531325396885,0.15647009015083313,0.8456246256828308,-0.008284972049295902,9.421037248102948e-06,-7901752.927475697,0.0024149208329617977,5965.858045646325,5965.858044049896,4383104000.0
train_tune_95c45_00700_700,RNN,0.0253805323561667,0.7912405939594064,0.5656311926640613,0.17565351724624634,0.7569171786308289,-0.009036066010594368,9.906831110129133e-06,-7024514.233375059,0.0008902563713490963,3641.1634359216214,3641.163429836636,2136704000.0
train_tune_95c45_00701_701,RNN,0.0699172177928083,0.8011502933962933,0.5764070606615816,0.14320124685764313,0.2929990291595459,-0.0014456367352977395,1.0528255188546609e-05,-3858259.3570128963,0.0043138060718774796,1944.1951775377202,1944.194817614652,2163584000.0
train_tune_95c45_00702_702,RNN,0.0262063549749324,0.7712322545793062,0.541059197362005,0.1379040628671646,0.6083155274391174,-0.005214989650994539,9.958227565221023e-06,-6001925.242883656,0.004899492487311363,4890.238631755063,4890.2219015286955,846144000.0
train_tune_95c45_00703_703,RNN,0.030318912394384,0.8071004079056869,0.5633391402572328,0.1281716376543045,0.25813400745391846,-0.00046697823563590646,9.95409664028557e-06,-5003458.334100828,-0.004165032412856817,2084.241226049601,2084.2412259729826,5753344000.0
train_tune_95c45_00704_704,RNN,0.0330372420177767,0.7994783440785065,0.5521181383261486,0.10555319488048553,0.3097316026687622,-0.0012098647421225905,1.0151056812901516e-05,-5692289.830143683,-0.0003514570416882634,3958.172990797495,3958.1732021148464,2702912000.0
train_tune_95c45_00705_705,RNN,0.0353887648809523,0.7729735527096493,0.5907665830828641,0.13731998205184937,0.7791754007339478,-0.005724143236875534,1.5584982975269668e-05,-5746019.425216821,-0.004139165859669447,7250.391497332795,7250.386014883292,2249856000.0
train_tune_95c45_00706_706,RNN,0.0303636017513801,0.7541250502140542,0.5631563868591233,0.31973475217819214,0.44582757353782654,-0.009975682012736797,5.835504998685792e-05,-1467496.6763288707,0.015224801376461983,343.699454739389,343.69945468077015,6330176000.0
train_tune_95c45_00707_707,RNN,0.0879576551503852,0.7711406419525187,0.5719403448912446,0.08191786706447601,0.2819477319717407,-0.0006533487467095256,4.593532139551826e-06,-5347567.93634938,0.0009658418712206185,6293.3947568512685,6293.389964607393,2193280000.0
train_tune_95c45_00708_708,RNN,0.0308364465269423,0.755891016277066,0.5647015484446285,0.06824363768100739,0.13175436854362488,-1.777298530214466e-05,5.1443726079014596e-06,-2152219.584041462,-0.0018033318920060992,5312.333628086417,5312.3337399451975,2895680000.0
train_tune_95c45_00709_709,RNN,0.0308364465269423,0.7299950887018879,0.6108876414462341,0.07504589855670929,0.1989719420671463,-0.00021647597895935178,4.948706191498786e-06,-2033351.1685412053,0.0007782294414937496,5592.427148804687,5592.4271499871,4294592000.0
train_tune_95c45_00710_710,RNN,0.0303636017513801,0.7924190536999569,0.6256689445449375,0.06405357271432877,0.1141667515039444,5.755264646722935e-05,7.299805474758614e-06,-1148129.9950037894,-0.0026409653946757317,5285.8442233647065,5285.844222367405,4169280000.0
train_tune_95c45_00711_711,RNN,0.0302938936143201,0.7837154282796551,0.5862969400772786,0.1951572597026825,0.2836318910121918,0.0025044637732207775,2.101749851135537e-05,-4641613.005419725,-0.009947218000888824,643.8660113209471,643.8660116511328,2920512000.0
train_tune_95c45_00712_712,RNN,0.0284955793667504,0.7652654722554276,0.496523573220276,0.19423195719718933,0.6841014623641968,-0.010107848793268204,1.287344639422372e-05,-7055496.498976119,0.0057341367937624454,2731.1576472039173,2731.15717374105,846656000.0
train_tune_95c45_00713_713,RNN,0.0308919415078812,0.825880076011414,0.5744777570712032,0.06930026412010193,0.16251416504383087,-0.00015939315198920667,7.633518180227838e-06,-2107149.609692363,0.0017032916657626629,6132.710411168017,6132.710412122237,6038080000.0
train_tune_95c45_00714_714,RNN,0.0309369849118803,0.7376447866003863,0.489357671250378,0.21147912740707397,0.41756659746170044,-0.0052727903239429,1.4283730706665665e-05,-7896113.652557847,0.005750326905399561,1078.3830517550157,1078.3830544296693,1072064000.0
train_tune_95c45_00715_715,RNN,0.0488457546113128,0.8060812806938393,0.5000446774267812,0.16450929641723633,0.8790421485900879,-0.009573298506438732,1.2361896551738027e-05,-7587406.798769564,0.009821034967899323,5669.993245001084,5669.993237853854,3016064000.0
train_tune_95c45_00716_716,RNN,0.0694730605913227,0.7690952120301164,0.5252600905882443,0.16757632791996002,0.31123435497283936,-0.00021523510804399848,1.886858808575198e-05,-4137145.199288231,-0.0012377196690067649,1232.7823444727087,1232.779298553275,536064000.0
train_tune_95c45_00717_717,RNN,0.0384304739728869,0.8169572398030657,0.5012938091113206,0.10786964744329453,0.2776307463645935,-0.0007030535489320755,2.1705891413148493e-05,-4221976.606320568,-0.010039210319519043,3246.5250876768523,3246.525060451021,2463488000.0
train_tune_95c45_00718_718,RNN,0.0315556958030924,0.8038536489089556,0.5872301764472688,0.06457330286502838,0.14363273978233337,-3.5324934287928045e-05,5.44283557246672e-06,-1890835.022204642,-0.0031964078079909086,6189.181460584263,6189.181545638827,4742592000.0
train_tune_95c45_00719_719,RNN,0.0302938936143201,0.7696241724088257,0.5710869865416346,0.0706440880894661,0.15939044952392578,-3.520038808346726e-05,5.711332505597966e-06,-1716317.0207940761,-0.0030474932864308357,5863.525257665131,5863.525360409087,6622144000.0
train_tune_95c45_00720_720,RNN,0.0763595889447661,0.7817456978211046,0.5517343307961097,0.16857632994651794,0.7528647780418396,-0.008852585218846798,1.4556391761288978e-05,-7793622.974855028,0.009624477475881577,4268.93783639995,4268.937902077302,1411328000.0
train_tune_95c45_00721_721,RNN,0.0331148560358763,0.8054893472332907,0.4920536333951864,0.17471018433570862,0.5820074081420898,-0.007296217605471611,1.4441395251196809e-05,-7657909.443442684,0.013981257565319538,2854.1318551699023,2854.145564704416,515072000.0
train_tune_95c45_00722_722,RNN,0.0458202212567195,0.7978630916591373,0.5415884389360675,0.08385097980499268,0.32343435287475586,-0.0010430999100208282,9.238036909664515e-06,-2833400.7214981755,-0.0023055742494761944,6556.395769420347,6556.399310812758,2447424000.0
train_tune_95c45_00723_723,RNN,0.0972901386531137,0.7537939588698525,0.5308203007806815,0.16241979598999023,0.6906853914260864,-0.008078128099441528,1.0129119800694752e-05,-7624006.7367107505,-0.013051355257630348,3947.916563826765,3947.916564924115,2907200000.0
train_tune_95c45_00724_724,RNN,0.0051637546862842,0.7744359120839377,0.5776278398178945,0.12685994803905487,0.18537020683288574,-0.0016914373263716698,1.1987287507508881e-05,-1485696.0269803642,0.017324944958090782,1941.3118349256292,1941.3118346750894,3907456000.0
train_tune_95c45_00725_725,RNN,0.0368897945184099,0.7620625589002618,0.5431769900746616,0.07721304893493652,0.2324068248271942,-0.0006515961140394211,6.384458629327128e-06,-2925465.886641629,0.00588030181825161,6804.05165244226,6804.051578519975,3656000000.0
train_tune_95c45_00726_726,RNN,0.0315078893510266,0.7833116075312552,0.5357894078507668,0.07376889139413834,0.22579997777938843,-0.000443627912318334,1.031832471198868e-05,-4676512.563962381,0.0014574626693502069,6217.666728930471,6217.659672806465,3639616000.0
train_tune_95c45_00727_727,RNN,0.0051637546862842,0.7798140437092397,0.5752960492477068,0.08182922750711441,0.15656429529190063,-0.00028033729176968336,5.672088263963815e-06,-2522560.2051695744,0.0052192239090800285,4769.742937836986,4769.745166160323,3887936000.0
train_tune_95c45_00728_728,RNN,0.0302938936143201,0.775881905919122,0.636253393595975,0.060065072029829025,0.13650813698768616,-1.0812007531058043e-05,5.008121661376208e-06,-2029066.8855625954,-0.003693309146910906,6398.636593997911,6398.6365603685545,5549504000.0
train_tune_95c45_00729_729,RNN,0.0308364465269423,0.7342460031948551,0.5929199330791728,0.060869812965393066,0.10691811889410019,-5.58241008548066e-05,5.18560682394309e-06,-1549884.7851303057,0.0009870096109807491,6053.712151182096,6053.71088475488,3196736000.0
train_tune_95c45_00730_730,RNN,0.0388316584637336,0.7474503476073575,0.4762942268387813,0.1585351526737213,0.8768408298492432,-0.008840628899633884,9.076577953237575e-06,-8049938.689090778,0.002617976861074567,6209.96917712432,6209.969176975837,5148288000.0
train_tune_95c45_00731_731,RNN,0.0193156903537821,0.7082841831721667,0.5172640992599459,0.19771359860897064,0.2805900573730469,-0.0014834607718512416,2.1815832951688208e-05,-4160103.56386294,0.007176188752055168,801.732785798878,801.7327858129535,2031616000.0
train_tune_95c45_00732_732,RNN,0.0353887648809523,0.7787591902622906,0.5644767284019552,0.07688266038894653,0.1577068418264389,-0.0001920571958180517,3.64929132956604e-06,-1777568.4894562298,0.0036650679539889097,4652.743075785806,4652.74307731573,6843136000.0
train_tune_95c45_00733_733,RNN,0.0353887648809523,0.7847056437660497,0.5323660884215481,0.08141466975212097,0.3208674490451813,-0.001055824919603765,6.483360266429372e-06,-4600669.786389078,0.0048562949523329735,7045.231394494502,7045.231397726019,5724608000.0
train_tune_95c45_00734_734,RNN,0.0302938936143201,0.7767149707011248,0.5216045040183384,0.12919825315475464,0.2693272829055786,-0.000297718244837597,6.69535756969708e-06,-2397739.6039543445,-0.0044503649696707726,2328.450368900061,2328.4503677681396,4200000000.0
train_tune_95c45_00735_735,RNN,0.0251266891891891,0.7891324773206152,0.5936203911914306,0.06901118904352188,0.14450129866600037,-9.071270324056968e-05,7.724532224528957e-06,-1094979.553102764,0.000474736763862893,5543.919510319076,5543.915416082498,3414016000.0
train_tune_95c45_00736_736,RNN,0.0308970842280716,0.789814677446589,0.6085366760121658,0.21978384256362915,0.3184334635734558,-0.0062623764388263226,3.840803765342571e-05,-1954201.073760692,0.021769624203443527,654.6609589370878,654.6609589639488,6708736000.0
train_tune_95c45_00737_737,RNN,0.0308364465269423,0.8046279932787512,0.630916865200067,0.19799819588661194,0.29183539748191833,-0.0017691130051389337,2.7077325285063125e-05,-3016978.9887976344,0.009867304004728794,930.7675582650904,930.7675581994122,1462400000.0
train_tune_95c45_00738_738,RNN,0.0364353961067801,0.7729123310004828,0.5935068600978632,0.1737070083618164,0.735582709312439,-0.00891869142651558,7.927126716822386e-06,-7024326.257509971,0.0034363954328000546,3602.5386016556376,3602.535211435478,651968000.0
train_tune_95c45_00739_739,RNN,0.0303636017513801,0.7707066271416565,0.5516753634820631,0.06457412242889404,0.1314070075750351,-6.728069274686277e-05,1.0511766959098168e-05,-1780227.199241672,-0.0008047341834753752,6024.469493517757,6024.467568405673,3955968000.0
train_tune_95c45_00740_740,RNN,0.0353887648809523,0.7843380366702081,0.568972470720062,0.06948227435350418,0.14757311344146729,3.623608063207939e-05,8.62489287101198e-06,-3041777.069011933,-0.0047977338545024395,5336.016558079425,5336.029393525499,2910528000.0
train_tune_95c45_00741_741,RNN,0.0367656531821695,0.7411102818203088,0.5942359614820653,0.08321839570999146,0.21454232931137085,-0.00030999063164927065,5.372008672566153e-06,-2360193.0858243457,-0.007281728554517031,4206.119256230173,4206.11986240803,1712000000.0
train_tune_95c45_00742_742,RNN,0.0308364465269423,0.7446816592986223,0.643503182494193,0.11451473087072372,0.165467768907547,0.0018035481916740537,1.8663333321455866e-05,-1539976.0899334836,-0.015925947576761246,1644.7654971853358,1644.7655199602582,1344192000.0
train_tune_95c45_00743_743,RNN,0.0328612127999263,0.765402041536704,0.571528139313242,0.09915115684270859,0.19280539453029633,-4.996551797376014e-05,8.243877346103545e-06,-1396986.622469454,-0.0014673727564513683,3262.1853133052573,3262.1854506310897,4304192000.0
train_tune_95c45_00744_744,RNN,0.0303693830921553,0.8084495170185622,0.4942954526427214,0.25609269738197327,0.49572792649269104,-0.010145901702344418,5.1471561164362356e-05,-6369857.616024404,0.007917866110801697,781.5899358734332,781.5884232148312,264512000.0
train_tune_95c45_00745_745,RNN,0.0420658200390533,0.8089675140286116,0.4962889835029144,0.16784454882144928,0.9573050737380981,-0.009966463781893253,1.0702551662689075e-05,-6886290.544738297,0.003373684361577034,5881.250565632762,5881.250527718423,2573696000.0
train_tune_95c45_00746_746,RNN,0.0350208543074931,0.8097559021684073,0.5570931694577603,0.0815596804022789,0.30859309434890747,-0.0009828201727941632,7.368342721747467e-06,-3967157.7505533164,-0.003961776848882437,6547.0698366741835,6547.06910428587,3063936000.0
train_tune_95c45_00747_747,RNN,0.0370501149809192,0.7894103307205398,0.5540396228544846,0.09431780874729156,0.3394560217857361,-0.0012674566823989153,8.00050656835083e-06,-3513031.6837017317,-0.0011769217671826482,5669.363983460145,5669.363983462733,5463104000.0
train_tune_95c45_00748_748,RNN,0.0521515788301158,0.7985595136028852,0.5902232008300625,0.0849350318312645,0.30655306577682495,-0.0008128536865115166,7.704141353315208e-06,-3537735.01628085,0.004792420659214258,6684.562005982663,6684.562770999304,3413632000.0
train_tune_95c45_00749_749,RNN,0.0303674557339595,0.7565860227155645,0.5861997683822622,0.09219276160001755,0.3392505943775177,-0.0013333053793758154,5.874543148820521e-06,-3748016.954662657,-0.0046156104654073715,5702.900623873395,5702.900679943424,3445120000.0
train_tune_95c45_00750_750,RNN,0.0308919415078812,0.7790793764790658,0.5102892489663216,0.09545814990997314,0.3103457987308502,-0.0011177391279488802,7.252175237226766e-06,-3505668.148749392,0.004717607982456684,4842.620634915946,4842.620625432355,4807488000.0
train_tune_95c45_00751_751,RNN,0.0303636017513801,0.7576419792045759,0.5480222777595525,0.09286750108003616,0.1498526781797409,0.000257940060691908,8.982971849036403e-06,-1029435.9978756637,-0.0052095744758844376,3064.5631130362162,3064.563114446514,3816832000.0
train_tune_95c45_00752_752,RNN,0.0353887648809523,0.7841897273183522,0.5640839358836058,0.17497529089450836,0.22350183129310608,-0.00033549388172104955,2.855911043297965e-05,-1699680.9246342347,0.0016253050416707993,790.3051351239196,790.305135141432,3121984000.0
train_tune_95c45_00753_753,RNN,0.0584258385093833,0.8094413301424536,0.562011741000326,0.1356605440378189,0.2829875349998474,-0.0007339907460846007,6.74551256452105e-06,-3745374.3350690897,-0.004718253389000893,2094.539455938382,2094.5401993372116,1712576000.0
train_tune_95c45_00754_754,RNN,0.0407122652109692,0.7841432787359855,0.5401901716248072,0.279867947101593,0.4385720491409302,-0.005203136242926121,2.2511283532367088e-05,-6659036.756761652,0.010862737894058228,493.86244681587374,493.86274706870853,282816000.0
train_tune_95c45_00755_755,RNN,0.0051637546862842,0.7994594532952803,0.5737768846892255,0.09243743121623993,0.3291499614715576,-0.0014494857750833035,9.335689355793875e-06,-3307466.6026381124,0.010898594744503498,6328.011214103102,6328.010611006532,2788096000.0
train_tune_95c45_00756_756,RNN,0.0308364465269423,0.806836228670117,0.5429828242775301,0.09817089140415192,0.3177197575569153,-0.0013691885396838188,6.8591980380006135e-06,-4322217.878138188,-0.0020647416822612286,4552.244442415461,4552.244045530927,1763648000.0
train_tune_95c45_00757_757,RNN,0.0302938936143201,0.7371369102900186,0.5602854679333235,0.14139486849308014,0.1991266906261444,0.0002952414215542376,1.6975016478681937e-05,-2413642.0161471805,-0.002180055482313037,1387.8014357260786,1387.8014825913892,2712576000.0
train_tune_95c45_00758_758,RNN,0.0550127606110195,0.8197128626285702,0.5604065432863325,0.21031686663627625,0.42858731746673584,-0.004440766293555498,4.155115311732516e-05,-6803303.097970003,0.0034201634116470814,946.8202084134693,946.8202083841163,1612544000.0
train_tune_95c45_00759_759,RNN,0.0308912147161433,0.7706144648161466,0.5391024763099739,0.15226060152053833,0.7034955024719238,-0.007109746336936951,1.1014804840669967e-05,-6225445.895785636,0.006599576212465763,4750.521820506569,4750.365613966933,813248000.0
train_tune_95c45_00760_760,RNN,0.0665097088223792,0.7276626284205189,0.5566372443949893,0.08354184776544571,0.21855328977108002,-0.00042236578883603215,1.8072079910780303e-05,-3107393.831734381,-0.002865708665922284,4530.933617033484,4530.9336172888525,3691904000.0
train_tune_95c45_00761_761,RNN,0.0321412831329094,0.8107586386591296,0.5184120717055138,0.10879149287939072,0.2696917653083801,-0.0012097653234377503,1.4687779184896499e-05,-3075107.396106949,0.002537050284445286,3034.070445404276,3034.071914163419,2878912000.0
train_tune_95c45_00762_762,RNN,0.0353887648809523,0.776056873677401,0.6123326544633024,0.07182688266038895,0.1525016725063324,-0.00032580329570919275,7.575968083983753e-06,-1549184.6549104385,0.007466386072337627,5765.801273065247,5765.801271130064,7139776000.0
train_tune_95c45_00763_763,RNN,0.0251266891891891,0.8014029183859601,0.5788675996778986,0.09910435974597931,0.17238962650299072,-0.0002271773701068014,9.625481652619783e-06,-1905943.1898653964,0.0009243377717211843,2955.3766818152153,2955.3766889494364,4643712000.0
train_tune_95c45_00764_764,RNN,0.0315875923937077,0.8118884305157423,0.5650035664346807,0.11600800603628159,0.30623704195022583,-0.0013756135012954473,1.5795836588949896e-05,-3956917.9820012446,0.0067079639993608,2968.188988331948,2968.1890439841372,2064960000.0
train_tune_95c45_00765_765,RNN,0.012733028464649,0.7739754649174042,0.526955297620067,0.1679663062095642,0.6966341733932495,-0.0075918640941381454,1.2979708117200062e-05,-8169044.55036269,0.011021021753549576,3940.339114093056,3940.339112560167,1611072000.0
train_tune_95c45_00766_766,RNN,0.0388165745713381,0.7231484941708297,0.5357041852291792,0.1169874370098114,0.6524859070777893,-0.004012345336377621,7.673023901588749e-06,-5506917.9209071,-0.008388210088014603,7197.850293376208,7197.851105724856,2035584000.0
train_tune_95c45_00767_767,RNN,0.0251266891891891,0.7623203691664651,0.5345578215965372,0.0630272626876831,0.12715665996074677,-0.00012164928193669766,5.026327471568948e-06,-1850819.6422415806,0.0033766338601708412,5667.551614750793,5667.551615098311,4764416000.0
train_tune_95c45_00768_768,RNN,0.0325556521157831,0.7264520293142409,0.5336832098082871,0.12572906911373138,0.5978232622146606,-0.004611058626323938,8.370854629902169e-06,-6541954.052367226,0.00865309126675129,5958.906743089923,5958.888750867481,1283456000.0
train_tune_95c45_00769_769,RNN,0.0308311535145324,0.7830015237130749,0.5556177687403199,0.16642645001411438,0.900762677192688,-0.009791595861315727,1.1712220839399379e-05,-8153925.461300237,-0.006039249245077372,5726.518238584531,5726.518632786194,1977408000.0
train_tune_95c45_00770_770,RNN,0.0308938971891618,0.7858956683753293,0.5470911587005087,0.11327444016933441,0.297951340675354,-0.0010575095657259226,7.559667210443877e-06,-3656690.915701827,-0.0026007299311459064,3311.261530273887,3311.2597431974764,2229632000.0
train_tune_95c45_00771_771,RNN,0.0302938936143201,0.7966164509232925,0.4640294737684147,0.12173373997211456,0.30687111616134644,-0.001113372971303761,1.553035144752357e-05,-4396678.575343611,-0.00380323501303792,3019.276825039183,3019.276815289152,2411584000.0
train_tune_95c45_00772_772,RNN,0.0056063175340105,0.7905663752846837,0.5096934154740848,0.18838119506835938,0.5728453993797302,-0.006891611963510513,1.2684513421845622e-05,-6158395.049079738,0.005700984038412571,2318.3820000637197,2318.3819783931103,1471296000.0
train_tune_95c45_00773_773,RNN,0.0313469940134135,0.7755946362069662,0.5532119472339263,0.18169820308685303,0.7582592964172363,-0.01014253031462431,1.8174667275161482e-05,-6553158.90926152,0.016002213582396507,3619.0219068089436,3619.022160222502,1277568000.0
train_tune_95c45_00774_774,RNN,0.0456810565679104,0.7482377765902657,0.5553271333492503,0.1692761778831482,0.8547226786613464,-0.009094025008380413,1.0803265467984602e-05,-7231119.982826129,0.003854976501315832,4602.158313828642,4602.158329998445,2081984000.0
train_tune_95c45_00775_775,RNN,0.0315556958030924,0.7688981208346017,0.510274787258175,0.12414367496967316,0.25162768363952637,-0.0011679339222609997,9.729639714350924e-06,-3314610.9912814465,0.004704303573817015,2581.1331835170877,2581.1331836914865,2806976000.0
train_tune_95c45_00776_776,RNN,0.0309731693327385,0.7793304931968008,0.4942475440860983,0.17606954276561737,0.49592354893684387,-0.005850222893059254,1.735246041789651e-05,-8509961.614430895,0.002722762757912278,2098.826328568826,2098.8263284770237,2362176000.0
train_tune_95c45_00777_777,RNN,0.0051637546862842,0.7616260626902416,0.5395909576807332,0.08648500591516495,0.2165674865245819,-0.0007014846778474748,1.4705481589771807e-05,-4311232.2430359395,0.009353733621537685,5173.5111480283,5173.478687168371,1532416000.0
train_tune_95c45_00778_778,RNN,0.0377095816866371,0.8157911433443141,0.5692210428487371,0.08106701076030731,0.34600257873535156,-0.0012447616318240762,8.254328349721618e-06,-5046772.21303198,-0.00471708457916975,7296.856818057704,7296.856863020919,4258368000.0
train_tune_95c45_00779_779,RNN,0.0837651042627361,0.794665801693523,0.5289606777035416,0.10113053768873215,0.2845878601074219,-0.0007304573664441705,8.555602107662708e-06,-5294675.734667212,-0.009064712561666965,3881.19225754096,3881.1923234250817,2967232000.0
train_tune_95c45_00780_780,RNN,0.01127635528505,0.7553438434091366,0.52829082469977,0.23498553037643433,0.5007034540176392,-0.00964206364005804,2.620393570396118e-05,-6865298.587188103,0.013886871747672558,1233.9552101543395,1233.9545824551697,338688000.0
train_tune_95c45_00781_781,RNN,0.0353887648809523,0.7210800572181333,0.5920565423091358,0.11323994398117065,0.15158334374427795,0.0006490292144007981,2.3071226678439416e-05,-1227672.4179524032,-0.0057022832334041595,1517.731528219429,1517.7315282602456,5051200000.0
train_tune_95c45_00782_782,RNN,0.0302938936143201,0.7820295638255124,0.4998673815002983,0.05925481766462326,0.12814895808696747,-4.411649570101872e-06,5.109451649332186e-06,-1374762.0602553573,-0.0019894528668373823,7158.9883131860715,7158.988311390209,8537472000.0
train_tune_95c45_00783_783,RNN,0.0354880294839128,0.7369961125367832,0.4645090787486871,0.18898017704486847,0.7405158877372742,-0.010501693934202194,1.2594040526892059e-05,-7119032.700074878,0.011198660358786583,3406.7475683458433,3406.7475733755437,2435264000.0
train_tune_95c45_00784_784,RNN,0.0303636017513801,0.7644564534723719,0.5516499671659052,0.10724328458309174,0.1884116381406784,-0.00035485695116221905,1.8378113963990472e-05,-1667319.1937319287,0.0035901288501918316,2442.5091934997663,2442.509148735735,2702144000.0
train_tune_95c45_00785_785,RNN,0.0578454956729048,0.7457627172726706,0.5527232369750767,0.18328991532325745,0.28473129868507385,-0.001590939937159419,3.4240263630636036e-05,-2890851.524386774,0.006422307807952166,926.1262769340276,926.1262759759761,1326272000.0
train_tune_95c45_00786_786,RNN,0.0315556958030924,0.779393942164722,0.6435010335324188,0.09082505851984024,0.1529783010482788,-0.0007210776093415916,1.9103330487268977e-05,-1716885.6811377911,0.013781973160803318,3670.4030515521345,3670.4030509908594,3821952000.0
train_tune_95c45_00787_787,RNN,0.0600255176780098,0.789089055890499,0.5316963454593089,0.10436072945594788,0.3016544580459595,-0.0010437192395329475,4.9585419219511095e-06,-3394997.0534170866,-4.2848114389926195e-05,4098.879115738827,4098.879109344694,6189760000.0
train_tune_95c45_00788_788,RNN,0.0303636017513801,0.7734076325696104,0.6039594235235857,0.46822619438171387,0.610053539276123,-0.009906449355185032,5.717600288335234e-05,-3750797.047684304,0.008843135088682175,199.84056033965425,199.74343325700252,1616128000.0
train_tune_95c45_00789_789,RNN,0.0308364465269423,0.8083684771475259,0.5210627503853584,0.1449001431465149,0.19659917056560516,-0.001360416761599481,1.422559125785483e-05,-1409738.6670930632,0.010796798393130302,1367.6809277197385,1367.6809218636336,7472320000.0
train_tune_95c45_00790_790,RNN,0.0308364465269423,0.8194419424369437,0.5617314329410915,0.08844590187072754,0.17355187237262726,-0.00010805339843500406,1.8475675460649654e-05,-1094706.7212717466,0.0006961286999285221,4149.988084864535,4149.9877923857375,4771904000.0
train_tune_95c45_00791_791,RNN,0.0511287834465755,0.8026466219894612,0.5490269249250312,0.19464489817619324,0.4774145781993866,-0.005693372804671526,1.4547510545526166e-05,-6640906.887467413,0.0026900889351963997,1514.167784673216,1514.167785258006,1578432000.0
train_tune_95c45_00792_792,RNN,0.0768405925943631,0.83286918479506,0.5500999520011256,0.09526024013757706,0.2755720615386963,-0.001030894578434527,8.932990567700472e-06,-4896456.6208369555,0.00011062069097533822,4451.223246247929,4451.2315947205425,1728064000.0
train_tune_95c45_00793_793,RNN,0.0956511861191307,0.7785920896431022,0.5580948291805197,0.12439551204442978,0.6736631393432617,-0.00456424243748188,6.9216007432260085e-06,-5970137.293918008,0.0027464409358799458,6953.463493912985,6953.4613273166815,1942848000.0
train_tune_95c45_00794_794,RNN,0.0082251649724932,0.7810079957692186,0.6034765077370303,0.10022880136966705,0.35707297921180725,-0.0014791407156735659,6.31944840279175e-06,-3643399.7454640083,0.0023507222067564726,5436.726843600956,5436.727296168399,3628288000.0
train_tune_95c45_00795_795,RNN,0.0805406310677591,0.7839859691020087,0.5137650740055929,0.1613713502883911,0.6163027286529541,-0.0069628432393074036,1.1331376299494877e-05,-6927277.720153374,0.006072386167943478,3335.4031147976893,3335.403114194696,3008192000.0
train_tune_95c45_00796_796,RNN,0.0251266891891891,0.7539869429552473,0.5971200911496097,0.15772974491119385,0.23544269800186157,-0.0014064913848415017,3.4996373869944364e-05,-761103.8370461568,0.005876705516129732,1080.284136474546,1080.2841364218193,2153984000.0
train_tune_95c45_00797_797,RNN,0.0925958910444402,0.7630616064002627,0.4611689308874527,0.1774625927209854,0.4699498414993286,-0.00482589565217495,1.1810026990133338e-05,-6571897.947978873,-0.007912741042673588,1753.8343887534304,1753.8343019849303,993024000.0
train_tune_95c45_00798_798,RNN,0.025308196573829,0.7405278731419531,0.5964911928586891,0.0675734430551529,0.1829809844493866,-0.00029894025647081435,7.646628546353895e-06,-5342273.168713064,0.0037712675984948874,6851.733335729605,6851.742251750109,2547840000.0
train_tune_95c45_00799_799,RNN,0.0302938936143201,0.7881751673937936,0.643916494474276,0.07601268589496613,0.14911362528800964,-0.00011434269254095852,5.119450179336127e-06,-1645527.9257028995,-0.0006540025351569057,4438.599629301458,4438.599876925132,5680192000.0
train_tune_95c45_00800_800,CNN,0.0259023136866993,0.6873916652998752,0.5597204989985929,1.7661409378051758,6.9670281410217285,-1.5095914602279663,9.9308424978517e-05,-290.51382627297806,-0.009532350115478039,156914354.61823767,155407360.1383615,5000345128.0
train_tune_95c45_00801_801,CNN,0.037865929964883,0.7639023160272131,0.5881118637835797,1.4502402544021606,3.568251132965088,-1.395687222480774,0.00011666131467791274,-297.74355436625194,0.055530644953250885,8520325046.365851,8459643030.400086,19730564560.0
train_tune_95c45_00802_802,CNN,0.0690392393749892,0.8276115095083645,0.6933904968195155,3.598145008087158,14.129854202270508,-7.465211391448975,0.0001971198944374919,-290.2965139612212,0.06152366101741791,6840.260612705868,6840.260612705868,75113032.0
train_tune_95c45_00803_803,CNN,0.0062707293356677,0.8489492695678911,0.6243770898510987,2.4062905311584473,8.675467491149902,-3.4526724815368652,0.00011428783182054758,-291.1095585167376,0.12021011114120483,366362.3426573904,364399.5139771472,2562817848.0
train_tune_95c45_00804_804,CNN,0.0596960126956398,0.8085225648023365,0.6288190483339531,2.6333322525024414,9.599853515625,-3.197084903717041,0.00017018723883666098,-288.21032151783754,-0.008756735362112522,279917.26424061146,277327.6110177884,2403360480.0
train_tune_95c45_00805_805,CNN,0.0554505931407543,0.7883176838491293,0.5975123149598869,1.8018821477890015,6.175339698791504,-1.7620724439620972,0.00011102171993115917,-292.9987530439547,0.02799292653799057,204344566.14942443,210680976.17769483,3682971368.0
train_tune_95c45_00806_806,CNN,0.0588341279377957,0.700256865911614,0.5503108320421429,0.7259453535079956,2.805683135986328,-0.2684597969055176,1.964843067980837e-05,-295.3878916099533,0.010463450103998184,524006570128.9204,535359105028.6173,19528525632.0
train_tune_95c45_00807_807,CNN,0.1018423779773808,0.8321861413927713,0.6569677565960004,2.1100027561187744,8.098668098449707,-2.222083568572998,0.00016434139979537576,-290.2119479832751,0.010717633180320263,200451.46835051183,201551.44715798448,1402910952.0
train_tune_95c45_00808_808,CNN,0.0412518973656137,0.7782717505079269,0.6281515466410792,2.173544406890869,8.830937385559082,-2.6762313842773438,0.00033537595300003886,-289.41296138377965,0.14215007424354553,2675.146428280095,2675.146428280095,38177920.0
train_tune_95c45_00809_809,CNN,0.0252146373156875,0.7284676894921519,0.546451378607498,1.8454720973968506,6.125833511352539,-1.8008756637573242,0.00011166289914399385,-297.9146667957024,0.0239093080163002,15305660113.485624,15413374108.032923,12258706224.0
train_tune_95c45_00810_810,CNN,0.0302938936143201,0.8282616427242585,0.6493322818104494,0.8640462160110474,3.426091194152832,-0.4167594909667969,3.6268505937187e-05,-303.09599200614105,0.0371258407831192,15281241286732.52,15159762837219.742,20622818608.0
train_tune_95c45_00811_811,CNN,0.0366733526522838,0.7776265328107951,0.6383590157403409,0.7818477153778076,2.928861141204834,-0.3257909417152405,1.9749584680539556e-05,-296.2578231505354,0.019007902592420578,223788603239.9409,229274657821.8786,10299050256.0
train_tune_95c45_00812_812,CNN,0.0353887648809523,0.7701059385112952,0.5198570245052382,1.3964293003082275,5.279331207275391,-1.0834778547286987,7.859565084800124e-05,-296.90698177175614,0.029970400035381317,21709626127.647026,21858793693.51797,18001989064.0
train_tune_95c45_00813_813,CNN,0.0251266891891891,0.8069706779622206,0.6397114761382754,1.2248090505599976,4.8471360206604,-0.7470497488975525,4.505170363700017e-05,-288.6203502253911,0.0010294360108673573,158647.0917203747,158824.96674172138,5668529160.0
train_tune_95c45_00814_814,CNN,0.0270119660898078,0.7582932601218039,0.5426261764589106,1.0531582832336426,2.362522840499878,-0.767562210559845,3.3007901947712526e-05,-291.7061005247011,0.07293873280286789,34779884.66624906,34471961.320849985,1165859608.0
train_tune_95c45_00815_815,CNN,0.1245984252243955,0.8257778083778773,0.6464982604366571,3.7918386459350586,7.814253807067871,-6.957269668579102,0.0007888149120844901,-326.0260646440258,-0.06745167076587677,4153.033834434919,4153.033834434919,6752968.0
train_tune_95c45_00816_816,CNN,0.0308364465269423,0.7753264857668416,0.5905496847347288,1.2598412036895752,4.926026344299316,-0.8195372819900513,6.432636291719973e-05,-315.6546422612348,0.002765638055279851,313975423.87258136,310447329.4748853,13378582936.0
train_tune_95c45_00817_817,CNN,0.0308919415078812,0.7413985321541559,0.6977666301240555,0.4139483571052551,1.6991785764694214,-0.08552496880292892,6.866852345410734e-06,-304.6744796728141,-0.006777496077120304,36927847153.227516,37827415666.04177,8205897264.0
train_tune_95c45_00818_818,CNN,0.1063217589623772,0.8124927977755634,0.6143068197330126,1.813171148300171,7.270284652709961,-1.5984959602355957,9.681873780209571e-05,-295.3191679098712,-0.021434200927615166,94829.89305715688,96226.98318538803,327821848.0
train_tune_95c45_00819_819,CNN,0.0176095929402207,0.7712673381174816,0.5692215591012364,1.517816185951233,6.003079891204834,-1.2234877347946167,7.508690760005265e-05,-299.47974718636186,0.026910394430160522,900042318.7049396,887405418.2669815,21413748296.0
train_tune_95c45_00820_820,CNN,0.1138030398668343,0.7983616394335508,0.586052412927476,2.3072669506073,9.670397758483887,-2.3872156143188477,0.00025310058845207095,-291.4543761979899,-0.009292960166931152,21845612.573651247,22048392.91748123,23763544000.0
train_tune_95c45_00821_821,CNN,0.0353887648809523,0.6398794238833649,0.5512171493294715,0.4438537359237671,1.082036018371582,-0.09219305962324142,1.386586154694669e-05,-297.6416079294937,-0.014523199759423733,11890800256104.887,11811773847591.879,21855157464.0
train_tune_95c45_00822_822,CNN,0.0315556958030924,0.6569822363484177,0.5948769294420333,0.3371359407901764,1.3557829856872559,-0.05373971164226532,7.681854185648263e-06,-298.8127258190224,-0.004811282269656658,170183375402.6561,173036675434.57156,18381623976.0
train_tune_95c45_00823_823,CNN,0.0575177486586623,0.7451509106042802,0.5314620472956362,1.4907145500183105,5.2219672203063965,-1.2788190841674805,5.7267563533969223e-05,-296.4022742882871,0.046962909400463104,25672449569.89061,25902515889.096085,14410041048.0
train_tune_95c45_00824_824,CNN,0.1552768217608798,0.7665541079966285,0.6293179304890324,1.223419427871704,4.050988674163818,-0.7477385401725769,4.9190057325176895e-05,-292.1408598074398,0.016950473189353943,2644033271.494276,2626383429.99755,4098353232.0
train_tune_95c45_00825_825,CNN,0.0524629647954764,0.8038463085197385,0.6929874438125014,2.0839850902557373,9.678752899169922,-1.9900158643722534,0.00013234445941634476,-288.158358348584,-0.052552565932273865,6249.494988767275,6249.494988767275,176780856.0
train_tune_95c45_00826_826,CNN,0.0251266891891891,0.7894703787271498,0.6725109869014549,1.0014338493347168,3.410125732421875,-0.5592206716537476,2.6166137104155496e-05,-304.0948314805681,0.033389292657375336,5379838888344.818,5563369379195.67,7373072936.0
train_tune_95c45_00827_827,CNN,0.005165581658647,0.7001788006596863,0.5729546440143672,0.4482564926147461,1.4368493556976318,-0.10015341639518738,8.638617146061733e-06,-303.7505713329465,0.001805514213629067,962336046122.6113,941864728285.8113,28266845448.0
train_tune_95c45_00828_828,CNN,0.0302938936143201,0.7465854233948848,0.5872208678201587,0.27090585231781006,0.9172305464744568,-0.03501205891370773,4.69134101876989e-06,-297.50669239756087,0.003360241651535034,19115701068765.793,18844862669040.8,26036978200.0
train_tune_95c45_00829_829,CNN,0.0051637546862842,0.7717067813074243,0.6124526499191051,1.8853375911712646,5.074300765991211,-2.8369805812835693,9.330621105618775e-05,-295.5155561256287,0.09461300075054169,714155002.1904539,710126561.1456228,5005108656.0
train_tune_95c45_00830_830,CNN,0.0306133054458284,0.6722911756855241,0.5527237841041615,0.6658135652542114,1.636314034461975,-0.21641388535499573,1.618194073671475e-05,-299.43235640949644,-0.02785051427781582,14464778444217.473,14222757537356.312,38014193520.0
train_tune_95c45_00831_831,CNN,0.0446268803704109,0.8155687830147983,0.6204232117254272,1.8246461153030396,6.832857131958008,-1.8531641960144043,9.341110126115382e-05,-289.9725421767341,0.02515348233282566,379634.0091561018,380194.7240155688,4172570616.0
train_tune_95c45_00832_832,CNN,0.0251397555902236,0.7458252113467725,0.5792638984658348,1.2867342233657837,3.3118648529052734,-0.9037969708442688,0.00012718197831418365,-297.5539751321114,-0.0040632206946611404,8761429650.914555,8523607228.853643,7196008136.0
train_tune_95c45_00833_833,CNN,0.1333446778315871,0.8284386430968144,0.6097162888080588,1.352297306060791,5.520272254943848,-0.8949980735778809,4.535853076959029e-05,-290.70338173170165,-0.01927543431520462,283119.81761367,280942.09347547416,7902380080.0
train_tune_95c45_00834_834,CNN,0.1158949475091628,0.756424524391111,0.6040635319114607,3.2498509883880615,6.629903316497803,-8.689571380615234,0.000228178731049411,-443.9007929486211,0.04006052762269974,27498.76766006469,27663.399347000603,4771728.0
train_tune_95c45_00835_835,CNN,0.0885344162356786,0.7953188362770625,0.7045107434166662,2.2699010372161865,8.549323081970215,-2.707818031311035,7.364812336163595e-05,-291.4960244929245,0.010357018560171127,3761.1072673891,3761.1072673891,48673112.0
train_tune_95c45_00836_836,CNN,0.064537841687898,0.824708779092489,0.5829627553603651,1.5816621780395508,6.45274019241333,-1.204256534576416,9.236432379111648e-05,-289.7784050684791,0.004378771875053644,267189.0920313699,268765.94647282513,9257981008.0
train_tune_95c45_00837_837,CNN,0.0404210380642114,0.7973995121975432,0.673173702664909,2.5042624473571777,10.998085975646973,-3.5625171661376953,0.00010629202733980492,-288.5704435606027,0.06484127044677734,6140.33954302147,6140.33954302147,153597624.0
train_tune_95c45_00838_838,CNN,0.0167895106703693,0.8357254685560495,0.6077423557056154,2.4152467250823975,6.971882343292236,-4.016345024108887,0.00010702147847041488,-292.95076740746833,0.07951250672340393,156192.94224079355,157640.91986939887,625212792.0
train_tune_95c45_00839_839,CNN,0.0436534675274361,0.7495230240772679,0.5446390687102585,1.0888737440109253,4.02531099319458,-0.5696858167648315,4.797898873221129e-05,-293.4426595018094,-0.00890740193426609,106865358.58055101,108606755.53107375,5684651792.0
train_tune_95c45_00840_840,CNN,0.0051652161607585,0.7613645175775441,0.661384150073075,1.1570935249328613,3.3775501251220703,-0.8029130697250366,2.3461427190341055e-05,-292.6655060687008,0.03196197748184204,9109970717.818314,9194702890.288872,10608430184.0
train_tune_95c45_00841_841,CNN,0.0362211557394328,0.7830929631131132,0.6271663501488822,1.959453821182251,7.715226650238037,-1.9690260887145996,5.2642670198110864e-05,-290.33252282482067,0.00444621779024601,2926.4081121194445,2926.4081121194445,39684456.0
train_tune_95c45_00842_842,CNN,0.1455436901782558,0.8248467464169722,0.6426460112822456,1.395134687423706,4.369592189788818,-0.9816439151763916,4.910311326966621e-05,-289.9474912166187,-0.018142908811569214,131802.01630169927,131464.95568907168,2851667272.0
train_tune_95c45_00843_843,CNN,0.0415347215712102,0.7846856596864067,0.6045951707862007,1.4778534173965454,5.203988552093506,-1.044719934463501,4.984895349480212e-05,-292.12183804647464,-0.006146848201751709,334872983.11323726,344604556.42923605,13488766072.0
train_tune_95c45_00844_844,CNN,0.0481909268571687,0.7134851869498946,0.6205367452665729,0.5895740389823914,1.893143653869629,-0.16008654236793518,1.256835093954578e-05,-299.6821439508233,-0.019634732976555824,14314924312009.857,14635063968469.84,18813873216.0
train_tune_95c45_00845_845,CNN,0.0302938936143201,0.7875193699118226,0.6025138358436699,1.4458333253860474,4.483086585998535,-1.1564202308654785,5.686278745997697e-05,-296.1084236985083,0.028761573135852814,6843634203.754171,6751960546.911791,9332011160.0
train_tune_95c45_00846_846,CNN,0.0315556958030924,0.7890173829013971,0.600458060533197,0.8633568286895752,3.6765196323394775,-0.3637099266052246,2.819127621478401e-05,-289.90229465680545,-0.012665992602705956,6705281.995827972,6727427.081720982,8565120656.0
train_tune_95c45_00847_847,CNN,0.0352132534367289,0.752691705516179,0.6742101587268134,0.44711732864379883,1.6211401224136353,-0.09887026250362396,7.910735803307034e-06,-309.4960500860497,0.004543640185147524,14109162536014.648,13977208243980.188,20664135936.0
train_tune_95c45_00848_848,CNN,0.1018757949809343,0.7972777080912312,0.5567031231583579,0.8370468616485596,2.778991460800171,-0.3225422501564026,2.7781687094829977e-05,-296.45077711421237,-0.016548827290534973,134797067.67513233,137389219.5517946,6395269864.0
train_tune_95c45_00849_849,CNN,0.1115340687548248,0.7927553577576754,0.6093259792814574,1.3149523735046387,5.486810207366943,-0.8192946314811707,6.864733586553484e-05,-293.74886611165357,-0.028979435563087463,11561563.976343479,11661782.132686611,10997788880.0
train_tune_95c45_00850_850,CNN,0.0318575233022636,0.7471546171958756,0.6485202951242779,0.839489758014679,3.0651564598083496,-0.35181573033332825,2.2096694010542706e-05,-304.76799996346483,-0.0008580180583521724,100575730621334.62,101240072444067.06,37622334288.0
train_tune_95c45_00851_851,CNN,0.0478850129839915,0.788425408993385,0.6352835806981961,1.0745506286621094,4.343992233276367,-0.48428136110305786,5.571309884544462e-05,-291.28070751025894,-0.031985167413949966,4025672.413445656,4038885.2446772624,3631762120.0
train_tune_95c45_00852_852,CNN,0.0535708477387997,0.7950593502479721,0.700473520694989,3.3640265464782715,11.040376663208008,-5.344537734985352,0.00045314195449464023,-294.2662464122418,-0.021732933819293976,8451.059119735955,8451.059119735955,44230720.0
train_tune_95c45_00853_853,CNN,0.031607893798054,0.7098210266084402,0.5988360332513806,1.3749096393585205,1.8573975563049316,-1.5410164594650269,8.753616566536948e-05,-303.67932742259177,0.04502394050359726,18367.133418414087,18299.64434464847,56584280.0
train_tune_95c45_00854_854,CNN,0.1028998384990733,0.7901881401751747,0.6693328861883112,1.6573355197906494,5.661579132080078,-1.3796138763427734,9.749129822012037e-05,-291.06113541057545,-0.0032649142667651176,120834.78661046695,120085.31493707807,475501376.0
train_tune_95c45_00855_855,CNN,0.0303636017513801,0.7379779363000016,0.5532617834596412,1.5703792572021484,5.501628398895264,-1.154129981994629,7.273043593158945e-05,-313.1285937273713,-0.011823245324194431,1555426245263.154,1548764419056.2236,26974546296.0
train_tune_95c45_00856_856,CNN,0.107467862359469,0.8074158555361612,0.6765869279299552,1.680262565612793,6.4846367835998535,-1.2096993923187256,0.00012245969264768064,-287.73004775729424,-0.024254556745290756,181817.47952323998,181878.93171653952,3494324376.0
train_tune_95c45_00857_857,CNN,0.0251315874975631,0.7155613880040459,0.6172671851492288,0.6378452777862549,1.9451720714569092,-0.21483153104782104,1.1527161404956132e-05,-294.65595332140947,0.0049182274378836155,3675165766923.784,3824486678945.6123,10229152232.0
train_tune_95c45_00858_858,CNN,0.0370538094960696,0.8319141097174901,0.6862798320619734,2.5173697471618652,11.349541664123535,-3.3823952674865723,0.00010765422484837472,-288.94436210047314,0.04149811342358589,7626.261573467684,7626.261573467684,224528904.0
train_tune_95c45_00859_859,CNN,0.0311996345175329,0.815379985922261,0.6791890334895201,1.4665992259979248,5.071115016937256,-1.105050802230835,6.213718734215945e-05,-289.0560922192394,-0.016002845019102097,140000.40992967712,140542.54148646005,1621936984.0
train_tune_95c45_00860_860,CNN,0.0311042983968831,0.8248036316760379,0.6693858354983723,1.2220070362091064,3.1582703590393066,-0.8910822868347168,7.925524550955743e-05,-307.8999593870621,0.03233719989657402,2901376112.2690687,2955934721.527376,5218037376.0
train_tune_95c45_00861_861,CNN,0.0315556958030924,0.7275281219347024,0.6235666752335722,0.5786263942718506,1.7456716299057007,-0.16966845095157623,1.5145191355259158e-05,-301.95149110174646,0.002873827237635851,22157269978113.19,22630332168989.215,20830309120.0
train_tune_95c45_00862_862,CNN,0.0353887648809523,0.7913131113012245,0.7231998575131156,0.5066466927528381,1.1431381702423096,-0.1388920545578003,1.802886981749907e-05,-298.26502791027576,-0.01380247063934803,2279005926021.507,2235635153509.9434,16646533720.0
train_tune_95c45_00863_863,CNN,0.073626414294619,0.7223310622953243,0.569466027529919,0.300874799489975,0.7176265120506287,-0.038937732577323914,1.2599944057001267e-05,-474.96294674699027,-0.013157682493329048,169841957687.97845,169934891166.83035,3734436760.0
train_tune_95c45_00864_864,CNN,0.0971844658889668,0.7555036746035066,0.6537576781282072,0.660224199295044,1.5024712085723877,-0.24536767601966858,2.2126681869849563e-05,-293.74867260512536,0.0054499623365700245,12264580898.663715,12530770519.881104,5061438280.0
train_tune_95c45_00865_865,CNN,0.0392015472975171,0.7863684903334914,0.6705086565653825,2.7726821899414062,12.706711769104004,-4.263917922973633,0.00014970518532209098,-287.8691734372458,0.06501415371894836,5263.850413936312,5263.850413936312,91850712.0
train_tune_95c45_00866_866,CNN,0.0990740092100503,0.7831044134463094,0.679138186069578,1.8660334348678589,8.66231918334961,-1.8317837715148926,7.84473231760785e-05,-288.2143481851573,-0.009288795292377472,2671.2100855179756,2671.2100855179756,61971712.0
train_tune_95c45_00867_867,CNN,0.0820635534626338,0.7507539483490812,0.5657185897137309,1.0180268287658691,4.15963888168335,-0.47758641839027405,4.4381216866895556e-05,-298.0803318979458,-0.03665565699338913,416929715.4889177,418615047.7157261,27065876200.0
train_tune_95c45_00868_868,CNN,0.0353887648809523,0.6453209671533431,0.4972247409629642,0.16665475070476532,0.5479499101638794,-0.010965014807879925,2.4650466912135016e-06,-295.50880570430877,-0.003616711823269725,60266109607.01202,62799234075.69694,6414321048.0
train_tune_95c45_00869_869,CNN,0.0243570676244821,0.8024039389112934,0.6830312773440157,2.436173439025879,10.451861381530762,-3.411406993865967,9.146328375209123e-05,-289.36606654649916,0.05616079270839691,5351.491722615095,5351.491722615095,107231160.0
train_tune_95c45_00870_870,CNN,0.0301099117313519,0.7814956207441048,0.5835687101265468,1.3677266836166382,4.952037334442139,-1.1104862689971924,5.801313818665221e-05,-290.8307670122873,0.0721442848443985,7999819.507329561,7913403.9165478945,6983536600.0
train_tune_95c45_00871_871,CNN,0.0447305169322439,0.7968626378179646,0.6629299881846491,3.135200023651123,13.439616203308105,-5.670112609863281,0.00017248396761715412,-289.30794324706926,0.08300545811653137,6846.3602923693215,6846.3602923693215,115087912.0
train_tune_95c45_00872_872,CNN,0.0461793283155922,0.7711514709354237,0.6684510021237928,2.635781764984131,8.858417510986328,-3.636641502380371,0.00016819882148411125,-291.87342368156175,0.005848577246069908,3283.8323619059497,3283.8323619059497,22050792.0
train_tune_95c45_00873_873,CNN,0.0590302763515412,0.7819815205529812,0.5825576251382362,2.6018314361572266,9.819709777832031,-3.5628275871276855,0.00019698715186677873,-292.3765880591187,0.010836686939001083,11824377.904706642,12029245.801002972,7176695672.0
train_tune_95c45_00874_874,CNN,0.0899910865711443,0.8270220227930942,0.6738191267742792,1.3877828121185303,5.170867443084717,-0.964067816734314,6.33221206953749e-05,-288.6907078277628,-0.005238098092377186,175280.82225169998,175241.13561921963,3363998824.0
train_tune_95c45_00875_875,CNN,0.07752273165383,0.6954997133794548,0.44788307243773,0.2550901174545288,0.8437111377716064,-0.030131397768855095,5.039451934862882e-06,-304.07750752344845,0.010498929768800735,7903949712.620178,7899848067.649731,4298335968.0
train_tune_95c45_00876_876,CNN,0.0311960621364188,0.8143656080376127,0.6609595063618264,2.0181548595428467,8.674412727355957,-2.296855926513672,0.00014167506014928222,-291.0657437388061,0.046422362327575684,186046.40286556375,184121.39141608775,1984327656.0
train_tune_95c45_00877_877,CNN,0.0340923171918661,0.7995103998842578,0.664368031410601,2.083019256591797,8.935892105102539,-2.2071409225463867,8.569299097871408e-05,-289.466116121499,-0.003773090662434697,5358.249275949609,5358.249275949609,144210912.0
train_tune_95c45_00878_878,CNN,0.0245869262444487,0.7999928924255005,0.6917502237497121,3.155200481414795,12.39262866973877,-6.068074703216553,0.00014630166697315872,-290.58613919490347,0.11530600488185883,6652.530531249959,6652.530531249959,85997976.0
train_tune_95c45_00879_879,CNN,0.0693824792543512,0.8102885275603287,0.6145075247900615,2.065873622894287,7.811435699462891,-1.9497320652008057,0.00010706287866923958,-290.7841760110748,-0.031114162877202034,394067.7997312411,390727.9609940747,3517403824.0
train_tune_95c45_00880_880,CNN,0.0353132754342431,0.7503557366123337,0.5603689162418468,0.6355321407318115,1.2076773643493652,-0.2297537922859192,3.610308704082854e-05,-290.22950532510583,-0.004837685264647007,61255640.237136364,61791047.884062916,10441978504.0
train_tune_95c45_00881_881,CNN,0.0789531763905079,0.76696017944732,0.6634245542718082,1.9644086360931396,8.17403507232666,-1.6719028949737549,9.807661263039336e-05,-289.3177963186507,-0.045952461659908295,3772.8359166506943,3772.8359166506943,66192296.0
train_tune_95c45_00882_882,CNN,0.0252003648921613,0.6992305393414076,0.5283895587921985,1.1119346618652344,4.083196640014648,-0.7199047803878784,6.533505802508444e-05,-294.76496435750227,0.05970877781510353,3890332360.516621,3681284606.4621825,5680833024.0
train_tune_95c45_00883_883,CNN,0.1155892730524086,0.7948472614610954,0.6481755377361267,0.7114461660385132,2.8320157527923584,-0.21457752585411072,1.993210389628075e-05,-304.2373301853046,-0.03732231259346008,1517920959561.12,1516285091278.5806,24618261688.0
train_tune_95c45_00884_884,CNN,0.1015395888762251,0.8080791445840301,0.688011417634605,1.703786849975586,7.685512542724609,-1.5716692209243774,6.511119136121124e-05,-288.9509531118082,0.023909639567136765,4752.79039622796,4752.79039622796,246113800.0
train_tune_95c45_00885_885,CNN,0.0437967262934146,0.7058271495080646,0.5824898679207062,0.7364170551300049,1.5996546745300293,-0.3576504588127136,1.452326887374511e-05,-293.60377961066746,0.031344301998615265,1131984252.059618,1139772331.2985847,3983735816.0
train_tune_95c45_00886_886,CNN,0.0315995702458446,0.7572379074195659,0.5318718951455319,1.0190072059631348,3.730376720428467,-0.5601221323013306,4.190926119918004e-05,-293.44423158006,0.03292922303080559,133623933.1550915,133899897.12091243,5140228456.0
train_tune_95c45_00887_887,CNN,0.0302938936143201,0.692076694532394,0.4971708111921443,0.23552003502845764,0.837365984916687,-0.025907322764396667,5.739037987950724e-06,-302.870646930766,-5.563325248658657e-05,7699301268649.573,7637100821627.145,14431738992.0
train_tune_95c45_00888_888,CNN,0.0251266891891891,0.7064693593850515,0.4921497025438153,1.1339620351791382,3.5992143154144287,-0.7084201574325562,8.13603401184082e-05,-299.31100431828395,0.023221038281917572,1119719332316.936,1127072609208.0654,23760581208.0
train_tune_95c45_00889_889,CNN,0.0688852136090627,0.8070264396084006,0.6070177318007828,0.7588769793510437,2.357954502105713,-0.26832130551338196,2.8805399779230356e-05,-305.355667524204,-0.016227293759584427,3980133799.894279,4041563180.4620905,3401309552.0
train_tune_95c45_00890_890,CNN,0.0607637079022135,0.709235588617054,0.5997926915615255,0.7446184754371643,2.871891498565674,-0.2528741657733917,2.2931200874154456e-05,-291.3586699769877,-0.019859397783875465,47235505.16864735,46278572.828245856,2863699840.0
train_tune_95c45_00891_891,CNN,0.0303655286203832,0.7192221092707398,0.5910448603367375,0.9788047671318054,3.8290891647338867,-0.5198007822036743,2.9554668799391948e-05,-293.972676217106,0.010837147012352943,4498554349.7081585,4462301693.293534,8392734144.0
train_tune_95c45_00892_892,CNN,0.0335738916662541,0.7624374068611632,0.6195407063359781,1.2339191436767578,4.555936336517334,-0.8475064039230347,3.155014928779565e-05,-288.9295115313609,0.03351599723100662,5529466.41066419,5492679.505827025,7776288464.0
train_tune_95c45_00893_893,CNN,0.0819841730668218,0.8101386227199747,0.6594162332438321,1.9196739196777344,5.432231426239014,-2.2455527782440186,0.00017720482719596475,-291.9612123775475,0.045640669763088226,170854.773285477,171521.54188710792,1240831880.0
train_tune_95c45_00894_894,CNN,0.0180007625572276,0.8099464402502,0.621736784802456,1.6995811462402344,5.173605442047119,-1.3575165271759033,8.707423694431782e-05,-290.9632734801602,-0.022523388266563416,4611687.37101613,4569103.532837076,3350419192.0
train_tune_95c45_00895_895,CNN,0.0646010663608984,0.8074225558791055,0.678943803938096,2.446906566619873,10.127995491027832,-3.273805618286133,0.00015278511273209006,-289.9110290914833,0.04277791082859039,5343.114781275152,5343.114781275152,104333256.0
train_tune_95c45_00896_896,CNN,0.1108716889403514,0.7779351839246297,0.5571291817026846,2.27716064453125,7.301563262939453,-2.4348723888397217,0.0002034904173342511,-293.4482925819351,-0.00807641725987196,4717.798157000519,4717.798157000519,46153416.0
train_tune_95c45_00897_897,CNN,0.0051637546862842,0.785234151075304,0.5674061911764277,0.9025153517723083,3.4320831298828125,-0.43175020813941956,2.2422467736760154e-05,-293.5957065052363,0.0234164297580719,831613294.2017999,830134510.3702734,32111672496.0
train_tune_95c45_00898_898,CNN,0.0480498735619607,0.7744881919135411,0.6452155349264285,2.24346923828125,8.278587341308594,-2.607851028442383,6.416442192858085e-05,-290.82732714915386,-0.001390096265822649,2371.287085507842,2371.287085507842,20332576.0
train_tune_95c45_00899_899,CNN,0.0692869141288138,0.7911720702349851,0.6100518996964677,1.6789995431900024,6.760167598724365,-1.6113755702972412,0.00011770361743401736,-290.1511673239671,0.04884849488735199,10377101.68481943,10378148.524210569,14741965520.0
train_tune_95c45_00900_900,CNN,0.1469564341898736,0.7928529165098726,0.6118419070129901,1.3123711347579956,3.3921327590942383,-0.5310222506523132,0.00018035057291854173,-300.7407928319793,-0.0441017746925354,739160953.0284005,733346919.0122323,13132164184.0
train_tune_95c45_00901_901,CNN,0.0308919415078812,0.7483180496801656,0.6302889469355206,1.3801531791687012,5.284548759460449,-0.9784653186798096,8.166524639818817e-05,-295.2398433956348,0.013661857694387436,68112129695943.08,69161120056254.16,42019818160.0
train_tune_95c45_00902_902,CNN,0.0060300668167069,0.8089537604911976,0.6779515983101418,2.0780627727508545,9.173091888427734,-2.4802074432373047,0.00012061379675287753,-287.7657054077672,0.04098117724061012,145869.4476949851,144799.7708029794,5564617896.0
train_tune_95c45_00903_903,CNN,0.0382127822426329,0.7816979552851337,0.6796565183030886,3.01462984085083,13.018585205078125,-5.33209753036499,0.0002648851368576288,-287.7290092184751,0.13121764361858368,4326.224727215622,4326.224727215622,51561928.0
train_tune_95c45_00904_904,CNN,0.094906187436088,0.8106008334831428,0.6389148385241425,2.936002016067505,11.104623794555664,-3.201206922531128,0.00040470180101692677,-291.1619043235335,-0.04012715443968773,9104.495236384351,9104.495236384351,103633416.0
train_tune_95c45_00905_905,CNN,0.030838399189463,0.7504750564336152,0.5987182419651991,0.8104621171951294,2.7561309337615967,-0.32801830768585205,3.648749043350108e-05,-291.6152268790713,0.002352276584133506,169081382.29011032,168285910.6461231,6776445744.0
train_tune_95c45_00906_906,CNN,0.0312271378148501,0.7814536646746078,0.5718181819853743,1.0387753248214722,3.616703748703003,-0.4959092140197754,3.9752358134137467e-05,-302.7190233855513,-0.017823437228798866,340660853639.87317,335208763212.01807,14835900664.0
train_tune_95c45_00907_907,CNN,0.0302938936143201,0.7441217685278592,0.6429512293056823,0.3537243604660034,1.481260895729065,-0.06288246810436249,5.992465048620943e-06,-299.9386714674316,0.0022522364743053913,2327537353463.7363,2393811722211.706,8783405368.0
train_tune_95c45_00908_908,CNN,0.0315556958030924,0.7312784588070422,0.5649365730144795,0.38467684388160706,1.461530089378357,-0.07169315218925476,7.832469236745965e-06,-294.79632580604607,0.0015752859180793166,2473486085023.496,2388068574667.8794,19279805680.0
train_tune_95c45_00909_909,CNN,0.1366272207584589,0.8227192854002431,0.6831303403339826,1.297296404838562,5.177510738372803,-0.8191134929656982,3.760589606827125e-05,-289.5896471289532,-0.02768545225262642,164357.490256036,164421.46890053694,7072704032.0
train_tune_95c45_00910_910,CNN,0.0839915482037583,0.8192872054642484,0.6437926728461638,2.72324800491333,10.807543754577637,-2.815253257751465,0.00027202238561585546,-300.425283204897,-0.043879278004169464,126230.92777179787,122839.85615165738,238770728.0
train_tune_95c45_00911_911,CNN,0.0338294632757505,0.768197098337883,0.5773698896991326,2.6001884937286377,11.166241645812988,-2.967761993408203,0.00024391936312895268,-292.9778818015593,-0.010476438328623772,4148405.9000835833,4146414.1782118957,3155872672.0
train_tune_95c45_00912_912,CNN,0.0362463207344465,0.7753505748367797,0.7129853504985765,0.7048978209495544,2.6290836334228516,-0.2679505944252014,1.696752769930754e-05,-301.1548492225604,0.027404379099607468,40593029347779.08,41278409994822.16,30194670632.0
train_tune_95c45_00913_913,CNN,0.033780843839427,0.7385105954774536,0.5895934742144637,0.7952244877815247,2.731266975402832,-0.2880333364009857,2.4623852368677035e-05,-291.445930072182,-0.029728399589657784,73608729.25909308,75508711.15877858,3195536944.0
train_tune_95c45_00914_914,CNN,0.0570272238883205,0.7187967681467309,0.632332046034596,0.37701115012168884,1.519522786140442,-0.07599830627441406,9.753643098520115e-06,-301.93638822639525,0.015278267674148083,2997281895169.253,3028965191953.7275,15657357632.0
train_tune_95c45_00915_915,CNN,0.0727831377808423,0.8225141160984538,0.5965776722839652,1.7557787895202637,7.247900009155273,-1.2507734298706055,0.00013423770724330097,-341.15673048413254,-0.031208833679556847,1498055.4399656705,1529007.6084267735,1446654392.0
train_tune_95c45_00916_916,CNN,0.0273360192253322,0.7872028931218112,0.5829542603038085,0.28968656063079834,0.8445978164672852,-0.037969574332237244,5.286051418806892e-06,-302.96538597670485,-0.008867456577718258,156261988.90086257,160951191.89719892,1831112872.0
train_tune_95c45_00917_917,CNN,0.1090406794655515,0.813795398699901,0.5963916811469472,1.0175306797027588,3.419740676879883,-0.48390135169029236,3.187621041433886e-05,-290.8407347984253,-0.040882378816604614,8019111.338536726,8006306.48295244,7191465880.0
train_tune_95c45_00918_918,CNN,0.0612995539876762,0.75955672905477,0.5346515157973531,0.7744950652122498,3.0658440589904785,-0.28855520486831665,2.0933846826665103e-05,-295.4412183162524,-0.013044100254774094,5963809778.067732,5963260398.45986,15995385456.0
train_tune_95c45_00919_919,CNN,0.0378188452998588,0.8047605810460663,0.6705770686871639,1.6557742357254028,7.054235458374023,-1.299940586090088,6.502019823528826e-05,-288.9144451891174,-0.01095469482243061,4152.244918464596,4152.244918464596,136210200.0
train_tune_95c45_00920_920,CNN,0.0463275981206835,0.7967245819519075,0.6391079085297884,0.48994380235671997,1.7261955738067627,-0.12077420949935913,1.17870258691255e-05,-305.36041382303046,0.01746881566941738,330578037968.36884,330431824752.67285,15512309416.0
train_tune_95c45_00921_921,CNN,0.0353887648809523,0.7934078404793066,0.6268371652078906,0.6760720014572144,2.6506526470184326,-0.20120829343795776,3.3341355447191745e-05,-291.98968788862703,-0.026217423379421234,156095617.9578852,157730091.00484526,15327901072.0
train_tune_95c45_00922_922,CNN,0.1328778032788306,0.7973251088728761,0.6206525986598534,2.8183887004852295,8.548051834106445,-4.244083404541016,0.00019467086531221867,-295.7024111860537,0.03669169545173645,14519185.939088544,14600339.776004871,4047774520.0
train_tune_95c45_00923_923,CNN,0.0307578581988815,0.7199519264979624,0.6211697571104222,0.6511956453323364,2.5489354133605957,-0.22111086547374725,2.0159366613370366e-05,-294.02677028599913,0.017888354137539864,6117597493.618951,6130148420.427454,7355707304.0
train_tune_95c45_00924_924,CNN,0.0041526166043137,0.6937647778272975,0.5324767245730583,1.224822998046875,5.450369834899902,-0.8449258804321289,3.6516903492156416e-05,-293.7388375240185,0.02019408717751503,52209008.07047192,52696616.26969366,2033833040.0
train_tune_95c45_00925_925,CNN,0.0831207968230862,0.8397106554239504,0.6308637942323355,2.0520801544189453,6.966778755187988,-2.154515504837036,0.00011104749864898622,-290.5625286477683,0.02761211059987545,303288.33472300647,304247.9358685647,2235108136.0
train_tune_95c45_00926_926,CNN,0.035971732988949,0.800973107542926,0.645807692253481,1.9115321636199951,7.829241752624512,-1.8532744646072388,0.0001123424808611162,-289.2096638451916,0.018644923344254494,315761.349568444,316357.0381273391,3829784440.0
train_tune_95c45_00927_927,CNN,0.0907254563778211,0.8058220362308063,0.5296528001242817,3.3021717071533203,14.564024925231934,-5.842310905456543,0.0003587331739254296,-295.833589615542,0.033633701503276825,9283632.375922853,9104037.680086382,3697228008.0
train_tune_95c45_00928_928,CNN,0.0879187239485131,0.7530325584974207,0.5745554721303001,0.48827290534973145,1.8875170946121216,-0.11869458109140396,8.152725058607757e-06,-300.49092601880955,0.006470999680459499,2237684252.871007,2309179401.5860376,9506146944.0
train_tune_95c45_00929_929,CNN,0.0511552502532414,0.8314370539305037,0.6240004908263327,1.4127659797668457,3.8555431365966797,-1.2135850191116333,8.344557136297226e-05,-291.5200728499216,0.03967810049653053,4665323.745694229,4642378.843249116,5173398984.0
train_tune_95c45_00930_930,CNN,0.0522623311714454,0.8186031665188565,0.6123251380030725,2.3483824729919434,8.420612335205078,-2.8483996391296387,0.00013370675151236355,-300.2256791849194,0.019447993487119675,2206917.519172238,2260233.843577442,2512781768.0
train_tune_95c45_00931_931,CNN,0.0315556958030924,0.7251155437837928,0.6519125952798123,0.28848186135292053,1.1488761901855469,-0.04147164523601532,5.681072707375279e-06,-295.3118168385379,-0.0029105106368660927,516682186.4161656,510135788.2025128,8321510824.0
train_tune_95c45_00932_932,CNN,0.0362715786220823,0.8032009065548404,0.6384358081799695,2.5142822265625,10.40002727508545,-3.6509387493133545,0.00017278155428357422,-288.2299395288676,0.06218099221587181,308810.8840200757,311532.0586081478,8879887064.0
train_tune_95c45_00933_933,CNN,0.0461795609725298,0.7819704645762715,0.5964172379863163,2.578279495239258,10.102713584899902,-3.452167510986328,0.0002443142584525049,-293.1899031613337,0.0027744099497795105,4903943.476683045,4937048.811065396,7848025984.0
train_tune_95c45_00934_934,CNN,0.0302938936143201,0.7091344003280833,0.582725162742362,0.8281984329223633,2.8119447231292725,-0.35813453793525696,2.6085192075697705e-05,-310.1155206939368,0.007927551865577698,35286858055477.67,34536412893424.344,18331729024.0
train_tune_95c45_00935_935,CNN,0.0345225801091956,0.7875403229791349,0.5728847959312688,2.0695629119873047,4.823143005371094,-3.5954198837280273,0.00011928151070605963,-290.15231247908423,0.1491054743528366,129481079.0178393,128894195.3458851,8438346480.0
train_tune_95c45_00936_936,CNN,0.0303636017513801,0.767090202073633,0.66008470733592,0.4917413294315338,1.4448952674865723,-0.11012406647205353,8.141269972838927e-06,-300.00343349203376,-0.017624828964471817,1874319942.539763,1853860877.425844,11331499520.0
train_tune_95c45_00937_937,CNN,0.115392582123509,0.7343667028251322,0.6729459808573712,2.0632543563842773,3.4262773990631104,-2.833638906478882,0.00019494022126309574,-301.8581570520414,-0.07253339141607285,52473.12509587657,53037.441501337584,54085464.0
train_tune_95c45_00938_938,CNN,0.1070076055417827,0.7460322323930796,0.5801097829161908,0.9960864782333374,4.075879096984863,-0.4674062728881836,4.1605344449635595e-05,-292.3142220089294,-0.014131832867860794,451888110.0515779,447996234.14824,16062454296.0
train_tune_95c45_00939_939,CNN,0.0393201777324652,0.7789210402231086,0.677460642053262,2.8477072715759277,8.592885971069336,-4.916781425476074,0.00010517061309656128,-294.8578946003271,0.08886577188968658,4383.665158615153,4383.665158615153,31885656.0
train_tune_95c45_00940_940,CNN,0.074027113025716,0.7859666695697405,0.6543160627493951,1.6826715469360352,7.203497886657715,-1.411063551902771,8.543144213035703e-05,-289.08188763149553,0.011159289628267288,300766.67748696916,300915.1565422289,9203939936.0
train_tune_95c45_00941_941,CNN,0.0300611737717453,0.765267050150382,0.5546984479568067,1.4519057273864746,5.425551414489746,-1.0612859725952148,7.530912989750504e-05,-293.3330327114537,-0.0067942761816084385,19963616.602184523,20124112.46799786,21017355712.0
train_tune_95c45_00942_942,CNN,0.0353887648809523,0.7607125465027449,0.7487163632846348,0.20579734444618225,0.760589063167572,-0.019659513607621193,5.4382708185585216e-06,-304.68785632701815,0.0004236324457451701,3224443186024.335,3299023235105.057,29087773384.0
train_tune_95c45_00943_943,CNN,0.062168712130441,0.8111525190678499,0.6080071703472718,2.3777267932891846,9.258546829223633,-2.692718505859375,0.0002600326552055776,-290.92013513746826,0.004007508046925068,10309010.6781253,10469070.631033236,10500550120.0
train_tune_95c45_00944_944,CNN,0.0769282681449609,0.7694970951724152,0.5619649923345649,0.9850988388061523,2.381134033203125,-0.5864406228065491,6.270582525758073e-05,-300.4893348384953,0.03248604014515877,33664953738.631813,34124861342.63806,28573780480.0
train_tune_95c45_00945_945,CNN,0.0251415739113454,0.7203927181170068,0.6265105425411748,0.38046687841415405,1.4125165939331055,-0.06922271102666855,5.1327615437912755e-06,-300.1271212791364,0.0007781580206938088,3730937008809.9453,3663932235672.663,15491951512.0
train_tune_95c45_00946_946,CNN,0.0408831174445826,0.7323862050168047,0.6200206721267424,1.2838561534881592,4.465361595153809,-0.830778956413269,9.840732673183084e-05,-315.67933503437996,0.015249733813107014,76166206.35309929,74524410.10100898,3092025312.0
train_tune_95c45_00947_947,CNN,0.0381494243309076,0.779935873883107,0.6633441339203043,0.2799149751663208,0.9937050342559814,-0.03571680933237076,4.317127604736015e-06,-305.4157401401662,0.0011373814195394516,286999.6608337682,280836.1054939299,148377512.0
train_tune_95c45_00948_948,CNN,0.107513439990772,0.8486127189575294,0.6457199100900324,1.6943999528884888,6.194922924041748,-1.5406677722930908,8.13604929135181e-05,-291.0757066564646,0.011234160512685776,242256.73601620778,241364.2749282301,3446247784.0
train_tune_95c45_00949_949,CNN,0.0555824784084907,0.7995027976857185,0.677640273160026,1.6926254034042358,7.626119613647461,-1.493798851966858,5.67355818930082e-05,-288.32728406337435,0.017407355830073357,3382.371534136849,3382.371534136849,123616288.0
train_tune_95c45_00950_950,CNN,0.0413014870185403,0.7827643463511069,0.6737495479055646,2.436260938644409,8.28040599822998,-3.6542747020721436,0.00010804609337355942,-292.37195459858856,0.10543408989906311,4949.913721387729,4949.913721387729,71250696.0
train_tune_95c45_00951_951,CNN,0.065854468419807,0.7458586604349371,0.5895357355799882,1.4178228378295898,6.0156145095825195,-1.0141654014587402,7.199966785265133e-05,-288.21180187573003,-0.009498097002506256,5806993.54207189,5896568.28895467,5608969352.0
train_tune_95c45_00952_952,CNN,0.0945815683065263,0.812399096907296,0.5678112657278548,1.7507288455963135,7.181332588195801,-1.585483431816101,9.233060700353235e-05,-290.2178204708908,0.01665261760354042,265828.6828194746,267862.00888924743,6540596712.0
train_tune_95c45_00953_953,CNN,0.0340242227494069,0.8040863354668051,0.5961137540030604,1.355208158493042,5.436385154724121,-0.6055954694747925,0.00011235763668082654,-290.05771583424814,-0.06037522852420807,7016434.9147694,6954888.131355958,5303316664.0
train_tune_95c45_00954_954,CNN,0.0051637546862842,0.750520652685623,0.5458798727274109,0.6748386025428772,2.7326385974884033,-0.25626587867736816,2.204129850724712e-05,-322.3736053554135,0.03089125081896782,14392862691058.3,14433706911602.084,19862014744.0
train_tune_95c45_00955_955,CNN,0.0303674557339595,0.7657509909877536,0.6408297351400132,0.9507542848587036,3.760493755340576,-0.46164166927337646,2.8458489396143705e-05,-297.6873265852658,0.00807064026594162,55518699884.18834,57803105972.7984,6641896432.0
train_tune_95c45_00956_956,CNN,0.0308364465269423,0.7215028261356039,0.6314388581886274,1.093820333480835,4.133799076080322,-0.5970966815948486,3.6130375519860536e-05,-295.6557890561488,-0.0006041291635483503,12239132035248.62,12258319311499.205,17390582816.0
train_tune_95c45_00957_957,CNN,0.0245703546904108,0.7719324491698043,0.6743500694123449,2.15590238571167,9.448841094970703,-2.683885097503662,0.00011492652993183583,-289.1309126950787,0.07265501469373703,3758.062250807882,3758.062250807882,83033880.0
train_tune_95c45_00958_958,CNN,0.093941370620746,0.7620244212061396,0.615273446792647,0.8900771141052246,3.019862174987793,-0.36649423837661743,1.5742753021186218e-05,-300.74004394216496,-0.006808827631175518,471549872743.0503,456310737917.6721,11875366008.0
train_tune_95c45_00959_959,CNN,0.0251266891891891,0.8097323181937834,0.6098489565722851,1.463700771331787,6.181764602661133,-0.9453839063644409,7.577250653412193e-05,-288.4943068081394,-0.02545231580734253,5281709.026835762,5263382.5573727805,13932816408.0
train_tune_95c45_00960_960,CNN,0.0356114590081335,0.7155069685933413,0.608235214011636,0.7031913995742798,2.7054617404937744,-0.2533150315284729,2.97662008961197e-05,-295.8050234453947,0.00657410454005003,861608541674.2969,868598398433.1447,33804564296.0
train_tune_95c45_00961_961,CNN,0.0440455511489402,0.790570491480673,0.546066185850653,0.960090160369873,3.711545944213867,-0.5258666276931763,4.405423533171415e-05,-298.68650878701874,0.0513119176030159,3208156962.9461484,3228415068.2934337,4823729496.0
train_tune_95c45_00962_962,CNN,0.0617281078770196,0.8082520978733279,0.6538674753958806,1.3899813890457153,4.12935733795166,-1.047166109085083,7.297062256839126e-05,-287.95626130072776,-0.005381561815738678,88406.08726662927,87651.68704867525,1197771592.0
train_tune_95c45_00963_963,CNN,0.0302938936143201,0.8081681825364524,0.5754601246212343,1.7219820022583008,6.520537376403809,-1.8432356119155884,0.00010471843415871263,-294.25926481364047,0.07095509767532349,7746896.7012291625,7768829.82147865,5536394056.0
train_tune_95c45_00964_964,CNN,0.0352511736056647,0.7941484638858864,0.7097591762355718,1.4720871448516846,5.858346462249756,-1.1758151054382324,5.125473398948088e-05,-288.1939271243965,0.050124745815992355,84847.9072050837,84391.00692535129,1743718912.0
train_tune_95c45_00965_965,CNN,0.0359670837934169,0.8051815010131613,0.6286662865657433,2.527510643005371,8.508686065673828,-3.70224666595459,0.0001612710184417665,-292.1212126564067,0.02422812022268772,4577.6603208910765,4577.6603208910765,46375176.0
train_tune_95c45_00966_966,CNN,0.025257897197598,0.7363787650123166,0.6143230242312663,0.9092241525650024,3.616865873336792,-0.39259737730026245,3.538607415976003e-05,-288.7362020879747,-0.005358861759305,8413383.326244462,8364340.38288931,9727949192.0
train_tune_95c45_00967_967,CNN,0.0317427147066292,0.8099703046470794,0.5940737417604969,1.781346321105957,7.58073616027832,-1.4365217685699463,0.00011431644088588655,-287.1759433799112,-0.026279620826244354,163023.77613304203,163011.06953081122,4946947576.0
train_tune_95c45_00968_968,CNN,0.0508877000995942,0.7755582385325164,0.6045630605757426,0.724765419960022,2.695188283920288,-0.23061425983905792,4.0684793930267915e-05,-290.57603278057104,-0.03147502243518829,2054692.2452490842,2086843.6497825321,1084069976.0
train_tune_95c45_00969_969,CNN,0.0428705540512761,0.7826353321382986,0.6020247164222711,2.8605523109436035,12.125268936157227,-3.7909111976623535,0.0002339955826755613,-289.3446128927344,0.012788200750946999,6006.395116187251,6006.395116187251,86631344.0
train_tune_95c45_00970_970,CNN,0.0286452182207547,0.7672993178162074,0.6116680183433126,1.0756855010986328,2.3375728130340576,-0.755744218826294,3.901620948454365e-05,-302.7439163209697,0.04104212671518326,378028116536.7971,394252607586.72723,24305859264.0
train_tune_95c45_00971_971,CNN,0.1233177679308554,0.8423153577250486,0.6823705507360722,1.5470786094665527,5.001758575439453,-1.1359498500823975,0.00012436052202247083,-293.81874892173676,-0.03514665737748146,228399.9630181999,225921.4382525658,1601936816.0
train_tune_95c45_00972_972,CNN,0.0303636017513801,0.7828646592580009,0.5740235008823502,1.3095388412475586,5.270397186279297,-1.0431766510009766,5.163550304132514e-05,-289.05068649658256,0.07440230250358582,2609352.2863620683,2599074.14462879,2855732416.0
train_tune_95c45_00973_973,CNN,0.0612274471006132,0.7913900794676811,0.6369025448218861,4.343636989593506,11.380481719970703,-15.075757026672363,0.0003369484911672771,-296.18838414185456,0.29777848720550537,5833.532724113859,5833.532724113859,25003760.0
train_tune_95c45_00974_974,CNN,0.0654891115278556,0.6822451670256989,0.6070449427841365,5.891680717468262,8.223712921142578,-37.557071685791016,0.00033856413210742176,-684.3173861423794,0.24882864952087402,2952.0897878900787,2952.0897878900787,2167560.0
train_tune_95c45_00975_975,CNN,0.0137054500756476,0.7890927791880593,0.533751947202844,0.5481837391853333,1.9263505935668945,-0.15146492421627045,1.3035403753747232e-05,-291.1633997065942,0.0045110201463103294,43153720.68187095,42503725.614415616,5255500688.0
train_tune_95c45_00976_976,CNN,0.0506910015608187,0.79300103872212,0.6152696036135961,0.5529931783676147,1.6028587818145752,-0.16066604852676392,1.2510336091509089e-05,-292.0574853013435,0.005112956278026104,10644623242.685879,10558912293.197731,24540519608.0
train_tune_95c45_00977_977,CNN,0.0414714443233128,0.7721658693716618,0.6025285077438146,2.6529431343078613,10.126461029052734,-3.4189462661743164,0.0002646318753249943,-291.51000309837104,-0.013311831280589104,13169878.640575897,13129193.853923522,10345492368.0
train_tune_95c45_00978_978,CNN,0.0302938936143201,0.7380637506869796,0.5919908749352722,0.2912985682487488,0.444291889667511,-0.027571283280849457,1.690474346105475e-05,-298.24137092565763,0.005881966091692448,60082036296.665634,63182494999.61432,2804887712.0
train_tune_95c45_00979_979,CNN,0.0261343226434038,0.7715526285939291,0.5235530175207088,0.9118360280990601,1.9591879844665527,-0.4848342835903168,4.1319988667964935e-05,-295.46702166780324,-0.01965678296983242,142778481.99340203,144431452.7122492,2430636192.0
train_tune_95c45_00980_980,CNN,0.0365775539664279,0.8013994765019951,0.5850454724740459,0.513573408126831,1.8241238594055176,-0.14086464047431946,1.0659276995284017e-05,-307.2547733034513,0.02478852868080139,1087936452655.9465,1069918108054.8296,23387148296.0
train_tune_95c45_00981_981,CNN,0.0489541751079889,0.776997941556127,0.6100041377856715,0.8236764669418335,3.1020002365112305,-0.3360925614833832,2.594346005935222e-05,-295.88322070300126,0.012036733329296112,1764066294.1067562,1734221376.558072,4007027112.0
train_tune_95c45_00982_982,CNN,0.0801946025642169,0.7023614730648667,0.5898998544550433,0.7100827097892761,2.1837258338928223,-0.2604482173919678,2.021537147811614e-05,-297.5276278105449,0.013510320335626602,2708538127.738102,2745924646.4063816,2899115336.0
train_tune_95c45_00983_983,CNN,0.0070106395184723,0.7479962131279141,0.594880482332277,0.7915652990341187,2.612060070037842,-0.35915878415107727,1.6659781977068633e-05,-301.80124886451176,0.04203548654913902,12631719996.02786,12587532920.140835,12087511080.0
train_tune_95c45_00984_984,CNN,0.0917727104551037,0.8394105426623863,0.5961738684643088,2.7444710731506348,11.49558162689209,-3.921137809753418,0.000205647898837924,-291.0593350430722,-0.0220379289239645,291993.7095535603,296178.98323912756,3543730632.0
train_tune_95c45_00985_985,CNN,0.0360282656000794,0.8171312207807727,0.6143651207995929,2.234358310699463,7.68408727645874,-2.9890594482421875,0.00016809627413749695,-293.0339783814707,0.10893572866916656,369205.5908731655,371182.04943032307,3005305800.0
train_tune_95c45_00986_986,CNN,0.0385353124283976,0.7344173179387815,0.4895229373612682,0.9210137128829956,2.4626500606536865,-0.47234416007995605,4.879456537310034e-05,-303.3787407826491,0.013363290578126907,41710086776229.375,42435884129401.26,25554676656.0
train_tune_95c45_00987_987,CNN,0.0603590894851768,0.81594837778059,0.6715530691505402,2.7776169776916504,11.83362865447998,-3.789680242538452,0.00013704209413845092,-288.6967194060184,-0.021863844245672226,8754.13273152829,8754.13273152829,155747088.0
train_tune_95c45_00988_988,CNN,0.0321467724253562,0.8394976193633132,0.7015028076804553,1.5651421546936035,4.1743388175964355,-1.457758903503418,9.774230420589447e-05,-291.86597519622234,0.025604248046875,158143.03696629684,157988.46858019114,1462125816.0
train_tune_95c45_00989_989,CNN,0.0389045043926507,0.7376729579001564,0.5395349320581174,0.9697821736335754,2.6079375743865967,-0.5460412502288818,3.1662071705795825e-05,-303.9456227565922,0.025746453553438187,866670514283.7474,856698791911.741,25037916896.0
train_tune_95c45_00990_990,CNN,0.034788877375726,0.7736035217310588,0.5202535234227081,0.7950076460838318,3.135460376739502,-0.3140051066875458,2.0649567886721343e-05,-297.75024621788214,-0.0013622972182929516,1235414064.6264935,1228789908.1295369,30096096296.0
train_tune_95c45_00991_991,CNN,0.0308364465269423,0.6768327065610056,0.6621278763187722,0.4678509831428528,1.5132086277008057,-0.11022846400737762,8.641938620712608e-06,-307.0376997790154,0.00777808902785182,1895037449878.7273,1840879129647.8848,6367467104.0
train_tune_95c45_00992_992,CNN,0.0329217604494836,0.8092432873539056,0.5960500645123172,1.6563951969146729,5.862983703613281,-1.6848863363265991,0.00011738616012735292,-292.3888828774373,0.09336312115192413,13686827.244281974,13577657.959966667,11568710056.0
train_tune_95c45_00993_993,CNN,0.0251266891891891,0.7578611207968167,0.682716810837211,1.442864179611206,5.716335296630859,-0.8623360395431519,9.108779340749606e-05,-302.69219622523144,-0.029557209461927414,868243957849.4688,838662190671.1287,23969374704.0
train_tune_95c45_00994_994,CNN,0.0317599244027367,0.8304245376053474,0.6848919464096064,0.7597916126251221,2.8333499431610107,-0.30709508061408997,1.9819268345599994e-05,-299.4341569266087,0.018079034984111786,93599503534.17368,98482302630.08704,10843162432.0
train_tune_95c45_00995_995,CNN,0.0051637546862842,0.7958752443915627,0.587669840307326,0.9741474986076355,3.7130074501037598,-0.5062379837036133,2.9500512027880177e-05,-297.1036050580434,0.019500352442264557,783657862735.0132,802669507447.8032,14350846480.0
train_tune_95c45_00996_996,CNN,0.0420605285240245,0.7719403504399314,0.5773365304807949,1.0980463027954102,4.080606937408447,-0.6290543079376221,3.582824137993157e-05,-291.46907762338645,0.015739811584353447,6142127.642134011,6024825.99614433,5172817480.0
train_tune_95c45_00997_997,CNN,0.0051644853201273,0.7451365891018722,0.56026335599852,2.5381076335906982,10.386411666870117,-3.8161654472351074,0.00020876587950624526,-290.4485144674293,0.07215891778469086,401870713.7604134,403349317.82420504,10388527208.0
train_tune_95c45_00998_998,CNN,0.0400154792017824,0.84244525760705,0.6853634136938224,3.5562829971313477,12.87857437133789,-7.058073997497559,0.00020361243514344096,-290.80558821115983,0.07777322828769684,9072.552824992508,9072.552824992508,99315720.0
train_tune_95c45_00999_999,CNN,0.0327804366354159,0.8009641497090718,0.7155822369911984,0.8946030735969543,2.784480333328247,-0.40299028158187866,3.8258222048170865e-05,-302.1836115343893,0.0010047545656561852,7656174647416.199,7504498805699.309,8174205928.0
train_tune_95c45_01000_1000,CNN,0.0315556958030924,0.7199355214830058,0.5435625728267601,0.7121318578720093,2.8676724433898926,-0.25067588686943054,1.8657454347703606e-05,-302.56058189455985,-0.0013903299113735557,2279559502105.8145,2287394362941.157,30353110704.0
train_tune_95c45_01001_1001,CNN,0.0641543076456008,0.7246345993602484,0.6159639486170618,0.7306168079376221,1.9586338996887207,-0.24659092724323273,1.4216872841643635e-05,-292.4692059182121,-0.02523166313767433,1470820645.9121447,1463040390.5265665,4740208384.0
train_tune_95c45_01002_1002,CNN,0.0248611804692854,0.8166601631961605,0.6261663970498672,1.998489499092102,8.376794815063477,-2.26340651512146,0.00010480720084160566,-289.8570677369644,0.0710742250084877,153808.5884757439,152688.42004626995,1649798360.0
train_tune_95c45_01003_1003,CNN,0.1794932578753551,0.8047591157441942,0.6049572271133477,1.4329150915145874,4.777072906494141,-1.171478033065796,8.017761138034984e-05,-290.83620416639405,0.048655327409505844,225388749.96946746,226131145.38423264,7888496984.0
train_tune_95c45_01004_1004,CNN,0.0923009176565339,0.7833841884513286,0.6418824371712335,1.484050989151001,6.149075984954834,-1.3154897689819336,5.4247513617156073e-05,-290.17283127795383,0.050532203167676926,219337.43875628378,218851.35834544635,6168963944.0
train_tune_95c45_01005_1005,CNN,0.0251266891891891,0.7085684426494762,0.6537818327949034,0.86758953332901,1.8040573596954346,-0.37737464904785156,3.49500187439844e-05,-294.8525517218609,-0.046173930168151855,1741749137183.07,1805558967874.1729,16683216104.0
train_tune_95c45_01006_1006,CNN,0.0214633635608731,0.8025937313807527,0.5392764887890322,1.0280603170394897,3.1337413787841797,-0.4096291661262512,9.621285425964743e-05,-295.8078300806485,-0.03996634483337402,261966257.297306,266007287.9903746,5476979576.0
train_tune_95c45_01007_1007,CNN,0.0323814223801971,0.773331173093792,0.5398889820651969,0.7668449878692627,2.513012647628784,-0.31528201699256897,4.151448592892848e-05,-299.81231683137105,0.02116278186440468,41505117108.77342,41925890720.48494,24671467128.0
train_tune_95c45_01008_1008,CNN,0.0308919415078812,0.7032165191729762,0.5505746276225211,0.6367992758750916,1.3825644254684448,-0.20784835517406464,3.7362664443207905e-05,-292.982093715922,-0.012682431377470493,150248011089.88644,147712032337.50305,11829334904.0
train_tune_95c45_01009_1009,CNN,0.0303636017513801,0.7486299428749661,0.514632197636454,0.8441314697265625,3.283902645111084,-0.32845383882522583,4.578244988806546e-05,-302.4625523139197,-0.012554111890494823,316501467084.6837,305091776088.95874,12244588072.0
train_tune_95c45_01010_1010,CNN,0.013836914918557,0.7919233937778298,0.6766389989199134,1.9371638298034668,8.583939552307129,-2.161620616912842,9.016109834192321e-05,-287.91933375126854,0.07785060256719589,3260.814032548047,3260.814032548047,85972824.0
train_tune_95c45_01011_1011,CNN,0.1012106386891703,0.7938570401379836,0.6644772243558841,2.3249075412750244,10.922606468200684,-2.281562566757202,0.0001613250933587551,-289.07037460127435,-0.0601099357008934,5024.077413760275,5024.077413760275,109990256.0
train_tune_95c45_01012_1012,CNN,0.0463875709559808,0.7970879925751819,0.6898378962676384,3.483569622039795,13.548287391662598,-8.576390266418457,0.00038006724207662046,-289.85001156435334,0.24205493927001953,5022.591552065003,5022.591552065003,51592976.0
train_tune_95c45_01013_1013,CNN,0.1281482703612899,0.758945413360808,0.5841128948164865,2.119136333465576,7.793905258178711,-2.62715220451355,0.00018956046551465988,-294.0024886339029,0.06032648682594299,13187805.145464143,13126083.328426482,10525270328.0
train_tune_95c45_01014_1014,CNN,0.0919878789394164,0.8359678496968744,0.6924466931411957,1.4273827075958252,2.736510753631592,-1.4854375123977661,0.00011874359915964305,-298.8030916140725,0.02923549897968769,121141.48892446209,121176.50886677961,344537048.0
train_tune_95c45_01015_1015,CNN,0.1116217276847462,0.7651544014457992,0.6935220017635522,0.5029830932617188,1.2233357429504395,-0.11787328124046326,9.577924174664076e-06,-304.8919237390398,-0.017734263092279434,1569155378026.679,1530963579282.2869,7436620688.0
train_tune_95c45_01016_1016,CNN,0.0308919415078812,0.7673777629081491,0.5991962333881411,0.34102049469947815,1.352217435836792,-0.05578651279211044,4.5345668695517816e-06,-303.4975185052294,-0.002904420718550682,5424321291143.006,5192646168087.843,12835992024.0
train_tune_95c45_01017_1017,CNN,0.0251266891891891,0.7234981937734819,0.5615844494309044,1.052935004234314,3.141568422317505,-0.5231349468231201,3.900971569237299e-05,-303.26956684531586,-0.010979490354657173,38433694772800.86,38962228688770.016,22389013256.0
train_tune_95c45_01018_1018,CNN,0.054358199035725,0.7610654248202336,0.5863994472275521,0.5451033115386963,2.152336359024048,-0.14023612439632416,1.5724623153801076e-05,-297.26023378425566,-0.014906538650393486,3465031391.706959,3392617386.7735133,5829808936.0
train_tune_95c45_01019_1019,CNN,0.1232024959969366,0.8167094185720692,0.7168521761163014,3.1349101066589355,8.977951049804688,-6.146397590637207,0.00015027554763946682,-296.5552108761827,0.09179821610450745,5100.473404475883,5100.473404475883,30771848.0
train_tune_95c45_01020_1020,CNN,0.035117298282287,0.698935145258267,0.6120310219765794,9.243904113769531,12.501177787780762,-120.3369140625,0.002028863411396742,-718.2382405255436,0.7104014158248901,3519.205525307234,3519.205525307234,1457664.0
train_tune_95c45_01021_1021,CNN,0.0648478296317717,0.8104064593909782,0.6897448945005644,2.1687936782836914,8.698654174804688,-2.3634276390075684,8.552763756597415e-05,-290.0123381436814,-0.004962979815900326,5373.498586799,5373.498586799,115370472.0
train_tune_95c45_01022_1022,CNN,0.0251479289940828,0.7527476483963345,0.578960642225114,1.2500144243240356,4.561593532562256,-0.7649990916252136,3.2373056455980986e-05,-294.4114704202748,-0.004872225224971771,327696946128.0751,319830351816.6586,20403152368.0
train_tune_95c45_01023_1023,CNN,0.0394551776349075,0.8168886171352661,0.515823807728707,2.3319625854492188,7.333840847015381,-2.684054136276245,0.00011332291614962742,-315.1613994805099,0.018130192533135414,55014.52188076045,53241.121329641916,52569504.0
train_tune_95c45_01024_1024,CNN,0.0302938936143201,0.7530711647806773,0.7040224683916834,1.2103033065795898,4.43093204498291,-0.7359702587127686,5.9264901210553944e-05,-304.0277769152966,0.008851413615047932,2474179764476.7007,2232130147748.478,4124820440.0
train_tune_95c45_01025_1025,CNN,0.0370687085316161,0.8213871692183561,0.6678942052515029,2.6384854316711426,10.998519897460938,-3.643345355987549,0.00021819099492859095,-290.27228607497494,0.02902059629559517,334857.56128535175,333966.5483401548,5574607280.0
train_tune_95c45_01026_1026,CNN,0.0353887648809523,0.7590940749874039,0.5983206723184706,0.7346092462539673,2.922395706176758,-0.27395719289779663,2.08746459975373e-05,-291.2803258942232,0.008709304966032505,244734279.6025874,242602583.74111867,12079416200.0
train_tune_95c45_01027_1027,CNN,0.0089513765663184,0.7185750137912583,0.6414110609426426,0.49406737089157104,1.8224221467971802,-0.12367124855518341,1.006495403998997e-05,-305.7309948549505,0.011976971291005611,7593833393024.381,7494704002541.453,17255286688.0
train_tune_95c45_01028_1028,CNN,0.0826532901105999,0.7573088693218228,0.6413539218819865,1.008065938949585,3.9956300258636475,-0.52001953125,4.285974137019366e-05,-298.6001073853617,0.002692720852792263,633901327514.7428,637607749898.1919,17701968672.0
train_tune_95c45_01029_1029,CNN,0.1032712287613759,0.7775297185494967,0.6157821101516743,1.0293339490890503,2.7386980056762695,-0.4955376982688904,5.086829696665518e-05,-294.7070747396532,-0.0515834242105484,5783072.208249001,5761405.179542566,4043658576.0
train_tune_95c45_01030_1030,CNN,0.0302938936143201,0.7898756105844542,0.6500711438683092,0.6480132937431335,2.3565688133239746,-0.20751570165157318,2.308129842276685e-05,-297.3181100470098,-0.00022218201775103807,36545528221.807976,36701894107.47077,3989194952.0
train_tune_95c45_01031_1031,CNN,0.1661265079223061,0.8122147271258308,0.6424069888658133,2.0598318576812744,3.7815277576446533,-2.077740430831909,0.0003039803123101592,-292.78972649415243,-0.07707443833351135,42690.229391596215,42393.37685198954,71266760.0
train_tune_95c45_01032_1032,CNN,0.1249132333741609,0.7743562232455342,0.5803349474386569,1.4913454055786133,4.612826347351074,-0.9919480681419373,0.00020777399186044931,-299.9776975317709,0.0003435509279370308,189233383.6727603,188676275.78904998,2563609888.0
train_tune_95c45_01033_1033,CNN,0.0282866248772153,0.762174533567981,0.4912094624493638,1.1538829803466797,3.8894202709198,-0.6327537894248962,5.283529753796756e-05,-294.477098554416,-0.007771059405058622,174139296.85165286,180448596.8347702,5823236040.0
train_tune_95c45_01034_1034,CNN,0.0303636017513801,0.8039925633426336,0.6691344102086305,1.2706530094146729,4.274263381958008,-0.827370285987854,3.621847281465307e-05,-290.55407586145816,-0.006051959469914436,196439.03730965007,196642.01234976028,2394800232.0
train_tune_95c45_01035_1035,CNN,0.0889323631590191,0.7692532761112575,0.5447110701811961,0.8368762135505676,3.5056164264678955,-0.3159283399581909,2.3766446247464046e-05,-306.2587851273148,-0.024024590849876404,1413737986115.7856,1415269893064.8887,33248303320.0
train_tune_95c45_01036_1036,CNN,0.0191301228855162,0.7014968993912265,0.5850271647805425,0.7915869951248169,2.6389963626861572,-0.346974641084671,1.703252382867504e-05,-298.38206017404787,0.03205852210521698,704456779376.9237,716880138189.7744,30194809376.0
train_tune_95c45_01037_1037,CNN,0.0633483132181124,0.7909627748267294,0.6271194265776773,2.1079440116882324,6.267699241638184,-2.59161114692688,8.998856355901808e-05,-289.8612023081745,0.052731066942214966,4145500.562236723,4088928.6964862146,3099849992.0
train_tune_95c45_01038_1038,CNN,0.0440024088885415,0.8241022701991771,0.6136738140934157,1.8963608741760254,7.411386489868164,-1.8202093839645386,0.00015269918367266655,-288.52743931473486,0.013795197941362858,4202323.118509034,4164918.4983037664,3035076776.0
train_tune_95c45_01039_1039,CNN,0.0308364465269423,0.7054521043377826,0.5926630757120973,0.5148398876190186,1.9132307767868042,-0.14160430431365967,1.658219662203919e-05,-291.7245989505138,0.026097983121871948,892283990.9733174,902355867.8369987,14713616752.0
train_tune_95c45_01040_1040,CNN,0.0289394556661093,0.7798703180176662,0.6385927651175455,2.1382064819335938,5.960862159729004,-2.516136646270752,9.066424536285922e-05,-342.2933762505344,0.009412144310772419,1048088.3469852614,1054357.596255016,356894552.0
train_tune_95c45_01041_1041,CNN,0.0259341378307647,0.8108768921157152,0.5519136404686205,1.4966228008270264,2.801007032394409,-1.7306095361709595,8.281748159788549e-05,-295.3793023589547,0.04453591629862785,111710161.17391916,112082131.63047238,3517104256.0
train_tune_95c45_01042_1042,CNN,0.0398939495281952,0.7353296012632344,0.5769286286519123,1.1043850183486938,4.4156012535095215,-0.7320228815078735,4.622500273399055e-05,-302.7257296896964,0.056521814316511154,6427336660043.589,6424537696690.826,10158512016.0
train_tune_95c45_01043_1043,CNN,0.0715119678124611,0.7020428033404035,0.5712427904765807,0.9378257989883423,3.3820090293884277,-0.4171893000602722,3.738994200830348e-05,-295.10097728879225,-0.008628573268651962,490249093764.136,499440790950.0194,19681317936.0
train_tune_95c45_01044_1044,CNN,0.0529554132471941,0.8005421450358209,0.6757122099255533,2.645737409591675,10.697100639343262,-4.060229778289795,0.00027867089374922216,-293.51449877332806,0.08543294668197632,203068.7145989628,200973.01724460314,1336905720.0
train_tune_95c45_01045_1045,CNN,0.068870696558943,0.8011438960611076,0.7054224703879239,1.6960046291351318,7.072022438049316,-1.3645575046539307,4.515072942012921e-05,-290.0756638074726,-0.026011481881141663,4709.8761355512015,4709.8761355512015,136520128.0
train_tune_95c45_01046_1046,CNN,0.0669236668718112,0.7782536865645497,0.6419426745605755,3.578366279602051,10.390618324279785,-7.086677551269531,0.00014906788419466466,-295.0297404928975,0.05984582006931305,5937.768777761357,5937.768777761357,28987752.0
train_tune_95c45_01047_1047,CNN,0.0626326516032381,0.7986136201918217,0.6425915235308979,5.174754619598389,13.215322494506836,-21.054061889648438,0.00044439287739805877,-304.85533920028854,0.17966526746749878,4656.793508202027,4656.793508202027,8768304.0
train_tune_95c45_01048_1048,CNN,0.0336715644139141,0.729104073338512,0.5019558264686717,0.7014349699020386,2.403266429901123,-0.22250816226005554,2.9480806915671565e-05,-299.01952732103643,-0.014385506510734558,91570426480.27487,90619469339.0269,6370096800.0
train_tune_95c45_01049_1049,CNN,0.0302938936143201,0.725448398657573,0.4591727452795179,0.7795194387435913,1.5786912441253662,-0.3942281901836395,3.2765303330961615e-05,-297.22677359762054,0.05676419287919998,1154115103098.1187,1158032208719.7341,5822775032.0
train_tune_95c45_01050_1050,CNN,0.0302938936143201,0.7305476238933579,0.5667206957505749,0.8308454751968384,3.156426429748535,-0.33884575963020325,3.3995638659689575e-05,-292.40966111567803,0.00034957402385771275,1948376271.8201194,2050632640.6465118,11397096696.0
train_tune_95c45_01051_1051,CNN,0.1062898521383116,0.7692213564264107,0.6598194039635901,2.60975980758667,7.967326641082764,-3.4613656997680664,9.201871580444276e-05,-295.17759217983223,-0.0291244238615036,5157.233805619902,5157.233805619902,38462632.0
train_tune_95c45_01052_1052,CNN,0.0312092355857031,0.7965535445762284,0.5821547380977037,2.4285638332366943,5.585720062255859,-4.651564121246338,0.00021916828700341284,-309.50175633116737,0.10584159195423126,67020850.18855488,62289573.76720682,1515102144.0
train_tune_95c45_01053_1053,CNN,0.0683578508638167,0.6460059732753428,0.5850346857826181,0.4429861307144165,1.7911618947982788,-0.09429003298282623,7.155059392971452e-06,-294.1012415367816,-0.011682026088237762,4715745731.665592,4779283624.624134,12024715888.0
train_tune_95c45_01054_1054,CNN,0.0131775623091912,0.8216119940696005,0.5901803998028576,3.1202239990234375,10.084228515625,-7.987064361572266,0.00027878250693902373,-288.2476669908838,0.2530719041824341,152236.07087044872,151036.49866422892,1080731424.0
train_tune_95c45_01055_1055,CNN,0.0303636017513801,0.722308910416348,0.6351626431845495,0.7711293697357178,2.320340871810913,-0.33438795804977417,3.226826811442152e-05,-294.30219589851197,0.033877164125442505,92922286274.927,91495306017.46262,6714584320.0
train_tune_95c45_01056_1056,CNN,0.1554065993790815,0.7609762298765048,0.6882890544996725,3.342878818511963,10.953774452209473,-4.432529449462891,0.0002761495707090944,-291.1919594443623,-0.11368055641651154,7253.100169216821,7253.100169216821,39130416.0
train_tune_95c45_01057_1057,CNN,0.039519057842351,0.7856944236250234,0.6240135176724279,0.5535496473312378,2.0553531646728516,-0.15129373967647552,1.0619705790304579e-05,-290.8978409254793,0.0010808669030666351,42177792.472522706,40963924.80914509,3945683032.0
train_tune_95c45_01058_1058,CNN,0.0180377833656287,0.8262674065437634,0.6933111307885421,3.095561981201172,13.940299034118652,-5.830036163330078,0.00024200876941904426,-288.3957230931235,0.1461019068956375,8032.014945074039,8032.014945074039,188847880.0
train_tune_95c45_01059_1059,CNN,0.0308919415078812,0.7489840809189494,0.6457427340716257,0.5355854630470276,1.83073091506958,-0.14707668125629425,1.87105979421176e-05,-311.8848516614797,0.011137459427118301,13101915617466.95,12775950063276.33,15293794040.0
train_tune_95c45_01060_1060,CNN,0.0260825374587397,0.7656040574839257,0.6206832015140845,1.310550332069397,2.5184969902038574,-1.598608136177063,7.671528146602213e-05,-295.5150985415895,0.12214045226573944,741702542.710275,746383022.5979581,5634771248.0
train_tune_95c45_01061_1061,CNN,0.0315556958030924,0.7423833536040227,0.6076583563897779,0.8296135663986206,2.5939862728118896,-0.3690451979637146,2.271035009471234e-05,-297.4755640991983,0.013511469587683678,297780725808.90424,306202191500.21594,23403888504.0
train_tune_95c45_01062_1062,CNN,0.0475758155966908,0.7493616703579749,0.5638083436672946,0.8366686105728149,3.3470242023468018,-0.3654543161392212,2.8762919100699946e-05,-295.9643466101031,0.009370089508593082,9196347915.506378,9330577912.660135,16879674152.0
train_tune_95c45_01063_1063,CNN,0.0104328575826078,0.7681346871278567,0.5785603032031725,1.664738655090332,5.653731822967529,-1.550149917602539,4.644602813641541e-05,-290.788447106881,0.04571017622947693,10842460.933820687,10852812.17664805,7031840280.0
train_tune_95c45_01064_1064,CNN,0.0251266891891891,0.763413420666794,0.5561035590026012,0.6888998746871948,2.435685396194458,-0.24964071810245514,1.963346039701719e-05,-298.35986744605594,0.023363998159766197,961461948270.8188,981378985365.586,27782525584.0
train_tune_95c45_01065_1065,CNN,0.0308919415078812,0.7478399549238018,0.7089677415030887,0.6135236024856567,2.5135021209716797,-0.18417400121688843,1.999109736061655e-05,-302.6735733933708,-0.00370571156963706,33509401253689.074,34418710624069.633,23092018528.0
train_tune_95c45_01066_1066,CNN,0.0245808660607889,0.8156281035495956,0.6024741090519647,1.8235418796539307,7.153739929199219,-1.7868561744689941,0.00010464555816724896,-291.6450933981918,0.03173568844795227,316339.0687311258,315503.2731410475,6963073224.0
train_tune_95c45_01067_1067,CNN,0.0329968491862665,0.8166967084453323,0.6776422846152563,5.790022373199463,13.82392692565918,-38.142333984375,0.0007874153088778257,-303.4101310971565,0.23799419403076172,6891.316227183146,6891.316227183146,19438344.0
train_tune_95c45_01068_1068,CNN,0.0513213063924306,0.7054271121571203,0.6059630846822717,1.079888939857483,4.26303243637085,-0.6149662733078003,5.063124262960628e-05,-299.2251109870275,0.016936680302023888,3971282979.882161,3951806599.8754907,7125261584.0
train_tune_95c45_01069_1069,CNN,0.1160168281299717,0.7446583742183571,0.6329195519505955,2.1621131896972656,8.147516250610352,-2.568895101547241,0.00013472334831021726,-290.3479507030415,0.04521246254444122,2343.7785576242495,2343.7785576242495,25785320.0
train_tune_95c45_01070_1070,CNN,0.0314003123151691,0.8091411813297111,0.7010681227334996,2.0719547271728516,6.986045837402344,-2.4913132190704346,0.00013294865493662655,-288.8065656958346,0.027515172958374023,113084.2744963564,112909.22475226919,613538656.0
train_tune_95c45_01071_1071,CNN,0.0825008003578905,0.8190110319754529,0.5947090008604153,1.9996895790100098,7.412504196166992,-2.2183971405029297,0.00010643374116625637,-289.9014518202262,0.05140309035778046,292474.60074611416,291755.08616212296,7918466144.0
train_tune_95c45_01072_1072,CNN,0.0056024702053584,0.7453470621278957,0.6422541418112169,0.8184338808059692,3.0617623329162598,-0.34003299474716187,2.2179747247719206e-05,-298.3868804602304,0.007932184264063835,972353825342.1328,948160639000.0986,28633701512.0
train_tune_95c45_01073_1073,CNN,0.0302938936143201,0.8203363729907336,0.5765915378900756,1.5906381607055664,5.725932598114014,-1.48240327835083,6.803036376368254e-05,-294.31570146591093,0.042696766555309296,12808158.793968827,12834387.87326644,8914444336.0
train_tune_95c45_01074_1074,CNN,0.0519537630965735,0.8303893226210337,0.6726278765226037,1.4898359775543213,5.602693557739258,-0.9832655787467957,5.7150464272126555e-05,-301.02294580478883,-0.024575455114245415,11296277.007529885,11758840.0874936,12405011616.0
train_tune_95c45_01075_1075,CNN,0.0308364465269423,0.7228942047998027,0.6951077925152183,0.34239721298217773,1.2951483726501465,-0.05270855128765106,1.3449012840283103e-05,-308.66029458739865,-0.019004225730895996,3803981356427.0723,4168663617051.055,21242926784.0
train_tune_95c45_01076_1076,CNN,0.0038149476507552,0.7469970988786563,0.600325439629245,1.246907353401184,2.6493680477142334,-1.1741089820861816,4.1436011088080704e-05,-291.46792725262196,0.08110281080007553,199290274.82613096,196618367.71669182,10934311848.0
train_tune_95c45_01077_1077,CNN,0.0098380778991503,0.688674843620988,0.6041251751950361,0.9017271995544434,2.6677327156066895,-0.39790967106819153,1.8334803826292045e-05,-294.09278191241356,-0.007913164794445038,6859073336804.734,6833062058543.999,16772073656.0
train_tune_95c45_01078_1078,CNN,0.0299688550358964,0.7955512974612672,0.5645873925461147,0.7857398986816406,3.1211206912994385,-0.33071327209472656,2.5599940272513777e-05,-292.7527590103125,0.02510610967874527,3120761.2439443893,3131274.1075913697,1419822232.0
train_tune_95c45_01079_1079,CNN,0.0393876061400805,0.7651922275361014,0.5482723159796811,1.1222238540649414,4.388531684875488,-0.6399296522140503,3.5568282328313217e-05,-296.8207476400399,0.01057579554617405,32117600299.79702,32430388806.477634,23502656632.0
train_tune_95c45_01080_1080,CNN,0.0302938936143201,0.7338487135164826,0.5224525279463306,0.5784041285514832,1.4847564697265625,-0.17179974913597107,1.3989752005727496e-05,-340.1962638494199,0.0022463705390691757,13733013422.836313,13826936367.167133,6374521928.0
train_tune_95c45_01081_1081,CNN,0.0447505452016482,0.8170687398743857,0.6462180547654137,1.630505084991455,6.863189697265625,-1.3112273216247559,9.360116382595152e-05,-289.52264341094985,-0.01228457409888506,96301.49583433717,96988.40651878802,786563448.0
train_tune_95c45_01082_1082,CNN,0.0253858398792766,0.8139224248114111,0.5945435895587394,1.2190451622009277,4.657276153564453,-0.7470110654830933,5.60341686650645e-05,-297.63700635684177,0.008898627012968063,10149171438.46002,9687375293.874321,9774090832.0
train_tune_95c45_01083_1083,CNN,0.0326839269506731,0.7543341835146864,0.5068241299689142,1.0108672380447388,2.4514641761779785,-0.6272332072257996,2.484360447851941e-05,-299.2706455073168,0.019409578293561935,13384367649.91651,13485038719.14428,15759381152.0
train_tune_95c45_01084_1084,CNN,0.0806138744961632,0.7855109985679993,0.6716121076481314,4.310670852661133,13.433866500854492,-11.691030502319336,0.00021093606483191252,-293.8204549188617,0.12305159121751785,6416.620155042141,6416.620155042141,27869992.0
train_tune_95c45_01085_1085,CNN,0.0236126289371396,0.7020127450701976,0.6384035961517743,1.086806297302246,3.766587018966675,-0.5013416409492493,4.339579027146101e-05,-295.26387989473614,-0.036347098648548126,541085614479.6798,545550740566.3572,20437434656.0
train_tune_95c45_01086_1086,CNN,0.0619716283421526,0.6967144924792941,0.6056404996444967,1.0683339834213257,4.361174583435059,-0.6151303052902222,4.864215225097723e-05,-296.4112872182258,0.015244688838720322,817038972231.0115,832046715160.7739,34197607976.0
train_tune_95c45_01087_1087,CNN,0.0396563210088675,0.7242099250073517,0.5885943713792079,0.3538445234298706,1.358625888824463,-0.05771956592798233,6.480790489149513e-06,-300.81997610593044,-0.011679867282509804,135704815610.01848,134685434140.86473,6987002800.0
train_tune_95c45_01088_1088,CNN,0.0327424192716876,0.8031673366796479,0.6606487295442742,2.814361095428467,11.923663139343262,-4.579244613647461,0.00033925785101018846,-289.41770407016827,0.21163177490234375,5597.920421560873,5597.920421560873,105397032.0
train_tune_95c45_01089_1089,CNN,0.1722660678890419,0.7917735685394135,0.6595346560928549,4.079375267028809,10.858284950256348,-11.606892585754395,0.00040964357322081923,-297.1432729751944,0.08501192182302475,7155.174709352757,7155.174709352757,28073736.0
train_tune_95c45_01090_1090,CNN,0.0290829903644401,0.7630177208552131,0.545862643905959,1.0188838243484497,2.627933979034424,-0.550611138343811,1.9256072846474126e-05,-289.7171843936651,-0.02335583232343197,780435062.8564923,768095291.9238153,1941979576.0
train_tune_95c45_01091_1091,CNN,0.058643518016026,0.8021497827020219,0.6873520281533065,1.9120784997940063,8.570718765258789,-2.089653968811035,6.922554166521877e-05,-290.16987960812236,0.06052815541625023,3777.3865253073545,3777.3865253073545,116803272.0
train_tune_95c45_01092_1092,CNN,0.0958619700677843,0.8198915068106245,0.5832041344049491,1.1288985013961792,3.7688004970550537,-0.7290433645248413,4.520720904110931e-05,-292.70669149770384,0.04836096614599228,14010283.01830946,13835427.009828825,13538553392.0
train_tune_95c45_01093_1093,CNN,0.0058546105057732,0.8127979785144515,0.6642014630092125,1.0036020278930664,2.531761646270752,-0.6910786032676697,3.84050072170794e-05,-293.0767659900823,0.05892132595181465,121237.6858277253,121038.88681863854,1798416744.0
train_tune_95c45_01094_1094,CNN,0.1364896713926539,0.8077210105277813,0.5771943477995679,1.0185648202896118,4.16469144821167,-0.466692715883255,5.129091732669622e-05,-293.7387081813988,-0.022816628217697144,24092047.315096952,24020242.639163896,24492535552.0
train_tune_95c45_01095_1095,CNN,0.0249576988155668,0.7558744396506849,0.5522233902820455,0.8042697906494141,3.261685371398926,-0.32927271723747253,2.126577601302415e-05,-291.03859184687207,0.004052488133311272,28047845.673666224,28290721.10224282,1813961624.0
train_tune_95c45_01096_1096,CNN,0.0479591078326613,0.7921351210106146,0.6734053149638093,1.9718024730682373,6.843371868133545,-1.5480598211288452,0.0001516805205028504,-291.1929886382703,-0.06588920950889587,4087.491936440396,4087.491936440396,57966792.0
train_tune_95c45_01097_1097,CNN,0.0261724301279014,0.7849281917717406,0.5871300130341901,0.4120767116546631,1.6440459489822388,-0.08689390122890472,1.199206235469319e-05,-312.42190249998566,0.014051452279090881,43610390427991.16,43743654739299.44,28567406360.0
train_tune_95c45_01098_1098,CNN,0.0520256453887199,0.7138751029981114,0.5903397217190458,1.3071186542510986,5.112967014312744,-1.0427370071411133,8.578044071327895e-05,-302.1247867040695,0.08046118915081024,109606475025.77087,112205123416.44064,9901682040.0
train_tune_95c45_01099_1099,CNN,0.0379232018999593,0.7776914906717249,0.5559735104211416,1.9579520225524902,7.900615692138672,-1.6848742961883545,0.00013931479770690203,-291.38689940729546,-0.037139128893613815,8579866.302427221,8763535.888754407,3365313696.0
train_tune_95c45_01100_1100,CNN,0.0308364465269423,0.7390754052207305,0.5883470466740838,2.6275625228881836,11.584342956542969,-4.141833782196045,0.00024501857114955783,-293.295179129409,0.06549237668514252,58328.32698781655,57075.590437683095,336040616.0
train_tune_95c45_01101_1101,CNN,0.0293702430712557,0.7740919598359088,0.56818445926897,1.138091802597046,4.335236549377441,-0.7184339761734009,5.206840069149621e-05,-295.7439971757833,0.035525694489479065,181293660.04449022,184637317.5664594,8016992528.0
train_tune_95c45_01102_1102,CNN,0.0796557104239752,0.8259162294226114,0.6045808720868759,1.8659765720367432,4.785473823547363,-2.748161554336548,0.00010280282003805041,-289.29700042544374,0.0766311064362526,101196.01451192197,102589.81598370582,596007992.0
train_tune_95c45_01103_1103,CNN,0.0123001393053358,0.7991031511961466,0.6691059075834784,4.048911094665527,15.852981567382812,-11.372739791870117,0.0002488638274371624,-289.7414760290223,0.22916820645332336,8526.857739567657,8526.857739567657,99988904.0
train_tune_95c45_01104_1104,CNN,0.0228715140044019,0.8031499105894343,0.6230642386815843,1.842738389968872,7.531089782714844,-1.700047254562378,8.65298934513703e-05,-289.83022379823916,-0.012125152163207531,472708.96689777466,473166.76754133834,6828624232.0
train_tune_95c45_01105_1105,CNN,0.0397475977059079,0.7808220680986788,0.5588293254897182,1.4035024642944336,3.6396124362945557,-1.2404499053955078,0.0001460882485844195,-310.091731944133,0.04832472652196884,469169443837.6772,471579590083.25134,10193253016.0
train_tune_95c45_01106_1106,CNN,0.0051637546862842,0.7646100567171285,0.584730991884894,0.6311017274856567,1.9498722553253174,-0.2028060406446457,1.2796440387319308e-05,-300.4180080619361,0.011691968888044357,39149600958.46482,39577179525.61746,8316344392.0
train_tune_95c45_01107_1107,CNN,0.0327813057398248,0.8171793238326651,0.6115299039754967,1.987691879272461,8.406486511230469,-1.9896384477615356,0.00011247285146964714,-290.48376019508305,-0.010381827130913734,199013.97291413398,198984.42756214333,2611379024.0
train_tune_95c45_01108_1108,CNN,0.0764438993001136,0.7586122376209405,0.6118173075445197,0.26161086559295654,0.9429907202720642,-0.03224291279911995,3.1920394576445688e-06,-300.54910285305425,0.006140684708952904,123048529178.4367,120737880470.05771,8669101408.0
train_tune_95c45_01109_1109,CNN,0.0651510846522369,0.7457563242226439,0.613144247951782,0.8941900730133057,3.0692522525787354,-0.39699262380599976,4.2897889215964824e-05,-292.11319820706007,0.00995265319943428,157605669.31848603,159175174.01552957,6882032824.0
train_tune_95c45_01110_1110,CNN,0.043416528647485,0.7660956544102109,0.6209646287837975,0.5954558849334717,2.2776236534118652,-0.17682874202728271,1.661709939071443e-05,-297.5262481458519,0.002104502869769931,4115719329.138567,4233255267.8065414,9527090208.0
train_tune_95c45_01111_1111,CNN,0.0304718843533082,0.7547101283835189,0.5614039567624757,0.3109655976295471,0.8874304294586182,-0.04573182016611099,1.1950707630603574e-05,-309.4703566530976,0.004480099771171808,17178406367389.637,17187492364529.094,16642875816.0
train_tune_95c45_01112_1112,CNN,0.0470147566804284,0.8060065605254532,0.5964914371743965,1.9544438123703003,7.8390631675720215,-2.1292519569396973,0.00020458533253986388,-291.87124829502494,0.04067879542708397,4899773.698657088,4882315.76586028,14555820752.0
train_tune_95c45_01113_1113,CNN,0.0610467972135925,0.7778939313697322,0.5750261461172657,1.9535343647003174,6.732036590576172,-1.9765385389328003,8.702481136424467e-05,-289.4315976912616,0.003107100259512663,4047722.468198238,3974781.874071044,1521384152.0
train_tune_95c45_01114_1114,CNN,0.0329498389153528,0.8041876691128877,0.6885601041290568,1.1552705764770508,4.391448020935059,-0.6437112092971802,4.845593502977863e-05,-288.5910682126494,-0.009476542472839355,162609.16417764535,162102.3033352121,6451713048.0
train_tune_95c45_01115_1115,CNN,0.0835779712400961,0.7805765474582058,0.6856826826432236,2.815406322479248,12.483579635620117,-4.252542018890381,0.0001609290047781542,-288.4137257162964,0.046041518449783325,6011.305401947429,6011.305401947429,111936832.0
train_tune_95c45_01116_1116,CNN,0.0308364465269423,0.746626311527307,0.643673582580074,0.4523389935493469,1.4942141771316528,-0.0994788110256195,5.7524002841091715e-06,-301.0796472255565,0.00023778504692018032,335231320380.98206,334948938432.5702,12322827144.0
train_tune_95c45_01117_1117,CNN,0.0238120454705923,0.7576446748361028,0.5725609286277948,1.1439440250396729,3.411459445953369,-0.7978655099868774,4.101888771401718e-05,-292.33032442414356,0.06512656807899475,166133451.5268261,161200815.68630868,4044090072.0
train_tune_95c45_01118_1118,CNN,0.028779320481216,0.7762482134552263,0.6388668293549106,0.8770516514778137,1.721192717552185,-0.4709068536758423,2.98935774480924e-05,-354.5542933242625,0.009471158497035503,147590709.0626263,152590626.7340543,920102824.0
train_tune_95c45_01119_1119,CNN,0.0560732771522784,0.8314633829109432,0.6215585661919159,1.6196024417877197,5.94625186920166,-1.2703053951263428,7.490174903068691e-05,-290.79328625838417,-0.018212880939245224,275389.52414695086,276695.6963344871,4656403944.0
train_tune_95c45_01120_1120,CNN,0.0576196224886155,0.7739938202858789,0.5754362853668193,1.5427038669586182,6.116250038146973,-1.1276588439941406,6.715233030263335e-05,-292.00305592893017,-0.014226922765374184,11396865.804008259,11364925.13399021,10984442568.0
train_tune_95c45_01121_1121,CNN,0.0497873860431015,0.7927663235950326,0.539097215349365,1.1092042922973633,3.675841808319092,-0.5816943645477295,3.669452416943386e-05,-294.18672470077405,-0.01522166095674038,2912268.708656931,2869369.7452176637,2708206488.0
train_tune_95c45_01122_1122,CNN,0.0594753193492332,0.7906554790792077,0.6805804802505578,2.648181438446045,11.346020698547363,-3.923848867416382,0.00012233489542268217,-288.6410964821067,0.05446988716721535,5020.223005809295,5020.223005809295,94417648.0
train_tune_95c45_01123_1123,CNN,0.0511497418688632,0.8492450050712141,0.6087776233890887,3.264688014984131,12.704347610473633,-6.152527332305908,0.00025492446729913354,-295.22285010127865,0.11123672127723694,160063.80497954699,157556.56496907165,578799736.0
train_tune_95c45_01124_1124,CNN,0.035538022077571,0.8054076102637349,0.5803370170105812,1.639367699623108,4.53262186050415,-1.4499244689941406,0.0001453857694286853,-292.59697661220963,-0.016572559252381325,214249237.31612718,215669872.1230411,7681622232.0
train_tune_95c45_01125_1125,CNN,0.1108695723831791,0.8236583859321446,0.5988648343981917,1.533855676651001,6.569828987121582,-1.272533655166626,5.100138878333382e-05,-293.55605349629354,0.007645318750292063,12622527.300395545,12444155.163214236,9541527080.0
train_tune_95c45_01126_1126,CNN,0.0328224694402145,0.8036112009308516,0.5886298857963967,1.5697331428527832,5.657135963439941,-1.3707928657531738,8.962723950389773e-05,-293.0227766578526,0.02652483992278576,5493188.47750128,5488689.34680341,4642651896.0
train_tune_95c45_01127_1127,CNN,0.0015295563238283,0.7339499144173032,0.5730441410106178,1.9019513130187988,5.516228675842285,-2.3465640544891357,0.00012416025856509805,-295.2527592876306,0.0968267023563385,235726859.72721392,231469022.76586577,6821992112.0
train_tune_95c45_01128_1128,CNN,0.1042396968273601,0.8129613806436553,0.6819830191160181,2.8522491455078125,12.155181884765625,-3.9121904373168945,0.00013039067562203854,-288.9005904219209,-0.026328811421990395,9077.364418041996,9077.364418041996,174875400.0
train_tune_95c45_01129_1129,CNN,0.0212878611842303,0.7597031407995427,0.577620654146269,1.2243245840072632,4.737000465393066,-0.7639915943145752,4.604888454196043e-05,-291.5639664736524,0.007941575720906258,234372252.1852939,233292771.29073584,13415889248.0
train_tune_95c45_01130_1130,CNN,0.0051637546862842,0.7228827795923571,0.6262218481178665,0.48033860325813293,1.7884862422943115,-0.11109338700771332,1.3088641935610212e-05,-301.10343977751324,-0.0057633365504443645,7911187208029.883,7661620367503.861,19828952672.0
train_tune_95c45_01131_1131,CNN,0.0864219373450808,0.7840744690665553,0.5842976314724317,1.1367712020874023,4.749786853790283,-0.6008777618408203,7.921621727291495e-05,-291.2800117931652,-0.0223325714468956,3122896.5047160424,3122487.1672680853,3498314232.0
train_tune_95c45_01132_1132,CNN,0.0308245202963713,0.7537032136693107,0.6461009620397465,1.8294990062713623,7.993978023529053,-1.8184179067611694,8.35300306789577e-05,-288.6531992155835,0.0235208161175251,2371.090322991814,2371.090322991814,47100592.0
train_tune_95c45_01133_1133,CNN,0.0315915840020218,0.7903875286981664,0.615314610550773,3.0824408531188965,11.848134994506836,-6.47881555557251,0.0003684811817947775,-287.8499022251353,0.10703891515731812,131359.6750760807,129952.18919906372,1685552064.0
train_tune_95c45_01134_1134,CNN,0.0482947630360194,0.7358191206068743,0.5755757307431695,1.4485247135162354,4.951672077178955,-1.0407583713531494,0.00010826679499587044,-291.1449158694577,0.004842285066843033,4179852.9690061314,4152647.757835774,1482178048.0
train_tune_95c45_01135_1135,CNN,0.0811339986124042,0.7873377452197714,0.6509563463515515,3.0597686767578125,12.081399917602539,-5.887772083282471,0.00021431766799651086,-331.08052348045993,0.14478033781051636,61681.65909048908,61602.989351784665,118418384.0
train_tune_95c45_01136_1136,CNN,0.0484959141875527,0.8017285915218945,0.5498937559467371,1.3779854774475098,5.490800857543945,-1.120836853981018,7.657574315089732e-05,-293.98297145921833,0.06713133305311203,409268732.84649193,401795237.704065,13240952440.0
train_tune_95c45_01137_1137,CNN,0.0303636017513801,0.8055465851899651,0.654120179703564,1.0074174404144287,3.661716938018799,-0.37836137413978577,7.196232763817534e-05,-303.1874906285775,-0.05330929160118103,257671540114.79364,266941940374.51135,10557928448.0
train_tune_95c45_01138_1138,CNN,0.0308364465269423,0.7190339555456451,0.6031905658272331,0.8810434341430664,3.7089858055114746,-0.4061170518398285,2.7112193492939696e-05,-295.1627657218982,0.0062769753858447075,672904376380.6858,677342097995.9325,15788612512.0
train_tune_95c45_01139_1139,CNN,0.0308163873849825,0.8027770479687032,0.6631017921645628,2.1398351192474365,9.658730506896973,-2.4769515991210938,8.72982491273433e-05,-288.4228107266513,0.01915111020207405,4314.05229965775,4314.05229965775,113883408.0
train_tune_95c45_01140_1140,CNN,0.0134295109668587,0.8301176723564025,0.5808795768936179,2.0509533882141113,8.609293937683105,-2.5827436447143555,0.00011276355508016422,-309.22122928230266,0.05577310919761658,126719147.96094954,123035243.16405627,20161931496.0
train_tune_95c45_01141_1141,CNN,0.0344298974344735,0.7497130007847574,0.6262749885889641,0.8699626326560974,2.2987563610076904,-0.41162872314453125,3.01705404126551e-05,-299.2334509877775,0.00572066567838192,333178289455.36865,343623815860.50146,14234365648.0
train_tune_95c45_01142_1142,CNN,0.0251315874975631,0.7052316145420062,0.5592441376251276,0.5292031764984131,2.0244460105895996,-0.14538490772247314,1.3454413419822231e-05,-296.9770094019665,0.014977897517383099,7893692801.110708,7883067755.085696,11442150896.0
train_tune_95c45_01143_1143,CNN,0.147042873475871,0.750125200029428,0.5356105962342711,1.0734689235687256,2.8770999908447266,-0.7336945533752441,3.248121720389463e-05,-295.13617759496515,0.045107342302799225,607040692.5869277,610722864.2183998,19055080904.0
train_tune_95c45_01144_1144,CNN,0.0262537692412375,0.8207357935466204,0.6243556262899033,1.7048203945159912,3.8873095512390137,-1.416946291923523,0.00024709667195566,-295.0249983622672,-0.012432738207280636,145357.08222137595,145875.25427767943,394422976.0
train_tune_95c45_01145_1145,CNN,0.0354102732477729,0.753459521269092,0.6484630330249801,0.6608180999755859,2.7016408443450928,-0.22390344738960266,1.852419700298924e-05,-298.38736844266714,-0.0004473854205571115,8334282232.047688,8422546025.829342,15698962880.0
train_tune_95c45_01146_1146,CNN,0.0302938936143201,0.6756005631972491,0.5368821412604952,0.3113846182823181,1.1268131732940674,-0.04787393659353256,7.578282747999765e-06,-295.27325569243,0.004245968069881201,36770660410.90894,37181698944.12278,10345347936.0
train_tune_95c45_01147_1147,CNN,0.0765634540033833,0.7404265663364058,0.6151726965888276,0.7906989455223083,3.0018393993377686,-0.28536540269851685,2.302955908817239e-05,-299.9419948316679,-0.02350168116390705,875587183373.8882,860042161642.4875,20539132472.0
train_tune_95c45_01148_1148,CNN,0.0820441124785871,0.7461244385207609,0.6374745798769457,1.793349027633667,6.633484840393066,-1.8215051889419556,0.00011434997577453032,-293.67481926379526,0.03906808793544769,7169093.6791905565,7204178.988201944,2846558032.0
train_tune_95c45_01149_1149,CNN,0.0479341080610871,0.8060188571976843,0.6005882070629569,1.4311389923095703,4.7171950340271,-1.1713197231292725,4.52458334621042e-05,-293.45877885187457,0.034565847367048264,10970322.034463666,10882531.438900027,10015586888.0
train_tune_95c45_01150_1150,CNN,0.130339623446787,0.7527988520889886,0.5662692331983414,2.248284339904785,8.263989448547363,-2.031157970428467,9.831513307290152e-05,-291.5868892005105,-0.09307515621185303,2689.3828752109434,2689.3828752109434,16862648.0
train_tune_95c45_01151_1151,CNN,0.0235192382618616,0.8071008006983069,0.6619249982834975,1.5518364906311035,6.155451774597168,-1.2704968452453613,6.56223128316924e-05,-288.8152860681047,-0.025856243446469307,196848.332969147,196853.44942147896,2021929368.0
train_tune_95c45_01152_1152,CNN,0.0732873943785065,0.7257344121560687,0.6202599677623323,1.292015790939331,5.088337421417236,-0.8051379919052124,9.278395737055689e-05,-294.4199493133799,-0.014958514831960201,452602721266.8721,457738142963.79456,25852766656.0
train_tune_95c45_01153_1153,CNN,0.0363876848872959,0.7096969796043004,0.5201105136540205,1.1403509378433228,4.569875717163086,-0.5671552419662476,5.285553925205022e-05,-299.49965140635106,-0.026413895189762115,1793595845121.7935,1755582897966.4648,34940498944.0
train_tune_95c45_01154_1154,CNN,0.0383803208273936,0.71154455228937,0.5754797826821716,0.33449891209602356,1.311184287071228,-0.056844353675842285,1.1516340236994438e-05,-314.7754985274921,0.013579417020082474,3626265162135.4395,3682687475978.9805,28071408056.0
train_tune_95c45_01155_1155,CNN,0.0338770296046692,0.7438244324914902,0.6074999383494164,0.6102185249328613,2.421320676803589,-0.19051668047904968,2.0832516383961774e-05,-290.2574061089722,0.004747562110424042,49276336520.85774,48052116267.03402,10234760728.0
train_tune_95c45_01156_1156,CNN,0.0051641199773627,0.7261067510740612,0.6110065811947597,0.6613721251487732,1.6299569606781006,-0.24233046174049377,1.3751708138443064e-05,-294.37584966202337,0.01897730678319931,4483929713.852639,4415286004.619795,16968004096.0
train_tune_95c45_01157_1157,CNN,0.1625091089030216,0.8092956686729808,0.5716557954374468,1.275382161140442,5.571550369262695,-0.7957866191864014,4.9440226575825363e-05,-290.1734522576456,-0.04322768747806549,211335.20237184686,211467.4752754223,8713246232.0
train_tune_95c45_01158_1158,CNN,0.0226605329831971,0.7441579255808207,0.6973882007843966,0.8499305844306946,3.444185256958008,-0.3655749261379242,4.021205677418038e-05,-302.07961801343527,0.0015324577689170837,1418975697427.3135,1431501803878.7656,25762381344.0
train_tune_95c45_01159_1159,CNN,0.0428912832631963,0.8022071465810114,0.6679714395176212,1.8483209609985352,8.006410598754883,-1.7040441036224365,6.352933269226924e-05,-289.2417131655428,0.011977959424257278,4666.735980667167,4666.735980667167,142006008.0
train_tune_95c45_01160_1160,CNN,0.0603890839368925,0.8345526042011899,0.618185526463287,2.5118706226348877,8.84826374053955,-3.592602252960205,0.00016515288734808564,-289.03929748972814,0.009538057260215282,307512.3235829626,307621.41812260303,4611345096.0
train_tune_95c45_01161_1161,CNN,0.0555781777633517,0.7854400934390571,0.6368705246524108,1.1853652000427246,4.783284664154053,-0.514995813369751,7.522050145780668e-05,-303.31721315409,-0.04745416343212128,161913293205.443,162055456248.44327,13403033496.0
train_tune_95c45_01162_1162,CNN,0.007312802554331,0.7659860348485035,0.4937898261156006,1.0331470966339111,2.9997739791870117,-0.6478800177574158,2.5054721845663153e-05,-299.534522974815,0.04990384727716446,157008319823.7562,161936361530.90347,12664807392.0
train_tune_95c45_01163_1163,CNN,0.0651219802900047,0.7716646606148775,0.7293540848722262,0.5221036076545715,1.9301486015319824,-0.13983428478240967,1.1414631444495171e-05,-305.5387792477404,0.01543642021715641,25741632972126.4,25377670692693.688,20772820768.0
train_tune_95c45_01164_1164,CNN,0.0303536220822998,0.7770605549172188,0.6203103865739081,1.0156974792480469,4.088356018066406,-0.5099462270736694,4.224029544275254e-05,-299.6370281678347,-0.0023682895116508007,38141905680.38937,38030506589.23784,16114389080.0
train_tune_95c45_01165_1165,CNN,0.0672061912954593,0.7633857360064487,0.608249432906185,0.7012081742286682,2.6564016342163086,-0.21210862696170807,1.6544305253773928e-05,-294.63571433441234,-0.02510799840092659,42109066.94563678,41603118.76502646,1272189968.0
train_tune_95c45_01166_1166,CNN,0.0485908727859265,0.821783380647222,0.7045155201768545,2.047830820083618,9.372663497924805,-2.179631471633911,6.68405118631199e-05,-289.22189902814085,0.031011313199996948,6224.260411145127,6224.260411145127,215350664.0
train_tune_95c45_01167_1167,CNN,0.055482458917525,0.7501413512654284,0.5372564519666503,0.9973499774932861,4.1576104164123535,-0.5592383146286011,4.075906326761469e-05,-294.6177760279944,0.02196008712053299,35050434.292760536,35587592.3138408,2333704664.0
train_tune_95c45_01168_1168,CNN,0.0429405575457709,0.7903562216490738,0.6022031516815483,1.801910400390625,7.10999870300293,-1.645496129989624,0.00011267251102253795,-290.8029820127301,0.003679470159113407,17321846.81946699,17082379.133427978,11595786040.0
train_tune_95c45_01169_1169,CNN,0.038801929273749,0.7645078913714146,0.5710384982824679,1.0310745239257812,4.050252914428711,-0.5487090349197388,2.8937756724189967e-05,-291.42918312262077,0.014312991872429848,8269186382.055375,8450937481.092476,14621579432.0
train_tune_95c45_01170_1170,CNN,0.0308919415078812,0.7215829750886769,0.6569951984808253,0.9945268034934998,3.8255178928375244,-0.49523335695266724,3.943390038330108e-05,-302.4497500658788,-0.00037126452662050724,17032929683811.092,17806079320615.637,22249297152.0
train_tune_95c45_01171_1171,CNN,0.1315000703590252,0.7775753389579947,0.6379499851138946,4.4469475746154785,14.609052658081055,-13.043145179748535,0.0005760322674177587,-291.3520658003913,0.2965465486049652,6659.435305109034,6659.435305109034,33926792.0
train_tune_95c45_01172_1172,CNN,0.0255283751585061,0.7433945828253785,0.5998569532559825,0.7806803584098816,2.293431520462036,-0.3052912652492523,2.1960131562082097e-05,-298.1556127881453,-0.003068096935749054,3073639172.36174,3085421190.8574114,3154369432.0
train_tune_95c45_01173_1173,CNN,0.0275057353059721,0.8000865691522804,0.5869364813248787,1.2030065059661865,4.86269474029541,-0.730269193649292,6.566630327142775e-05,-294.9383141002047,-0.004431216977536678,327911419.41474974,325935478.9541985,14181093704.0
train_tune_95c45_01174_1174,CNN,0.1113739845097041,0.8190312101105794,0.6017452494071938,1.5651450157165527,6.422313690185547,-1.2011417150497437,5.7782257499638945e-05,-291.0276698981706,-0.0015909277135506272,303648.3993630375,305636.5866608257,8149885576.0
train_tune_95c45_01175_1175,CNN,0.0579891113906197,0.8227098277449769,0.700125931502972,2.3029191493988037,10.80362319946289,-2.605346918106079,0.0001108585056499578,-289.0067509630321,-0.008016122505068779,7178.5496325846925,7178.5496325846925,232654928.0
train_tune_95c45_01176_1176,CNN,0.0986756401205497,0.8054561485323484,0.6471672978114834,2.4182071685791016,9.448317527770996,-3.971169948577881,0.0002259829343529418,-301.39897431790956,0.09143396466970444,710841281919.1184,678690616081.6212,22761140728.0
train_tune_95c45_01177_1177,CNN,0.2132341554455327,0.7606860134334082,0.6228567995129428,1.780501127243042,7.505024433135986,-1.5965783596038818,5.29401222593151e-05,-289.10508168609726,-0.005936186295002699,2378.7652260062655,2378.7652260062655,40656440.0
train_tune_95c45_01178_1178,CNN,0.0355642116277047,0.7422211231257603,0.6391858560749198,0.5604202747344971,1.3683457374572754,-0.17369678616523743,1.1264452041359618e-05,-300.2661883493943,-0.0070742154493927956,101647867929.64606,103257395348.80283,7493201864.0
train_tune_95c45_01179_1179,CNN,0.0338493694204336,0.7614851625193271,0.5651966096156023,1.5382583141326904,5.639361381530762,-1.3735263347625732,0.00012281982344575226,-295.8975327669654,0.052725858986377716,57797016073.74327,57391728299.66621,31851518608.0
train_tune_95c45_01180_1180,CNN,0.0302938936143201,0.7514039143312381,0.5580920923730757,1.112385869026184,3.501101016998291,-0.5279135704040527,8.143213926814497e-05,-293.06351280931347,-0.032433658838272095,83099044.74058285,82826574.32032457,2412200472.0
train_tune_95c45_01181_1181,CNN,0.0351441172816498,0.7868899608938243,0.5686000481393364,0.9591277837753296,1.6371846199035645,-0.4492748975753784,5.748081093770452e-05,-295.31823775955445,-0.036172471940517426,3094484912.4656916,3124678760.0088725,13518855192.0
train_tune_95c45_01182_1182,CNN,0.0323714544969018,0.758425884838408,0.543124165915003,1.6371967792510986,6.832576274871826,-0.9401229619979858,0.00017439914518035948,-296.6652948502571,-0.052715279161930084,50080202.022511505,49879255.063518666,2424911672.0
train_tune_95c45_01183_1183,CNN,0.0251659292035398,0.7753021620502989,0.5456803484991702,0.9013407230377197,3.418658494949341,-0.4149816036224365,2.4205784939113073e-05,-292.04786633468194,-0.001771997194737196,427497964.3613911,423561705.1808214,15631431184.0
train_tune_95c45_01184_1184,CNN,0.069734965271606,0.7800389630323951,0.5959318610837003,1.8390402793884277,7.400542736053467,-1.4482207298278809,0.00012222029909025878,-295.95334503412124,-0.02102181315422058,1199883.1579615164,1165660.9887916478,234741352.0
train_tune_95c45_01185_1185,CNN,0.0352631906421105,0.6945987176920771,0.4996886125459581,0.7428199052810669,2.8192527294158936,-0.26072531938552856,2.3009652068139985e-05,-294.75879702238245,-0.014126230031251907,9773892340.501154,9841212748.77665,15632201712.0
train_tune_95c45_01186_1186,CNN,0.0307418845195721,0.7896564547985603,0.6011490534509223,1.0740307569503784,3.428065061569214,-0.5353704690933228,5.0462287617847323e-05,-294.30833749931696,-0.009958643466234207,200029676.75614017,197501748.30344018,5865269848.0
train_tune_95c45_01187_1187,CNN,0.030260162601626,0.7558430728623773,0.617599755639602,0.39103299379348755,1.2966234683990479,-0.07214874029159546,9.732885700941551e-06,-305.90494463901825,-0.008175897412002087,6371700429302.329,6408473750819.682,18546786952.0
train_tune_95c45_01188_1188,CNN,0.1444021684642971,0.7204938199093416,0.5999057469902918,1.5657970905303955,5.639280796051025,-0.9989268779754639,0.0001498108758823946,-295.73506727748986,-0.02567000314593315,18161025932.859554,18331116487.568596,18774082176.0
train_tune_95c45_01189_1189,CNN,0.0414788943754472,0.7592187319517212,0.6161613037829774,1.7020353078842163,7.412079334259033,-1.6189292669296265,8.10689089121297e-05,-289.7788808716495,0.03203725069761276,7941821.376075605,7831866.835653722,4966798848.0
train_tune_95c45_01190_1190,CNN,0.1113059445095443,0.7607410686004348,0.5997226193792049,0.849097728729248,2.1878411769866943,-0.36427903175354004,2.0441355445655063e-05,-298.3014668702576,-0.010712852701544762,361771627921.54956,368761181632.6996,17297208456.0
train_tune_95c45_01191_1191,CNN,0.0303636017513801,0.7983197175923635,0.757979158434442,0.845398485660553,2.8675432205200195,-0.38389256596565247,5.102708382764831e-05,-326.7701970482285,0.017614172771573067,7125039524398.581,7161483496502.912,14823408072.0
train_tune_95c45_01192_1192,CNN,0.0251266891891891,0.7551526179298185,0.5205817839288154,0.7121422290802002,2.6751065254211426,-0.24295580387115479,1.829547545639798e-05,-298.08316497637736,-0.006872586905956268,31821623.106383227,31015400.36026942,699334632.0
train_tune_95c45_01193_1193,CNN,0.0072418582567011,0.7741719274503037,0.5921343607202609,0.5761691331863403,1.733245611190796,-0.18223023414611816,1.6698710169293918e-05,-302.71167562500864,0.02457505278289318,259380703172.01178,264074564520.7437,14698816704.0
train_tune_95c45_01194_1194,CNN,0.0079053621422863,0.7918758280475728,0.6286028033710588,1.5073246955871582,6.4481682777404785,-1.224105715751648,7.168081356212497e-05,-291.15242012966803,0.019274432212114334,14116300.969981406,14075545.043625932,9812271584.0
train_tune_95c45_01195_1195,CNN,0.076199250248684,0.8024431955809781,0.5744835009239837,1.8997772932052612,7.172446250915527,-1.9361552000045776,8.392460586037487e-05,-291.88129155333166,0.008410518057644367,428456.80647181533,435798.49901519704,5387640840.0
train_tune_95c45_01196_1196,CNN,0.0241677689594356,0.8016930408457729,0.6569570808362468,1.686201572418213,6.921773433685303,-1.509861707687378,9.175670857075602e-05,-293.76100813941605,0.03933541476726532,119360.97856859415,119313.53031645922,1357866816.0
train_tune_95c45_01197_1197,CNN,0.0051637546862842,0.7174783391133195,0.5921552279704055,0.5011525750160217,1.3658316135406494,-0.12181392312049866,9.171162673737854e-06,-305.4151170793465,-0.009407740086317062,3228362948392.1816,3023001485394.297,6250472504.0
train_tune_95c45_01198_1198,CNN,0.0246773338575516,0.8013479872016944,0.5842628667529659,0.7282978892326355,2.365131378173828,-0.2928788363933563,2.902173946495168e-05,-292.23213885288465,0.026337839663028717,818259.9236359885,817878.9180518526,531758408.0
train_tune_95c45_01199_1199,CNN,0.0470142848089702,0.834171702810245,0.6047854271621835,2.7878663539886475,11.627264976501465,-2.7374813556671143,0.0003276562492828816,-289.1046827847311,-0.02103927545249462,246079.37604851119,248611.19239797024,1161717872.0
train_tune_95c45_01200_1200,CNN,0.0357699469295223,0.7203684321904681,0.5952603820970889,0.7432804107666016,2.6301372051239014,-0.24894435703754425,2.0295738067943603e-05,-301.9180568953968,-0.02503974735736847,247667277928.78577,249730309887.63882,10363832328.0
train_tune_95c45_01201_1201,CNN,0.0051637546862842,0.7649100291357893,0.566161543000274,0.46039897203445435,1.6464579105377197,-0.10255632549524307,8.670787792652845e-06,-308.06793159541814,-0.004708047024905682,18587791645856.125,18427078666397.6,17546149696.0
train_tune_95c45_01202_1202,CNN,0.0594756808232307,0.7886050457738327,0.6810039985220023,1.932429552078247,8.313824653625488,-1.9233570098876953,7.703722803853452e-05,-288.0388885739476,0.004847339354455471,3813.158128855136,3813.158128855136,79818328.0
train_tune_95c45_01203_1203,CNN,0.0051637546862842,0.7131818500424044,0.6174030650330291,0.6470556855201721,1.335972785949707,-0.27097195386886597,1.2186823369120248e-05,-304.79412675038026,0.026226330548524857,9605634816530.086,9696225816529.725,16102365752.0
train_tune_95c45_01204_1204,CNN,0.0350843368586693,0.727514889492785,0.5319312653710895,0.27753347158432007,0.7196069955825806,-0.03697310760617256,6.488665349024814e-06,-307.4675676746024,0.009157076478004456,6957903804178.38,6984812136924.539,27602598304.0
train_tune_95c45_01205_1205,CNN,0.0712620738074953,0.7294829131737322,0.5901047458790413,1.0116888284683228,1.870313048362732,-0.7863887548446655,4.037063627038151e-05,-295.8689749191002,0.022812115028500557,2107350087.387889,2093503141.5304408,8062836488.0
train_tune_95c45_01206_1206,CNN,0.0565016340126392,0.825390100467462,0.6677821427205457,2.9141526222229004,12.430192947387695,-4.738707542419434,0.00012379158579278737,-289.02015563022184,0.07968705892562866,9148.545225666287,9148.545225666287,185669640.0
train_tune_95c45_01207_1207,CNN,0.0704965821869177,0.8013256084951532,0.6514392747788678,2.1600546836853027,9.121709823608398,-2.1701695919036865,0.00012827702448703349,-289.0102015056554,-0.060755182057619095,5335.383286551074,5335.383286551074,130414392.0
train_tune_95c45_01208_1208,CNN,0.0251137102014295,0.8138920359700337,0.6234027485352964,0.7658070921897888,2.1530661582946777,-0.3157654404640198,2.8868989829788916e-05,-292.6588376342597,0.006195918656885624,1116760044.64355,1112311521.9579997,3331261128.0
train_tune_95c45_01209_1209,CNN,0.0073030657103393,0.7879151604705594,0.5733325241391609,1.1795181035995483,3.6756882667541504,-0.674118161201477,4.568932854454033e-05,-294.1522621506683,-0.019859977066516876,123621164.74337566,121133826.81793325,5531176488.0
train_tune_95c45_01210_1210,CNN,0.0319426356665339,0.7315069719263882,0.5512420568357783,0.4993581771850586,1.9134154319763184,-0.1301279067993164,9.512280485068914e-06,-298.5403431413484,0.009201046079397202,13547455712.325417,13481826880.80886,15635101944.0
train_tune_95c45_01211_1211,CNN,0.039718139190197,0.7569528602803367,0.619601272165653,1.3472344875335693,5.078611373901367,-0.7978399991989136,9.333391790278256e-05,-290.16244729202856,-0.007654707878828049,6392757.785155208,6363860.918613076,4188048256.0
train_tune_95c45_01212_1212,CNN,0.0302938936143201,0.7978801353133749,0.6204458200374086,1.0277165174484253,3.279995918273926,-0.5409842729568481,3.959657624363899e-05,-293.344537207975,0.005278094671666622,56873930.61762145,57374363.12120105,1590772632.0
train_tune_95c45_01213_1213,CNN,0.0302938936143201,0.775633131727178,0.627350315489877,0.3665412664413452,0.8534113168716431,-0.0678320825099945,7.3961750786111224e-06,-299.5882091154966,-0.002729834523051977,2606811288820.0396,2643333216527.3955,7510932136.0
train_tune_95c45_01214_1214,CNN,0.0439852468605719,0.7290539329985428,0.6021714408350456,1.7017841339111328,6.4036455154418945,-1.3169785737991333,0.00010484078666195273,-297.44512371889607,-0.028237223625183105,5006800268.63595,4988025316.617668,10732730664.0
train_tune_95c45_01215_1215,CNN,0.0634108632910425,0.7833103197784523,0.6205270070574856,1.908634066581726,8.344335556030273,-1.7255754470825195,9.136069274973124e-05,-288.44681210027375,-0.03572389855980873,346834.2756707424,347089.90712380735,7833671928.0
train_tune_95c45_01216_1216,CNN,0.0413378876194545,0.8020789911038212,0.6207721121917382,1.7417792081832886,4.990325927734375,-1.9232076406478882,8.165538019966334e-05,-290.5291527264792,0.08351567387580872,60620.55135464072,61543.81199401412,221619616.0
train_tune_95c45_01217_1217,CNN,0.0416612813288815,0.7971662577467065,0.5509712943999572,1.3653323650360107,5.5147624015808105,-1.046550989151001,5.561647776630707e-05,-295.3795557108376,0.03063073754310608,19191258.58645928,19065655.994794622,17281694080.0
train_tune_95c45_01218_1218,CNN,0.0166080776988472,0.7818851758445802,0.5995877143802456,2.729580879211426,10.318148612976074,-4.688798427581787,0.0001991805766010657,-293.73796692750295,0.10948602110147476,10214972.877880227,10123082.648673514,12496502960.0
train_tune_95c45_01219_1219,CNN,0.044596249546263,0.6760410901954675,0.580261157020718,0.9261937141418457,3.8257453441619873,-0.4212864935398102,2.2150830773171037e-05,-298.50823439716453,-0.002656501717865467,757518211642.7596,761263370732.8942,33994103120.0
train_tune_95c45_01220_1220,CNN,0.1718057221895952,0.7917593928401566,0.6406849706330832,1.6793642044067383,7.338710784912109,-1.1992931365966797,9.152777784038335e-05,-289.8860593091963,-0.05472183972597122,309244.97745499166,310667.49745800585,13147075064.0
train_tune_95c45_01221_1221,CNN,0.0748686023352751,0.8046791762520529,0.6136797086904667,0.9041368365287781,1.8551589250564575,-0.5353899598121643,2.5457620722590946e-05,-296.23349135340106,0.02176046371459961,8396412815.059921,8344951236.6047325,13497360600.0
train_tune_95c45_01222_1222,CNN,0.0315576874526634,0.7139165955615339,0.5512477924614381,0.8015339374542236,2.9173834323883057,-0.3252702057361603,2.369858520978596e-05,-300.54195874630483,-0.000635568518191576,2452114760.4809465,2493163724.9799,3876270952.0
train_tune_95c45_01223_1223,CNN,0.0365741767251417,0.7509038453640691,0.6388429728307483,1.2172877788543701,4.272673606872559,-0.7671037912368774,4.9174694140674546e-05,-299.88970528513744,0.0073480247519910336,1010407998978.0212,1010574635413.7672,22784262200.0
train_tune_95c45_01224_1224,CNN,0.0315501410155317,0.7720234423525689,0.6671711073058073,2.5722811222076416,12.106738090515137,-3.2937748432159424,0.00014645425835624337,-288.0336358148794,-0.04799657687544823,4243.467655921129,4243.467655921129,63458824.0
train_tune_95c45_01225_1225,CNN,0.0379764629157543,0.8062142350274899,0.6103500533437294,1.6757259368896484,3.9165570735931396,-1.8560768365859985,8.379616338061169e-05,-289.73662313289844,0.06990418583154678,3576485.310316424,3629367.657806849,1622588152.0
train_tune_95c45_01226_1226,CNN,0.0308919415078812,0.7927956012341904,0.5576290847087673,0.6416811347007751,1.3212083578109741,-0.2353222370147705,2.6959394745063037e-05,-296.87516564637224,-0.0051231104880571365,1880012938.2260182,1833197601.0605257,3935578784.0
train_tune_95c45_01227_1227,CNN,0.0245703546904108,0.7719324491698043,0.6743500694123449,2.15590238571167,9.448841094970703,-2.683885097503662,0.00011492652993183583,-289.13091269864896,0.07265501469373703,3758.062250807882,3758.062250807882,83033880.0
train_tune_95c45_01228_1228,CNN,0.0948954961344278,0.7541499934467166,0.6093864604482582,0.34163326025009155,1.3071966171264648,-0.05759325623512268,6.431597284972668e-06,-298.4335824668523,0.005378314293920994,81574703145.31738,78165385759.38081,14900968040.0
train_tune_95c45_01229_1229,CNN,0.0988768914898761,0.7669029619965136,0.611783815796046,1.3758466243743896,5.884881019592285,-0.854814887046814,0.0001110171724576503,-290.83000811228817,-0.014871777035295963,4676211.91291607,4641046.710809672,2346295592.0
train_tune_95c45_01230_1230,CNN,0.0251283217464752,0.7442384166906588,0.584251122817228,1.1501009464263916,4.110270023345947,-0.6539866924285889,4.4613036152441055e-05,-296.10965089605855,-0.0014794915914535522,218810067256.19672,216454282821.3809,16279208664.0
train_tune_95c45_01231_1231,CNN,0.077910021794875,0.7324554894797584,0.644068929896598,0.280021071434021,1.1253544092178345,-0.03826232627034187,6.708608907501912e-06,-308.87343406303614,0.0006461015436798334,14262183074.221272,14060348716.85625,2286593504.0
train_tune_95c45_01232_1232,CNN,0.0115969654101873,0.7844129956456313,0.6439326962941043,0.922970175743103,3.2646307945251465,-0.34156522154808044,6.090765236876905e-05,-292.9708006021108,-0.033164530992507935,216211765.14635104,213189586.38131297,6580872344.0
train_tune_95c45_01233_1233,CNN,0.0337008536400369,0.7737371134904178,0.6646861012703111,0.798699140548706,2.9913535118103027,-0.35239195823669434,1.730149597278796e-05,-295.92833745758486,0.032026246190071106,139661907375.5376,137630457414.59503,11639934880.0
train_tune_95c45_01234_1234,CNN,0.0179624823467694,0.7433267471077076,0.505671533456381,1.840346336364746,6.411064624786377,-1.6545331478118896,0.00018036869005300105,-290.17509372946313,0.00729474239051342,37362250.91638479,37244803.55960922,1381533960.0
train_tune_95c45_01235_1235,CNN,0.0556605956704946,0.8089806809470252,0.5725648941586456,2.7329580783843994,9.131559371948242,-4.532957553863525,0.00020634575048461556,-293.8460079735479,0.07844619452953339,3308413.401831453,3320487.0140612354,1475837944.0
train_tune_95c45_01236_1236,CNN,0.0831910928762822,0.778826241585509,0.6289717887341325,2.1695621013641357,8.140633583068848,-2.220879554748535,0.00011355416791047901,-290.0536949130869,-0.019624844193458557,2735.1750460589014,2735.1750460589014,24298208.0
train_tune_95c45_01237_1237,CNN,0.0308919415078812,0.7998317274612581,0.6423851511860523,0.47517332434654236,1.5055768489837646,-0.1171448677778244,1.633089777897112e-05,-302.63024756422084,0.021121427416801453,2506903888393.293,2619247324672.715,12866664104.0
train_tune_95c45_01238_1238,CNN,0.0254354414030767,0.8263728228042504,0.5739896093319778,1.7724860906600952,4.303182601928711,-2.3496861457824707,0.00010417558223707601,-290.7833294760002,0.12190072238445282,127618.21623370328,127635.08986122513,541825128.0
train_tune_95c45_01239_1239,CNN,0.1031414937372968,0.734774461707498,0.6478333499922821,0.9196376204490662,1.9114460945129395,-0.5836632251739502,6.511755782412365e-05,-298.5125114076732,0.04216177016496658,721868162.4231524,725219342.2082194,2623355464.0
train_tune_95c45_01240_1240,CNN,0.029985941593712,0.8207044912975415,0.616687536151368,4.13981294631958,12.093036651611328,-16.206785202026367,0.0006338753737509251,-302.8659037939579,0.4020213782787323,77710.96489743328,75844.49882257057,59782800.0
train_tune_95c45_01241_1241,CNN,0.046889153805736,0.7268640006203548,0.5997169665643652,0.8080745339393616,2.3365461826324463,-0.33332374691963196,2.394504008407239e-05,-291.4183187136258,-0.01509363204240799,85146899.38998324,83966052.43741992,2951329008.0
train_tune_95c45_01242_1242,CNN,0.0345226377153401,0.7189521759643676,0.5931266079191428,0.5718231201171875,1.796593189239502,-0.1665835678577423,8.164230166585185e-06,-299.47120516099403,0.004298499785363674,1106436911897.471,1111946511827.747,29824564504.0
train_tune_95c45_01243_1243,CNN,0.0051637546862842,0.7711718401080431,0.5774201738935922,1.3669941425323486,4.838952541351318,-1.1522879600524902,4.495852408581413e-05,-289.7848667020066,0.06621085107326508,7651414.854400274,7638186.308192973,9016079080.0
train_tune_95c45_01244_1244,CNN,0.0526071318300896,0.8221539400293583,0.6399501554340956,2.892205238342285,12.253328323364258,-4.977703094482422,0.00026518525555729866,-289.61394923500916,0.10520875453948975,389767.03863806184,391090.15282559145,9812302040.0
train_tune_95c45_01245_1245,CNN,0.0493434522876882,0.7456305667860544,0.5752779590728707,2.451277732849121,9.721267700195312,-3.2854292392730713,0.0002073416399070993,-291.91257630240545,0.027620285749435425,372988462.7628362,376395550.2063108,6650457896.0
train_tune_95c45_01246_1246,CNN,0.0051857640122185,0.7982713621663573,0.5699164408005475,1.6206800937652588,6.377282619476318,-1.5741734504699707,8.227296348195523e-05,-295.23219246340545,0.07379584014415741,14663643.173494827,14661413.894632587,11827601616.0
train_tune_95c45_01247_1247,CNN,0.0523719207886643,0.8116592129641993,0.6808223257368557,3.4794411659240723,12.94903564453125,-7.924010276794434,0.00033527202322147787,-289.37062264053924,0.17334389686584473,6619.494355346541,6619.494355346541,79253720.0
train_tune_95c45_01248_1248,CNN,0.0315556958030924,0.7327775404936017,0.6512003491714287,0.25800687074661255,0.697419285774231,-0.03062024712562561,2.9311197522474686e-06,-302.5990609852328,0.009695743210613728,5155905213754.711,5188705053898.986,17162912992.0
train_tune_95c45_01249_1249,CNN,0.055735422826347,0.7539133461799234,0.6311245304144876,1.5249286890029907,5.9080657958984375,-1.1882429122924805,6.525390199385583e-05,-288.7732041999558,0.0030247969552874565,4613454.701911194,4642300.577331129,3246065880.0
train_tune_95c45_01250_1250,CNN,0.0252612671456564,0.7261058428629548,0.5554771137212593,0.43001121282577515,1.5996460914611816,-0.09330649673938751,8.534962034900673e-06,-302.0644395713586,0.011317539028823376,1532745579513.6953,1563486998977.8784,6237218648.0
train_tune_95c45_01251_1251,CNN,0.0444800715078894,0.7490073753737629,0.5228100098915085,1.0391980409622192,3.7082157135009766,-0.5641543865203857,3.887228376697749e-05,-303.3003837840234,0.02521613985300064,2414416834.1003313,2478184541.783949,4977686880.0
train_tune_95c45_01252_1252,CNN,0.0144458715578732,0.8055182585927,0.6882180979351984,0.3666844069957733,0.6008800268173218,-0.0602421797811985,1.8858167095459066e-05,-297.92669481119856,0.01343613676726818,759698523618.1946,776057744565.3972,7306914872.0
train_tune_95c45_01253_1253,CNN,0.0189387525152739,0.7690445167681844,0.6880784497031119,1.0365073680877686,3.428281307220459,-0.5388287305831909,3.3865570003399625e-05,-288.04200608623125,-0.013909542001783848,88447.40646413043,88202.20333042194,1168439816.0
train_tune_95c45_01254_1254,CNN,0.0303636017513801,0.6976571757314489,0.6649679997087456,0.21444153785705566,0.8383622169494629,-0.020640293136239052,2.880292868212564e-06,-309.0812465318947,-0.0034150276333093643,1849621374790.1758,1842412030582.158,22898846144.0
train_tune_95c45_01255_1255,CNN,0.0315556958030924,0.798185455526562,0.5775654902376587,2.2666175365448,5.785545349121094,-4.43027400970459,0.00035886195837520063,-294.3665040321038,0.06207319721579552,337107356.6762202,339937547.18189704,4998870640.0
train_tune_95c45_01256_1256,CNN,0.0400793330389266,0.7270088907355086,0.5502254628947487,1.8286809921264648,6.374185562133789,-1.6189764738082886,9.957791189663112e-05,-297.056673034239,2.1359883248806e-05,837318023.3751493,827831163.8544236,11761405584.0
train_tune_95c45_01257_1257,CNN,0.1140097847197641,0.8084659959400273,0.6238045687393908,1.9014558792114258,6.809625148773193,-1.5099000930786133,0.00011892417387571186,-293.76499011210393,-0.048078589141368866,3923495.9382578246,3994184.3655885076,5074019784.0
train_tune_95c45_01258_1258,CNN,0.0365463042545254,0.8179880045988485,0.6554784250912834,3.0810658931732178,9.341024398803711,-3.8050637245178223,0.000490209145937115,-293.23693495062753,-0.01995503529906273,6545.351360691468,6545.351360691468,33729992.0
train_tune_95c45_01259_1259,CNN,0.0398988498051125,0.7039238688632423,0.6653817639790007,3.4798583984375,4.773688316345215,-15.654108047485352,0.0005409187288023531,-315.9239252542701,0.29495903849601746,73139.67767374408,73427.94100281455,72615920.0
train_tune_95c45_01260_1260,CNN,0.0793155481095092,0.8050481703641583,0.5491715729041458,1.3932682275772095,5.760112285614014,-1.1299192905426025,9.669410064816475e-05,-289.5577773314344,0.059238530695438385,174292.20026318706,173322.36825214248,3156395032.0
train_tune_95c45_01261_1261,CNN,0.0353887648809523,0.7152647417843166,0.6146977743173069,0.43919095396995544,1.5900920629501343,-0.08813714981079102,1.7409152860636823e-05,-294.4552091522958,-0.01116233505308628,23401934692.052513,23745098003.37828,5584810128.0
train_tune_95c45_01262_1262,CNN,0.0677714335825427,0.7564113752264683,0.6033072231067986,1.6574180126190186,6.6254754066467285,-1.4643914699554443,8.029444143176079e-05,-310.5093124961323,0.024859510362148285,7962677670.554245,8024043662.024912,12674652480.0
train_tune_95c45_01263_1263,CNN,0.0317281377831529,0.7536757726052703,0.6147173940924586,0.6264631748199463,1.7715458869934082,-0.2061900496482849,7.5023881436209194e-06,-295.5328690701654,0.005142120644450188,116080209282.26996,116568701299.65405,10479035488.0
train_tune_95c45_01264_1264,CNN,0.0731427199602215,0.8029819064871135,0.6759117782889017,2.1332943439483643,9.372657775878906,-2.576105833053589,9.219026833306998e-05,-288.29918176486956,0.04468049481511116,4859.050584854509,4859.050584854509,149005992.0
train_tune_95c45_01265_1265,CNN,0.0268289920415575,0.7702647018371725,0.5996691367267577,1.7700587511062622,7.453915119171143,-1.5721460580825806,0.00013503641821444035,-293.58487856850445,0.006125300657004118,11583893.433939531,11546304.31311488,5789907352.0
train_tune_95c45_01266_1266,CNN,0.0814405915496203,0.7178374257628177,0.6752507556890059,1.0096007585525513,3.7179205417633057,-0.5353457927703857,3.9508035115431994e-05,-302.7382019994982,0.0176130011677742,26333962744661.688,26628304026916.42,28552892752.0
train_tune_95c45_01267_1267,CNN,0.0774034232408737,0.8131619842925891,0.6651149041494326,1.9551165103912354,7.987985134124756,-1.7252110242843628,6.187203689478338e-05,-290.26016913702705,-0.05283590406179428,5619.618195038741,5619.618195038741,146810376.0
train_tune_95c45_01268_1268,CNN,0.0252046260616794,0.7941312544517529,0.624344156775698,2.230625629425049,8.380362510681152,-2.557149887084961,0.0001176483347080648,-291.1275698235945,0.02583637461066246,2877.3731661809725,2877.3731661809725,31602360.0
train_tune_95c45_01269_1269,CNN,0.1391288035484937,0.7554953013479648,0.5582778054447741,1.2900409698486328,4.6598076820373535,-0.8004645705223083,4.833691491512582e-05,-293.4146581809617,-0.014674683101475239,307830896.3787774,313733769.1964508,12671010264.0
train_tune_95c45_01270_1270,CNN,0.0966514481068837,0.718859617983337,0.6143014993275724,1.8965587615966797,2.4430317878723145,-3.050032138824463,0.00023915304336696863,-293.32423482169366,0.07582484185695648,14893171.800784547,15244502.528749006,1311651360.0
train_tune_95c45_01271_1271,CNN,0.1418586324254511,0.7729622970467336,0.6189468657550774,1.9431354999542236,8.025840759277344,-1.8538622856140137,8.068387978710234e-05,-289.07631702919605,-0.022664524614810944,2691.850631471747,2691.850631471747,42143552.0
train_tune_95c45_01272_1272,CNN,0.0663330225985868,0.8080228050842232,0.6128047467440283,2.7429590225219727,11.220144271850586,-4.3319597244262695,0.00028034381102770567,-290.27493871473064,0.037127383053302765,638404.344504088,639608.2458184075,18826961416.0
train_tune_95c45_01273_1273,CNN,0.059550793288283,0.8048574870481602,0.5487062322116065,3.5403990745544434,15.176101684570312,-7.004648208618164,0.00039460085099563,-306.38151675268944,0.05877475067973137,1991057.7172385803,2077138.4356437374,1999306456.0
train_tune_95c45_01274_1274,CNN,0.0405864007881356,0.8121770862675115,0.614832987355682,1.6475706100463867,6.670509338378906,-1.6019642353057861,9.090124513022602e-05,-305.8369836508983,0.05357978865504265,22579677.933092907,22086982.3996208,2707295992.0
train_tune_95c45_01275_1275,CNN,0.0343434781466723,0.7691647621968731,0.5954821726769428,1.1860389709472656,4.014039993286133,-0.6502856016159058,8.632186654722318e-05,-290.01049349760353,-0.007929841056466103,220544293.47380465,221138758.9664976,16548576264.0
train_tune_95c45_01276_1276,CNN,0.0677784896377253,0.8178177664958709,0.6276341843893621,2.317554473876953,9.20837688446045,-2.6411666870117188,0.00014352763537317514,-290.39008953609664,-0.0022960957139730453,427917.10563924746,431493.73056956346,7360280552.0
train_tune_95c45_01277_1277,CNN,0.0326115287875888,0.7850543404975695,0.6814189378127751,1.9293673038482666,8.402213096618652,-1.8321537971496582,6.948362715775147e-05,-288.98771192642596,0.01799626648426056,3835.115527628211,3835.115527628211,87604632.0
train_tune_95c45_01278_1278,CNN,0.0276608893799199,0.7453653001856724,0.5211756372337366,1.565617322921753,4.443329334259033,-1.5634772777557373,7.016544986981899e-05,-300.67195487883805,0.0801943838596344,14248110713.593407,14367990231.758472,11133304608.0
train_tune_95c45_01279_1279,CNN,0.02858628253091,0.811147043897029,0.5669598023290865,2.0226798057556152,8.900092124938965,-1.86885404586792,9.881177538773045e-05,-289.43365651927513,-0.014287331141531467,379407.97620438365,378049.4831630278,9000880032.0
train_tune_95c45_01280_1280,CNN,0.0468161806402433,0.8358899681868601,0.6121603642502867,1.3918421268463135,6.026716232299805,-0.669880211353302,0.00011637772695394233,-289.1904617766344,-0.06979869306087494,177099.08491360408,177674.48031952835,3144533032.0
train_tune_95c45_01281_1281,CNN,0.0080995348756564,0.7205941841937838,0.5181476263919415,1.090080976486206,4.191319465637207,-0.6017425656318665,4.33028326369822e-05,-301.6030160596058,0.007001814898103476,475519510641.8202,468560610549.095,13545623928.0
train_tune_95c45_01282_1282,CNN,0.0169178062294741,0.8173519561321606,0.6282592345703495,0.9569151401519775,3.345223903656006,-0.4053555727005005,3.1351533834822476e-05,-297.33766655299513,-0.026274733245372772,8380895261.924974,8395377852.116338,7094994800.0
train_tune_95c45_01283_1283,CNN,0.0552372951298017,0.7666480200839234,0.5555762505118346,1.831753134727478,4.02056360244751,-2.4907498359680176,7.963758980622515e-05,-301.87370273955725,0.07567310333251953,192942458.69329095,194792691.25021973,8261384944.0
train_tune_95c45_01284_1284,CNN,0.0308657624540499,0.7813219595471275,0.5798480358520073,1.4620070457458496,5.781299591064453,-1.2437915802001953,7.69047619542107e-05,-297.61811592525214,0.06756920367479324,9627513583.058174,9383515257.924263,8228933904.0
train_tune_95c45_01285_1285,CNN,0.0308364465269423,0.7042699353258236,0.5279856810072631,0.24015989899635315,0.7792096138000488,-0.02766161784529686,3.6907099456584547e-06,-302.08744207977475,0.011957710608839989,974058864811.5562,984823591701.2166,6699792848.0
train_tune_95c45_01286_1286,CNN,0.0109358683203295,0.8118053365955951,0.5579834828868814,0.7995579242706299,2.85235595703125,-0.3115014433860779,2.9207512852735817e-05,-294.0236480290053,-0.01756810024380684,6953610.884865449,6814024.9101051185,3972523368.0
train_tune_95c45_01287_1287,CNN,0.0539457833002193,0.7248011327313033,0.495095458517734,1.619513988494873,4.091998100280762,-1.5550119876861572,6.379654223565012e-05,-294.98441477678546,0.008772394619882107,4518406720.19945,4457456995.557798,5959533648.0
train_tune_95c45_01288_1288,CNN,0.0407754070828925,0.7816075979478423,0.5463085069227209,2.2590184211730957,8.37900161743164,-3.1515142917633057,0.00016934398445300758,-302.7369447680445,0.07170215249061584,403069918.03006846,400587931.08569753,11760556072.0
train_tune_95c45_01289_1289,CNN,0.0051637546862842,0.8339587962698723,0.6435564643677103,0.9909746646881104,3.955148220062256,-0.5107439756393433,2.6149002223974094e-05,-300.48078487078953,0.015775006264448166,458773227569.49,450950380917.54236,10802309704.0
train_tune_95c45_01290_1290,CNN,0.0483014669857711,0.6935970892474141,0.5546200510258461,0.6504961848258972,1.583640694618225,-0.2565416395664215,1.6360709196305834e-05,-296.35974395305374,0.031246747821569443,146776152037.30435,149289662855.5791,9879608000.0
train_tune_95c45_01291_1291,CNN,0.0882265973554993,0.7665725056469861,0.6237572916804099,0.9234831929206848,3.060847282409668,-0.45736685395240784,3.556118826963939e-05,-296.1648309228807,0.033149201422929764,13509325443.888174,13519660463.376589,16833749272.0
train_tune_95c45_01292_1292,CNN,0.0490685900441056,0.7701769859742129,0.6709211617406543,0.6471096873283386,2.492600679397583,-0.20859934389591217,1.5724212062195875e-05,-308.57024996977447,0.0009321947582066059,58008300080802.15,57377826885993.35,36515237312.0
train_tune_95c45_01293_1293,CNN,0.0391547393047606,0.8178273684294156,0.5810904639205254,1.7433868646621704,6.429374694824219,-1.214680552482605,0.00012126683577662334,-290.38652173904416,-0.016599979251623154,8729233.310863325,8648763.763982568,7752808424.0
train_tune_95c45_01294_1294,CNN,0.0805494721904923,0.7526696082177882,0.5920819573958662,0.8085627555847168,2.782238006591797,-0.2998458743095398,2.2326035832520574e-05,-293.6375119853799,-0.0254543274641037,303081109.92872345,302768024.679793,9092002848.0
train_tune_95c45_01295_1295,CNN,0.0772704469059767,0.7625019253002225,0.5293173142201394,0.6152084469795227,1.7995256185531616,-0.2074669897556305,1.4300691873359028e-05,-303.6182794856565,0.013673244044184685,9862033494.596062,9800054615.400282,16944201056.0
train_tune_95c45_01296_1296,CNN,0.0051637546862842,0.7843662113189311,0.6000411282680416,0.8663735389709473,2.0346198081970215,-0.4691316485404968,1.8781644030241296e-05,-290.4690672643931,0.0339740589261055,2849094126.4834795,2812623481.234709,10073424760.0
train_tune_95c45_01297_1297,CNN,0.0353887648809523,0.7909431806139782,0.5291502479746918,1.198533296585083,4.710354804992676,-0.6320534944534302,6.472189124906436e-05,-294.0630054272943,-0.025908343493938446,682335574.8179256,684292313.0094132,16669708248.0
train_tune_95c45_01298_1298,CNN,0.0311036577648398,0.8079057903865758,0.5833736621213035,0.2848628759384155,1.055168628692627,-0.038020338863134384,7.410642410832224e-06,-304.6860518582073,-0.0025704156141728163,1389894431134.684,1319474691560.752,13063608864.0
train_tune_95c45_01299_1299,CNN,0.0302938936143201,0.8045987718984868,0.6808679616598299,0.8953958749771118,2.842625856399536,-0.40593528747558594,2.0451099771889858e-05,-292.99496827843797,-0.0016183402622118592,351994843715.8408,359232034482.8718,16658142624.0
train_tune_95c45_01300_1300,CNN,0.1111208080569012,0.8057646103646305,0.6754806007193104,2.9772398471832275,11.216525077819824,-4.973065376281738,0.00043170826393179595,-290.0615016035731,0.10970013588666916,6685.234714793936,6685.234714793936,89370104.0
train_tune_95c45_01301_1301,CNN,0.0138869886441373,0.7353158536202113,0.5797993989654903,1.8124961853027344,5.285085678100586,-1.5630064010620117,0.0001577772491145879,-303.89088139993316,-0.015692515298724174,6391296139.282979,6351487464.502984,3265675928.0
train_tune_95c45_01302_1302,CNN,0.094906187436088,0.8160868517686655,0.6729180848819507,1.8695323467254639,7.005002021789551,-1.4475617408752441,0.00015948523650877178,-291.81499323883656,-0.04664406180381775,5059.085462826167,5059.085462826167,103633416.0
train_tune_95c45_01303_1303,CNN,0.0322918072614387,0.7574008960082039,0.5412969362354478,0.5444153547286987,1.8909564018249512,-0.14918865263462067,6.81727487972239e-06,-294.36046996178993,0.009626101702451706,49326505.73900284,50733927.519725084,2069876544.0
train_tune_95c45_01304_1304,CNN,0.0229690935210195,0.7532212413719405,0.5190511346526904,1.8022816181182861,7.5387678146362305,-1.9195349216461182,0.00011051990441046655,-296.53246469686144,0.05378075689077377,1246386792.5285478,1256544488.2454886,37436403336.0
train_tune_95c45_01305_1305,CNN,0.046590156249261,0.8251400429608253,0.6336629559171802,1.826069951057434,6.409765243530273,-1.3427510261535645,0.00011853890464408323,-322.18898357332046,-0.026253394782543182,241152621.9955955,240510330.13773763,16545367520.0
train_tune_95c45_01306_1306,CNN,0.034982143430106,0.7911570014803073,0.6598130872282091,1.7423474788665771,7.265166282653809,-1.5341732501983643,7.370689127128571e-05,-290.62117133175974,0.009545240551233292,4249121.873350501,4239092.727122346,2388026488.0
train_tune_95c45_01307_1307,CNN,0.0982471739047325,0.7704717991870211,0.611382466636478,1.5322880744934082,5.710989952087402,-1.0992355346679688,7.074994937283918e-05,-291.03671547647656,-0.01757495105266571,10612987.613933064,10628039.522079226,8379056864.0
train_tune_95c45_01308_1308,CNN,0.0274981545288641,0.7958161847525901,0.685974414513512,2.308742046356201,10.17016315460205,-2.3015432357788086,0.00017114804359152913,-288.9559841552703,-0.056158170104026794,5071.349615593093,5071.349615593093,95390936.0
train_tune_95c45_01309_1309,CNN,0.0334604613849551,0.689136581329739,0.5652477433849213,0.6408990621566772,2.5941145420074463,-0.21845212578773499,1.4107976312516257e-05,-294.98508480422305,0.012641234323382378,469371485770.90765,471495224669.96173,21614842200.0
train_tune_95c45_01310_1310,CNN,0.0287884888263582,0.8095217829127535,0.6649979347194961,2.247502565383911,7.952125549316406,-2.5607104301452637,6.296239735092968e-05,-291.2778637217382,0.008725469931960106,5317.994168465335,5317.994168465335,88452728.0
train_tune_95c45_01311_1311,CNN,0.0522119441674157,0.7987542057274846,0.6851640669737467,2.001417875289917,8.6834135055542,-1.992948055267334,0.0001115404229494743,-288.80044123009554,-0.019613007083535194,5262.800187040443,5262.800187040443,147801816.0
train_tune_95c45_01312_1312,CNN,0.0274415411478327,0.802520651121513,0.5478385520098034,2.3893022537231445,8.215259552001953,-3.6669259071350098,0.0003776135854423046,-302.10212261076583,0.18623270094394684,51864.071951890925,51572.804797090525,77708856.0
train_tune_95c45_01313_1313,CNN,0.045421807325005,0.7453692654421274,0.5825636176439726,1.1240992546081543,3.971424102783203,-0.6659821271896362,4.341262683738023e-05,-296.66054441389264,0.008253820240497589,21689339590.667732,21674792292.885773,19106789704.0
train_tune_95c45_01314_1314,CNN,0.1432042865839765,0.7861355205258921,0.6211866894482432,2.2183966636657715,8.929327011108398,-2.4014105796813965,0.00011458146764198318,-289.35730030837556,0.007703338284045458,3081.2659568495624,3081.2659568495624,36690808.0
train_tune_95c45_01315_1315,CNN,0.0590708824646705,0.8375995034565169,0.6012507955557982,1.980816125869751,5.196585655212402,-2.5338470935821533,8.663421613164246e-05,-294.9290530525009,0.04393257945775986,123704.94519069926,122864.76835769667,330021448.0
train_tune_95c45_01316_1316,CNN,0.0454082032377566,0.8008810529330468,0.6231735090177065,1.5678496360778809,5.989521503448486,-1.2421393394470215,7.293699309229851e-05,-290.19886369937615,0.02727801725268364,250830.29868909688,252933.98368388455,4934645552.0
train_tune_95c45_01317_1317,CNN,0.028603054267205,0.7566594529735862,0.5414065595574196,1.3346786499023438,4.653020858764648,-0.8234014511108398,6.65436964482069e-05,-292.05095906742446,-0.022987641394138336,261891841.97775853,252674228.96369022,6990335024.0
train_tune_95c45_01318_1318,CNN,0.0319103717628164,0.7614798813060212,0.6156598628904439,1.9654080867767334,7.609104156494141,-2.2541375160217285,0.00011867109424201772,-291.45461697986684,0.06246045604348183,6207448.656791758,6144766.5095579475,2751690560.0
train_tune_95c45_01319_1319,CNN,0.0717542722956407,0.8281050317088654,0.6271850267119068,1.280058741569519,4.762042045593262,-0.8277751207351685,3.0675073503516614e-05,-290.51826223685066,0.01676793023943901,239626.67694751537,240085.4305826798,4059113208.0
train_tune_95c45_01320_1320,CNN,0.0308364465269423,0.6989667931382053,0.5758195348358123,1.0707902908325195,4.051910877227783,-0.5694230794906616,3.880533040501177e-05,-293.67557191709557,-0.0001953616738319397,9228744773.73117,9677895136.264185,9474131112.0
train_tune_95c45_01321_1321,CNN,0.067821048208917,0.8115935711846922,0.6901856150164115,2.5389108657836914,10.827064514160156,-3.6457278728485107,0.0001270076318178326,-288.34346202867346,0.08890271931886673,6795.30193042809,6795.30193042809,173673304.0
train_tune_95c45_01322_1322,CNN,0.0090189979136115,0.7951377807121657,0.6090950906111847,2.0570504665374756,6.875456809997559,-2.4965333938598633,0.00010143409599550068,-290.99657513090756,0.06852652132511139,8338891.803042193,8350455.916555546,6967320120.0
train_tune_95c45_01323_1323,CNN,0.0198299534280267,0.7652579661730011,0.5927056093081169,0.8891574144363403,3.5948188304901123,-0.3535054922103882,3.510772148729302e-05,-298.10819904579813,-0.024346914142370224,97030001466.74226,96003886517.86214,15008263920.0
train_tune_95c45_01324_1324,CNN,0.0316267012313674,0.80560402415497,0.6304963380144101,1.9567265510559082,7.356542587280273,-1.670072078704834,0.00019290985073894262,-288.67813486885575,-0.010327036492526531,4621185.182763819,4616976.676773764,4889430496.0
train_tune_95c45_01325_1325,CNN,0.0213468957102876,0.7651815581258601,0.5468430918535866,1.2458319664001465,3.8140156269073486,-0.9752422571182251,8.743521175347269e-05,-298.0055000733406,0.10841488093137741,11846145297.652462,11796863666.325481,6821706760.0
train_tune_95c45_01326_1326,CNN,0.0737544531310038,0.7952836741194561,0.5235728457508866,2.617737293243408,10.515026092529297,-3.639399290084839,0.00030052708461880684,-294.7468712442178,0.022664180025458336,40716353.3787167,41111755.16943303,23298967224.0
train_tune_95c45_01327_1327,CNN,0.0260069321083247,0.8187834822078238,0.6259838181563947,2.957991361618042,10.140405654907227,-5.039250373840332,0.0002775829052552581,-289.99015678299224,0.03067958354949951,163155.86372736387,163295.0454127982,1176536680.0
train_tune_95c45_01328_1328,CNN,0.0313083415926249,0.8516799322465751,0.6312627174956533,2.7020318508148193,5.901112079620361,-6.4456610679626465,0.00014313089195638895,-292.2112604624146,0.06842713057994843,161557.22963860224,160399.6702923177,457525824.0
train_tune_95c45_01329_1329,CNN,0.1319607937663851,0.8077222767632588,0.6559472725532038,2.7474660873413086,10.48961067199707,-3.6080827713012695,0.00019981118384748697,-290.4328653365893,-0.02389395236968994,6124.7989737772805,6124.7989737772805,86945832.0
train_tune_95c45_01330_1330,CNN,0.163960716167937,0.8295601313506553,0.611550940169592,1.3176414966583252,4.353993892669678,-0.9813125133514404,4.2018255044240505e-05,-290.39476912579363,0.04779859259724617,202136.10370271356,202039.50919336354,2424381328.0
train_tune_95c45_01331_1331,CNN,0.0334387509747661,0.734654345009243,0.5232075524072337,1.138202428817749,4.041439533233643,-0.6764734983444214,7.77296518208459e-05,-295.58612609624413,0.014309192076325417,527338073742.7495,527833809920.27747,16327918752.0
train_tune_95c45_01332_1332,CNN,0.0262711046266745,0.7661458129542653,0.5675782759286261,0.5385109186172485,1.7773170471191406,-0.13885009288787842,2.1651998395100236e-05,-298.87993825655604,-0.007976680062711239,44965098742.528275,44932142394.36359,36860452280.0
train_tune_95c45_01333_1333,CNN,0.0804974099895127,0.8205522397049502,0.5995565111301007,1.636749267578125,7.144489288330078,-1.2603435516357422,0.00012115953722968698,-292.5681137318202,-0.0200964342802763,8451015.07896971,8433043.795473602,4900339200.0
train_tune_95c45_01334_1334,CNN,0.0575381297021784,0.7718250504558934,0.5567692078125377,1.3181078433990479,3.937636375427246,-0.8545016646385193,4.4465341488830745e-05,-296.06622355088604,-0.013389140367507935,7178121190.115057,6969567445.621775,9583840040.0
train_tune_95c45_01335_1335,CNN,0.0450502896526357,0.7920738037593555,0.5873576738318999,0.7738640308380127,2.8702754974365234,-0.28913792967796326,2.277090425195638e-05,-308.8621866139015,0.009662045165896416,22237019.458817124,21959007.04129283,540386952.0
train_tune_95c45_01336_1336,CNN,0.0446518836721932,0.7579827011141446,0.5843649264153536,1.7103545665740967,5.606191635131836,-1.2038180828094482,0.00017139568808488548,-295.68032110289323,-0.0368218868970871,6944998673.595985,7189343924.376698,4682446952.0
train_tune_95c45_01337_1337,CNN,0.0315556958030924,0.7185298146605179,0.5633865679453715,0.8602330684661865,2.8471548557281494,-0.3263615369796753,3.338624810567126e-05,-295.15044468116264,-0.025409391149878502,38751569896.03255,39038005459.68558,29482709536.0
train_tune_95c45_01338_1338,CNN,0.0051637546862842,0.7866963959451662,0.6004805404066069,0.8744171857833862,3.359083652496338,-0.4068143665790558,2.6578498363960534e-05,-293.7247461708029,0.013036560267210007,13843154957.746956,13905165741.063818,17010862456.0
train_tune_95c45_01339_1339,CNN,0.040324150022889,0.8157322106589765,0.6130374817083617,2.544503688812256,10.565820693969727,-3.340945243835449,0.00015838121180422604,-290.19352025064194,0.008050696924328804,468103.2602818493,472263.30876479705,6202700232.0
train_tune_95c45_01340_1340,CNN,0.0436923560280897,0.7392678365171098,0.5610655975345437,1.0957841873168945,3.0595011711120605,-0.6045101881027222,5.2706614951603115e-05,-294.8832251897685,-0.011140819638967514,9003854151.732239,8913252420.603832,17531069984.0
train_tune_95c45_01341_1341,CNN,0.0238468881399208,0.7948022141249635,0.6714703279881311,2.2418220043182373,10.345826148986816,-2.9550435543060303,0.00021105934865772724,-288.9051654390795,0.12718261778354645,4316.457936902067,4316.457936902067,121669712.0
train_tune_95c45_01342_1342,CNN,0.0535865181164101,0.799380736808715,0.6545088133053133,0.5515345335006714,2.1729085445404053,-0.14925941824913025,9.457987289351877e-06,-318.5825952318228,-0.0025854725390672684,372340081959.83887,368653419677.2271,23103768512.0
train_tune_95c45_01343_1343,CNN,0.0251266891891891,0.7260454861535697,0.5346479900893905,0.28233247995376587,0.7380259037017822,-0.033620573580265045,3.9977062442630995e-06,-295.8392943220057,-0.015115614980459213,8690625821.496393,7267940939.114252,10174721456.0
train_tune_95c45_01344_1344,CNN,0.03866061422768,0.775136810423085,0.6066349652237735,3.3249456882476807,14.041166305541992,-6.950289726257324,0.00020940102695021778,-289.1316291738809,0.19847999513149261,5212.45319315487,5212.45319315487,57318120.0
train_tune_95c45_01345_1345,CNN,0.0789954195548034,0.8129988568325397,0.7099334428538127,2.8546500205993652,9.262938499450684,-4.756380558013916,0.00016076139581855386,-293.7938778305996,0.05004345625638962,5569.75390916502,5569.75390916502,66933000.0
train_tune_95c45_01346_1346,CNN,0.0269930686572648,0.7185282631011036,0.5823543552005125,1.0155742168426514,3.4111862182617188,-0.5769187808036804,3.104234201600775e-05,-292.66614740351827,0.03886019438505173,204949518.7207421,203432093.58897007,7288530168.0
train_tune_95c45_01347_1347,CNN,0.0487298362946046,0.7030999917749229,0.6161993220911033,0.26501888036727905,1.0304298400878906,-0.03440357744693756,5.264590072329156e-06,-296.1865388366416,0.0007541906670667231,7292079199712.394,7210001667931.059,20438947344.0
train_tune_95c45_01348_1348,CNN,0.0377775272555099,0.8245842381814752,0.692676994552639,2.809579849243164,8.204609870910645,-4.979222297668457,0.00024248215777333826,-297.67303700176467,0.09572950005531311,3914.9816621016025,3914.9816621016025,20294040.0
train_tune_95c45_01349_1349,CNN,0.0210631237311863,0.7515987512128097,0.4741785204498234,0.4750315546989441,1.8145453929901123,-0.11679543554782867,8.550496204406954e-06,-300.9778101884991,0.02105901390314102,22583125633921.58,22221204531946.445,19441697736.0
train_tune_95c45_01350_1350,CNN,0.0523091982793196,0.7152221006137828,0.5278178680408218,0.48195409774780273,2.0500974655151367,-0.11388857662677765,6.831621703895507e-06,-297.1978226301943,-0.007840074598789215,9968341518.132923,9898968905.135464,14335477144.0
train_tune_95c45_01351_1351,CNN,0.0303751666349266,0.8090840675532174,0.6703765976665774,0.5033240914344788,1.4934306144714355,-0.13118568062782288,5.272724592941813e-06,-314.25011918650796,0.009084563702344894,10451632981567.723,10635858914510.389,12182305592.0
train_tune_95c45_01352_1352,CNN,0.0424636115564385,0.7536034765238406,0.6085981100327592,1.360853672027588,5.465231895446777,-1.0113407373428345,7.1692731580697e-05,-292.88866405349256,0.0308767631649971,145380077.40509236,146893699.62999082,3294290520.0
train_tune_95c45_01353_1353,CNN,0.0306681984205248,0.7397359526419014,0.5941137739551072,0.3095133304595947,1.0593698024749756,-0.045408040285110474,6.553890671057161e-06,-303.5128313141618,0.001746114925481379,4685861482766.789,4748519882347.714,13355725704.0
train_tune_95c45_01354_1354,CNN,0.028563901851573,0.8083991147071292,0.6331978037334552,1.4785577058792114,5.7861151695251465,-1.1035280227661133,5.6969409342855215e-05,-290.6048876848236,0.019122926518321037,215547.26794178254,214962.32703740208,5567454208.0
train_tune_95c45_01355_1355,CNN,0.1068351380760604,0.8254679459485257,0.6837099884250325,2.384068012237549,10.229142189025879,-3.1600592136383057,0.00012507122301030904,-288.6613174708936,0.031881362199783325,207332.2642213226,209972.76660977013,7453841400.0
train_tune_95c45_01356_1356,CNN,0.0308364465269423,0.7446432674977466,0.5585334519621973,1.1050045490264893,3.7738449573516846,-0.655321478843689,4.2909807234536856e-05,-293.7470000439338,0.020697427913546562,401767494.1754185,390701602.435933,14131213576.0
train_tune_95c45_01357_1357,CNN,0.0251266891891891,0.7430688887630134,0.5756805545044161,1.0212628841400146,3.7853541374206543,-0.5510175228118896,3.875391848850995e-05,-302.6705024156718,0.025464534759521484,14293340981.366909,14402725386.803146,11441667904.0
train_tune_95c45_01358_1358,CNN,0.0473501399582742,0.7783105569857054,0.5904439514016294,1.179032325744629,4.519326210021973,-0.6790671348571777,3.257291245972738e-05,-298.67581719638014,0.0010418016463518143,5947408691.504804,5939796060.966447,9455990416.0
train_tune_95c45_01359_1359,CNN,0.0373264797276501,0.8063135430542638,0.5772261803390579,2.2438149452209473,9.408915519714355,-2.2322278022766113,0.00021766585996374488,-289.7906427560374,-0.013024849817156792,139113.90748639987,135411.00326656323,2455863568.0
train_tune_95c45_01360_1360,CNN,0.0303636017513801,0.7710321970014856,0.6259358810488641,0.28984636068344116,1.0615674257278442,-0.04162384569644928,5.3826652219868265e-06,-304.0224423463323,0.00358821963891387,3583257859298.8364,3611412263830.4854,5737250160.0
train_tune_95c45_01361_1361,CNN,0.0355722973402011,0.6920602462060349,0.538869071085968,1.151853322982788,4.144169807434082,-0.7274925708770752,3.1992447475204244e-05,-293.9470986831311,0.033874236047267914,5915389814.4203825,5972314205.702453,12669255496.0
train_tune_95c45_01362_1362,CNN,0.0303636017513801,0.7627536121869405,0.5379991034066476,0.35720276832580566,0.6024006605148315,-0.05522126704454422,1.8549304513726383e-05,-302.60229078096177,0.02418677881360054,851203769.1855118,852813683.9825664,3351060840.0
train_tune_95c45_01363_1363,CNN,0.0460732530903804,0.7905542177465735,0.5941582842851669,1.170215129852295,4.673501014709473,-0.6483061909675598,6.574186409125105e-05,-288.5161538723563,-0.008813466876745224,4535142.00510061,4594209.767052316,4542643176.0
train_tune_95c45_01364_1364,CNN,0.035709806872335,0.7702371372256497,0.6444006367251146,1.299957513809204,5.051005840301514,-0.8087289333343506,7.621994882356375e-05,-315.83157633271793,0.0053532058373093605,115367287.10222366,115614034.49647193,6611839944.0
train_tune_95c45_01365_1365,CNN,0.0817498317408204,0.770999474563246,0.6619928512237397,2.561594247817993,9.837776184082031,-3.4582021236419678,0.00010234867659164593,-289.9833748015853,0.03556203097105026,3096.8937527195976,3096.8937527195976,25289616.0
train_tune_95c45_01366_1366,CNN,0.0308919415078812,0.7321335753474991,0.603853948616651,0.3926345109939575,1.4004932641983032,-0.07288339734077454,6.8677172748721205e-06,-318.7748473038233,-0.0008840082446113229,12082901451066.832,12251281877869.582,10464432400.0
train_tune_95c45_01367_1367,CNN,0.0414547459473016,0.7755379794817217,0.5606893087212598,1.0962269306182861,4.376706123352051,-0.5249968767166138,5.5796539527364075e-05,-296.5096680380724,-0.03000461682677269,452871016.3903978,452825461.6821663,7226697184.0
train_tune_95c45_01368_1368,CNN,0.0429171463656238,0.7153555969629007,0.626717706116444,0.36269819736480713,1.532709002494812,-0.06117785722017288,9.389286788064055e-06,-293.4083880745199,-0.009883949533104897,44511219.17728031,44405959.69745664,12077394488.0
train_tune_95c45_01369_1369,CNN,0.0642360930136758,0.8178300950509134,0.6014796606612263,1.3589696884155273,5.291311264038086,-0.8417189121246338,6.640121864620596e-05,-290.94231396450954,-0.02257079817354679,329013.05786310683,327839.06932390796,7868348152.0
train_tune_95c45_01370_1370,CNN,0.0315556958030924,0.8121700365075926,0.6030275970741918,2.229459762573242,8.771209716796875,-2.9082701206207275,0.0002479514805600047,-294.3680776447581,0.08263399451971054,17426593.01740188,17582226.76957283,7715722240.0
train_tune_95c45_01371_1371,CNN,0.0225469651162481,0.6717663716687565,0.5035969622410703,0.9000469446182251,3.2025177478790283,-0.42286792397499084,3.633887172327377e-05,-294.6335134656162,0.022888269275426865,24486745601.62069,24247433604.087692,28868805200.0
train_tune_95c45_01372_1372,CNN,0.0303283118798927,0.7928838829039316,0.5810258360500002,1.7149454355239868,6.997498989105225,-1.7611603736877441,7.453255966538563e-05,-290.73651486448716,0.09398069977760315,339636.8825703738,338969.8491399962,7385059912.0
train_tune_95c45_01373_1373,CNN,0.1250961385960044,0.6904518273122695,0.6072299390983249,0.5668307542800903,1.0409154891967773,-0.18580545485019684,6.380578724929364e-06,-292.6674693199226,-0.004766198340803385,946065140.6336117,952031319.3803165,4513358208.0
train_tune_95c45_01374_1374,CNN,0.0573630732523665,0.8075603025802868,0.5607551396057364,0.8654977083206177,2.408972978591919,-0.38343551754951477,3.430597280384973e-05,-300.85233318782116,-0.007446960546076298,8429343053.817139,8751768505.837217,13061051808.0
train_tune_95c45_01375_1375,CNN,0.0308919415078812,0.8017155250699096,0.5525530484261941,1.223933458328247,4.930857181549072,-0.732968807220459,5.336654430720955e-05,-310.82084381263564,-0.002873447258025408,33783686354.158367,37285091507.04696,18193493552.0
train_tune_95c45_01376_1376,CNN,0.0698433485246865,0.82702894730781,0.6635656591879311,1.5301508903503418,2.7682838439941406,-2.106750249862671,6.362907151924446e-05,-295.6674844499081,0.08649879693984985,84492.53162997356,83987.65825931483,486578904.0
train_tune_95c45_01377_1377,CNN,0.0308364465269423,0.7533400778603397,0.66078029849245,0.9794647693634033,3.5245299339294434,-0.5075530409812927,2.7548769139684737e-05,-300.1111429725662,0.022226549685001373,6016367417397.353,5604938830477.681,9839393136.0
train_tune_95c45_01378_1378,CNN,0.0251266891891891,0.7906577489175262,0.678461573327169,1.8650565147399902,7.870683193206787,-1.6347136497497559,8.945197623688728e-05,-288.73993903009443,-0.01114466693252325,3744.8666816090426,3744.8666816090426,90524496.0
train_tune_95c45_01379_1379,CNN,0.0547800232662953,0.7800025947764251,0.5943892640836312,4.100607395172119,13.424028396606445,-13.894853591918945,0.0005235392600297928,-292.06472156867085,0.13294166326522827,7172.547943551932,7172.547943551932,34783560.0
train_tune_95c45_01380_1380,CNN,0.031369189992889,0.7348429204917165,0.6677683769387889,0.5790517330169678,2.203372001647949,-0.16847622394561768,1.217882709170226e-05,-295.9106580541538,0.0047288499772548676,109677632652.54764,110209121601.62024,14411613128.0
train_tune_95c45_01381_1381,CNN,0.0594756808232307,0.7892063559408825,0.6742235431494781,2.9111990928649902,12.557768821716309,-4.557636260986328,0.00017459463560953736,-288.60104117268236,0.016988307237625122,6099.9838470941695,6099.9838470941695,79818328.0
train_tune_95c45_01382_1382,CNN,0.0061569985009796,0.7362699454138923,0.6153988035502163,1.7803102731704712,6.865771293640137,-2.0386922359466553,0.00015686593542341143,-294.7458512152771,0.10642415285110474,3318889416.0668592,3258539229.883264,7323467544.0
train_tune_95c45_01383_1383,CNN,0.1112623259742949,0.7332848483367026,0.6509518073499037,0.4180790185928345,1.5909485816955566,-0.0868571549654007,9.454611245018896e-06,-303.570862448825,-0.004255999345332384,1095930542103.2053,1099094819489.3052,6565926736.0
train_tune_95c45_01384_1384,CNN,0.0284136276633672,0.76639201477985,0.5935535391753571,1.4844588041305542,5.6388020515441895,-1.1537699699401855,4.9856287660077214e-05,-289.1942017931031,-0.000916569959372282,3590106.5583985727,3610994.4888653355,2747982936.0
train_tune_95c45_01385_1385,CNN,0.0446845107092315,0.8135286882807097,0.6383349806427815,2.2529544830322266,7.606875896453857,-3.092869520187378,0.0002193768450524658,-290.1184307686678,0.08258911222219467,275814.9550727109,275183.9583800665,5176667720.0
train_tune_95c45_01386_1386,CNN,0.1300991943800203,0.8079626747772898,0.5889993369074377,0.9765057563781738,3.5964813232421875,-0.4046069085597992,2.9408513000817038e-05,-292.5631096031363,-0.03319329023361206,411555575.8374455,407583178.7540022,11736796360.0
train_tune_95c45_01387_1387,CNN,0.0427772528842478,0.8204951344823449,0.6825551740578842,2.376009702682495,10.230470657348633,-3.0971779823303223,0.0001257095136679709,-289.04891721994636,0.0624285526573658,7606.068649640856,7606.068649640856,239640840.0
train_tune_95c45_01388_1388,CNN,0.0315556958030924,0.7320858658753188,0.5647365540930482,1.110703706741333,2.927082061767578,-0.5782546997070312,5.5356998927891254e-05,-293.6282298771986,-0.033361129462718964,68181479417.23097,65832449255.72385,4698879120.0
train_tune_95c45_01389_1389,CNN,0.0573795162194902,0.797056303022257,0.6585508326428642,2.765720844268799,12.263219833374023,-3.075653076171875,0.00019811427046079189,-289.88846915865435,-0.09161392599344254,7553.912825625563,7553.912825625563,115924872.0
train_tune_95c45_01390_1390,CNN,0.0308364465269423,0.6915847229684933,0.5809608322234369,0.5559827089309692,1.0813984870910645,-0.19942793250083923,3.0972500098869205e-05,-298.7244655793855,0.030190199613571167,31299937544.77192,31695643835.012905,8781872000.0
train_tune_95c45_01391_1391,CNN,0.0629036324034821,0.8196830075672377,0.6698527966020824,1.6181303262710571,5.9039130210876465,-1.3065989017486572,7.160543464124203e-05,-289.04506115151503,0.0041754948906600475,178604.15588037926,177098.92329466413,2854499624.0
train_tune_95c45_01392_1392,CNN,0.0303655286203832,0.7837814968807995,0.63095162172965,1.0101828575134277,3.8828961849212646,-0.4435897469520569,3.703110269270837e-05,-298.9425508246783,-0.02597331628203392,13699761090.529417,13624169160.604336,9507109048.0
train_tune_95c45_01393_1393,CNN,0.0353887648809523,0.7393646302625979,0.5935517034555768,0.7981339693069458,2.8319122791290283,-0.3054423928260803,2.8160615329397842e-05,-294.55471132685454,-0.01222358737140894,62783786.997276366,59939158.45659875,2040285912.0
train_tune_95c45_01394_1394,CNN,0.10445763782503,0.7709459204387124,0.6360807799097676,1.965458869934082,4.982050895690918,-2.572950839996338,0.00016385917842853814,-310.0781340833019,0.09055342525243759,290540055077.6359,301760104776.7883,18317142336.0
train_tune_95c45_01395_1395,CNN,0.0459078782075629,0.7865258118907154,0.6636719933530204,2.286822557449341,7.267017841339111,-2.9887547492980957,0.00013691124331671745,-290.7814692429494,0.030982792377471924,102696.22720196203,102170.52887793192,623628600.0
train_tune_95c45_01396_1396,CNN,0.0400825496193298,0.7765846266066757,0.7080576967062433,3.6822292804718018,11.042914390563965,-9.741771697998047,0.00019878603052347898,-296.93664867846604,0.19823813438415527,5124.7713381603135,5124.7713381603135,23191944.0
train_tune_95c45_01397_1397,CNN,0.0271189305420554,0.7465910778745092,0.5389143473044871,1.1715121269226074,4.856844902038574,-0.5931239128112793,5.3551535529550165e-05,-290.80600650947724,-0.023177113384008408,227033002.99251577,228280865.96707666,14471451392.0
train_tune_95c45_01398_1398,CNN,0.0302938936143201,0.7602104908357925,0.6569729282376078,0.8859827518463135,3.4240386486053467,-0.40666571259498596,2.9213733796495944e-05,-298.92766688711095,0.016883252188563347,4579777351005.266,4637924706375.703,10928654528.0
train_tune_95c45_01399_1399,CNN,0.0712621247852391,0.7479914822220686,0.5677304082444483,2.0815680027008057,6.563616752624512,-3.229644775390625,0.00013606807624455541,-300.6762038086588,0.15697912871837616,47103299732.49898,46479293209.31881,18603744552.0
train_tune_95c45_01400_1400,CNN,0.0251332206914478,0.7769095370395409,0.552484173365851,1.933459758758545,5.48947811126709,-2.222076892852783,7.383746560662985e-05,-291.73754739758635,0.04971221461892128,367195553.2430244,364542370.2488576,20603165808.0
train_tune_95c45_01401_1401,CNN,0.0336596193236931,0.7953781552628081,0.562970612613743,1.5841434001922607,5.906547546386719,-1.0429892539978027,0.00011383527453290299,-292.8351302083174,-0.03365103155374527,11039858.909151692,11001006.901062433,5139581272.0
train_tune_95c45_01402_1402,CNN,0.0393201777324652,0.7789210402231086,0.677460642053262,2.8477072715759277,8.592885971069336,-4.916781425476074,0.00010517061309656128,-294.85789458609173,0.08886577188968658,4383.665158615153,4383.665158615153,31885656.0
train_tune_95c45_01403_1403,CNN,0.0308919415078812,0.8109768207930226,0.6938747925436086,0.5133568048477173,1.179975986480713,-0.12102807313203812,3.135038787149824e-05,-296.60630198502054,-0.022802099585533142,328982504971.26715,315232786951.95953,20368254680.0
train_tune_95c45_01404_1404,CNN,0.0353887648809523,0.7658348568590693,0.6001147071011098,0.4174591302871704,1.3474253416061401,-0.08042635023593903,8.181835255527403e-06,-294.9460860711745,-0.00806630589067936,4561874596.844973,4686730771.031738,755069024.0
train_tune_95c45_01405_1405,CNN,0.0191608789796622,0.8037444342655151,0.6818866181032179,2.339160919189453,9.480783462524414,-3.2407538890838623,0.0001266547478735447,-290.36061578311967,0.12014169245958328,5769.997806916115,5769.997806916115,116347128.0
train_tune_95c45_01406_1406,CNN,0.0710424041836188,0.7578648473114117,0.7153200236835532,0.5365212559700012,1.858737826347351,-0.15247654914855957,1.2006643373752013e-05,-299.1897407892676,0.027911566197872162,254308097927.86047,254442828291.6104,16192599024.0
train_tune_95c45_01407_1407,CNN,0.0252166418634272,0.7422044370987408,0.5772974359849865,1.247909665107727,3.7675747871398926,-0.7998801469802856,0.00011099243420176208,-313.4224388511587,-0.0048636384308338165,280169340180.92914,276756425658.40265,6729461080.0
train_tune_95c45_01408_1408,CNN,0.0159587641384925,0.8037059797722362,0.6286252920501181,1.9274027347564697,7.013545036315918,-2.1781387329101562,0.00013654390932060778,-290.8648591037403,0.06613793224096298,412173.97530437773,410261.4979603833,7871370048.0
train_tune_95c45_01409_1409,CNN,0.0051637546862842,0.6863228103237144,0.5156764247390488,0.8718117475509644,3.257534980773926,-0.37677663564682007,2.2139078282634728e-05,-295.8242371974374,0.0005481063853949308,2970013104.0234637,2968301413.8321075,6486311736.0
train_tune_95c45_01410_1410,CNN,0.0251266891891891,0.7645319519011493,0.5679857241166437,0.8720654249191284,3.051039934158325,-0.3838081359863281,2.3239737856783904e-05,-293.6406928888599,-0.0016918843612074852,552381639.6872356,556704632.9572992,12530099152.0
train_tune_95c45_01411_1411,CNN,0.0688284204885566,0.7836507381499052,0.5931559525512324,0.8840477466583252,3.2897679805755615,-0.4043276906013489,2.755140303634107e-05,-294.12136644043346,0.011251951567828655,5297300886.816734,5234997880.824115,7979596848.0
train_tune_95c45_01412_1412,CNN,0.0482555601163751,0.8039917705379993,0.7386321680441295,4.593441486358643,10.192906379699707,-21.5516357421875,0.0012359130196273327,-320.4366389914486,0.2581016719341278,5574.850581573538,5574.850581573538,10802952.0
train_tune_95c45_01413_1413,CNN,0.1309371780308843,0.7698775579071839,0.6690945564755502,2.1692991256713867,8.806857109069824,-2.322899103164673,0.00012939973385073245,-290.3690697176791,-0.018737969920039177,3716.9679942536322,3716.9679942536322,56583384.0
train_tune_95c45_01414_1414,CNN,0.0308919415078812,0.8025559193706664,0.6092276664985438,1.9988622665405273,7.657639980316162,-2.0937743186950684,0.0001645475422265008,-291.1196852527488,0.011437613517045975,453402.2665054305,452668.81444065867,5876088560.0
train_tune_95c45_01415_1415,CNN,0.0315556958030924,0.7513077314806127,0.5479021757224698,0.6134763956069946,2.3552005290985107,-0.1786583960056305,1.4165741959004663e-05,-298.37127699916294,-0.008907811716198921,463935110930.1489,454060928131.88794,20420245656.0
train_tune_95c45_01416_1416,CNN,0.032507121357475,0.6969336307170663,0.6201073469464733,0.7813400030136108,2.751692533493042,-0.3049187660217285,2.2131909645395353e-05,-301.75867207578153,0.003323711920529604,2326508828049.508,2185939811734.517,8633415928.0
train_tune_95c45_01417_1417,CNN,0.0303636017513801,0.7466549323056777,0.5916083024392806,0.2815718948841095,0.38557520508766174,-0.01961408369243145,7.690385245950893e-06,-309.05336312106255,-0.00036750640720129013,1332476644416.8047,1334643241936.4092,19894926816.0
train_tune_95c45_01418_1418,CNN,0.0493376515748346,0.778327145021998,0.6488318307851224,1.041691541671753,3.5346438884735107,-0.610012412071228,4.04829261242412e-05,-295.84523374030056,0.03516913205385208,204390945005.58588,203752726723.66772,11317342976.0
train_tune_95c45_01419_1419,CNN,0.0293793279330639,0.7321466645321257,0.5869252908423201,1.4328768253326416,5.351275444030762,-1.2010871171951294,5.4307693062582985e-05,-294.1594896060036,0.05414417013525963,24456423138.838554,24451039611.33919,21094369192.0
train_tune_95c45_01420_1420,CNN,0.0563873234888847,0.7567657985096484,0.595670198982305,1.281803011894226,5.234177112579346,-0.679202139377594,8.544929733034223e-05,-288.77666055201826,-0.02551851235330105,3701761.773064893,3670423.549141896,2392654008.0
train_tune_95c45_01421_1421,CNN,0.0421133512634406,0.79995570934364,0.6698600953557969,1.6013096570968628,7.551330089569092,-1.2850663661956787,4.425601218827069e-05,-288.1888643575018,-0.012006415985524654,3761.3658479790247,3761.3658479790247,152640072.0
train_tune_95c45_01422_1422,CNN,0.0370639069868979,0.7217060277478634,0.6226903783129265,0.15201416611671448,0.5784353613853455,-0.010201537981629372,3.236021711927606e-06,-299.6261249011498,0.004715155344456434,959522135172.737,942648998741.2322,13874962768.0
train_tune_95c45_01423_1423,CNN,0.0315556958030924,0.7605999395943858,0.6254246049210919,0.9563671350479126,3.7857255935668945,-0.4651283025741577,4.768110375152901e-05,-297.1169553341841,0.006273992359638214,8612486519.707369,8403076978.664761,6630065928.0
train_tune_95c45_01424_1424,CNN,0.1071135887260119,0.8109623989075935,0.6798579678336951,2.9387574195861816,7.57082986831665,-5.369444370269775,0.00013601136743091047,-298.79346686700194,0.07902452349662781,3900.2202989303587,3900.2202989303587,15947184.0
train_tune_95c45_01425_1425,CNN,0.0315556958030924,0.6706937989863271,0.4911258415382127,0.37394189834594727,1.409283995628357,-0.06958840787410736,1.1020762940461282e-05,-293.1527685332948,0.011982092633843422,17096551857.83316,16311463219.999004,4438888976.0
train_tune_95c45_01426_1426,CNN,0.0251266891891891,0.718660327833949,0.564556087879073,0.30097708106040955,0.6060431003570557,-0.03944994881749153,1.179893752123462e-05,-304.89934190889187,0.00875371415168047,48938998957.987686,47559127061.273285,7532977488.0
train_tune_95c45_01427_1427,CNN,0.0303636017513801,0.8038821223993782,0.58306388176604,1.6065268516540527,6.316686630249023,-1.35518479347229,7.372225809376687e-05,-291.6039004626877,0.005488113034516573,14113226.349194659,14094067.56014405,8560130112.0
train_tune_95c45_01428_1428,CNN,0.0855739289966578,0.8309834566609271,0.5989624306484328,3.0395925045013428,13.231128692626953,-5.710353374481201,0.0002658014418557286,-292.7186245703835,0.0792500227689743,184544.97760257655,187643.71393097023,1830179040.0
train_tune_95c45_01429_1429,CNN,0.1167133360929751,0.8051543673260024,0.5354263283138442,1.2788598537445068,4.473038196563721,-0.894411563873291,9.333998605143279e-05,-303.8751832354745,0.03999684378504753,39161561340.11231,38541189384.57906,27537914424.0
train_tune_95c45_01430_1430,CNN,0.0308919415078812,0.6963914632523578,0.551966277538011,1.3253371715545654,5.05709171295166,-0.9889104962348938,7.788916991557926e-05,-310.5420026704669,0.04082974046468735,147075307402421.25,146543264991045.2,31798038512.0
train_tune_95c45_01431_1431,CNN,0.0628788914718082,0.7915149177245899,0.5633307608681962,0.7549060583114624,2.318817138671875,-0.3071490526199341,1.5704143152106553e-05,-301.6129128275679,0.01758941262960434,1276484538.0424147,1262484522.104824,3363899160.0
train_tune_95c45_01432_1432,CNN,0.0308364465269423,0.612430679837908,0.5580527854253492,0.623205840587616,2.356295347213745,-0.19387005269527435,2.319466511835344e-05,-291.7533946433577,0.0008922209963202477,112093241.2399177,115604833.8142587,1543660360.0
train_tune_95c45_01433_1433,CNN,0.0138667628020555,0.7512125424134664,0.5656071213476682,1.4107410907745361,4.222962379455566,-0.8598296642303467,4.4836469896836206e-05,-290.50552118846167,-0.027464430779218674,193975834.69672352,192978776.45338336,7317697800.0
train_tune_95c45_01434_1434,CNN,0.0283145784205097,0.790861364972729,0.664416221246901,0.5919910669326782,2.248140573501587,-0.1699604094028473,2.4748951545916498e-05,-309.3460072853446,-0.009113423526287079,65710025813759.92,63892512791413.58,26423784096.0
train_tune_95c45_01435_1435,CNN,0.0336129908341407,0.805731324206779,0.6939939333810818,2.974484920501709,10.826148986816406,-5.379733085632324,0.0002873032644856721,-287.2374509487781,0.13258783519268036,208864.7211064116,208838.46806898262,2271673520.0
train_tune_95c45_01436_1436,CNN,0.0315323854660347,0.7321478904726096,0.5928322631510081,1.00438392162323,1.6366453170776367,-0.6285891532897949,3.167325121467002e-05,-296.5494838820261,-0.005674050189554691,2617431831.402509,2584653013.259677,9515257800.0
train_tune_95c45_01437_1437,CNN,0.0413747806891583,0.798744107633814,0.5541134286503686,0.6711004376411438,1.597212553024292,-0.2508848011493683,1.6898473404580727e-05,-298.3328674489816,-0.008868210017681122,457514908.9580123,460148275.9335162,15915836792.0
train_tune_95c45_01438_1438,CNN,0.0495843353710133,0.7921632773222487,0.6315746123285136,3.0220603942871094,10.640898704528809,-5.88871955871582,0.00021224856027401984,-292.51072256857526,0.10422176867723465,4823.624310902592,4823.624310902592,44829032.0
train_tune_95c45_01439_1439,CNN,0.0693529615829704,0.7592441324241244,0.5612906040316823,1.946687936782837,8.268755912780762,-1.9114394187927246,0.00015153588901739568,-288.28722166401053,0.01660717837512493,1696182.7219998285,1653054.2055993364,1095052704.0
train_tune_95c45_01440_1440,CNN,0.0796415172405271,0.7445767464646704,0.5493208144550621,1.4007916450500488,6.026916027069092,-0.9789905548095703,6.66254127281718e-05,-291.136577248961,-0.009112702682614326,12798194.966873925,12727060.880758978,11714820088.0
train_tune_95c45_01441_1441,CNN,0.0302938936143201,0.7766020335774992,0.5833776508751736,1.7325689792633057,6.428605079650879,-1.7052913904190063,9.936762216966599e-05,-295.01470562346276,0.046341799199581146,262058881.89259356,264741982.3166659,6275781144.0
train_tune_95c45_01442_1442,CNN,0.0072538611659199,0.7884601423497962,0.6310593859554958,1.1429674625396729,4.735161781311035,-0.6950689554214478,4.839748362428509e-05,-297.1935465680991,0.02040686458349228,27102838931.65276,27175334594.03151,23858414704.0
train_tune_95c45_01443_1443,CNN,0.062915349380886,0.8010079189059978,0.6769214640878828,2.151015281677246,9.263431549072266,-2.2596397399902344,0.00010619265958666801,-289.59374605322796,-0.021588973701000214,5689.109558477135,5689.109558477135,136579896.0
train_tune_95c45_01444_1444,CNN,0.0302938936143201,0.7982306157388126,0.5313157411330973,1.0823347568511963,4.377651691436768,-0.6099449396133423,4.7820030886214226e-05,-296.8777087428812,0.008694350719451904,597482772.1287048,624747472.3086214,23840497096.0
train_tune_95c45_01445_1445,CNN,0.0815115519792182,0.801773190274397,0.6910232527738704,2.270463466644287,9.397907257080078,-2.554899215698242,0.00012006014003418386,-290.3859335992272,0.004666621331125498,6447.590981702937,6447.590981702937,155445768.0
train_tune_95c45_01446_1446,CNN,0.071946000813992,0.8279834095991301,0.5905262890672238,1.7047042846679688,7.16048526763916,-1.4561611413955688,8.497734961565584e-05,-290.07127208243173,0.010933728888630867,328303.52390539844,328591.74982411554,7914856920.0
train_tune_95c45_01447_1447,CNN,0.0308364465269423,0.7654444088458361,0.5611755583103135,0.3531090021133423,1.428802728652954,-0.05878579244017601,8.257298759417608e-06,-296.1587522131885,-0.00892147421836853,3797604987.962755,3591967580.1247015,14200017440.0
train_tune_95c45_01448_1448,CNN,0.0081309144811894,0.774904373493631,0.5512848624767366,1.7253925800323486,5.357002258300781,-1.6945313215255737,0.00010747426131274551,-293.51589103497986,0.04915314167737961,15421846.372530889,15387917.943282578,9241578080.0
train_tune_95c45_01449_1449,CNN,0.0192591313190119,0.8440926388387583,0.6728279770558205,1.809370517730713,4.8746795654296875,-2.0571963787078857,0.00011812731099780649,-292.05952809868734,0.018894357606768608,149141.972953621,147907.47362397274,684182936.0
train_tune_95c45_01450_1450,CNN,0.0051637546862842,0.7592051606034937,0.6131265071877129,0.41631758213043213,1.5203289985656738,-0.09070973098278046,6.280583875195589e-06,-305.31376745482305,0.019966404885053635,29002250730272.82,29388099693108.965,26848494216.0
train_tune_95c45_01451_1451,CNN,0.1722660678890419,0.7966695514327055,0.69182086065127,2.7933363914489746,7.44417667388916,-4.97912073135376,0.00019539656932465732,-297.91619088773103,0.027197523042559624,4771.595822419309,4771.595822419309,28073736.0
train_tune_95c45_01452_1452,CNN,0.0648478296317717,0.8136052609239122,0.686077329119793,2.791313886642456,11.222624778747559,-3.996598720550537,0.00013940931239631027,-289.37886227406744,0.0021749548614025116,7163.994563945991,7163.994563945991,115370472.0
train_tune_95c45_01453_1453,CNN,0.0722014505138582,0.8054876356989034,0.5868751529244742,3.059145450592041,5.959899425506592,-8.334724426269531,0.0005166139453649521,-297.22766026673287,0.21603649854660034,55551.236144345734,56002.95199376893,75756176.0
train_tune_95c45_01454_1454,CNN,0.0303636017513801,0.7837339262591372,0.6447889937561897,0.34011563658714294,0.9524445533752441,-0.05499431490898132,5.483429504238302e-06,-303.20397644715075,0.005341248586773872,94178409077.31735,93576331077.92693,11623192192.0
train_tune_95c45_01455_1455,CNN,0.0337812172466193,0.7313727955032028,0.5894846528685325,0.8791471123695374,2.3869943618774414,-0.2848489582538605,3.089923120569438e-05,-297.9177793420721,-0.06080032140016556,134890935698.85292,136909230322.81589,7266889688.0
train_tune_95c45_01456_1456,CNN,0.0315556958030924,0.7538120680530811,0.5284416393660485,1.9016766548156738,7.598002910614014,-2.1986823081970215,0.00013871616101823747,-290.8177427910848,0.05249419063329697,327245846.8824389,334400163.003464,16146335776.0
train_tune_95c45_01457_1457,CNN,0.0480246581695872,0.7851828306286734,0.5901590738481963,1.7819396257400513,7.275644302368164,-1.6558804512023926,7.844094943720847e-05,-289.59496459436986,0.012769216671586037,10538674.402116543,10831786.55566261,17772433256.0
train_tune_95c45_01458_1458,CNN,0.0303636017513801,0.7503977137005168,0.5566982182533794,1.2736976146697998,4.189150333404541,-0.953248918056488,4.4256103137740865e-05,-294.01212415137553,0.058656807988882065,51554265.48583934,52990851.94858807,1580129784.0
train_tune_95c45_01459_1459,CNN,0.0618025647323938,0.789450701263399,0.5955188542556287,1.5503740310668945,4.926235198974609,-1.1976338624954224,0.00010014577128458768,-292.74906184002043,0.001304794568568468,258142205.2496497,258715591.67083275,12497326560.0
train_tune_95c45_01460_1460,CNN,0.0303944610302991,0.7020312558895391,0.5399867280021191,1.3309118747711182,5.232434272766113,-0.8434000015258789,5.988173506921157e-05,-303.1043219726447,-0.015890635550022125,444392373875.94714,439100693861.53674,14643191104.0
train_tune_95c45_01461_1461,CNN,0.0460167711513032,0.7951635606033305,0.6007736014898261,0.950790286064148,3.4107959270477295,-0.4829866588115692,1.9783836251008324e-05,-290.6271696129492,0.019213952124118805,5490071.390295924,5465006.585015607,6167883392.0
train_tune_95c45_01462_1462,CNN,0.0303636017513801,0.7483937481138121,0.6035843691065197,0.8000502586364746,2.37518048286438,-0.3307171165943146,2.3048163711791858e-05,-295.1668655178447,0.004584087058901787,13365875086.53564,13613569358.458931,11753516800.0
train_tune_95c45_01463_1463,CNN,0.0303636017513801,0.6432172008184208,0.5000641858930606,0.6679779291152954,1.420157790184021,-0.2712200880050659,3.0044589948374778e-05,-294.75344585571884,0.01392790675163269,2933839603483.216,2860125113460.541,23649676424.0
train_tune_95c45_01464_1464,CNN,0.0359751278642556,0.8090823582454427,0.5568758118606596,1.8733540773391724,7.363877296447754,-1.6262348890304565,0.00010007895616581663,-289.92530543916064,-0.024371091276407242,481759.8325353245,481769.6942048549,8814120544.0
train_tune_95c45_01465_1465,CNN,0.0565016340126392,0.8201412609034873,0.6680822217548981,2.4759747982025146,10.497611999511719,-3.3583030700683594,8.954665827332065e-05,-289.67273642137184,0.06725774705410004,7624.083406548898,7624.083406548898,185669640.0
train_tune_95c45_01466_1466,CNN,0.0509951177440139,0.8034871303197645,0.6096643463937503,1.3877341747283936,4.321547985076904,-1.1374980211257935,7.751057273708284e-05,-295.0999039453451,0.05815514922142029,2257794530.9704995,2114701008.5742247,5552636944.0
train_tune_95c45_01467_1467,CNN,0.0051637546862842,0.7140470718011436,0.531771911742883,1.4031903743743896,4.821556091308594,-1.1733943223953247,6.920214946148917e-05,-296.356695390304,0.05738343298435211,10022519699507.156,10173151766415.943,13267094664.0
train_tune_95c45_01468_1468,CNN,0.002393903968953,0.8027288062438072,0.5774923453417102,2.0908565521240234,7.594447612762451,-2.6490018367767334,0.00012454844545572996,-299.19861455245336,0.06968576461076736,215119072.30823702,216755676.49535704,5322288304.0
train_tune_95c45_01469_1469,CNN,0.1138774484976502,0.74503886964982,0.5471907515162682,0.8643438220024109,3.4431381225585938,-0.3778187036514282,2.5320974600617774e-05,-299.4050341374859,-0.0017982404679059982,2586720441944.0654,2492241248050.3086,8769017592.0
train_tune_95c45_01470_1470,CNN,0.0332253042616919,0.802339181152342,0.6047889069549912,0.9331395626068115,3.366173028945923,-0.43814989924430847,3.1645071430830285e-05,-292.77063990406316,-0.0037030549719929695,3453050.950347138,3381578.963461425,1331282944.0
train_tune_95c45_01471_1471,CNN,0.0308978092946688,0.7868598838436337,0.715739752854474,0.9957281947135925,2.8862006664276123,-0.5007964372634888,5.922434138483368e-05,-301.35003811333314,-0.00520722009241581,146227574316.6799,136750746874.62944,10441464384.0
train_tune_95c45_01472_1472,CNN,0.0603109582798945,0.8357540001888231,0.6173143035959224,2.2626216411590576,7.197783946990967,-3.4892783164978027,0.00013925446546636522,-296.0767526388148,0.048055216670036316,136834.54710116243,135802.33831556112,438385360.0
train_tune_95c45_01473_1473,CNN,0.051648881301104,0.8007089025718384,0.575788414209444,2.0225255489349365,5.44705867767334,-2.8311266899108887,9.660708019509912e-05,-319.8620623377295,0.08274894952774048,2065797.0057171686,2242294.0404332513,1053633384.0
train_tune_95c45_01474_1474,CNN,0.093984362168459,0.8203831821262144,0.6542309214007553,1.220956563949585,3.795863151550293,-0.7319748997688293,5.484814028022811e-05,-293.8153251553747,-0.010613059625029564,77641131.58699948,78377329.74249882,6455509768.0
train_tune_95c45_01475_1475,CNN,0.0303636017513801,0.7259000270801688,0.6596157513347214,0.16527438163757324,0.6137722730636597,-0.011686945334076881,4.9055197450798005e-06,-302.31864647812586,-0.0007558406796306372,3150447486967.414,3174438127582.7256,27534938352.0
train_tune_95c45_01476_1476,CNN,0.0445063649825766,0.7739175299398795,0.5762603470675014,1.116408109664917,3.8993277549743652,-0.6195560693740845,3.421790461288765e-05,-307.5604252755022,0.005311761982738972,266677979628.8421,272239604463.58594,17152021688.0
train_tune_95c45_01477_1477,CNN,0.0537793443260614,0.7093020805392202,0.6088287475371601,0.8410696983337402,3.0321784019470215,-0.37532544136047363,2.286464768985752e-05,-294.43969993937515,0.023572787642478943,12641315200.69215,12746715182.23756,17883516728.0
train_tune_95c45_01478_1478,CNN,0.0973577408326728,0.7902142910297587,0.5929969407200582,0.8556320071220398,3.4539690017700195,-0.40090489387512207,4.289045318728313e-05,-295.437820712442,0.03857354819774628,59825574.28860703,60323461.324259736,1995412600.0
train_tune_95c45_01479_1479,CNN,0.0459682836127882,0.7636823208763373,0.5942868699089621,1.38864266872406,4.767876625061035,-0.7410186529159546,8.446156425634399e-05,-290.58564891322055,-0.06026145815849304,206989318.1746204,209539032.2661718,7443604640.0
train_tune_95c45_01480_1480,CNN,0.0087868085219376,0.8242781056524786,0.6641430338175183,2.481236696243286,10.976099014282227,-3.4353933334350586,0.00013598786608781666,-291.9508703840507,0.045275237411260605,107342.55720854497,110437.88151006923,744398856.0
train_tune_95c45_01481_1481,CNN,0.0264907470870459,0.7725958351826238,0.6565530404574309,0.6979873180389404,2.8735339641571045,-0.23713061213493347,1.4370542885444593e-05,-296.40121288292664,-0.0041099777445197105,1218582060.736642,1252748497.3965132,2550741336.0
train_tune_95c45_01482_1482,CNN,0.0303632777707087,0.7948235528286443,0.553409861592253,0.6875666379928589,2.247110605239868,-0.2374633550643921,2.2896843802300282e-05,-302.1563882019959,0.005775524768978357,239977571008.05722,238754527622.29877,8151502744.0
train_tune_95c45_01483_1483,CNN,0.0352527191298784,0.7034130144018871,0.5888864558041227,0.7124053835868835,2.7282862663269043,-0.21479639410972595,3.6055211239727214e-05,-303.0578745006502,-0.033262692391872406,11873857939238.676,12120079220820.111,13821606864.0
train_tune_95c45_01484_1484,CNN,0.1148419277009843,0.8102730129228994,0.6105223461450384,1.4576852321624756,4.888673782348633,-1.0281810760498047,6.389600457623601e-05,-290.951022655216,-0.0004125228151679039,11099548.349432118,11138025.022540689,6179824624.0
train_tune_95c45_01485_1485,CNN,0.1318633426696102,0.8213638920498627,0.6396565578620984,2.7275290489196777,8.450186729431152,-4.816287517547607,0.00015646780957467854,-292.9998102532522,0.17420263588428497,4352.725975568925,4352.725975568925,37102120.0
train_tune_95c45_01486_1486,CNN,0.0526783724957705,0.728356853055582,0.5312830693526394,0.8296602964401245,3.5852437019348145,-0.34204259514808655,2.3732163754175417e-05,-298.448102151897,-0.004640375263988972,1067774506.122776,1098032346.663203,4524640112.0
train_tune_95c45_01487_1487,CNN,0.1275048816873872,0.7860776529076696,0.611536569489946,2.4378859996795654,9.90416145324707,-3.5667459964752197,0.00014307376113720238,-292.06626427393473,0.05572995916008949,11480852.804257367,11383574.295010524,9765636944.0
train_tune_95c45_01488_1488,CNN,0.0303636017513801,0.7164936149334513,0.6467341756505294,0.947330117225647,3.6284101009368896,-0.4369894862174988,2.666986983967945e-05,-301.3271058948321,-0.005631320644170046,18579710771163.45,18533993032112.164,20554701280.0
train_tune_95c45_01489_1489,CNN,0.0353887648809523,0.803032733158263,0.6821729510064938,1.1656891107559204,4.30192232131958,-0.7826665639877319,7.111178274499252e-05,-308.10649181765456,0.04095914959907532,7075030167799.984,6942428246010.3125,15676825568.0
train_tune_95c45_01490_1490,CNN,0.0867146839978682,0.8124786150257068,0.6141554495630281,2.0536978244781494,6.905856132507324,-2.4169952869415283,0.00016942599904723465,-288.34707583954247,0.04078707844018936,231059.98649631505,231259.86799324254,2997233144.0
train_tune_95c45_01491_1491,CNN,0.0486015188936562,0.8032516500900951,0.6639364556714353,2.2027597427368164,8.682500839233398,-2.893484592437744,0.00011540340346982703,-287.53476436545,0.059094734489917755,140870.76545284502,140896.72642074595,3286184040.0
train_tune_95c45_01492_1492,CNN,0.0437778797685289,0.8172909374876836,0.6537009658784338,4.401158332824707,13.254581451416016,-12.355586051940918,0.000400229764636606,-293.97817625965166,0.17295926809310913,5877.710849346917,5877.710849346917,21421048.0
train_tune_95c45_01493_1493,CNN,0.0680582509630292,0.8142825159957299,0.6811567091454958,2.2728376388549805,7.44078254699707,-3.2942955493927,0.00021538807777687907,-288.4350848598276,0.09852109849452972,172816.96896033245,170479.50273979007,1508934760.0
train_tune_95c45_01494_1494,CNN,0.04139051840962,0.8331051644044796,0.6878837076732718,1.8404916524887085,5.652323246002197,-2.0307211875915527,0.00011278555757598951,-290.3534512172658,0.018063215538859367,187793.3573957318,189745.93692768985,1927441160.0
train_tune_95c45_01495_1495,CNN,0.0315875923937077,0.7601039782172536,0.529559642796593,1.6102714538574219,5.8589959144592285,-1.2942595481872559,8.690431423019618e-05,-292.11716213589415,0.002647596411406994,601717060.3070157,589426603.2444056,12537821016.0
train_tune_95c45_01496_1496,CNN,0.1068112368081455,0.6919217462036091,0.5585514694057293,0.8586807250976562,1.5455777645111084,-0.4838933050632477,3.511594331939705e-05,-293.636824186597,-0.0036635398864746094,83203550.88353918,81734664.37074688,7627102352.0
train_tune_95c45_01497_1497,CNN,0.0273877226044948,0.8053435311872539,0.6008161463465499,2.0179660320281982,8.478093147277832,-2.162006378173828,0.00013038831821177155,-289.09994015809684,0.029636483639478683,461796.0337390087,466659.40846490144,7740463560.0
train_tune_95c45_01498_1498,CNN,0.0302938936143201,0.758252256847834,0.6702480703949009,0.6842992901802063,2.765263557434082,-0.2339123636484146,1.7414808098692447e-05,-304.12145528353784,0.0020695985294878483,4223266144618.1504,4299878595122.789,15561596576.0
train_tune_95c45_01499_1499,CNN,0.0512049950555376,0.7222086536111323,0.5339966968492463,0.38900521397590637,1.333853006362915,-0.07254686206579208,1.0971616575261578e-05,-303.027524034679,-0.002094671595841646,13885383832441.543,14307844392529.424,26520340752.0
train_tune_95c45_01500_1500,CNN,0.0353887648809523,0.7497386110710498,0.667326057636292,0.694196343421936,2.693587303161621,-0.24779877066612244,1.7000296793412417e-05,-305.99132303836086,0.00835680216550827,18115473194136.19,17634907986790.438,22813436288.0
train_tune_95c45_01501_1501,CNN,0.0051637546862842,0.7857551474530824,0.577429777764146,0.8152103424072266,2.5215773582458496,-0.3468629717826843,1.791722752386704e-05,-295.3397279498371,0.019638419151306152,8009453819.866731,7826164849.412946,12053682584.0
train_tune_95c45_01502_1502,CNN,0.0308364465269423,0.7630157579830751,0.5395348780625849,1.7120800018310547,4.7587714195251465,-1.7376492023468018,0.000179404451046139,-294.988704341266,0.06562992930412292,443140265.24997157,442111474.7878531,13673784728.0
train_tune_95c45_01503_1503,CNN,0.0296110784567808,0.7882419771761968,0.6308461642797455,1.3025469779968262,3.851285457611084,-0.8143988251686096,3.803668369073421e-05,-292.0629535676427,-0.0026129307225346565,67588337.06491111,66059791.14721564,1529786352.0
train_tune_95c45_01504_1504,CNN,0.0308938971891618,0.7671408493044086,0.5681693757335725,1.0131596326828003,2.469027519226074,-0.49005600810050964,6.528742960654199e-05,-297.036574802431,-0.0300997793674469,395717521.9334548,403848245.0438277,9668838712.0
train_tune_95c45_01505_1505,CNN,0.0430878615415009,0.7976424585454867,0.5962903317992221,1.7687288522720337,7.0430450439453125,-1.7266875505447388,9.016168769448996e-05,-295.3116831463403,0.03291782736778259,5740054.187711012,5755082.591351923,2867618392.0
train_tune_95c45_01506_1506,CNN,0.0318066157760814,0.7539458519914722,0.5572180573433596,1.088721513748169,3.541524648666382,-0.5846860408782959,3.549706525518559e-05,-304.7987364010354,-0.014367783442139626,537259795302.55786,538616783149.24536,6767716864.0
train_tune_95c45_01507_1507,CNN,0.0321343479376502,0.7386705186452982,0.562641773939436,0.6471824645996094,1.6760953664779663,-0.22382508218288422,1.8928067220258527e-05,-296.0439643912854,-0.005745084956288338,1999866186.199772,1943656677.2801228,7369257168.0
train_tune_95c45_01508_1508,CNN,0.0639821772012997,0.82294597228471,0.6422889337070031,2.020036220550537,8.67436408996582,-1.9480259418487549,0.0001387335651088506,-309.8106854124632,-0.014153804630041122,75409.18404705868,74796.1616496859,259725184.0
train_tune_95c45_01509_1509,CNN,0.0315556958030924,0.7113050699519552,0.6504123407385671,2.009627342224121,7.4939775466918945,-2.079834461212158,0.00020478139049373567,-293.74014069321004,-0.004624051973223686,365641183910.88574,392455109882.92773,12576754256.0
train_tune_95c45_01510_1510,CNN,0.0880995953343216,0.8051030494883649,0.591203498512121,1.9669413566589355,7.224915027618408,-1.9630563259124756,0.00013803591718897223,-290.06304613983025,0.004505598451942205,9112101.032154556,9152663.771013958,11428456728.0
train_tune_95c45_01511_1511,CNN,0.0385042361639944,0.7646508503079616,0.6260214881224491,1.5815839767456055,5.702268600463867,-1.1772310733795166,8.164088649209589e-05,-292.8551227421919,0.0024353591725230217,2128544.990164606,2037548.9633549904,538094224.0
train_tune_95c45_01512_1512,CNN,0.0308919415078812,0.654838060558451,0.4408054005180244,0.46818602085113525,1.8824936151504517,-0.10604290664196014,1.021227944875136e-05,-296.85511457494783,-0.003128981916233897,10836118.042296676,10880768.376448687,1183294040.0
train_tune_95c45_01513_1513,CNN,0.0353643410852713,0.8204142386034842,0.6077852585685333,0.9951671361923218,3.1643500328063965,-0.427300363779068,7.244386506499723e-05,-353.9036874182745,-0.02467935159802437,4570496135.457094,4540607233.589112,19232617376.0
train_tune_95c45_01514_1514,CNN,0.0853411283176777,0.809184058323445,0.6621200386056978,2.2735509872436523,9.816601753234863,-2.6853294372558594,8.583589078625664e-05,-289.9723480140408,0.021896889433264732,6622.192368355105,6622.192368355105,168398856.0
train_tune_95c45_01516_1516,CNN,0.0317087492660011,0.8019746597080547,0.6609697726178421,0.4689278304576874,1.9215717315673828,-0.11385949701070786,1.5853911463636905e-05,-293.4595560497776,0.01041523739695549,50463354.291852295,47542325.103300154,4052342104.0
train_tune_95c45_01517_1517,CNN,0.0239301448371161,0.7317007852139202,0.6201849177838805,1.4925832748413086,4.740074634552002,-1.1933845281600952,5.324474477674812e-05,-290.9476423175315,0.018062831833958626,264921145.41035876,266400264.6946814,13368498616.0
train_tune_95c45_01518_1518,CNN,0.0651912576598129,0.7844002945766002,0.6893985939482883,2.041198492050171,8.75701904296875,-2.0645852088928223,8.358580817002803e-05,-289.5775193555221,0.018949231132864952,4275.804112213211,4275.804112213211,104185672.0
train_tune_95c45_01519_1519,CNN,0.0855170715606306,0.7961345071033059,0.641423194298217,5.959322929382324,13.895011901855469,-35.31349563598633,0.0010374091798439622,-309.8252617412782,0.3229171633720398,8124.730816926814,8124.730816926814,15120648.0
train_tune_95c45_01520_1520,CNN,0.0051699716713881,0.7149331675619202,0.6074468633607433,1.4591310024261475,2.203831434249878,-2.075368881225586,9.468817006563768e-05,-295.8602538062682,0.15849460661411285,2506259925.7005687,2503055630.535162,7441953648.0
train_tune_95c45_01521_1521,CNN,0.0869590866804098,0.8433341644357955,0.6707084607872886,1.9680469036102295,6.008967876434326,-2.458019971847534,9.895247058011591e-05,-290.96912451487805,0.09119433164596558,229507.98615695623,228714.91168141086,1867206056.0
train_tune_95c45_01522_1522,CNN,0.0457624424725965,0.7899218742112923,0.5688229450036295,1.52726149559021,5.786060333251953,-1.257423996925354,0.00011703890049830079,-291.7239245472011,0.03237241879105568,485160904.5069223,482090794.5973042,11664984760.0
train_tune_95c45_01523_1523,CNN,0.054803807554096,0.8056326455071025,0.6303604928084665,0.7341158390045166,2.2854154109954834,-0.27346354722976685,2.1449839550768957e-05,-331.92693156821895,0.004679311066865921,2451878317542.697,2519376883361.858,8734520816.0
train_tune_95c45_01524_1524,CNN,0.1053495382331275,0.8232318748948054,0.6045107632934555,2.449131965637207,9.465585708618164,-3.1717710494995117,0.00012063333997502923,-291.73721564677595,0.018375344574451447,77748.56113077994,77504.52554518954,571842360.0
train_tune_95c45_01525_1525,CNN,0.0524629647954764,0.7982818723146794,0.6945814227618989,1.8323614597320557,8.508286476135254,-1.5553284883499146,0.00010206788283539936,-288.5869338687989,-0.04832117259502411,5356.93411560036,5356.93411560036,176780856.0
train_tune_95c45_01526_1526,CNN,0.0461793283155922,0.7711514709354237,0.6684510021237928,2.635781764984131,8.858417510986328,-3.636641502380371,0.00016819882148411125,-291.8734236806237,0.005848577246069908,3283.8323619059497,3283.8323619059497,22050792.0
train_tune_95c45_01527_1527,CNN,0.0185028249667255,0.7082320244149014,0.5841400239167476,0.8366224765777588,2.2126922607421875,-0.4571109414100647,8.745544619159773e-05,-291.89902613552465,0.08769811689853668,65515087.71771607,63985774.47512129,9529667184.0
train_tune_95c45_01528_1528,CNN,0.0355251565708514,0.7133716467321229,0.5456504429829191,1.1611582040786743,4.895306587219238,-0.6820784211158752,3.889373692800291e-05,-296.3746151946885,-0.004483968019485474,47383225081.32388,47455435775.79031,33966209480.0
train_tune_95c45_01529_1529,CNN,0.0107306273029627,0.7915247381751764,0.6821336834766099,2.5844740867614746,11.365848541259766,-3.7953197956085205,0.0001226821623276919,-288.641558859318,0.10391686856746674,4983.643620496195,4983.643620496195,106097104.0
train_tune_95c45_01530_1530,CNN,0.0308919415078812,0.7610780585453687,0.5677049684231741,0.5791857242584229,2.0804784297943115,-0.17466875910758972,1.271458859264385e-05,-300.47277652279195,0.02032686397433281,56725815041.73883,56967709800.5482,10563120728.0
train_tune_95c45_01535_1535,CNN,0.0507501179725929,0.7269574108070481,0.5596235578191218,1.3457915782928467,4.863994598388672,-1.007015347480774,5.146923285792582e-05,-298.5461540642182,0.0424649640917778,473406872.9198185,474258572.9361104,17143570072.0
train_tune_95c45_01536_1536,CNN,0.0557567734648213,0.8066494270022485,0.6916033609291894,1.7210376262664795,7.83818244934082,-1.6066752672195435,5.4347034165402874e-05,-289.1142372380085,0.014433011412620544,5050.05816628628,5050.05816628628,243958536.0
train_tune_95c45_01537_1537,CNN,0.0406568350332184,0.7915446384755849,0.653771969544731,2.3522582054138184,7.311093330383301,-3.256525993347168,0.00043068977538496256,-295.2629095281108,0.051543086767196655,4006.6238029722344,4006.6238029722344,27538800.0
train_tune_95c45_01538_1538,CNN,0.0355312987302294,0.7109408605999086,0.5750469639206941,0.8992536067962646,2.640829086303711,-0.4775305688381195,2.5022141926456243e-05,-300.9606563507209,0.04040101170539856,311003254956.5592,317379114419.9731,8685485776.0
train_tune_95c45_01539_1539,CNN,0.0904000499795815,0.7402247688490717,0.6662663078501284,0.5010144710540771,1.6999224424362183,-0.12625554203987122,1.2064710972481407e-05,-298.1808192601003,0.008957764133810997,659896.2152477407,643024.1630880786,214073368.0
train_tune_95c45_01540_1540,CNN,0.0314627845484021,0.7715029217557118,0.5550934971096011,1.3992700576782227,5.891076564788818,-1.001981496810913,8.35321843624115e-05,-293.7935230650147,0.014932356774806976,466243638.02170557,468432757.40037984,11858407928.0
train_tune_95c45_01541_1541,CNN,0.0351592423892529,0.8298065761317174,0.6465034579810949,2.2924609184265137,9.158846855163574,-3.0286450386047363,0.0001392654376104474,-292.195733956613,0.08149562776088715,281524.5091926362,281270.4294989762,3388567480.0
train_tune_95c45_01542_1542,CNN,0.1037039228361163,0.7584139538771395,0.5912274224391751,1.0329128503799438,3.8368449211120605,-0.5529652833938599,5.098430119687691e-05,-292.0382616789532,0.00853892881423235,7110518521.570759,7267923349.38422,8103361320.0
train_tune_95c45_01544_1544,CNN,0.0259379042183124,0.7864241164806313,0.5719914164919248,1.1311246156692505,4.054779529571533,-0.6879559755325317,4.724564860225655e-05,-307.5499058489977,0.0343010276556015,233896452673.59433,234610677141.0714,9698477992.0
train_tune_95c45_01545_1545,CNN,0.0303636017513801,0.7280502578059385,0.5795172493264509,0.8508565425872803,3.288228750228882,-0.3751238286495209,2.6827956389752217e-05,-291.8919736780862,0.015436341986060143,179469773.0375585,180509643.8836614,5931965456.0
train_tune_95c45_01546_1546,CNN,0.0722967560762266,0.8133445012364748,0.6842937142111283,2.6264450550079346,11.26131820678711,-3.4607086181640625,0.00015448812337126583,-290.59823151172105,0.0019940263591706753,7089.422163939284,7089.422163939284,128829344.0
train_tune_95c45_01547_1547,CNN,0.0867758480640052,0.7893136245913075,0.5476747395998001,0.9709851145744324,2.7531471252441406,-0.29366588592529297,8.389876165892929e-05,-293.02258316074926,-0.09986172616481781,3816622.7924763737,3756080.4467623066,1643162888.0
train_tune_95c45_01548_1548,CNN,0.0308919415078812,0.6701749091546202,0.5896499912674584,0.246925950050354,0.7279396057128906,-0.028696082532405853,5.195271114644129e-06,-298.2091602304499,0.011721981689333916,37662181223.75081,38245527794.87315,13448521776.0
train_tune_95c45_01549_1549,CNN,0.1024700754615201,0.8107003333632963,0.5980125464044249,0.8707082867622375,3.6230437755584717,-0.3882136344909668,3.548657332430594e-05,-293.6334667162098,0.0015688604908064008,7603607.259017914,7495609.946735141,2895080152.0
train_tune_95c45_01550_1550,CNN,0.0929461900982884,0.7600012630906647,0.5934648791487755,2.7360944747924805,8.923105239868164,-4.184299468994141,0.0001291909720748663,-291.33406815344244,0.028041107580065727,4568.70580428894,4568.70580428894,43477272.0
train_tune_95c45_01551_1551,CNN,0.1178371459894223,0.8374447559921687,0.6257836654240688,2.0199382305145264,8.827849388122559,-2.4723846912384033,0.00016141828382387757,-290.3300232636342,0.09145320951938629,167801.61479757965,165709.25160863984,2427784120.0
train_tune_95c45_01552_1552,CNN,0.0353887648809523,0.734030174241827,0.5403749101621413,0.9796754121780396,3.981853485107422,-0.5392084717750549,3.55627853423357e-05,-303.1681942318927,0.028808532282710075,47353548116592.47,47750884017149.875,30226811440.0
train_tune_95c45_01553_1553,CNN,0.0344912807098043,0.6647535736833894,0.5691553040801728,6.63626766204834,9.162109375,-43.92189025878906,0.0007913672016002238,-678.2286242633521,0.20109936594963074,2810.17455726326,2810.17455726326,1220072.0
train_tune_95c45_01554_1554,CNN,0.1214621995624093,0.7899904452389306,0.6797587319943917,3.889047145843506,12.39869499206543,-9.923480033874512,0.0003348051686771214,-293.6043268875037,0.23016856610774994,6647.006889675547,6647.006889675547,42160312.0
train_tune_95c45_01555_1555,CNN,0.0831625729588698,0.8024831886190469,0.679570667842827,3.030059814453125,11.323203086853027,-5.51585578918457,0.00016316714754793793,-291.02098114957596,0.14126457273960114,5719.410391590224,5719.410391590224,75881592.0
train_tune_95c45_01557_1557,CNN,0.0251283217464752,0.8297734483366921,0.6192273389255027,1.5952160358428955,4.371233940124512,-1.3074814081192017,5.268293898552656e-05,-290.2880471346744,-0.03226548805832863,4225330.7633163845,4152850.099458728,3065342808.0
train_tune_95c45_01558_1558,CNN,0.1192290370315282,0.763499608156649,0.6222768564531933,4.350094795227051,14.683100700378418,-13.703031539916992,0.0006676241173408926,-291.8911568170164,0.24985285103321075,5163.479663590455,5163.479663590455,20581320.0
train_tune_95c45_01559_1559,CNN,0.0462496273300281,0.782038467204256,0.6617267488460137,1.8487467765808105,6.356318473815918,-1.7980674505233765,0.00011905876453965902,-288.84380251193943,0.047169074416160583,82096.4043584471,82608.95836068603,762557104.0
train_tune_95c45_01560_1560,CNN,0.0643064062240147,0.7807528798194,0.6183377068509691,0.9741702079772949,4.046184062957764,-0.5081199407577515,3.688569267978892e-05,-295.98824848323886,0.025009574368596077,18530416706.12905,19157518016.982674,22106907816.0
train_tune_95c45_01561_1561,CNN,0.080056068624434,0.8008692646812312,0.6629999377332355,1.9690945148468018,7.627614974975586,-2.0734686851501465,6.209626008057967e-05,-290.11230836250786,0.04454122483730316,4477.503800619978,4477.503800619978,96114360.0
train_tune_95c45_01562_1562,CNN,0.0537821689578301,0.8405244849219148,0.6048974299381733,3.1277523040771484,12.995274543762207,-4.967168807983398,0.0003131539560854435,-292.00802298704684,0.038898102939128876,427555.4367868607,425420.46710116504,3914839672.0
train_tune_95c45_01563_1563,CNN,0.0264999664709847,0.8095661539324334,0.6263407429534427,2.3786821365356445,7.239837169647217,-3.4060161113739014,0.00012479016731958836,-294.0695397933319,0.04440911486744881,93282.92164208007,91081.4559769708,208224792.0
train_tune_95c45_01564_1564,CNN,0.0557862052048735,0.7722875973894401,0.5833415109802136,1.2741340398788452,4.281790733337402,-0.8051458597183228,5.257117300061509e-05,-299.198240831745,-0.006756501272320747,181207409300.74506,184679100694.4555,7597502128.0
train_tune_95c45_01565_1565,CNN,0.0463221383976194,0.7223415965259931,0.5979368696280241,1.224576473236084,4.2110114097595215,-0.8181180953979492,7.642041600774974e-05,-290.42068698091026,0.032936710864305496,136830058.5008122,136433607.48534384,6318059472.0
train_tune_95c45_01566_1566,CNN,0.1715727833200247,0.8018540609356304,0.6891960554307501,2.1120452880859375,9.198147773742676,-2.0237197875976562,9.110654355026782e-05,-290.34926867702575,-0.03588058799505234,6192.585031050052,6192.585031050052,140365520.0
train_tune_95c45_01567_1567,CNN,0.0996389451368653,0.7775587046830787,0.5220942799087287,0.9355270862579346,3.6883127689361572,-0.41995036602020264,3.593961810111068e-05,-292.6006208888712,-0.001592093612998724,563752328.9666988,565588321.5321355,21980617192.0
train_tune_95c45_01568_1568,CNN,0.0319522765494503,0.8078636577074785,0.5850264093050526,1.127042293548584,4.642035484313965,-0.6799909472465515,3.9426377043128014e-05,-294.8887824410175,0.022713609039783478,8505596.565161558,8607376.499167,4884187104.0
train_tune_95c45_01569_1569,CNN,0.0050514065400542,0.7985991390691076,0.5875631741604099,2.0776009559631348,7.124145984649658,-2.6309609413146973,0.00011804324458353221,-295.0142838923781,0.0814134031534195,11046117.26555961,11218271.062085684,2950242416.0
train_tune_95c45_01570_1570,CNN,0.0451970468358746,0.8411883077821438,0.6918695493891015,2.987403392791748,13.891870498657227,-5.217483997344971,0.0001665441959630698,-289.07751638270656,0.07590214908123016,9102.035341196184,9102.035341196184,274182408.0
train_tune_95c45_01571_1571,CNN,0.0051747359466931,0.7182140234477743,0.6420733558243314,0.8446844816207886,3.436415195465088,-0.367270827293396,2.9481940146069974e-05,-309.62776754560815,0.004445623606443405,231951034159196.72,233422007184369.06,55258700760.0
train_tune_95c45_01572_1572,CNN,0.0251266891891891,0.7654803249603768,0.6246764371145994,2.0030088424682617,7.087937831878662,-2.003047466278076,0.00019898550817742944,-420.4879047031718,0.0054281167685985565,464289.69787877606,513670.71957555786,117113976.0
train_tune_95c45_01573_1573,CNN,0.0439398578426884,0.7395339855210201,0.5601538594382003,0.8220938444137573,1.9541115760803223,-0.45306825637817383,6.405063322745264e-05,-305.6444856425518,0.061333008110523224,12229341896119.55,12395057281357.424,18678944856.0
train_tune_95c45_01574_1574,CNN,0.0040450725144369,0.7852498443252905,0.5983218440652961,1.9111542701721191,7.03304386138916,-2.1427927017211914,7.598896627314389e-05,-297.2441468388478,0.05076161399483681,76085667.74221638,75785067.10546046,2471899304.0
train_tune_95c45_01575_1575,CNN,0.0565217578097589,0.7836982207219272,0.5920335763326787,2.590169906616211,8.245200157165527,-3.80126690864563,0.00026772706769406796,-289.53596527355865,0.0455925390124321,2588225.625534254,2542247.5236298526,2132125992.0
train_tune_95c45_01577_1577,CNN,0.1401424892231234,0.8266730880448296,0.6884504650106185,2.9987730979919434,10.434864044189453,-5.2536940574646,0.0004432855639606714,-292.92840659762464,0.11863621324300766,6428.139757163778,6428.139757163778,73409544.0
train_tune_95c45_01578_1578,CNN,0.0156701503568207,0.7781746029671157,0.5676111869674048,0.8014581203460693,2.382326364517212,-0.36148154735565186,2.7641979613690637e-05,-294.8113335237664,0.015419724397361279,5525716718.503675,5580697566.396025,15128968792.0
train_tune_95c45_01579_1579,CNN,0.0302938936143201,0.7028386924267223,0.5191057568042852,0.8565675616264343,2.966662883758545,-0.3948829770088196,2.2665215510642156e-05,-299.3420811494518,0.023169856518507004,11614079600535.77,11126215403706.535,26292175880.0
train_tune_95c45_01580_1580,CNN,0.0350969643993614,0.7377083520542639,0.5948405778394077,1.4334843158721924,5.227406978607178,-0.9757238626480103,7.529230788350105e-05,-291.0994821743494,-0.006387708708643913,259833272.9663294,258585069.55411527,11862383832.0
train_tune_95c45_01581_1581,CNN,0.1155245573955228,0.8264355350876695,0.6394415093504344,2.6160621643066406,7.008327484130859,-4.35630464553833,0.00016274090739898384,-295.6619199612806,0.0988374873995781,82431.11759033409,82781.00898977081,85331000.0
train_tune_95c45_01582_1582,CNN,0.0742054114262101,0.8240553826660447,0.6374504729029137,2.081831455230713,8.154097557067871,-2.501448631286621,0.0001303372555412352,-289.50590569579225,0.0725625678896904,289867.323538738,290012.17278014624,2319462600.0
train_tune_95c45_01583_1583,CNN,0.0266726631149242,0.7229974351911461,0.5584967004309853,1.7328729629516602,6.430980205535889,-1.7719906568527222,0.0001234785740962252,-301.1027862792673,0.06038917973637581,345281125692.9962,340469021018.53296,18728422344.0
train_tune_95c45_01584_1584,CNN,0.031844565227613,0.6306817395093596,0.5230792715937405,0.13848906755447388,0.5066744089126587,-0.00787758082151413,3.4867973681684816e-06,-299.4052022231582,-0.0005965547752566636,11808362814.72159,11104682023.094978,10545894248.0
train_tune_95c45_01585_1585,CNN,0.0315556958030924,0.7700688011635772,0.5929786208014942,0.3262624740600586,0.8517976999282837,-0.049884095788002014,1.1196330888196826e-05,-299.7074973587839,0.007349327672272921,4103066775347.0547,4195068260354.539,17134923696.0
train_tune_95c45_01586_1586,CNN,0.0631884505899562,0.8108206546107741,0.6288406243983908,3.1978492736816406,12.90213680267334,-6.141843795776367,0.00021952256793156266,-300.6837576221718,0.08274561166763306,121855.58720418887,121148.22981044822,325842752.0
train_tune_95c45_01587_1587,CNN,0.0487774054171391,0.760753719841177,0.596496507484051,0.8360670804977417,3.2248528003692627,-0.38337594270706177,2.7194620997761376e-05,-295.84699513031217,0.03560127317905426,14737978057.78624,14777463254.11901,14812209216.0
train_tune_95c45_01588_1588,CNN,0.134033821046771,0.8023134627800173,0.6467619659289436,1.4449059963226318,3.510260581970215,-1.3075634241104126,0.0001051061917678453,-289.2379552687366,0.0651613399386406,3496031.6609654445,3476595.5793494647,1445683072.0
train_tune_95c45_01589_1589,CNN,0.0126712572692159,0.8048755996401531,0.6018471527244168,1.1936792135238647,3.54763126373291,-0.8658373355865479,5.790677823824808e-05,-296.18278811978496,0.04717313125729561,142004546.93530416,144180136.50539637,4464135888.0
train_tune_95c45_01590_1590,CNN,0.094052673457508,0.7906052956845506,0.5190274880085655,2.9010801315307617,11.202133178710938,-4.499145030975342,0.0003212443261872977,-297.6447371714221,0.02108796313405037,3484738.8147577303,3456104.591801392,1703841856.0
train_tune_95c45_01591_1591,CNN,0.0304698972099853,0.7476413967572728,0.5603206712527866,0.7253130674362183,2.7694315910339355,-0.26645827293395996,1.9592609532992356e-05,-294.26344514028267,0.019962171092629433,2408142818.421925,2388827257.4013443,7561011896.0
train_tune_95c45_01592_1592,CNN,0.1078328969734295,0.7223474368310869,0.6060727161147779,0.5301769375801086,1.6742196083068848,-0.13706713914871216,1.687750409473665e-05,-299.66227306224596,-0.007152945268899202,561568.7702151851,565891.4374041983,299028888.0
train_tune_95c45_01593_1593,CNN,0.0253882956011136,0.7639921484004972,0.5947863532438411,0.7318282723426819,2.723545789718628,-0.24553601443767548,2.6637611881596968e-05,-298.6194829272793,-0.020830882713198662,30299918034.037437,30175777659.19877,22114114288.0
train_tune_95c45_01594_1594,CNN,0.0806796339809031,0.8167331877790363,0.593858760034681,2.935452938079834,11.929781913757324,-3.25891375541687,0.00038475036853924394,-288.38593525303634,-0.043110668659210205,218544.05476633686,212538.42736999915,3011715944.0
train_tune_95c45_01595_1595,CNN,0.0308364465269423,0.7526574080356111,0.6646142341081739,0.5040990710258484,2.0595548152923584,-0.1280948370695114,1.4873952750349417e-05,-295.7981612896532,0.0020812968723475933,138013550430.75507,135162589141.75589,9669520312.0
train_tune_95c45_01596_1596,CNN,0.0409326109720327,0.7566706518180466,0.600527886437948,1.2306733131408691,3.673055648803711,-0.7635153532028198,8.349592826562002e-05,-294.96117395057996,0.0030151023529469967,3928073710.6509323,3989720735.9208717,12923965384.0
train_tune_95c45_01597_1597,CNN,0.01376103753084,0.8467820000563421,0.6674093838964013,1.911830186843872,5.732414722442627,-2.3342108726501465,9.045917249750346e-05,-292.1590245478218,0.041531629860401154,197749.75137948495,197780.969811258,1564458808.0
train_tune_95c45_01598_1598,CNN,0.0315228724097484,0.7393629905438657,0.5371942684840441,1.7402079105377197,6.916244029998779,-1.6542854309082031,0.00012066058843629435,-292.32515771640016,0.0281533095985651,259476389.77549925,266181553.42303443,6927776976.0
train_tune_95c45_01599_1599,CNN,0.0272576797766553,0.7686966572595328,0.6240088384048663,2.959075927734375,11.096856117248535,-5.343611717224121,0.0001110135272028856,-290.0158555607924,0.11327026784420013,5074.672845392994,5074.672845392994,55486128.0
train_tune_95c45_01600_1600,CNN,0.077612929574732,0.7726582577996306,0.5868517610165835,1.5089651346206665,5.795684814453125,-1.1648569107055664,8.505855657858774e-05,-290.42531018819693,0.01406325213611126,7393908.201215807,7463500.732389614,4477964464.0
train_tune_95c45_01601_1601,CNN,0.0308919415078812,0.712469368658676,0.6038066446838238,0.5259557962417603,1.1926735639572144,-0.16144461929798126,1.9701670680660754e-05,-297.79598398702234,0.012629874050617218,104168400263.30267,107125054059.05054,7441707408.0
train_tune_95c45_01602_1602,CNN,0.0357730715215681,0.7338688381385843,0.5430251051922235,0.7603685259819031,2.270612955093384,-0.29254963994026184,1.891130523290485e-05,-296.4441051236106,0.00040731194894760847,299578303.85063803,298613890.5453329,7093548624.0
train_tune_95c45_01603_1603,CNN,0.0306251375678586,0.8059753607828601,0.5792865152311479,2.4265787601470947,9.0023832321167,-3.7446389198303223,0.00023383359075523913,-291.2449455058612,0.09921038150787354,17675388.267022647,17383320.49916515,10344400760.0
train_tune_95c45_01604_1604,CNN,0.0403925512739733,0.7818781662163394,0.5856805004302199,0.5266289710998535,1.9998763799667358,-0.1403052806854248,9.585512088960968e-06,-314.0313608123809,0.005460824817419052,4660578891352.127,4807879743334.381,22728646896.0
train_tune_95c45_01605_1605,CNN,0.031449227735787,0.7856230711998569,0.6282504732340062,1.1042473316192627,3.3526711463928223,-0.7264062166213989,3.9368322177324444e-05,-290.7219750620294,0.030958881601691246,124385004.02192435,124233045.18281925,2745786776.0
train_tune_95c45_01606_1606,CNN,0.0397867939260756,0.7631305873663519,0.6063008527180388,0.924224853515625,3.499817371368408,-0.3802192807197571,5.330785279511474e-05,-298.65332605558024,-0.02130526304244995,369224665736.5756,363361860484.2627,10033365712.0
train_tune_95c45_01607_1607,CNN,0.0851102112936474,0.8303006420812526,0.6435118267319194,1.3840928077697754,4.081990718841553,-0.9680413007736206,0.00014491066394839436,-291.7086568440144,0.022885939106345177,164144.85324381318,164213.80546645995,1337451968.0
train_tune_95c45_01608_1608,CNN,0.0228746292019989,0.8028316617987474,0.5091213996318827,1.222766637802124,4.634092330932617,-0.7243306636810303,6.651243893429637e-05,-295.27562261670755,-0.006100953556597233,39721198.62444933,40540825.04191882,3987633608.0
train_tune_95c45_01609_1609,CNN,0.0190276182220512,0.7473814058639796,0.5555541975947555,3.069707155227661,12.73310661315918,-5.051015377044678,0.0002842193644028157,-292.2827611444695,0.02268841117620468,611151938.1395087,615865838.7255952,15560571120.0
train_tune_95c45_01610_1610,CNN,0.0569115552120798,0.8222745500832076,0.6143322993857894,1.5926575660705566,7.055659770965576,-1.3811495304107666,8.988750050775707e-05,-289.46408530749073,0.03075464442372322,153673.16819585365,154106.5334296632,2321577624.0
train_tune_95c45_01611_1611,CNN,0.0881208822527689,0.7221657067421279,0.6065840617118555,2.1457560062408447,6.429422855377197,-2.653669595718384,7.054732122924179e-05,-293.92097668244924,0.03641116991639137,2084230.7375136833,2032567.3089932508,508380848.0
train_tune_95c45_01612_1612,CNN,0.0490253775774907,0.7949123568121421,0.6746652193095026,2.735170841217041,8.479687690734863,-4.463000297546387,0.00013745077012572438,-296.56594455630784,0.10063512623310089,3577.8277718486797,3577.8277718486797,19390472.0
train_tune_95c45_01613_1613,CNN,0.0353887648809523,0.6858328692014637,0.5346477037384276,1.1603350639343262,4.550573348999023,-0.6018656492233276,6.051901800674386e-05,-296.8434387526321,-0.020508915185928345,30953635426.768963,31187843054.245625,31903841528.0
train_tune_95c45_01614_1614,CNN,0.0310531986195875,0.7996669411300186,0.5859224587630277,2.2084076404571533,5.231485366821289,-3.9299964904785156,0.00020472757751122117,-290.06976104470687,0.18008360266685486,5270731.744098306,5265162.096048457,7196154032.0
train_tune_95c45_01615_1615,CNN,0.0353887648809523,0.7592361485436727,0.5986973602712788,0.586656928062439,1.990370750427246,-0.1666056215763092,1.379941386403516e-05,-302.4460512811118,-0.004217769950628281,2110765818366.7993,2287414429532.9316,7977476256.0
train_tune_95c45_01616_1616,CNN,0.0353931539129356,0.7978693101256988,0.6074444848759037,2.013460397720337,6.88409423828125,-2.1517269611358643,0.0001554822374600917,-299.1518146092783,0.013723917305469513,469311470.41498315,472148963.6311096,8214033200.0
train_tune_95c45_01617_1617,CNN,0.0362162713649649,0.7965079397311066,0.6185627000006155,3.0427918434143066,11.20222282409668,-6.654158592224121,0.0004875267331954092,-295.1994630041182,0.20851163566112518,73677.67859586675,72982.28502342879,309112464.0
train_tune_95c45_01618_1618,CNN,0.0446201768578247,0.8240492427521521,0.6382616038440462,4.835260391235352,9.583169937133789,-24.00649070739746,0.0005073936190456152,-318.50634212114846,0.29951098561286926,3355.544375286715,3355.544375286715,5804520.0
train_tune_95c45_01619_1619,CNN,0.0233853326786981,0.7365785886478284,0.5673322064102632,0.805263876914978,2.778425931930542,-0.31577634811401367,4.038586121168919e-05,-306.7839523266191,-0.00026296405121684074,36616122988.83755,36784343568.63686,18960667320.0
train_tune_95c45_01620_1620,CNN,0.0162883458056258,0.7570182947464625,0.539736162058783,0.6212893724441528,2.3104324340820312,-0.17479589581489563,1.6103189409477636e-05,-290.35436563933024,-0.016411244869232178,713863156.2947252,698440248.6984673,2845090344.0
train_tune_95c45_01621_1621,CNN,0.0867538813302961,0.7924019342274183,0.6138016230796184,1.6632577180862427,5.557187080383301,-1.5657166242599487,7.71492050262168e-05,-301.0352557758555,0.03243562579154968,60045872.14473671,57671746.75640879,1429480776.0
train_tune_95c45_01622_1622,CNN,0.0143286248646283,0.7760959579340367,0.5806109725329636,1.4490667581558228,5.861462593078613,-1.0440373420715332,6.281341484282166e-05,-287.7495569385171,0.0059896307066082954,2437196.8556875573,2461581.789988826,3928059248.0
train_tune_95c45_01623_1623,CNN,0.0355811833468909,0.792959073867725,0.6614390302203126,1.8120653629302979,7.804715156555176,-1.7658984661102295,5.466322909342125e-05,-289.63360180176244,0.048419609665870667,4769.560342942847,4769.560342942847,173051352.0
train_tune_95c45_01624_1624,CNN,0.0134963958317632,0.8320970831025023,0.621474278928744,2.1626367568969727,7.875319480895996,-2.9324891567230225,0.00016445864457637072,-289.5130575649861,0.11907115578651428,252608.26399896282,251340.52418249802,2761139888.0
train_tune_95c45_01625_1625,CNN,0.0312512174144524,0.814588375105134,0.627190987015958,1.795991063117981,5.967926502227783,-1.9124362468719482,0.00010773240501293913,-296.74721984429516,0.06905801594257355,7092518.638087988,7004028.524691919,4391026072.0
train_tune_95c45_01626_1626,CNN,0.0343422349530708,0.7613500554610547,0.603851060518207,0.7630061507225037,3.0457286834716797,-0.3068406581878662,3.127818490611389e-05,-292.69230287171695,0.011633563786745071,371878355.8904698,372505899.5841754,15743355288.0
train_tune_95c45_01627_1627,CNN,0.187385617282793,0.809447000622198,0.6832774663780941,4.262692451477051,14.877799987792969,-11.403560638427734,0.0005395433399826288,-290.38729701963564,0.19682949781417847,8325.304044186787,8325.304044186787,63457680.0
train_tune_95c45_01628_1628,CNN,0.0308364465269423,0.786679506353466,0.5998909774670428,0.6132158041000366,1.6568931341171265,-0.19685834646224976,1.2043317838106304e-05,-300.2644857636308,0.0026575776282697916,102614725206.44644,106039933802.09746,4696651200.0
train_tune_95c45_01629_1629,CNN,0.0315872184186422,0.8234838590437346,0.6288072514343542,0.5446768999099731,1.7374267578125,-0.13850951194763184,1.4716628356836736e-05,-301.85143531689187,-0.00937146507203579,32248901874.968826,32468333086.666718,22624816736.0
train_tune_95c45_01630_1630,CNN,0.0497058781860146,0.7823313116843722,0.6093205031736273,4.137746334075928,10.372098922729492,-14.557656288146973,0.0005449059535749257,-304.57546203130113,0.41508060693740845,4064.107523774443,4064.107523774443,15183288.0
train_tune_95c45_01631_1631,CNN,0.0382400196094215,0.7055074001994739,0.5583278798472758,1.4790130853652954,5.483755111694336,-1.1230645179748535,7.27520018699579e-05,-294.1196503161038,0.01510265190154314,1448050679.6985896,1429019044.9871566,6056543752.0
train_tune_95c45_01632_1632,CNN,0.0308442586610931,0.7682271535206073,0.602732035078768,0.31911909580230713,1.2681914567947388,-0.04864005744457245,3.759982746487367e-06,-295.3866564944325,-0.006386901251971722,30389509.773155432,29881138.51928298,5646532528.0
train_tune_95c45_01633_1633,CNN,0.0134661265656575,0.8089963843496659,0.6758096594705006,2.1489667892456055,8.649958610534668,-2.31766414642334,9.405036689713597e-05,-290.63583566241107,0.0021893582306802273,4940.809638645694,4940.809638645694,104544680.0
train_tune_95c45_01634_1634,CNN,0.0353754573076207,0.6910248184711338,0.6015996849460054,0.7832176685333252,3.0540771484375,-0.3168962597846985,2.0883671822957695e-05,-295.7104856618097,0.01386833656579256,3061517252.225028,2857778130.402855,10889594336.0
train_tune_95c45_01635_1635,CNN,0.0409228813001347,0.7793134910429731,0.5841724480312199,4.152942657470703,11.115347862243652,-12.855523109436035,0.00025829498190432787,-298.3207289905121,0.24295759201049805,4981.5069635741565,4981.5069635741565,17396136.0
train_tune_95c45_01636_1636,CNN,0.0862212737286383,0.759845131140591,0.5835429309695572,2.1137430667877197,6.948544502258301,-3.102715492248535,0.0002927409077528864,-291.3735198072475,0.13820815086364746,249954923.10411328,256916959.44941142,5513273992.0
train_tune_95c45_01637_1637,CNN,0.0432254514615755,0.7935682033009286,0.5585010744367401,1.3849940299987793,5.340818881988525,-1.1168192625045776,8.411987073486671e-05,-294.11983965696777,0.06007304787635803,19788653.914147004,19494137.86434719,20759398856.0
train_tune_95c45_01638_1638,CNN,0.0555333173795861,0.8049790172214453,0.6680537058649325,2.9003474712371826,12.691668510437012,-4.760727405548096,0.00015497958520427346,-288.41800755604226,0.04649914801120758,6182.390762293418,6182.390762293418,120696424.0
train_tune_95c45_01639_1639,CNN,0.0844742073715644,0.8017453502247661,0.5957381249559618,1.339866280555725,5.323843002319336,-0.87287437915802,4.8968584451358765e-05,-293.44667443089423,-0.011404793709516525,6055263.870156269,6160651.865022785,3472687672.0
train_tune_95c45_01640_1640,CNN,0.0024376931110456,0.7462277135763418,0.5813221248883558,1.674129843711853,6.503671169281006,-1.1094298362731934,0.00011712239938788116,-293.248480018229,-0.04254859313368797,208399020.926369,206309093.3313996,7016259832.0
train_tune_95c45_01641_1641,CNN,0.0434892244563748,0.7949769233590351,0.6910650899261476,2.849575996398926,10.967238426208496,-4.479345321655273,0.00010624249989632517,-289.88146336399393,0.010693971067667007,6196.807131632042,6196.807131632042,79701072.0
train_tune_95c45_01642_1642,CNN,0.0652698441352634,0.7301878195771287,0.645220801115041,0.39025044441223145,1.3833719491958618,-0.08090052008628845,7.784676199662499e-06,-297.9844896993693,0.025327052921056747,88362215698.78339,85798578408.05127,16677092736.0
train_tune_95c45_01643_1643,CNN,0.0243723095065566,0.7502589544041536,0.5846531851254936,0.45862722396850586,1.8732130527496338,-0.11168882995843887,6.963124633330153e-06,-295.83543162736345,0.02034294232726097,1401547010.5842638,1356149521.5029263,5837046664.0
train_tune_95c45_01644_1644,CNN,0.0306718256394328,0.8223323253419768,0.5959835070325237,2.795415163040161,10.437376976013184,-5.05876350402832,0.00020558919641189277,-288.66284946087416,0.16495972871780396,320472.64563310536,322899.2214045605,3021149536.0
train_tune_95c45_01645_1645,CNN,0.0352602016862792,0.7772251784010091,0.520570452212435,0.47964274883270264,1.4256004095077515,-0.11505316197872162,1.2687700291280635e-05,-300.4426985867403,0.00585486926138401,393624007733.68823,398903444110.93677,24817694480.0
train_tune_95c45_01646_1646,CNN,0.0876755446240902,0.8249007591524447,0.6511318434179905,1.1468276977539062,2.784478187561035,-0.7593995332717896,2.9286060453159735e-05,-290.62927358937844,-0.014577843248844147,83116.89163056268,83207.31753935697,440404456.0
train_tune_95c45_01647_1647,CNN,0.00511178717985,0.7323511224845202,0.5508951492359949,1.5742837190628052,3.0435009002685547,-1.643096685409546,0.00017429795116186142,-290.5848256134717,0.021139372140169144,69980689.87245595,70020553.81945959,3944308144.0
train_tune_95c45_01648_1648,CNN,0.0302938936143201,0.7433663667545596,0.5388000951773579,1.1072797775268555,4.10923957824707,-0.6124176979064941,4.766757774632424e-05,-296.85976986610274,0.004949449095875025,20270371925.951954,20397286174.55645,12759082560.0
train_tune_95c45_01649_1649,CNN,0.0438714300408958,0.8231920483561713,0.7102266018255112,1.597063422203064,6.323463439941406,-1.2256624698638916,7.282916340045631e-05,-288.1777010935438,-0.005972499027848244,126236.77603587604,126284.08594430718,1816092576.0
train_tune_95c45_01650_1650,CNN,0.1003453475319094,0.8057749881957375,0.6515999898698839,3.160050392150879,11.617162704467773,-6.867520809173584,0.0006487376522272825,-290.11048185833954,0.2534797191619873,128153.45803313224,128658.95467700888,684348744.0
train_tune_95c45_01651_1651,CNN,0.0449086021016832,0.7304704041180157,0.5093317869225633,0.9945093393325806,2.9730234146118164,-0.5391991138458252,4.323920438764617e-05,-302.3416079927477,0.006353585049510002,33076690889.52947,32895165344.49028,28853747152.0
train_tune_95c45_01652_1652,CNN,0.0848348194068989,0.8209103912736603,0.6931182019039075,2.480093002319336,11.020899772644043,-3.2804319858551025,0.00011438743968028575,-289.65570203503034,0.0017369440756738186,7151.587849610572,7151.587849610572,205737184.0
train_tune_95c45_01653_1653,CNN,0.0097060039109256,0.7359107033938086,0.5600545535154366,1.3002548217773438,4.254096984863281,-1.0025429725646973,4.422800338943489e-05,-308.73312294096365,0.0579928457736969,2037666934.4903045,2090156261.7808604,11427529536.0
train_tune_95c45_01654_1654,CNN,0.0316123628360924,0.771412739426164,0.6924029565002259,1.2259567975997925,2.648277759552002,-1.0226367712020874,3.6948153137927875e-05,-292.61659904271636,0.03896699845790863,42317.81152377947,42538.010089607356,183370304.0
train_tune_95c45_01655_1655,CNN,0.0213112991109836,0.7386570762738873,0.5490801307203006,1.2598142623901367,4.655664443969727,-0.7497215270996094,7.204820576589555e-05,-300.306990480844,-0.011434569954872131,18385134245.502827,18843990813.22739,11918193408.0
train_tune_95c45_01656_1656,CNN,0.0251266891891891,0.7239222056262232,0.5938371491900516,0.7694995403289795,2.674022674560547,-0.32090798020362854,1.8114715203410015e-05,-291.25973893286505,0.02404271438717842,3365963250.3806076,3460415346.1228695,4762276744.0
train_tune_95c45_01657_1657,CNN,0.0303343291171423,0.7475215894026674,0.5793216325333099,0.6547574996948242,2.3049256801605225,-0.18573984503746033,2.321861575182993e-05,-301.62971719305403,-0.027188684791326523,9822391963447.52,9795750779531.55,13297407928.0
train_tune_95c45_01658_1658,CNN,0.0334482268541665,0.8082077840630174,0.6119163382520767,1.0760459899902344,2.4860575199127197,-0.7418357133865356,2.588277857284993e-05,-291.1882933167378,0.018595252186059952,65201.54421198673,65084.082835425696,430700744.0
train_tune_95c45_01659_1659,CNN,0.0484696075138304,0.7048429009785421,0.5380530179204012,1.8527616262435913,6.577509880065918,-1.9270294904708862,9.39323435886763e-05,-291.8280887120075,0.034739427268505096,217268538.2436665,221333974.0121384,5430331504.0
train_tune_95c45_01660_1660,CNN,0.0270191928369057,0.7688284530905269,0.5776877993759224,1.0860884189605713,3.747044086456299,-0.6398005485534668,4.777932190336287e-05,-293.41143991825487,0.027095139026641846,3343184875.129514,3356695091.914933,6670524312.0
train_tune_95c45_01661_1661,CNN,0.0374569117406493,0.7572052021430844,0.5675596184021644,1.9635441303253174,7.280852317810059,-2.1056878566741943,0.00011930848268093541,-298.48939342303663,0.0221017524600029,104329700.3493799,107392476.76730861,4431297784.0
train_tune_95c45_01662_1662,CNN,0.0816345067671626,0.7959165679699023,0.6854203394194778,1.9913756847381592,7.228841304779053,-2.1014881134033203,7.95144442236051e-05,-291.8819663410531,0.03064192645251751,5037.285471907776,5037.285471907776,97156872.0
train_tune_95c45_01663_1663,CNN,0.0647302487042075,0.8319738649983319,0.6360780575406197,2.054694652557373,4.029655456542969,-3.7965710163116455,5.171717930352315e-05,-294.0542802114596,0.1144462302327156,55263.2360199097,55291.45128517863,199982288.0
train_tune_95c45_01664_1664,CNN,0.0303285460091509,0.823505309115235,0.7380487051973724,0.6472293138504028,2.6046295166015625,-0.2173646092414856,2.035135003097821e-05,-301.3680036586299,0.0036632372066378593,2352304505581.4253,2332921689747.7793,9955193632.0
train_tune_95c45_01665_1665,CNN,0.0371890277163462,0.7752754009771852,0.6937419332668489,0.6045459508895874,2.249772310256958,-0.1808760166168213,8.096138117252849e-06,-304.0191387737474,0.010205933824181557,70391188787.36415,69484317968.32962,11103978440.0
train_tune_95c45_01666_1666,CNN,0.0303054356108712,0.7628109402490791,0.6437340413157893,0.6647253632545471,1.3410625457763672,-0.26020383834838867,2.113315167662222e-05,-302.28944703768104,-0.005498460493981838,3729469964969.0938,3616794636848.5156,7483279232.0
train_tune_95c45_01667_1667,CNN,0.0451772983231338,0.6911049907225053,0.5164770687089031,0.7044054269790649,2.0862038135528564,-0.2741527557373047,1.9165781850460917e-05,-297.2137785950176,0.021610107272863388,1442238865.8768334,1432096708.3690076,6982667352.0
train_tune_95c45_01668_1668,CNN,0.0260952556587404,0.7152657152520139,0.6352452703741861,0.7427217960357666,2.436901807785034,-0.2566099464893341,3.608223414630629e-05,-317.52165728319085,-0.01841951534152031,2511043653698.8647,2438346406182.566,12672712752.0
train_tune_95c45_01669_1669,CNN,0.117956908267325,0.7727974965151675,0.6245985360783524,2.9944522380828857,11.267529487609863,-4.451918125152588,0.0002333296142751351,-290.9125952151618,0.05470184609293938,5035.097652460259,5035.097652460259,42833384.0
train_tune_95c45_01670_1670,CNN,0.0470408154822482,0.7285270930733398,0.5957816453078767,0.47380831837654114,1.7396737337112427,-0.10827192664146423,1.2679121937253512e-05,-297.3836246093198,-0.004050280898809433,67836163376.59838,67968868243.63638,8124098392.0
train_tune_95c45_01671_1671,CNN,0.0174612323131379,0.7497153993281739,0.6262769166211418,1.166792869567871,2.8107547760009766,-1.0958149433135986,0.0001469940907554701,-294.9729995685096,0.17864015698432922,3616241009.892727,3611084164.3173995,4008114192.0
train_tune_95c45_01672_1672,CNN,0.0309095515581454,0.7081048052306236,0.6245307527904318,0.3066104054450989,1.1765705347061157,-0.042425356805324554,4.848046501138015e-06,-306.29951400091136,-0.013381265103816986,8521054.289412385,8305548.945993387,721014584.0
train_tune_95c45_01673_1673,CNN,0.0624511695632443,0.8378280254017805,0.6856381537481185,1.4479279518127441,4.986135005950928,-0.9741373062133789,4.775724664796144e-05,-289.9825059044633,-0.03150797262787819,195881.6216089463,194668.32071110525,2304587192.0
train_tune_95c45_01674_1674,CNN,0.0620319527736131,0.7675638598906167,0.5500409528892957,1.2095582485198975,4.248203754425049,-0.8710550665855408,0.00012033312668791041,-294.5150864690452,0.07297340780496597,779634154.736208,776874492.0484006,12011806632.0
train_tune_95c45_01675_1675,CNN,0.0406838116324618,0.7214832917976794,0.6677863827197232,0.7836318016052246,2.7245755195617676,-0.31520670652389526,2.588073220977094e-05,-312.6039129252138,0.007681678049266338,31062381438815.277,30605792096139.36,17315224136.0
train_tune_95c45_01676_1676,CNN,0.0312794343628382,0.7766267199188975,0.556163948525191,1.0215847492218018,2.6995599269866943,-0.7073087692260742,3.6840327084064484e-05,-296.53821792137614,0.09543021023273468,259879180.34814465,261922118.06583625,9126195064.0
train_tune_95c45_01677_1677,CNN,0.0251266891891891,0.7009719965570966,0.5769184142430925,0.8327645063400269,3.334321975708008,-0.33800995349884033,2.911520095949527e-05,-294.41049133282775,-0.0035532466135919094,14360985629.434,14302914755.072208,16186019304.0
train_tune_95c45_01678_1678,CNN,0.1132045977957765,0.7701731853080744,0.5576202374208611,1.793601393699646,7.166130065917969,-2.1064698696136475,0.00011687435471685603,-298.782473831966,0.08111508190631866,8840309470.97491,8535599380.431756,19683873400.0
train_tune_95c45_01679_1679,CNN,0.0614793479382403,0.7712346848310607,0.5946129547233863,0.7882801294326782,2.2398178577423096,-0.36700278520584106,1.1493897545733489e-05,-293.1778759624096,0.03681694716215134,361913696.33484757,358975738.7455131,13358918216.0
train_tune_95c45_01680_1680,CNN,0.0336649905480837,0.816462777388293,0.6054934429741465,1.427870750427246,5.2957844734191895,-1.148869276046753,5.597253766609356e-05,-292.0955825819359,0.04564696550369263,1703951.3820354575,1705196.0145107787,756483288.0
train_tune_95c45_01681_1681,CNN,0.0309742938749603,0.7563934779519698,0.5959677665372937,1.5798358917236328,6.420430660247803,-1.5130550861358643,8.330572745762765e-05,-292.1838958318297,0.053401216864585876,134247946107.71945,134317098720.93883,9636574440.0
train_tune_95c45_01682_1682,CNN,0.0680509095834705,0.7993815193313722,0.628112468026751,2.6327857971191406,9.242899894714355,-4.339999198913574,0.0001999730448005721,-297.06695988338805,0.10810979455709457,4935311.507403631,4743034.2891904125,1034061808.0
train_tune_95c45_01683_1683,CNN,0.0222638330694596,0.7919921279009571,0.5422249480468482,1.0636931657791138,4.317917823791504,-0.6090127229690552,4.4225067540537566e-05,-296.9262690371945,0.02557041123509407,34988825734.12991,34861831375.96649,23441399832.0
train_tune_95c45_01684_1684,CNN,0.048029869382016,0.8335507037618664,0.6850360049082974,2.328432559967041,8.438158988952637,-3.013779640197754,0.00017412335728295147,-292.56326299284007,0.044996924698352814,4327504.135478608,4456529.944923731,3478810096.0
train_tune_95c45_01685_1685,CNN,0.0051637546862842,0.8026955276412537,0.6079299867487405,2.1103975772857666,6.342472553253174,-2.9532346725463867,8.217868889914826e-05,-290.42424633789255,0.09809406101703644,6344439.25141108,6409344.951799938,7426779040.0
train_tune_95c45_01686_1686,CNN,0.0339710796930257,0.7832420083652449,0.5863356969178186,0.6292948126792908,1.722285270690918,-0.2157473862171173,1.2557145964819938e-05,-304.86295395791353,0.011103665456175804,379937154519.7363,379270750164.28296,12332941424.0
train_tune_95c45_01687_1687,CNN,0.0313809554509702,0.7718143361594925,0.6032387008605883,0.8331710696220398,2.0548906326293945,-0.4116505980491638,4.026847454952076e-05,-299.8437170440693,0.027340620756149292,5063779958.321505,5132600564.810541,13263547936.0
train_tune_95c45_01688_1688,CNN,0.0366048439755984,0.7635668224606148,0.546586613617926,1.0518136024475098,3.9693610668182373,-0.5170353651046753,3.191723226336762e-05,-299.9846606270734,-0.006901728920638561,41771225225.37163,41578986166.90323,23214074704.0
train_tune_95c45_01689_1689,CNN,0.0353488372093023,0.8034633449233599,0.5496312281844984,1.1278735399246216,4.556615829467773,-0.6219125390052795,5.17907647008542e-05,-295.863346287774,-0.012139616534113884,54180430.38187444,52450347.14173275,1961412288.0
train_tune_95c45_01690_1690,CNN,0.0303131351626016,0.7785327948033853,0.5961389769263622,0.6048941612243652,1.7805202007293701,-0.17655643820762634,1.7028993170242757e-05,-303.39106657993665,-0.009375615045428276,70226989.40015635,70913080.56323682,5333455472.0
train_tune_95c45_01691_1691,CNN,0.0287446705550816,0.7489086480508745,0.5870995311894043,0.5570118427276611,1.81034255027771,-0.16049617528915405,1.0633994861564133e-05,-305.6301999920511,0.010103357955813408,644480139910.1211,641981233728.7961,12137979976.0
train_tune_95c45_01692_1692,CNN,0.0308540293968575,0.7621496636412928,0.5672008536016602,0.9406963586807251,4.123936653137207,-0.4671782851219177,2.447008591843769e-05,-293.71843088753593,0.00577713456004858,24611479.22289733,24648328.709709,25540051592.0
train_tune_95c45_01693_1693,CNN,0.0308919415078812,0.7383429993231152,0.6293063456619991,0.44381844997406006,1.337871789932251,-0.08970368653535843,1.736922604322899e-05,-299.1597361279448,-0.01840185560286045,26366837246.725754,25136959939.93051,4569957704.0
train_tune_95c45_01694_1694,CNN,0.0719284917708049,0.7777713347631159,0.559930132977508,1.2687878608703613,5.323985576629639,-0.8849369287490845,7.522253144998103e-05,-288.4356141325623,0.027956169098615646,2708908.475941291,2787122.4070327957,2106339712.0
train_tune_95c45_01695_1695,CNN,0.0265456295990647,0.8448597036634721,0.6761695392912881,1.284788966178894,3.532742500305176,-0.9458248019218445,3.9015878428472206e-05,-295.24637881823,0.007715982850641012,157490.0418336605,156890.60646829256,1024177160.0
train_tune_95c45_01696_1696,CNN,0.0082792522274132,0.7891529690456787,0.5491383495876841,0.5566603541374207,1.7533385753631592,-0.15058788657188416,1.3397073416854255e-05,-306.6536865055792,-0.004530704114586115,2393458401517.78,2385818780634.8564,34617862048.0
train_tune_95c45_01697_1697,CNN,0.0511944581784716,0.7903610015250808,0.5768877241961514,1.3526079654693604,3.5041918754577637,-1.160013198852539,5.337507900549099e-05,-292.4050628031557,0.03454871475696564,13873226.519174099,13852666.301014379,13571705984.0
train_tune_95c45_01698_1698,CNN,0.0576251112072611,0.7608187469357575,0.5445670766229568,0.3203308582305908,1.123841643333435,-0.050663165748119354,1.076327680493705e-05,-305.44333934979386,0.003907454665750265,32602993250.194687,33370169829.0444,13497165336.0
train_tune_95c45_01699_1699,CNN,0.0472763423978076,0.7773383197877289,0.5867316375954145,1.571300745010376,5.2859086990356445,-1.3891713619232178,8.978837286122143e-05,-289.1927586406125,0.01694815792143345,4210832.83804434,4216515.597994418,2908188016.0
train_tune_95c45_01700_1700,CNN,0.0529143759566544,0.8295520123688058,0.6534125115704145,1.644627571105957,6.919233322143555,-1.337104082107544,8.737554890103638e-05,-288.50524948298124,0.00689579825848341,125725.81953796512,125233.69416814763,1485630368.0
train_tune_95c45_01701_1701,CNN,0.0111027068841956,0.8065626672661852,0.611824782173446,1.2722642421722412,2.1141347885131836,-1.425248146057129,7.952955638756976e-05,-293.40613780314254,0.08937504887580872,4829182.403618786,4817010.66473197,10498421992.0
train_tune_95c45_01702_1702,CNN,0.045325584708137,0.6716563302575583,0.6070256040367672,1.8895124197006226,8.012201309204102,-2.179828643798828,0.00011926940351258963,-302.51037864137044,0.04811101406812668,34603213639638.344,33974722597775.37,19642292560.0
train_tune_95c45_01703_1703,CNN,0.0042884236409588,0.7505503367568047,0.5542155266055577,1.5249758958816528,4.932445526123047,-1.3534607887268066,9.831119677983224e-05,-292.4422656370675,0.06859272718429565,373221649.59728014,378382161.5159836,6964401632.0
train_tune_95c45_01704_1704,CNN,0.0319209039548022,0.688736350583007,0.5502801662401209,0.6400336623191833,1.8693170547485352,-0.23410841822624207,2.402781137789134e-05,-299.85720143158846,0.03729914128780365,63312524016.20181,63358283981.23166,5265330424.0
train_tune_95c45_01705_1705,CNN,0.0533449126894552,0.7163829219465216,0.6025889988578634,1.0027111768722534,1.9445714950561523,-0.6525737047195435,2.6433419407112524e-05,-293.08922192992736,0.010635283775627613,1231929.473471571,1233356.8445775681,713444480.0
train_tune_95c45_01706_1706,CNN,0.0035098666250682,0.787959651446908,0.6201152999510001,1.1721229553222656,4.0455193519592285,-0.6991603970527649,3.5671309888130054e-05,-305.63689718217574,-0.0012999402824789286,60922316267.429825,63096398399.37492,4943979344.0
train_tune_95c45_01707_1707,CNN,0.0570164284357415,0.781538737357365,0.6362443557768239,4.281094551086426,12.969128608703613,-11.935102462768555,0.0005165796028450131,-295.8204840189041,0.25472262501716614,6897.204936381098,6897.204936381098,34617240.0
train_tune_95c45_01708_1708,CNN,0.0308364465269423,0.7872030480661629,0.6926923677863067,1.022336721420288,3.4714815616607666,-0.5005918741226196,1.8387472664471716e-05,-324.42399567418886,-0.017774034291505814,6264516895052.119,6199365576935.949,16559229568.0
train_tune_95c45_01709_1709,CNN,0.0132515508304404,0.7602910182091491,0.6704326497451215,2.4075543880462646,11.001839637756348,-3.244542360305786,9.495698031969368e-05,-288.65989560927943,0.06559582054615021,3596.5021850733083,3596.5021850733083,60980304.0
train_tune_95c45_01710_1710,CNN,0.1114486134231597,0.8004170286567642,0.5443409156033782,1.2238240242004395,2.307431697845459,-1.1911754608154297,4.595548307406716e-05,-292.2823419655381,0.053312793374061584,3665661.649091751,3635174.9722167696,1589384696.0
train_tune_95c45_01711_1711,CNN,0.0223697878023445,0.7781495188537205,0.6354362971348074,0.2554572522640228,0.745252251625061,-0.03156215324997902,5.290124590828782e-06,-306.3276716394791,0.014129990711808205,2776111220019.7085,2758058810382.111,9874615096.0
train_tune_95c45_01712_1712,CNN,0.0467185003932026,0.7401526363599009,0.6431952848376583,1.3555610179901123,2.348773241043091,-1.5602246522903442,7.238196849357337e-05,-294.09545207579754,0.06964202225208282,11885877311.09159,11650773165.590652,21693957616.0
train_tune_95c45_01713_1713,CNN,0.0304777070063694,0.7492652894782699,0.5805044169411462,2.297621965408325,5.652417182922363,-3.8342390060424805,9.823690197663382e-05,-293.5380528989134,0.0360332652926445,6519568.098418372,6561664.804262942,4867582984.0
train_tune_95c45_01714_1714,CNN,0.0472544877655317,0.706578111515944,0.5500561464528018,0.8547873497009277,3.282850742340088,-0.3446817100048065,4.729428474092856e-05,-290.65718373491575,-0.014123045839369297,362488838.5908638,363223883.88090074,20402824488.0
train_tune_95c45_01715_1715,CNN,0.0471243379871826,0.7413906738667889,0.5925906407279525,1.7326315641403198,6.8992919921875,-1.885846495628357,0.00011007676221197471,-292.77134523833195,0.09265641123056412,3163568051.1319866,3141326798.759248,5826463432.0
train_tune_95c45_01716_1716,CNN,0.0454195386754247,0.7770193518729407,0.6324715274000132,3.122352123260498,11.160765647888184,-4.370583534240723,0.0003644383978098631,-289.746343509567,-0.023216255009174347,6699.657857515201,6699.657857515201,52097192.0
train_tune_95c45_01717_1717,CNN,0.092086709275425,0.6877349860380567,0.5348753981591565,1.6407768726348877,6.535465240478516,-1.454929232597351,0.00010299494897481054,-291.48228287089546,0.00560398492962122,1943517840.4862592,1873411033.5580084,4587971904.0
train_tune_95c45_01718_1718,CNN,0.0051637546862842,0.7559435855808445,0.533013765990144,0.6423581838607788,1.4198402166366577,-0.272621214389801,2.095128184009809e-05,-300.60055983229785,0.04417721927165985,6467341426369.096,6345426992780.361,21586958176.0
train_tune_95c45_01719_1719,CNN,0.0157774260423055,0.8039145298058556,0.5605274413041512,1.9690852165222168,7.509817123413086,-2.4400830268859863,0.00012329965829849243,-292.43348168375996,0.09834557771682739,17165908.22668101,17095948.514987744,12165691768.0
train_tune_95c45_01720_1720,CNN,0.0083868928887412,0.807640469565283,0.6705007971504424,2.9311423301696777,13.139388084411621,-4.88954496383667,0.0001232943614013493,-289.0960598500014,0.05309959873557091,7497.910103460041,7497.910103460041,156495528.0
train_tune_95c45_01721_1721,CNN,0.0398112671418154,0.6988968504348272,0.5895577106909278,0.5755207538604736,1.4310975074768066,-0.19253505766391754,1.6748397683841176e-05,-297.3050495851568,0.029312863945961,9833613413.096115,10009613794.056374,21111333896.0
train_tune_95c45_01722_1722,CNN,0.0353887648809523,0.6339763677166501,0.4654793948127423,0.3036852180957794,0.6872150301933289,-0.04798741266131401,4.401217211125186e-06,-296.5783274614846,0.015935543924570084,80737474154.87752,82938973540.39319,9993380608.0
train_tune_95c45_01723_1723,CNN,0.0352580231321847,0.8029712808170963,0.679905350861735,3.750030040740967,12.994369506835938,-9.332839965820312,0.00019730956410057843,-292.40970321193083,0.21995358169078827,7058.587029821296,7058.587029821296,67303072.0
train_tune_95c45_01724_1724,CNN,0.0303636017513801,0.7273190249618635,0.5580178436458916,0.22267696261405945,0.8754138350486755,-0.022393006831407547,4.941919087286806e-06,-319.1829804232824,-0.004432940389961004,13906528.580328403,13211308.241382387,3117928520.0
train_tune_95c45_01725_1725,CNN,0.0685488493220363,0.7870479317637564,0.5494004670145259,1.2500375509262085,4.526758670806885,-0.9593831300735474,5.534102092497051e-05,-296.9159138823279,0.05203969404101372,610746655.4089401,621578750.0296515,14816901408.0
train_tune_95c45_01726_1726,CNN,0.015079966910244,0.7413953741550203,0.587904620408094,1.0964311361312866,3.717855453491211,-0.6388681530952454,2.7095229597762227e-05,-311.2017426278657,0.022484511137008667,10354458430.583115,10168432662.00761,15045541352.0
train_tune_95c45_01727_1727,CNN,0.0530220827818703,0.7870580223695791,0.670944686879654,2.5993080139160156,11.283422470092773,-3.6898953914642334,0.00014988044858910143,-288.61792568261023,0.02733820118010044,5070.559705310175,5070.559705310175,80791616.0
train_tune_95c45_01728_1728,CNN,0.052691555280432,0.8202231425344461,0.70353415508989,1.3199318647384644,4.7130818367004395,-0.8763254284858704,6.419928831746802e-05,-287.82025294713594,-0.0014783628284931183,105474.84234112417,105518.02671683356,2399778768.0
train_tune_95c45_01729_1729,CNN,0.0251266891891891,0.7689068709638229,0.587351580390629,1.0810301303863525,3.93269419670105,-0.6117038726806641,4.414365321281366e-05,-292.3309675245679,0.02039310336112976,7082570147.575464,7033754294.771109,11871775472.0
train_tune_95c45_01730_1730,CNN,0.049093254767577,0.7544261421790683,0.6364418487133421,1.9246330261230469,7.766732692718506,-2.1367578506469727,9.897619020193815e-05,-290.6440540878025,0.04333217069506645,208696308.6514027,208459271.11479118,9531060592.0
train_tune_95c45_01731_1731,CNN,0.1201406032990094,0.6978143295124395,0.5127167000323546,0.7951648235321045,2.576045274734497,-0.3113373816013336,2.3983462597243488e-05,-294.00444972084483,-0.007666878402233124,1266956989.794051,1191395793.2946506,3405582232.0
train_tune_95c45_01732_1732,CNN,0.0178502104812391,0.7912927843120847,0.5642768000736897,0.8822287321090698,3.250387191772461,-0.37070441246032715,2.0122246496612206e-05,-293.1182557107668,-0.003857850329950452,2968506.822682325,2994605.294607072,1009381232.0
train_tune_95c45_01733_1733,CNN,0.0251266891891891,0.7094327280777507,0.6651118499536413,0.2916795015335083,1.2079910039901733,-0.04182314872741699,5.343219527276233e-06,-296.875291281242,0.0007012364221736789,2543079441776.954,2517942880865.198,15379183400.0
train_tune_95c45_01734_1734,CNN,0.0315756236185664,0.7422308740592893,0.5893165008506981,0.5943685173988342,1.0851154327392578,-0.21768008172512054,2.9545031793531962e-05,-303.67481491457386,0.01892479881644249,280702051362.8066,286755248323.8324,19842706560.0
train_tune_95c45_01735_1735,CNN,0.0051697023986584,0.770425440828956,0.6731307819595009,0.9418236017227173,1.950011968612671,-0.6386675834655762,3.020344411197584e-05,-293.974804795317,0.041377171874046326,5876793075.844364,5805657166.09403,11179606632.0
train_tune_95c45_01736_1736,CNN,0.0272988758602827,0.8205232687775993,0.6099392106365475,1.6861255168914795,6.930230617523193,-1.4300246238708496,8.780276402831078e-05,-290.7719249670073,-0.0055632395669817924,364771.9387980327,367500.37029771705,8283217512.0
train_tune_95c45_01737_1737,CNN,0.0504542138729215,0.802331182234935,0.6823745335952439,2.1201155185699463,9.853811264038086,-2.4295578002929688,9.78091120487079e-05,-289.25847882664266,0.0589514784514904,4956.251256992315,4956.251256992315,153851432.0
train_tune_95c45_01738_1738,CNN,0.0815115519792182,0.802076415097952,0.6955831173121376,1.8237051963806152,7.523319244384766,-1.633086919784546,7.827709487173706e-05,-290.1659777047273,-0.003515817690640688,5015.209229013639,5015.209229013639,155445768.0
train_tune_95c45_01739_1739,CNN,0.0155092072605016,0.724181248513962,0.5023144643100111,0.5725493431091309,1.9668217897415161,-0.15354159474372864,1.4545616068062373e-05,-305.04698175396754,-0.008589008823037148,1670123641207.0312,1695125748987.5596,29129471320.0
train_tune_95c45_01740_1740,CNN,0.0201107257650561,0.7558608763524604,0.6251095809713234,1.1538200378417969,4.488558292388916,-0.7829559445381165,6.357542588375509e-05,-299.1036160703164,0.0667216032743454,32013719059.219093,33205183885.251198,26010332000.0
train_tune_95c45_01741_1741,CNN,0.1160321267308369,0.8027966812292064,0.6776826712688082,2.9360690116882324,12.349634170532227,-4.509700775146484,0.00019667897140607238,-290.3236410825494,0.03636400029063225,8563.09275078485,8563.09275078485,159592480.0
train_tune_95c45_01742_1742,CNN,0.0051648507145889,0.7831462816796387,0.7464913357788052,1.1481969356536865,4.40032958984375,-0.6413756608963013,4.457509203348309e-05,-298.294556278462,-0.005845526233315468,531253558458.3483,520764393561.1127,25009635144.0
train_tune_95c45_01743_1743,CNN,0.0646098267307161,0.7875785663529893,0.5862218010079446,1.2458891868591309,4.799867153167725,-0.550569474697113,5.640578820020892e-05,-295.69468196307275,-0.05276219919323921,10401554.099063447,10526083.94724725,6555231560.0
train_tune_95c45_01744_1744,CNN,0.0591879598896789,0.7296524380691649,0.5086086827432987,1.884169578552246,6.985456466674805,-1.797048807144165,0.00011947070015594363,-294.21120673908337,0.007158397696912289,19748963374.480793,19624987728.054466,17125018856.0
train_tune_95c45_01745_1745,CNN,0.032156833048614,0.7890051255279784,0.6709088823043924,1.919283151626587,7.543235778808594,-2.0107243061065674,0.00011105222074547783,-293.5240643316643,0.07520824670791626,88329.2560540848,88147.953610041,521307752.0
train_tune_95c45_01746_1746,CNN,0.0051637546862842,0.758289990601662,0.6417033242625344,1.2517130374908447,4.38850212097168,-0.8448241949081421,4.9865579057950526e-05,-298.8843054700109,0.027090298011898994,5464113745358.94,5653202596386.932,15023775224.0
train_tune_95c45_01747_1747,CNN,0.0255328039651838,0.7120393096224624,0.5102387190739426,1.3130080699920654,5.230730056762695,-0.6712326407432556,8.07867108960636e-05,-296.34819703653596,-0.05100439861416817,35450391600.22684,36180083916.48808,22978231232.0
train_tune_95c45_01748_1748,CNN,0.0079561156587324,0.7839045916045116,0.7034566565774761,0.28910043835639954,1.1001267433166504,-0.03894951194524765,3.7886807149334345e-06,-295.2526463170202,-0.005175306927412748,372455104.05014694,348237405.86686516,8125870328.0
train_tune_95c45_01749_1749,CNN,0.1131208307968583,0.8131536066020979,0.650269437865933,1.4409557580947876,5.762104511260986,-1.1059703826904297,5.023985431762412e-05,-288.9124345847837,0.010690893977880478,179230.4899624983,178934.80708742555,6023679376.0
train_tune_95c45_01750_1750,CNN,0.0308919415078812,0.7809595952099209,0.6554568348300314,0.5175818204879761,1.6667381525039673,-0.14124593138694763,1.703941961750388e-05,-350.3550710248079,0.01793111488223076,317374198388.7739,316728884222.86005,20099994992.0
train_tune_95c45_01751_1751,CNN,0.0315556958030924,0.663801031893378,0.5729168235954188,0.9457646012306213,3.6081531047821045,-0.3706863820552826,4.2610379750840366e-05,-314.0568946720323,-0.02932429313659668,52430004782048.484,53761882498354.766,20099191944.0
train_tune_95c45_01752_1752,CNN,0.0302938936143201,0.7336096624734223,0.742180400622231,0.29119741916656494,1.0847907066345215,-0.040430113673210144,5.46705905435374e-06,-315.0593613894789,0.0032997014932334423,13052350415.80293,12814357427.312895,13147814048.0
train_tune_95c45_01753_1753,CNN,0.0390770793139164,0.8077386922826288,0.616655459683439,1.4905140399932861,5.359228134155273,-1.003004550933838,8.713022543815896e-05,-292.972233050357,-0.002705669030547142,270640358.2726836,272421930.89941096,11354041648.0
train_tune_95c45_01754_1754,CNN,0.0337050445260682,0.79130699659834,0.5521936470590199,0.6809637546539307,2.1547369956970215,-0.22436916828155518,1.624843935132958e-05,-295.1389450173793,-0.0003005368635058403,601359280.389235,603744326.1804072,22037073320.0
train_tune_95c45_01755_1755,CNN,0.046197623130748,0.7452892982042292,0.5874758550108647,0.8395934104919434,3.138353109359741,-0.347724974155426,2.4492510419804603e-05,-294.8785158570241,-0.010835736058652401,4514899414.913828,4508466530.727232,8114488056.0
train_tune_95c45_01756_1756,CNN,0.0795734149780725,0.7889496885279069,0.5538807520551801,1.0860023498535156,3.040574550628662,-0.8009434938430786,5.301285636960529e-05,-298.14212304426076,0.08939215540885925,12518086664.89753,12611184192.219246,16055335384.0
train_tune_95c45_01757_1757,CNN,0.0672480935657089,0.8039282041544167,0.6184345451231437,2.124788761138916,8.528425216674805,-2.3471436500549316,0.00010631617624312639,-291.12515067162997,0.015478001907467842,527493.8630069807,526354.8156002834,7501667304.0
train_tune_95c45_01758_1758,CNN,0.0947250679955149,0.7811660371639451,0.5871395523019048,2.7231955528259277,4.282717704772949,-7.60781717300415,0.0006278991932049394,-296.77524810380055,0.3427169919013977,262641039.14905307,258630096.80358592,16840537072.0
train_tune_95c45_01759_1759,CNN,0.0268933110180835,0.809408824297387,0.6856231542828728,3.0931103229522705,11.094307899475098,-5.233595848083496,0.00018531826208345592,-290.38928747578746,0.05820764601230621,6664.820942613472,6664.820942613472,65765208.0
train_tune_95c45_01760_1760,CNN,0.0637291771196702,0.7785314065970055,0.6826965135694093,1.8025445938110352,7.4925923347473145,-1.7219533920288086,7.783950422890484e-05,-288.5460678995978,0.029444580897688866,2898.1291524025282,2898.1291524025282,59522328.0
train_tune_95c45_01761_1761,CNN,0.0218264124685849,0.7952141173025971,0.6280894526664098,1.3034459352493286,5.513479232788086,-0.807576596736908,4.905331297777593e-05,-290.7734004262275,-0.008835593238472939,266630.22722601844,265866.33839628333,10089723016.0
train_tune_95c45_01762_1762,CNN,0.0051637546862842,0.6913964474920492,0.5443514930393245,0.12915414571762085,0.48956790566444397,-0.007201219908893108,2.22520247916691e-06,-304.98239297038856,0.003922239411622286,110051394498.62659,122752266894.64703,5744111592.0
train_tune_95c45_01763_1763,CNN,0.0446947011893915,0.818838233715661,0.6783682233585684,2.417013168334961,10.826454162597656,-3.216641902923584,0.0001572338951518759,-289.3149918512013,0.04918269068002701,7232.112169911428,7232.112169911428,236500320.0
train_tune_95c45_01764_1764,CNN,0.0988988810425216,0.7967586724257636,0.667397992986563,3.1617555618286133,10.533133506774902,-4.820682525634766,0.0004193360509816557,-293.61056521888736,-0.02024606615304947,6570.3041639795465,6570.3041639795465,48904568.0
train_tune_95c45_01765_1765,CNN,0.0429910729672905,0.7786000261180968,0.6320476765941621,1.0540300607681274,4.412104606628418,-0.5293763875961304,4.951702067046426e-05,-306.92182884225,-0.012745846062898636,239683540696.76202,237821608331.4342,9373215128.0
train_tune_95c45_01766_1766,CNN,0.0778447526884921,0.8033153634447416,0.6680710593470869,2.262251138687134,9.66123104095459,-2.5226330757141113,9.80468321358785e-05,-289.5734445646326,-0.02562669664621353,4859.181995549924,4859.181995549924,93283432.0
train_tune_95c45_01767_1767,CNN,0.1449204295452304,0.8036614640457697,0.6515416948854207,2.7741565704345703,8.643041610717773,-3.901357650756836,0.00030789902666583657,-292.6102467636103,0.005795720964670181,3649.6905189526137,3649.6905189526137,17527896.0
train_tune_95c45_01768_1768,CNN,0.0308919415078812,0.6811020326035848,0.6892719213985412,0.16177721321582794,0.4479783773422241,-0.010392763651907444,3.228114110243041e-06,-300.2973274683259,0.00457228347659111,4654215289.639645,5163473475.088249,4081182712.0
train_tune_95c45_01769_1769,CNN,0.0101105801583306,0.7240298929292553,0.5650699381158008,1.0698821544647217,3.998868703842163,-0.587583065032959,4.017408355139196e-05,-292.7713667436499,0.00622889120131731,6822278955.308157,6621191252.511873,9889240608.0
train_tune_95c45_01770_1770,CNN,0.0086341716085582,0.7850706839154746,0.5785170433636865,1.5088984966278076,5.346192359924316,-0.9914982914924622,7.991171150933951e-05,-290.59234164631357,-0.036946918815374374,1905979.5559224808,1890959.5485697337,815484712.0
train_tune_95c45_01771_1771,CNN,0.1361329628951564,0.8128032099937704,0.584341175233343,1.8816782236099243,7.300209999084473,-1.6098401546478271,0.00010419147292850539,-309.48682843828857,-0.0398453027009964,55589.93201430576,54179.79888599191,248138216.0
train_tune_95c45_01772_1772,CNN,0.021745581640728,0.7163151437592388,0.5719007832949277,1.9035024642944336,7.30697774887085,-1.98307204246521,0.00012927348143421113,-327.6975128795083,0.03739573061466217,4827579218780.412,4874908851033.009,15409955256.0
train_tune_95c45_01773_1773,CNN,0.0191418693440655,0.8212473373312725,0.6995978980149097,3.0255637168884277,13.03354549407959,-5.767879486083984,0.00021630720584653318,-289.57885212158016,0.07262865453958511,8996.017899881299,8996.017899881299,179193096.0
train_tune_95c45_01774_1774,CNN,0.0048507746861239,0.7355591059591291,0.6173916837795425,0.7539126873016357,2.7838385105133057,-0.28435617685317993,2.1406844098237343e-05,-298.4217953321882,0.007243515457957983,365936987388.0581,372657352500.34595,14097672848.0
train_tune_95c45_01775_1775,CNN,0.1267204391954635,0.820027750713124,0.671816584803804,1.9748055934906006,6.696112155914307,-1.871290922164917,8.370538125745952e-05,-290.94453699219366,-0.007294407580047846,176445.52601132973,178578.21247484325,1136365928.0
train_tune_95c45_01776_1776,CNN,0.005188007855381,0.8336594986405736,0.6489190724441443,1.548850655555725,6.038998603820801,-1.3742189407348633,5.2363167924340814e-05,-289.2700227584848,0.05713595449924469,195579.35718086036,196553.92848946585,2812235064.0
train_tune_95c45_01777_1777,CNN,0.1009706193530658,0.7924704452432823,0.6461770327460019,3.4576616287231445,11.463382720947266,-5.647974014282227,0.00024470791686326265,-291.61618369967266,0.0684601366519928,4978.439857439714,4978.439857439714,24340912.0
train_tune_95c45_01778_1778,CNN,0.0049602552594795,0.7454453241860638,0.5409540668665789,0.6607593894004822,2.594285249710083,-0.23206230998039246,2.453853448969312e-05,-300.69509384907724,0.024319389835000038,226184456903.76797,231200376077.42984,11407040976.0
train_tune_95c45_01779_1779,CNN,0.1279510072071345,0.7135591405290163,0.6728051070964285,0.2266588807106018,0.8217882513999939,-0.022869784384965897,6.329506959446007e-06,-301.95626145719064,-0.007462508510798216,398916970885.12897,398702750078.8036,30886600472.0
train_tune_95c45_01780_1780,CNN,0.0251266891891891,0.8277910402748563,0.6160287225731016,2.129570960998535,8.376154899597168,-2.9322550296783447,0.00030651764245703816,-290.99861121628464,0.17046335339546204,264930.8630943692,264174.0010026939,2482480896.0
train_tune_95c45_01781_1781,CNN,0.1603131586983646,0.7738454185860606,0.6762895376740814,3.402881383895874,12.305927276611328,-6.752542495727539,0.00015723361866548657,-291.25199073722206,0.06361507624387741,5579.665861035467,5579.665861035467,47251752.0
train_tune_95c45_01782_1782,CNN,0.0097985465370239,0.7869114772661168,0.5507414052772223,2.6366329193115234,6.145069122314453,-4.684633731842041,9.065085760084912e-05,-317.4370878329405,0.08036153018474579,1039861.2607873785,1072491.0735847251,288276200.0
train_tune_95c45_01783_1783,CNN,0.1893420094727003,0.7642758358350618,0.6151965961173771,1.0077035427093506,3.7407984733581543,-0.5352726578712463,2.6506762878852896e-05,-291.1508894799325,0.018909979611635208,306813443.8224025,311280865.6229086,14174819920.0
train_tune_95c45_01784_1784,CNN,0.0958616182656647,0.7531329146999854,0.6044391585562503,1.7541985511779785,6.381422519683838,-1.9074358940124512,0.00017324640066362917,-291.7521639536722,0.07996641099452972,9369540.000918087,9341785.836098906,7470852504.0
train_tune_95c45_01785_1785,CNN,0.030840352099297,0.8173746619554022,0.5497025522579257,1.737735629081726,6.130023956298828,-1.654806137084961,0.00012293591862544417,-308.529847867546,0.05004126951098442,2118040.155675755,2098771.4312541364,2976191960.0
train_tune_95c45_01786_1786,CNN,0.0308364465269423,0.7365694887835432,0.5465319932145678,1.905622124671936,7.873103141784668,-2.0558087825775146,0.00010635428770910949,-297.9610743998253,0.03568918630480766,199901024.66436458,196353260.14656046,7277182280.0
train_tune_95c45_01787_1787,CNN,0.0187520884637296,0.782312020736943,0.7569320176413882,0.6687601804733276,2.7298755645751953,-0.24971920251846313,2.0334004148025997e-05,-301.91549481489017,0.03270309418439865,1239833036888.0842,1299024716622.9954,11156309192.0
train_tune_95c45_01788_1788,CNN,0.0051637546862842,0.8002794449814488,0.5893279047760998,0.3491061329841614,1.2393977642059326,-0.059798844158649445,4.426920895639341e-06,-297.31280985460785,0.009338419884443283,440668389.2750776,445875250.77066004,1109764608.0
train_tune_95c45_01789_1789,CNN,0.0315696426316454,0.7146588209228969,0.5894776924301182,1.7429182529449463,6.000575542449951,-1.4056148529052734,9.924906044034287e-05,-309.9385447727947,-0.013532660901546478,85159755317584.62,89717820615215.53,22600923192.0
train_tune_95c45_01790_1790,CNN,0.0540251626369618,0.733005857199602,0.5760998718496937,0.9597101211547852,1.8025965690612793,-0.6922693848609924,2.635474447743036e-05,-293.64007108616835,0.04133602976799011,5495834671.351547,5472512180.887014,17696716616.0
train_tune_95c45_01791_1791,CNN,0.0558783792066162,0.8094419552366993,0.55412841775314,1.6371240615844727,5.404970169067383,-1.7410709857940674,4.7509995056316257e-05,-296.79122519592806,0.06651118397712708,514063704.4961092,513275372.6742315,7185069000.0
train_tune_95c45_01792_1792,CNN,0.0435591537406621,0.7986888504658057,0.5944731428225509,1.8873471021652222,4.631043434143066,-2.289525032043457,6.14547825534828e-05,-295.54277536798924,0.03384576737880707,1326140.4650574715,1329029.181517969,226247368.0
train_tune_95c45_01793_1793,CNN,0.0051637546862842,0.7121103232642518,0.5907346090563805,1.618774175643921,2.0748677253723145,-2.8706307411193848,0.00013963635137770325,-290.72109456026584,0.1338895857334137,602680.7918176302,607153.8751315759,1389682696.0
train_tune_95c45_01794_1794,CNN,0.0238468881399208,0.7947165028100964,0.6725378615371024,1.9810278415679932,9.13559627532959,-2.2709813117980957,0.0001672092912485823,-288.593977509258,0.1112602949142456,3777.0820977471403,3777.0820977471403,121669712.0
train_tune_95c45_01795_1795,CNN,0.1007205739088675,0.769435129262775,0.5939641315142401,1.9993987083435059,8.193702697753906,-1.7784898281097412,0.00012865307508036494,-290.1754348424304,-0.01615263521671295,192982640.34699166,193877819.93294907,13024952216.0
train_tune_95c45_01796_1796,CNN,0.0399655155260143,0.7803865957247029,0.5930191132242743,1.411268711090088,5.724989891052246,-1.124319314956665,9.535504068480805e-05,-293.9438736685605,0.03852025046944618,435098788.7113631,437675400.6662094,14371703328.0
train_tune_95c45_01797_1797,CNN,0.065424431115972,0.8194636285479733,0.6204411099994492,2.193467617034912,8.81299877166748,-2.7690906524658203,0.000162809737958014,-289.4261159809439,0.02338094264268875,224008.48202601777,222495.9178350806,3160324224.0
train_tune_95c45_01798_1798,CNN,0.0408783762291517,0.7906992582116066,0.592852507928054,1.6288989782333374,6.265851020812988,-1.3549575805664062,6.719455996062607e-05,-291.1068403770564,0.016043057665228844,14256823.822984377,13878937.67483681,13933068160.0
train_tune_95c45_01799_1799,CNN,0.0365801187832589,0.7534837750660892,0.5847952577321478,0.6649328470230103,2.63565993309021,-0.2405242919921875,1.6526364561286755e-05,-293.4810330200639,0.028979849070310593,845372.5773733605,844775.6163090977,365124608.0
train_tune_95c45_01800_1800,CNN,0.0303636017513801,0.6097976304709525,0.4134412581150568,0.35522007942199707,1.1293429136276245,-0.05951031297445297,8.783254088484682e-06,-309.7023663503261,-0.012292865663766861,7659277029378.609,7942004506067.025,17536627312.0
train_tune_95c45_01801_1801,CNN,0.0315556958030924,0.69153761845461,0.5035145077241427,0.5092920660972595,1.277517557144165,-0.14080287516117096,1.25763126561651e-05,-297.0379291025274,0.008501396514475346,5859604612543.297,5849202030993.428,13149613128.0
train_tune_95c45_01802_1802,CNN,0.0303809523809523,0.7880119027890322,0.612809427951301,1.1579720973968506,4.733554363250732,-0.6808378100395203,4.699191413237713e-05,-290.151231763534,-0.01171637699007988,6045700.620932307,6078098.318684118,4185899424.0
train_tune_95c45_01803_1803,CNN,0.0400276196853029,0.790165021448315,0.6203312403487149,1.3429551124572754,3.4710516929626465,-1.1828668117523193,7.12121109245345e-05,-289.5994157836289,0.06657116115093231,105650428.87214616,105240496.79946135,6931954688.0
train_tune_95c45_01804_1804,CNN,0.0326148811205485,0.8079157947189988,0.6221582841713168,1.4693645238876343,6.577079772949219,-1.1329407691955566,5.907515514991246e-05,-290.8857155424158,0.004905753303319216,347591.2887957314,343741.50002134714,15138285424.0
train_tune_95c45_01805_1805,CNN,0.0052699971123303,0.6885795742728882,0.5356680324837453,0.7071360945701599,2.4238479137420654,-0.267706036567688,1.4200844816514291e-05,-302.05274791465797,0.02364521101117134,219896365423411.25,217525854002422.56,66693922640.0
train_tune_95c45_01806_1806,CNN,0.0308919415078812,0.7143599762293922,0.5445656940226002,0.9066076278686523,3.2575697898864746,-0.3930453658103943,5.184228939469904e-05,-295.6698161292927,-0.003323520766571164,9641410191.709726,9827567777.901451,15888491336.0
train_tune_95c45_01807_1807,CNN,0.0735766917000812,0.7356501890832722,0.572802926393849,0.9426078796386719,3.8161771297454834,-0.4465218186378479,3.489260416245088e-05,-293.40506573503944,-0.0037924288772046566,548508911.6851313,540673358.9200058,30900893168.0
train_tune_95c45_01808_1808,CNN,0.0308423052564914,0.6948073379204316,0.502230253892812,0.5142595171928406,1.648317813873291,-0.12474384158849716,9.80782806436764e-06,-298.0198097294307,-0.004549579694867134,134151569.97459969,137162500.10878825,5298387360.0
train_tune_95c45_01809_1809,CNN,0.0252563299389995,0.8387778084115535,0.679024601695019,2.7355642318725586,10.312819480895996,-5.103163719177246,0.0003776312223635614,-289.482329716325,0.12448455393314362,240975.99932657668,239221.8215162358,5069747232.0
train_tune_95c45_01810_1810,CNN,0.0051667801942291,0.8348344759842427,0.6118760211800667,2.00262188911438,5.710506439208984,-2.57647442817688,9.418286208529025e-05,-290.35952224468906,0.07139250636100769,174343.92062718156,172795.71145980293,1243975240.0
train_tune_95c45_01811_1811,CNN,0.0315556958030924,0.704130383406,0.5845091861853862,0.5922943353652954,2.379455089569092,-0.18630251288414001,1.490194790676469e-05,-294.3315126405773,0.010859042406082153,9391936876.38157,9526220662.033573,13660342896.0
train_tune_95c45_01812_1812,CNN,0.050796215368066,0.7664096461629086,0.6298328861274325,1.0016721487045288,3.9863173961639404,-0.48299458622932434,3.792239658650942e-05,-300.6812438280519,-0.005286526400595903,49242452666.924805,49006565717.60414,22014681432.0
train_tune_95c45_01813_1813,CNN,0.0780891987011601,0.7657971749127921,0.580848361866047,1.6189398765563965,6.6292314529418945,-1.3442442417144775,0.00013650025357492268,-296.31696122794153,0.0161485243588686,95894606.20528942,101213564.3270239,6182183376.0
train_tune_95c45_01814_1814,CNN,0.0954334297933365,0.7188597429470536,0.5912443477590368,1.562544822692871,6.239861011505127,-1.2855933904647827,9.874269744614139e-05,-291.1043505980995,0.011952821165323257,158801151.1384237,155919089.97883284,4732608584.0
train_tune_95c45_01815_1815,CNN,0.0412447173658687,0.7925651820977275,0.6714052450801384,1.4032704830169678,5.724915981292725,-1.1108920574188232,6.590955308638513e-05,-287.96762432575,0.04878077656030655,86398.321053694,86628.95319100915,1877821320.0
train_tune_95c45_01816_1816,CNN,0.0272037633809647,0.6589654236414585,0.5684097515976028,0.6861165761947632,1.2831151485443115,-0.29535621404647827,9.645700629334897e-06,-293.19955292376176,0.009511852636933327,3258590284.677311,3203061430.344418,8232345952.0
train_tune_95c45_01817_1817,CNN,0.0315816722754336,0.6895257096412221,0.531410899191159,1.1504228115081787,3.8764686584472656,-0.7510648369789124,4.711535439128056e-05,-304.43554285364064,0.04304708540439606,12737420561270.111,12334307608411.242,13795944040.0
train_tune_95c45_01818_1818,CNN,0.0303655286203832,0.7676897101221601,0.579192591803376,0.5137721300125122,1.4456030130386353,-0.13667388260364532,2.0666328055085614e-05,-296.5401811755273,-0.004163810983300209,24006439.29896409,23907974.146454267,1309364480.0
train_tune_95c45_01819_1819,CNN,0.0678251088016092,0.7833366594040405,0.6455164923722777,2.026766538619995,7.5977888107299805,-2.140174150466919,8.370851719519123e-05,-288.40856058247596,0.005632105283439159,109858.57287855586,109588.10367448382,549372552.0
train_tune_95c45_01820_1820,CNN,0.0366616629086421,0.7048091030342281,0.5272095912356569,0.488452285528183,1.9928423166275024,-0.10687071084976196,2.1620304323732853e-05,-295.90321901352485,-0.027613405138254166,2582705109.9037566,2584982526.4418063,18407764856.0
train_tune_95c45_01821_1821,CNN,0.0507979005953398,0.7392420604391026,0.5687339464045602,1.2503794431686401,2.0540995597839355,-0.9283268451690674,0.00010029150143964216,-290.59186227015766,-0.04069646820425987,19498544.573540702,19218144.859481215,1187202240.0
train_tune_95c45_01822_1822,CNN,0.0358195860647187,0.7717605921966912,0.5729915560961247,1.263042688369751,4.549445629119873,-0.694886326789856,8.054629870457575e-05,-291.3771189693623,-0.038592711091041565,230675788.73401454,233485582.5890882,6910969704.0
train_tune_95c45_01823_1823,CNN,0.0321775107201262,0.716800763349213,0.515693372630708,0.7104661464691162,2.974860429763794,-0.2527886629104614,2.884416790038813e-05,-295.5691220859428,0.006897925399243832,682656782.7727927,691271428.3856418,17300545920.0
train_tune_95c45_01824_1824,CNN,0.0353887648809523,0.7535623288452424,0.6288905991306001,0.7441948652267456,2.7330610752105713,-0.22946083545684814,4.1199215047527105e-05,-298.7260309379982,-0.033732689917087555,34055525772940.344,34316956421699.797,27661076608.0
train_tune_95c45_01825_1825,CNN,0.0374236436417303,0.734138653263172,0.5767733869329293,1.2348988056182861,4.855944633483887,-0.6300312280654907,7.863354403525591e-05,-293.56076403451937,-0.03183438628911972,143840433.3224597,142063941.04662365,7965138976.0
train_tune_95c45_01826_1826,CNN,0.1539940816953716,0.806474294168617,0.6120397397791699,1.7240254878997803,7.374434471130371,-1.5348984003067017,7.03008845448494e-05,-287.40746040667386,0.004294809885323048,137377.34732730722,136796.31112348195,2099325728.0
train_tune_95c45_01827_1827,CNN,0.0050869446720023,0.803489994236475,0.6173860968973546,1.9746308326721191,7.843781471252441,-2.34895658493042,0.00011188664939254522,-290.01628352261616,0.07609337568283081,319578.00961193885,321856.79299396183,9340601752.0
train_tune_95c45_01828_1828,CNN,0.0426781444876774,0.7050596685245079,0.529560425296559,0.5821351408958435,2.3202292919158936,-0.16072089970111847,1.5236493709380738e-05,-291.92981444334714,-0.017032820731401443,162632023.38910156,159464488.2992557,11674445032.0
train_tune_95c45_01829_1829,CNN,0.0051637546862842,0.80220618841365,0.5918756001898989,2.4763991832733154,9.406518936157227,-4.030529975891113,0.00015255462494678795,-291.4739140476952,0.11887869238853455,16917805.528383728,17031505.631347664,12129080536.0
train_tune_95c45_01830_1830,CNN,0.032879143091999,0.7260778032718538,0.5447159999278981,0.6658401489257812,2.548128843307495,-0.20046651363372803,1.875877751444932e-05,-296.6301119519405,-0.022247573360800743,15898846264.191517,16274608051.378244,19397113272.0
train_tune_95c45_01831_1831,CNN,0.032363170325444,0.7880283963985167,0.6908715749469903,1.8464460372924805,7.934281349182129,-1.6699368953704834,8.849353616824374e-05,-288.2346906717161,-0.006164704915136099,3775.424710244689,3775.424710244689,96364224.0
train_tune_95c45_01832_1832,CNN,0.0308919415078812,0.7940352656472751,0.6378647908286839,1.0325052738189697,4.099930286407471,-0.44233036041259766,5.14607090735808e-05,-292.3936255179483,-0.03341827541589737,309503885.8454926,309251557.74345386,17706044816.0
train_tune_95c45_01833_1833,CNN,0.0461032023070662,0.7143459937010552,0.573464559873152,0.4625774919986725,1.556065559387207,-0.09517242014408112,1.7705930076772347e-05,-301.49721349415535,-0.013831745833158493,1356214165314.2864,1360390278011.8765,34361580152.0
train_tune_95c45_01834_1834,CNN,0.0513142849675269,0.7759501061945936,0.6894843986588457,1.3325777053833008,4.018657207489014,-0.9213572144508362,5.296801828080788e-05,-297.56550375512563,0.009230748750269413,80596308007.99458,78469892708.86664,11137497968.0
train_tune_95c45_01835_1835,CNN,0.0311198012301781,0.8192170232778221,0.6537075225248566,1.8479313850402832,3.013810873031616,-3.0676281452178955,0.00012898117711301893,-298.5923172270648,0.09254726767539978,2139324154.6021454,2083986234.7901921,3661238952.0
train_tune_95c45_01836_1836,CNN,0.0446862020047736,0.7095064063003831,0.5076214866776669,1.1667340993881226,4.478172302246094,-0.5655040740966797,4.371433169580996e-05,-292.3905035290602,-0.0376514196395874,7726709558.173662,7404992815.424014,11828272792.0
train_tune_95c45_01837_1837,CNN,0.005165581658647,0.7607182711813151,0.5834808888247099,0.7821258902549744,2.936974048614502,-0.3235481083393097,1.848343526944518e-05,-302.5395474962329,0.014981551095843315,35770105818687.78,34470581549215.89,20984965552.0
train_tune_95c45_01838_1838,CNN,0.0130122528881735,0.7260872827713436,0.5575203516952596,0.5518029928207397,1.9698214530944824,-0.15215477347373962,1.111338224291103e-05,-303.8169706803741,0.006802731193602085,935163903499.77,940383478673.718,21762257840.0
train_tune_95c45_01839_1839,CNN,0.0521868667788941,0.788580450576206,0.5753338536714142,1.5690882205963135,6.285922527313232,-1.3826510906219482,6.999107426963747e-05,-293.67881681032094,0.04794605076313019,5820055.144362335,5868677.4117861595,3118333392.0
train_tune_95c45_01840_1840,CNN,0.0303208386277001,0.7053667690674608,0.5797146864661844,0.7386386394500732,2.0360660552978516,-0.29735907912254333,1.5123194316402078e-05,-295.7129966710776,0.015172739513218403,247577045.27352196,247002911.5384045,7031931280.0
train_tune_95c45_01841_1841,CNN,0.190632428826375,0.7911483484169819,0.6785394365670336,0.756263017654419,2.919734001159668,-0.2709072530269623,4.260040805093013e-05,-306.8200934395704,-0.003838030155748129,4175583124305.76,4226573922626.0557,11127355712.0
train_tune_95c45_01842_1842,CNN,0.0294062107710905,0.7944299455903606,0.5822575228571512,1.3508284091949463,5.4766926765441895,-0.9360009431838989,9.170880366582423e-05,-291.2766931819672,0.023965518921613693,18877162.436374553,18922996.061261132,21420105376.0
train_tune_95c45_01843_1843,CNN,0.0388217102313121,0.7711481543656504,0.5444473642767393,1.192681074142456,4.536458492279053,-0.7605583071708679,5.146263720234856e-05,-294.56166379008647,0.02062152326107025,415907576.6628504,420865630.381323,8699763616.0
train_tune_95c45_01844_1844,CNN,0.0367122909472152,0.7958077623026298,0.6816442443286904,1.7891799211502075,8.21180534362793,-1.7997835874557495,7.6550233643502e-05,-288.0125953803127,0.06306919455528259,3770.5826705172167,3770.5826705172167,139315112.0
train_tune_95c45_01845_1845,CNN,0.08962171255744,0.801011091164664,0.6014862494958126,1.938400387763977,7.70133113861084,-1.65568208694458,9.796178346732631e-05,-293.2697717415685,-0.03529801219701767,14894435.539863095,15094167.795523165,12888884872.0
train_tune_95c45_01846_1846,CNN,0.0146440111117117,0.7479483332936598,0.6218571885626178,1.5438711643218994,4.837736129760742,-1.4627559185028076,0.00011317518510622904,-290.7776560494692,0.09557449817657471,213386995.8047136,213505705.96531507,6148850512.0
train_tune_95c45_01847_1847,CNN,0.0227380184826993,0.7834974319389569,0.5509247725639355,1.1032357215881348,4.254857063293457,-0.5664430260658264,4.368722875369713e-05,-292.6203080075472,-0.01501627080142498,140414454.4409103,137727888.2579767,6206655464.0
train_tune_95c45_01848_1848,CNN,0.0434705069832107,0.7954260767704489,0.6662848567914406,2.2731032371520996,9.761468887329102,-2.5899295806884766,9.045720798894763e-05,-290.12437897091314,0.002679603872820735,5796.091375645763,5796.091375645763,128149576.0
train_tune_95c45_01849_1849,CNN,0.0466778997667869,0.7672495930279655,0.6229619049430073,1.8995320796966553,5.402005195617676,-2.1577792167663574,0.00013759327703155577,-305.84280788519175,0.0522506944835186,60624874.27746867,58928581.7230918,1879562592.0
train_tune_95c45_01850_1850,CNN,0.0617602383424493,0.7990056711581819,0.6357788641072584,2.246046781539917,9.043487548828125,-2.4030048847198486,0.0002569310017861426,-289.9799664242618,-0.02359948679804802,148373.0111292916,147397.3485908202,1214869752.0
train_tune_95c45_01851_1851,CNN,0.0173674154000449,0.7436437353017302,0.6106405150404115,1.566511631011963,5.390992164611816,-1.2718452215194702,0.00011004862608388066,-288.81811871922025,0.01907072216272354,1706963.4243109585,1706271.8993658712,1083619944.0
train_tune_95c45_01852_1852,CNN,0.121321750146338,0.8455837884799315,0.6705060476728675,1.530111312866211,4.220227241516113,-0.9655934572219849,0.0001783141924533993,-289.605549631479,-0.08285365998744965,177539.0642577781,177958.5381521192,1833337368.0
train_tune_95c45_01853_1853,CNN,0.0308919415078812,0.7540924476201118,0.6254102671377993,0.9113766551017761,3.4264309406280518,-0.3986281454563141,4.2280706111341715e-05,-294.40150107768204,-0.017347615212202072,9490870139.930704,9564038263.110338,13672765560.0
train_tune_95c45_01854_1854,CNN,0.0251266891891891,0.678547635862756,0.5828464508266314,0.5901875495910645,1.7121198177337646,-0.18421217799186707,1.1452615581220016e-05,-299.38654874247226,0.005934910848736763,76591251240.15445,72636144423.13036,4669801896.0
train_tune_95c45_01855_1855,CNN,0.0461990998220948,0.7596230367431495,0.6964972662181135,2.0740721225738525,8.67367172241211,-2.476207733154297,8.499203977407888e-05,-405.0020039572595,0.0735369548201561,47767.275398426704,48110.73053258307,77399480.0
train_tune_95c45_01856_1856,CNN,0.0134947050869218,0.7201710363418227,0.5715718742396767,0.6689146757125854,2.3005928993225098,-0.21556857228279114,1.428793439117726e-05,-295.76422276440496,-0.005151846911758184,28913636195.586864,28785425140.8216,21521211160.0
train_tune_95c45_01857_1857,CNN,0.0922847141151128,0.7954085289661333,0.7156293196241466,2.5532634258270264,8.569331169128418,-1.6279678344726562,0.0003069120575673878,-294.7289619295244,-0.12590983510017395,6433.148778879169,6433.148778879169,49662216.0
train_tune_95c45_01858_1858,CNN,0.0304325897277739,0.7285339145430189,0.5532543181801545,1.06071937084198,4.305357933044434,-0.5208303928375244,4.0846822230378166e-05,-292.94767655219357,-0.017070703208446503,391575959.92601764,392842736.4889959,15129748336.0
train_tune_95c45_01859_1859,CNN,0.0121845399940772,0.724870539583353,0.5872697107952042,0.7322109937667847,2.0842220783233643,-0.28915584087371826,1.2579481335706078e-05,-300.7496013500396,0.005851440597325563,1646832205384.4446,1609006348690.3933,6315195136.0
train_tune_95c45_01860_1860,CNN,0.0827436144307638,0.8048302188464143,0.6767496482909278,2.328644275665283,9.723440170288086,-2.6890454292297363,0.00010024024231825024,-289.90521048258836,0.018869828432798386,5800.213822686035,5800.213822686035,111288936.0
train_tune_95c45_01861_1861,CNN,0.0357678183317095,0.732278394272651,0.6024620631196611,1.1649117469787598,4.211582660675049,-0.7951908111572266,8.201760647352785e-05,-300.13912486715697,0.07041540741920471,131889179470.874,131426021977.2608,2185146920.0
train_tune_95c45_01862_1862,CNN,0.0196312566565921,0.8454235465250249,0.6468264178217427,2.767477512359619,9.80241584777832,-4.543707847595215,0.00019439980678725988,-294.90343720784654,0.09746503084897995,317689.577389729,316277.3059343314,1351698856.0
train_tune_95c45_01863_1863,CNN,0.0051637546862842,0.777245334020551,0.6354635755473734,0.5707597136497498,1.6602637767791748,-0.16669698059558868,7.730081961199176e-06,-302.7320392528226,0.007205841597169638,10308270487401.9,10234092009769.543,24493571712.0
train_tune_95c45_01864_1864,CNN,0.041867095372107,0.7404619919397329,0.5021724166820856,1.924509048461914,6.215112686157227,-2.036097764968872,9.175699960906059e-05,-291.96750327373127,0.025637125596404076,284942419.33513457,293413944.6122466,7826695496.0
train_tune_95c45_01865_1865,CNN,0.0353887648809523,0.7479504600802389,0.5684610715916182,0.5185645818710327,1.8545637130737305,-0.12918859720230103,2.489049256837461e-05,-297.39643282449856,-0.002089776797220111,14074073732.151718,14040633316.593285,11428531424.0
train_tune_95c45_01866_1866,CNN,0.0507712822488816,0.7503612072967387,0.5741942066047334,2.3768739700317383,8.450883865356445,-3.3365366458892822,0.0001206626184284687,-294.0076488039627,0.04961174353957176,141192810.83242425,144907929.33318722,3578327672.0
train_tune_95c45_01867_1867,CNN,0.0643392652444377,0.8325473468377294,0.6197704124622688,1.7325184345245361,7.491962432861328,-1.2676199674606323,0.00012683468230534345,-289.8494535201101,-0.034616127610206604,210785.6144283735,209323.42325294943,6225943440.0
train_tune_95c45_01868_1868,CNN,0.0353887648809523,0.7342517595601825,0.5920632334935403,0.7114182710647583,2.7726497650146484,-0.23554061353206635,3.2001666113501415e-05,-292.74296976121883,-0.015411815606057644,8842927012.628248,8876819990.681185,9829587552.0
train_tune_95c45_01869_1869,CNN,0.0304310399795957,0.7129327537587676,0.5596332173010847,0.4326127767562866,1.7848713397979736,-0.0942966416478157,1.0164045306737535e-05,-300.83144627594913,0.0039015808142721653,46977532289.95364,45577202984.927376,4024064704.0
train_tune_95c45_01870_1870,CNN,0.062165266431836,0.7412684761011513,0.6454693955947743,1.083810806274414,3.6724941730499268,-0.549623966217041,0.00010016596206696704,-296.2298989523142,-0.0020393487066030502,89165197354.6635,89567843263.13931,6360299760.0
train_tune_95c45_01871_1871,CNN,0.0338407928941568,0.770359053418912,0.5967482890948388,1.4309606552124023,5.619598388671875,-0.9608333110809326,5.6271455832757056e-05,-302.99182698339155,-0.023363705724477768,987725354433.9116,997009326614.7771,18726467064.0
train_tune_95c45_01872_1872,CNN,0.0335472735185891,0.7887703781773752,0.6828820398364788,2.0968332290649414,7.678276062011719,-1.9559907913208008,7.940713840071112e-05,-290.41016232811194,-0.039001673460006714,4167.033494808586,4167.033494808586,56942632.0
train_tune_95c45_01873_1873,CNN,0.0561449969974615,0.7877058496178064,0.6242096131587127,1.9652780294418335,8.722186088562012,-2.097879409790039,9.185130329569802e-05,-288.296572373499,0.05056621506810188,2668.975721139911,2668.975721139911,55031856.0
train_tune_95c45_01874_1874,CNN,0.1143704833424167,0.7627766233503459,0.6346509237042453,2.0105676651000977,8.863884925842285,-1.7490140199661255,0.00010788493818836287,-288.0330599910304,-0.07004521787166595,3101.262946649211,3101.262946649211,53049040.0
train_tune_95c45_01875_1875,CNN,0.0357715417801702,0.7447711797945422,0.5797219672508064,0.7712600827217102,3.231247901916504,-0.29715394973754883,2.5482191631454043e-05,-293.6924021238482,-0.0016671931371092796,172426707.61923087,171136497.95065475,12220958568.0
train_tune_95c45_01876_1876,CNN,0.0647949868492639,0.7030590662955356,0.6494383442739367,1.86613929271698,7.80714225769043,-1.6969029903411865,9.755775681696832e-05,-425.2904112242685,0.013356146402657032,42827.11479800072,41707.566563678716,74781960.0
train_tune_95c45_01877_1877,CNN,0.0503043583709925,0.79512799806971,0.6775754340320952,2.30208683013916,8.195144653320312,-2.7815282344818115,0.00010152107279282063,-291.11341308133785,0.004552286118268967,5581.089432317644,5581.089432317644,90680328.0
train_tune_95c45_01878_1878,CNN,0.0346318999315452,0.8164270644023031,0.7027738891641224,0.9262160062789917,2.35260009765625,-0.546495258808136,4.484197052079253e-05,-299.11475300417504,0.054811395704746246,120186271940.8664,118443280131.88994,6585308024.0
train_tune_95c45_01879_1879,CNN,0.0663328792757449,0.6899544776034505,0.6708905091208515,0.5361883640289307,2.1062638759613037,-0.1493111550807953,9.13881194719579e-06,-298.25452988697646,0.012735859490931034,396508834592.7439,407174311241.39197,20312369336.0
train_tune_95c45_01880_1880,CNN,0.0492277512723371,0.7920728631077849,0.6050426223662229,0.8369491100311279,3.409444570541382,-0.35064053535461426,2.1333158656489104e-05,-302.49044925316076,0.0038890603464096785,7368570214.936947,7363309534.742265,9723364720.0
train_tune_95c45_01881_1881,CNN,0.0308364465269423,0.7092542034827554,0.6671230894925062,0.4376295804977417,1.4964492321014404,-0.09031682461500168,1.6821846656966954e-05,-294.1713733767891,-0.0022956449538469315,87723333580.88629,89450325440.75385,13582685024.0
train_tune_95c45_01882_1882,CNN,0.0368019205436143,0.8000993471914549,0.6636804667896629,3.2409417629241943,13.60688591003418,-5.991933822631836,0.00023307556693907827,-289.519372899709,0.13260558247566223,7452.198870970107,7452.198870970107,110129064.0
train_tune_95c45_01883_1883,CNN,0.0779596852857825,0.6211680079747195,0.5319735494354145,0.45413726568222046,1.6929957866668701,-0.10518425703048706,1.3441551345749758e-05,-299.89783345835974,0.008153008297085762,5433165183619.304,5522421513749.116,14538108200.0
train_tune_95c45_01884_1884,CNN,0.0668366525728217,0.7425565944424035,0.6677803042031785,2.0577144622802734,8.971070289611816,-2.172562599182129,0.00012339097156655043,-308.7934222295439,-0.008843529969453812,69317.52846096616,68014.40560704381,457483928.0
train_tune_95c45_01885_1885,CNN,0.0050616667854851,0.7464058462257226,0.5523221655198279,0.47333163022994995,1.9165420532226562,-0.10383011400699615,8.352764780283906e-06,-298.08904432742764,-0.0101912971585989,121225197603.4019,121078942318.17175,1917060824.0
train_tune_95c45_01886_1886,CNN,0.0209525729935427,0.6712295140570187,0.5844045194531602,1.3288967609405518,4.522819519042969,-0.7782572507858276,6.322787521639839e-05,-310.35536152851927,-0.023855186998844147,47741914905780.25,46807092963211.28,40142170872.0
train_tune_95c45_01887_1887,CNN,0.0104759206895214,0.6586113213240061,0.631185545237465,0.6806723475456238,0.9942721724510193,-0.315690279006958,2.6826826797332615e-05,-295.7124896811925,0.058765511959791183,274393693.4247197,261749333.3782147,2438061288.0
train_tune_95c45_01888_1888,CNN,0.009058114227052,0.8165511848270516,0.6762628650760982,2.193883180618286,8.256939888000488,-2.6918985843658447,0.00012116580182919279,-290.9977974285132,0.08688798546791077,4689.558896633851,4689.558896633851,84607336.0
train_tune_95c45_01889_1889,CNN,0.1192290370315282,0.7696596736263652,0.6180498383760826,2.7391483783721924,9.106449127197266,-4.657180309295654,0.0002762565272860229,-293.2183959266128,0.12199066579341888,3228.3166274748787,3228.3166274748787,20581320.0
train_tune_95c45_01890_1890,CNN,0.037510860301493,0.8381854165971099,0.6433104897365683,2.1461853981018066,8.335942268371582,-2.246339797973633,0.00012976568541489542,-289.8202796102194,-0.015573607757687569,335389.3187262824,338227.2035204635,5470883560.0
train_tune_95c45_01891_1891,CNN,0.0035622500930657,0.7861316426415781,0.6199221739813594,1.6519653797149658,6.825929164886475,-1.6801865100860596,7.551025919383392e-05,-289.44785158756014,0.059518683701753616,6215237.621765195,6246570.293572391,7346070376.0
train_tune_95c45_01892_1892,CNN,0.0429769433454042,0.7310515301620315,0.5576808863572009,0.8639419078826904,3.5313587188720703,-0.364280641078949,4.1225495806429535e-05,-291.07479667248293,-0.006959791295230389,91050797.53927879,92026712.1133847,4156571432.0
train_tune_95c45_01893_1893,CNN,0.0481666249051579,0.7285694881694194,0.5326121241575285,0.8318895697593689,3.1597554683685303,-0.35729315876960754,3.268748696427792e-05,-292.6599564341541,0.014392407611012459,65483910.256119266,66748102.454837605,4686325024.0
train_tune_95c45_01894_1894,CNN,0.0241709202760454,0.7194879625688737,0.6171325379491795,1.2586426734924316,4.979083061218262,-0.8050718307495117,4.537982022156939e-05,-302.5920691255192,0.004905300214886665,733720370046.2158,730447610015.7375,15277982128.0
train_tune_95c45_01895_1895,CNN,0.0504542138729215,0.802331182234935,0.6823745335952439,2.1201155185699463,9.853811264038086,-2.4295578002929688,9.78091120487079e-05,-289.2584788188868,0.0589514784514904,4956.251256992315,4956.251256992315,153851432.0
train_tune_95c45_01896_1896,CNN,0.0193941566316967,0.8044488407364121,0.6655618452491385,2.5738959312438965,10.914253234863281,-3.5204074382781982,0.0001375801075482741,-289.40734706504793,0.010516871698200703,5666.56559202257,5666.56559202257,98128872.0
train_tune_95c45_01897_1897,CNN,0.0464151965332133,0.7892554188659477,0.5995428981392827,1.0559124946594238,3.2223453521728516,-0.5921834707260132,8.254225394921377e-05,-291.13533781234634,0.017652250826358795,9953165.671999346,9953831.079780474,10579915384.0
train_tune_95c45_01898_1898,CNN,0.0303301279799591,0.777554381074729,0.5338127694477132,0.8431559801101685,2.5833420753479004,-0.35111016035079956,1.85627541213762e-05,-301.30276805157257,-0.002700005192309618,47631132372.50186,46625317388.501785,22353965488.0
train_tune_95c45_01899_1899,CNN,0.0815350662385825,0.7994846572868693,0.5811305634641651,2.775599956512451,11.936254501342773,-5.4294257164001465,0.0003136748855467886,-290.356649362789,0.1424788534641266,417262.30829091516,420573.69880208716,9061034288.0
train_tune_95c45_01900_1900,CNN,0.0243854883820998,0.7035585740389779,0.5397721866493103,1.393616795539856,4.955766201019287,-1.137495994567871,4.889162664767355e-05,-301.03984817261664,0.058579593896865845,1583523287829.8062,1617377234623.7146,35518857096.0
train_tune_95c45_01901_1901,CNN,0.0315556958030924,0.7937916555728892,0.5855361977741227,1.3908698558807373,5.473418235778809,-1.0765302181243896,8.823319512885064e-05,-304.9020180364312,0.03254777193069458,367652803.12929595,376147519.48931813,1282198744.0
train_tune_95c45_01902_1902,CNN,0.0532665817504481,0.78300566777028,0.5785582531293372,1.3296394348144531,5.005589008331299,-0.9681254029273987,6.510280218208209e-05,-290.9088270944578,0.04074220731854439,13195373.704558242,13278173.554724041,16375739808.0
train_tune_95c45_01903_1903,CNN,0.0315556958030924,0.778423680473342,0.6537904203830838,0.6720981597900391,2.244917869567871,-0.20860669016838074,1.754184086166788e-05,-306.3609807963127,-0.013245698064565659,18490105367315.39,18697857406876.082,20399073408.0
train_tune_95c45_01904_1904,CNN,0.0309839283422112,0.7589528845503158,0.5815227908449587,0.5738649368286133,2.15952467918396,-0.15849588811397552,2.1244242816464975e-05,-298.09954148151263,-0.0027728830464184284,83073318.78672567,81125440.09564093,4270309416.0
train_tune_95c45_01905_1905,CNN,0.0464264026937342,0.8229500623621153,0.554721430637175,1.4887739419937134,5.974241256713867,-1.0917599201202393,8.228899969253689e-05,-288.91427883553206,0.004958817735314369,285196.74649114977,284957.4048994767,3995419728.0
train_tune_95c45_01906_1906,CNN,0.0661296985379035,0.7882875938942033,0.6649221604346438,2.4595413208007812,11.42529296875,-3.1802291870117188,0.00013577380741480738,-288.5200207682037,-0.009415559470653534,4396.593556564314,4396.593556564314,88177032.0
train_tune_95c45_01907_1907,CNN,0.0251266891891891,0.8177685488231979,0.5958662108138708,0.7453334927558899,1.4690505266189575,-0.2818504869937897,7.691029895795509e-05,-293.6070374483945,-0.05564217269420624,63810667.450254664,64502332.701689765,3110214184.0
train_tune_95c45_01908_1908,CNN,0.0757755252685632,0.8139655122462397,0.6049222271133448,5.33928108215332,14.598735809326172,-22.34109115600586,0.0008540981216356158,-295.8739471741553,0.36584118008613586,8601.858776705096,8601.858776705096,30232584.0
train_tune_95c45_01909_1909,CNN,0.0196729801870174,0.7880834208485825,0.5675004793961831,2.079482078552246,6.42724084854126,-2.8976120948791504,0.0001379460300086066,-291.9529379298069,0.11682051420211792,11782826.707289102,11726212.824038925,5021946080.0
train_tune_95c45_01910_1910,CNN,0.0658784135134758,0.7138517423182548,0.5610430800545141,0.9070684909820557,3.738227128982544,-0.4170045256614685,2.5691770133562386e-05,-297.3528772635405,-0.0007458636537194252,2460666869144.669,2516679265559.0635,13714188992.0
train_tune_95c45_01911_1911,CNN,0.0307328224612016,0.6396489670191381,0.5887943791479966,0.6634635925292969,2.383246660232544,-0.21596011519432068,2.0199942809995264e-05,-300.2883440051962,0.002105234656482935,54387493835631.31,53883681959332.2,45047957272.0
train_tune_95c45_01912_1912,CNN,0.0954506422386591,0.7470805023174323,0.604604976349365,0.8086189031600952,1.9034234285354614,-0.40693026781082153,1.6814969058032148e-05,-290.8304428294073,0.01618190109729767,201867821.75558424,200780484.82331735,13274387648.0
train_tune_95c45_01913_1913,CNN,0.0268843494258464,0.7923263477293752,0.6568762676574007,0.2153816521167755,0.7103366851806641,-0.019687701016664505,6.315599421213847e-06,-306.27324220786903,0.005244902800768614,183789760577.35803,185288314586.29398,4949223320.0
train_tune_95c45_01914_1914,CNN,0.0377648800329523,0.6723141687405259,0.5325150003431598,0.560090959072113,1.708459496498108,-0.15237317979335785,2.5263694624300115e-05,-301.7683642064684,-0.010514437220990658,11185559382296.31,11268718515057.23,11753732792.0
train_tune_95c45_01915_1915,CNN,0.0693761463512482,0.7805123194440433,0.6691145140479736,2.1690378189086914,9.884791374206543,-1.8940908908843994,0.00015522094327025115,-288.29939411101293,-0.06395013630390167,4349.47965494106,4349.47965494106,83768616.0
train_tune_95c45_01916_1916,CNN,0.038391875205596,0.7950989225490381,0.5657028975629688,2.7847976684570312,11.414135932922363,-5.069607257843018,0.0002602280583232641,-297.64856707262896,0.1189681887626648,22397311.632993612,22280462.442892358,12232199576.0
train_tune_95c45_01917_1917,CNN,0.0303636017513801,0.7758987516178675,0.5754101591468714,0.3669959604740143,1.1528457403182983,-0.06446706503629684,4.995806193619501e-06,-317.1531713445039,0.001920257112942636,637789659482.0701,610795806151.5696,7609624048.0
train_tune_95c45_01918_1918,CNN,0.0051641199773627,0.8093217759395077,0.5934828780677818,0.4807804226875305,1.909383773803711,-0.11618681252002716,1.1047564839827828e-05,-315.4180811916847,0.007224156055599451,1704875154.3558183,1649972063.740426,12445362360.0
train_tune_95c45_01919_1919,CNN,0.0303636017513801,0.7515033694485844,0.6735243866474725,0.6823924779891968,2.311884641647339,-0.24192902445793152,1.6477471945108846e-05,-298.23285713328625,0.014338741078972816,438199391402.5707,458308813191.85767,19894254760.0
train_tune_95c45_01920_1920,CNN,0.0345076157255095,0.7889009998491545,0.6299737264944026,2.425528049468994,9.03926944732666,-3.2212629318237305,0.00010180750541621819,-291.63948628754446,0.04946400970220566,4122.844193154293,4122.844193154293,55731272.0
train_tune_95c45_01921_1921,CNN,0.0525354790230457,0.8382832891131279,0.5707051918998187,0.8433794975280762,1.0902085304260254,-0.38862305879592896,2.5880897737806663e-05,-320.25874279587083,-0.025791384279727936,58431.66982728686,58323.33513069315,385458896.0
train_tune_95c45_01922_1922,CNN,0.0246166253199293,0.7317484735854889,0.5411525817262183,0.45037442445755005,1.3362624645233154,-0.10093724727630615,1.1898227967321873e-05,-304.47395140514027,0.0032641328871250153,35838664374726.516,35676928611769.69,26864101280.0
train_tune_95c45_01923_1923,CNN,0.065772438515155,0.8242135289099993,0.6667482344478581,2.805752754211426,12.839338302612305,-4.23264217376709,0.00014531859778799117,-288.6247796387201,0.03237241506576538,7424.475662069776,7424.475662069776,182576664.0
train_tune_95c45_01924_1924,CNN,0.032139872726104,0.7264376480735811,0.58116561355081,1.1117775440216064,4.704862117767334,-0.6177851557731628,5.4072148486739025e-05,-432.06330805773075,-0.0003911602543666959,397605.1846157391,396360.4832799989,185037264.0
train_tune_95c45_01925_1925,CNN,0.0934929981273584,0.7504404283716708,0.5875632342249266,3.5761303901672363,14.051258087158203,-7.581752777099609,0.00032309687230736017,-290.54838493029786,0.10496892035007477,5173.51070490868,5173.51070490868,41153928.0
train_tune_95c45_01926_1926,CNN,0.0303961531112668,0.8452273321422561,0.5597498334089607,0.6920484304428101,1.8948115110397339,-0.2762007713317871,4.008071846328676e-05,-361.6080732944994,0.036070793867111206,242675020732.18872,210001326805.90952,3372600208.0
train_tune_95c45_01927_1927,CNN,0.0107406192837137,0.8256684490388172,0.6183734313941576,0.8765002489089966,3.2494561672210693,-0.3788222670555115,2.7713176677934825e-05,-295.8426204781472,-0.004134660586714745,1595747556.5083935,1532848916.426137,5304655840.0
train_tune_95c45_01928_1928,CNN,0.0271604437863612,0.7732532212131813,0.660760859269401,2.4190196990966797,9.441864967346191,-3.2118430137634277,9.047727508004755e-05,-289.0153917881379,0.06202186644077301,3772.159528231148,3772.159528231148,46297080.0
train_tune_95c45_01929_1929,CNN,0.0303751666349266,0.71930128265416,0.6963903517159541,0.818419337272644,2.877239465713501,-0.35894352197647095,2.9231774533400312e-05,-318.02316564468356,0.024019857868552208,84119571521943.12,88688044997211.62,31108210520.0
train_tune_95c45_01930_1930,CNN,0.0315556958030924,0.7812064247053095,0.641388313378874,0.9008007049560547,3.4008612632751465,-0.3862702250480652,3.140210174024105e-05,-295.8114136930077,-0.013136830180883408,12134003266.8675,12085452174.582676,12974890888.0
train_tune_95c45_01931_1931,CNN,0.037354576305448,0.7599955622099303,0.5598562219093683,0.8237320184707642,3.4544076919555664,-0.3398861289024353,1.8324393749935552e-05,-296.1262953467652,0.00039722106885164976,50647902.57314864,52099904.31621602,2237536432.0
train_tune_95c45_01932_1932,CNN,0.0339114969285832,0.7445280081649994,0.573849248053433,0.6977999210357666,2.3781309127807617,-0.23949024081230164,1.4430822375288699e-05,-303.553741959273,0.0017305654473602772,234439863797.016,237636295589.1352,7896977936.0
train_tune_95c45_01933_1933,CNN,0.0989608476732942,0.7959768463805746,0.6683474221036587,1.8446190357208252,8.737168312072754,-1.8251200914382935,8.859209629008546e-05,-289.2635352419834,0.03945862874388695,3808.647717330082,3808.647717330082,117776560.0
train_tune_95c45_01934_1934,CNN,0.0039539087211929,0.7231645468626084,0.5819500080111147,1.0293043851852417,4.21917200088501,-0.539918065071106,3.228218338335864e-05,-290.8225192069442,0.0006882356246933341,1901936.010478199,1890560.0277605148,1687386184.0
train_tune_95c45_01935_1935,CNN,0.0315556958030924,0.701348938324156,0.5739443088159365,0.2630661427974701,0.34440934658050537,-0.014504536986351013,6.32585579296574e-06,-303.019368751063,-0.0037528129760175943,2776035008567.5127,2787915129046.96,27255139208.0
train_tune_95c45_01936_1936,CNN,0.1026190384837869,0.81345492654928,0.5979932919995655,2.3490219116210938,9.344644546508789,-2.210829257965088,0.0002648280933499336,-292.32720046110927,-0.03442509472370148,496148.724252207,490902.8124190433,5793980800.0
train_tune_95c45_01937_1937,CNN,0.0340131598857995,0.7549161321155333,0.5562976415761498,1.073003888130188,4.580745697021484,-0.5203157663345337,3.7163270462770015e-05,-292.1409209973084,-0.03150266781449318,456751573.53999716,449173523.0156944,15795498648.0
train_tune_95c45_01938_1938,CNN,0.0302938936143201,0.7536586410561853,0.6525904352785489,0.20025692880153656,0.7935402989387512,-0.01833219826221466,5.489359864441212e-06,-298.3784993209593,0.002605435671284795,462488154.30049753,497949831.64258134,10277336816.0
train_tune_95c45_01939_1939,CNN,0.1034977044758536,0.803824828495461,0.6309664261375563,1.6093177795410156,6.178500652313232,-1.3669874668121338,6.395313539542258e-05,-291.2444404092561,0.03193030133843422,186023.28647198685,185118.55991474327,1464450984.0
train_tune_95c45_01940_1940,CNN,0.0308919415078812,0.7200477115777109,0.5842814953531295,0.19904667139053345,0.7373793125152588,-0.017404774203896523,4.880756478087278e-06,-309.28540616101844,-0.004995228722691536,1044740008511.9309,1145522869622.3003,12883967720.0
train_tune_95c45_01941_1941,CNN,0.0353887648809523,0.721480811141094,0.5303408481251847,0.6416958570480347,1.85798978805542,-0.20208263397216797,2.1889471099711955e-05,-320.5048020488065,-0.002321672160178423,55641411396.472946,57873069823.3851,6656753224.0
train_tune_95c45_01942_1942,CNN,0.0701071691328567,0.8007244856244363,0.6462271420141701,2.386770486831665,9.327317237854004,-3.5544395446777344,0.0001550826709717512,-308.41756647606564,0.0884062647819519,60258.36346090063,61885.15309986367,199936424.0
train_tune_95c45_01943_1943,CNN,0.0051637546862842,0.7248246812496021,0.6088224133687422,0.5065027475357056,0.774303674697876,-0.14521439373493195,9.163774848275352e-06,-301.2441331929599,0.02590549923479557,20811918927.56691,18674478116.93873,7815922720.0
train_tune_95c45_01944_1944,CNN,0.0491077631079772,0.8015179785886274,0.5737986855597941,2.529463768005371,10.000862121582031,-3.6155171394348145,0.00030233169673010707,-287.3209356406757,0.08240839838981628,81965.19644009479,81554.57961442234,963924184.0
train_tune_95c45_01945_1945,CNN,0.0976792224600131,0.8218066182095995,0.5992570310336026,2.0300185680389404,5.415136337280273,-2.5740621089935303,0.00010365260823164135,-294.3927070122997,0.04512730613350868,6952071.713039706,7009773.802633455,3138586248.0
train_tune_95c45_01946_1946,CNN,0.0694425281390292,0.7990481887793979,0.6835829533647516,3.0986714363098145,13.85744857788086,-5.307210922241211,0.00019319851708132774,-288.2587743715726,0.05768534541130066,5271.067183487048,5271.067183487048,81564408.0
train_tune_95c45_01947_1947,CNN,0.0351421830373773,0.7080805225037565,0.593362500447684,0.9660049676895142,3.5234193801879883,-0.46947598457336426,2.3085594875738025e-05,-290.2343621429169,0.005697634536772966,61521654.69451559,61830267.79942384,3664033648.0
train_tune_95c45_01948_1948,CNN,0.1009706193530658,0.7892097257923101,0.6454525644815353,4.01701021194458,13.341339111328125,-7.452865123748779,0.00033227435778826475,-291.4775760055006,0.09362993389368057,5973.490147697104,5973.490147697104,24340912.0
train_tune_95c45_01949_1949,CNN,0.0207411652510499,0.6935310127860111,0.5031266439894051,1.2347121238708496,4.452208042144775,-0.7732232809066772,4.378172889119014e-05,-295.5645080588623,0.0030178881715983152,41997293994.79712,42695161604.31729,35769919840.0
train_tune_95c45_01950_1950,CNN,0.0633193690507539,0.7610750298732112,0.5597052552203066,2.133260726928711,8.222683906555176,-2.664191722869873,0.00025367666967213154,-291.54813069493645,0.053878672420978546,15995097.77054105,16026545.340727603,8122140680.0
train_tune_95c45_01951_1951,CNN,0.0823104424003952,0.8025648429736223,0.5831449109930726,1.8432105779647827,6.499303340911865,-1.8009264469146729,0.00011075485963374376,-294.38701478876675,0.02113262191414833,6526710.158244245,6409437.26093474,7903193408.0
train_tune_95c45_01952_1952,CNN,0.0315556958030924,0.7941699700460366,0.5832646685843648,1.0437159538269043,3.0651137828826904,-0.5804590582847595,3.570836270228028e-05,-292.9247504667734,0.0006554936990141869,3738742.3768453235,3748889.902140436,1179963544.0
train_tune_95c45_01953_1953,CNN,0.0537314863772178,0.6674638385333225,0.5147698774066316,0.39555492997169495,1.5965858697891235,-0.08083082735538483,6.1232804000610486e-06,-297.4758990300918,0.012028349563479424,292813626235.77527,288293808541.20483,13016325216.0
train_tune_95c45_01954_1954,CNN,0.0527400296761579,0.7715536386378989,0.6595162166842748,0.918618381023407,3.4802966117858887,-0.44279178977012634,2.2353426174959168e-05,-401.3515775645733,0.028487011790275574,243017309.8456588,241248734.35294443,5781993504.0
train_tune_95c45_01955_1955,CNN,0.0277752446937341,0.7666475116486018,0.5992935413273186,1.1446889638900757,4.448000431060791,-0.7124221324920654,4.1766121285036206e-05,-294.44000008325554,0.029386885464191437,39857864.33355281,40203620.49228202,1721049440.0
train_tune_95c45_01956_1956,CNN,0.02989809143096,0.8013824631364596,0.5848625689031083,3.0708229541778564,10.878582954406738,-5.682821273803711,0.00038848258554935455,-298.35272427204114,0.04785267263650894,5670583.546301527,5553149.616694632,7277172296.0
train_tune_95c45_01957_1957,CNN,0.0207218463283262,0.8082167281791598,0.647489558125796,2.602403402328491,5.792550086975098,-6.328289031982422,0.0002979675482492894,-294.0625492478923,0.19346900284290314,156557.89591319332,156122.44576520473,419148104.0
train_tune_95c45_01958_1958,CNN,0.0235542915481659,0.790317226649718,0.5829998391340825,1.0271422863006592,2.9867947101593018,-0.6140780448913574,3.335038127261214e-05,-298.5341648130454,0.04074646532535553,43537396.29773033,42290932.40047106,610228344.0
train_tune_95c45_01959_1959,CNN,0.0339232176408419,0.7613038728891108,0.6555756182969246,0.5756241679191589,1.9892951250076294,-0.1613973081111908,1.1044860912079457e-05,-298.69209022091735,-0.005263912491500378,299608906691.9828,301229006767.5675,15588671640.0
train_tune_95c45_01960_1960,CNN,0.0409228813001347,0.7786149605402077,0.6337183357875469,3.232631206512451,8.693471908569336,-7.4623637199401855,0.0001594792411196977,-298.25977910720445,0.1806076616048813,3875.559800002984,3875.559800002984,17396136.0
train_tune_95c45_01961_1961,CNN,0.0397251650004822,0.7831802143446563,0.6047967850840903,1.639420747756958,4.167593002319336,-1.3215410709381104,0.00015885820903349668,-294.12207180373935,0.007043896242976189,6614516.825566885,6572487.2808416,3878541744.0
train_tune_95c45_01962_1962,CNN,0.0308919415078812,0.7444227758147259,0.7206522041073656,0.43151402473449707,1.5521034002304077,-0.0906112790107727,1.1443269613664597e-05,-297.013269547423,0.003831214504316449,98691778251.89847,100778679121.78265,16369056720.0
train_tune_95c45_01963_1963,CNN,0.1349487396420929,0.7870633470502444,0.5682320889971794,1.0773952007293701,4.327666282653809,-0.5430804491043091,5.2966250223107636e-05,-293.50779079279926,-0.004952820483595133,26461804.35310953,26523706.72879141,23873014096.0
train_tune_95c45_01964_1964,CNN,0.0465339357948528,0.8288237299813772,0.5910630664893423,3.1508450508117676,13.031636238098145,-4.589114665985107,0.00041066392441280186,-290.2488159334292,0.038279131054878235,348269.0564112596,345495.45551537076,2816545752.0
train_tune_95c45_01965_1965,CNN,0.0338447980455295,0.7691707930604514,0.5930923514619557,1.1150264739990234,2.810157537460327,-0.6393753290176392,2.301267522852868e-05,-298.0965647341752,-0.00889531709253788,17168841461.387154,17554285120.499847,13393747712.0
train_tune_95c45_01966_1966,CNN,0.0348215942776258,0.7708441039447154,0.55442405556676,0.3386984169483185,1.0765106678009033,-0.05736536532640457,9.62009926297469e-06,-307.3947680520197,0.005675502121448517,28649887030.62944,26566761502.58043,5049452376.0
train_tune_95c45_01967_1967,CNN,0.0303636017513801,0.7973967501609245,0.6521403073497112,0.3604304790496826,1.2729926109313965,-0.06188276410102844,3.660547918116208e-06,-304.5112006431559,0.00246990192681551,771346163628.3685,760905089546.5908,12056197088.0
train_tune_95c45_01968_1968,CNN,0.0195078019807509,0.8051951527267103,0.6900547437728753,2.656078577041626,9.752997398376465,-3.5770673751831055,8.193008397938684e-05,-291.7070000631111,0.0029452303424477577,6410.606194918608,6410.606194918608,88521480.0
train_tune_95c45_01969_1969,CNN,0.0251266891891891,0.7157289863708051,0.5301605757363222,0.8592090606689453,2.5350112915039062,-0.38623690605163574,2.142786979675293e-05,-294.8410988829901,0.0014863600954413414,588824100763.5564,589808325538.4744,23030636552.0
train_tune_95c45_01970_1970,CNN,0.0461923480358423,0.7920341532874798,0.6796229485479112,2.380831003189087,8.21082878112793,-3.431713581085205,0.00012358088861219585,-289.35807168790706,0.08998973667621613,74151.24232976828,73457.91704307716,310752984.0
train_tune_95c45_01971_1971,CNN,0.0576661985839882,0.8316624497944207,0.7267974510228603,2.3875856399536133,5.343671798706055,-4.478656768798828,0.0003046916681341827,-295.14839734548127,0.1289641410112381,81904.20783091863,82075.02327401907,203702384.0
train_tune_95c45_01972_1972,CNN,0.0476056037123768,0.7802032114971982,0.6322093592819216,3.6966166496276855,11.341443061828613,-8.479804039001465,0.0003025782061740756,-294.4708281431417,0.05216667801141739,6310.945946658147,6310.945946658147,35416056.0
train_tune_95c45_01973_1973,CNN,0.1320985551245628,0.8256750182957175,0.6873573828444478,1.8776525259017944,8.289345741271973,-1.5734204053878784,0.0001286852639168501,-289.5323215601785,-0.05183317884802818,6113.989731848344,6113.989731848344,223041448.0
train_tune_95c45_01974_1974,CNN,0.0740848107016995,0.8148424634040601,0.6395347881029786,2.9615275859832764,11.58965015411377,-2.907113552093506,0.0002359346835874021,-292.20369740074534,-0.08586174994707108,8493.422684710025,8493.422684710025,82684640.0
train_tune_95c45_01975_1975,CNN,0.0052398523985239,0.7136503027734588,0.5536467849078953,0.9350306391716003,2.8289475440979004,-0.489057719707489,4.0650367736816406e-05,-315.94693703047005,0.026911746710538864,2918465198.337734,2876110427.1862283,12237160776.0
train_tune_95c45_01976_1976,CNN,0.0468194520678658,0.7382892864108019,0.5535808944781598,0.7528448104858398,2.232827663421631,-0.26543617248535156,2.8204800400999375e-05,-298.8031419430866,-0.019115522503852844,148992152763.82373,151799986587.04697,13771411680.0
train_tune_95c45_01977_1977,CNN,0.0303496636629013,0.745214873818087,0.5912844294761088,0.9547463655471802,1.4636250734329224,-0.7585751414299011,5.868255902896635e-05,-298.8481184593743,0.0779559537768364,4168319628.774685,4137000911.823562,19615484424.0
train_tune_95c45_01978_1978,CNN,0.0489232383564666,0.8005939500866373,0.6884590128173478,2.536773204803467,10.982222557067871,-3.246542453765869,0.0001378227025270462,-288.9560430995167,0.023453598842024803,6173.857538518371,6173.857538518371,108680112.0
train_tune_95c45_01979_1979,CNN,0.0353887648809523,0.7192666758602619,0.6353579727582095,0.4516284763813019,1.5791597366333008,-0.09507966041564941,7.139767149055842e-06,-293.2504611781741,-0.0011151679791510105,11571219531.666557,10937145234.857883,5280003120.0
train_tune_95c45_01980_1980,CNN,0.059998561480674,0.7918945635829984,0.6816889970701077,1.8230606317520142,8.168367385864258,-1.8219856023788452,6.707393185934052e-05,-289.15651848297176,0.046385519206523895,3423.7807321217065,3423.7807321217065,103177240.0
train_tune_95c45_01981_1981,CNN,0.0601292645841869,0.7896527384561152,0.6807467257511606,1.855719804763794,7.9407806396484375,-1.7164995670318604,6.6205786424689e-05,-289.24826181842724,-0.018307719379663467,3256.2966848088354,3256.2966848088354,72012840.0
train_tune_95c45_01982_1982,CNN,0.0315556958030924,0.7268431416258374,0.6024188578326024,1.266531229019165,3.6793718338012695,-0.950086236000061,5.914283246966079e-05,-297.04575113010674,0.03718220442533493,5879670826.705278,6093909247.61784,6966549720.0
train_tune_95c45_01983_1983,CNN,0.0634061600068164,0.7852817315980034,0.6676655861778606,2.2155048847198486,9.592691421508789,-2.9263293743133545,0.00015317706856876612,-287.039645362467,0.08354844152927399,147320.611186707,146580.2258039905,3041058792.0
train_tune_95c45_01984_1984,CNN,0.0315337828851089,0.7520482056143395,0.6045914572967671,1.9919320344924927,4.915876388549805,-2.856999397277832,5.921132833464071e-05,-291.57389166993346,0.08072324842214584,2147942.194944406,2123325.242311744,1191097928.0
train_tune_95c45_01985_1985,CNN,0.0349166144157471,0.7007243088631172,0.5546450945769523,0.21158452332019806,0.8280507326126099,-0.020092319697141647,3.228660489185131e-06,-305.59809824840534,-0.0012751566246151924,331645471122.65015,330026341837.2521,10340827096.0
train_tune_95c45_01986_1986,CNN,0.0051637546862842,0.7785017317163605,0.6209148639546659,0.23272430896759033,0.6083941459655762,-0.02222229540348053,3.852439931506524e-06,-319.33680438925813,0.003206617198884487,244389314857.88824,220075849799.15295,6238674944.0
train_tune_95c45_01987_1987,CNN,0.1054859682380625,0.794930804843544,0.6072813528258845,1.7734184265136719,6.852611064910889,-1.287816047668457,0.00014949115575291216,-292.08542676880677,-0.05106334388256073,8507754.466071688,8390935.305349216,9487816040.0
train_tune_95c45_01988_1988,CNN,0.0919838664564798,0.7920834516291488,0.5893707288039355,0.8574268817901611,2.2943334579467773,-0.413485050201416,2.3031901946524158e-05,-290.6748590929804,-0.0006740395911037922,47207885.65217757,47449571.575582385,5833085416.0
train_tune_95c45_01989_1989,CNN,0.03154878483247,0.7138134077998397,0.6305272497425018,0.7042604088783264,1.6828315258026123,-0.3089490532875061,1.3612664588436019e-05,-290.8695997558581,0.027647024020552635,3587202286.400139,3534367138.4053335,9439005960.0
train_tune_95c45_01990_1990,CNN,0.0762225179774815,0.77802325255649,0.6167972719162417,3.076577663421631,5.254207611083984,-5.528916358947754,0.0005883148987777531,-353.2493009612359,0.02101624757051468,30881.551371347847,30648.78921291852,5459432.0
train_tune_95c45_01991_1991,CNN,0.0397453782617034,0.7918852657413213,0.5772368972997601,0.7889655232429504,2.6434149742126465,-0.3480185866355896,1.456034260627348e-05,-308.1079640905822,0.038501523435115814,4443840738.399978,4540665088.748629,4890825816.0
train_tune_95c45_01992_1992,CNN,0.02685546875,0.7345986967886943,0.6944483091501046,0.49681830406188965,1.1290521621704102,-0.1470247507095337,1.4845953046460636e-05,-301.5410489424696,0.03135433420538902,7885437486268.736,7694544716180.471,21087512736.0
train_tune_95c45_01993_1993,CNN,0.0308461344168572,0.7790908989250868,0.614630997105269,4.124787330627441,14.560932159423828,-13.58837604522705,0.00035687017953023314,-295.3914277286343,0.12790054082870483,89126.72232973645,95030.47296248807,121969240.0
train_tune_95c45_01994_1994,CNN,0.0188537979852981,0.7114872669301524,0.5566702304694797,1.277947187423706,4.917296409606934,-0.9414833784103394,7.649890176253393e-05,-294.2117887593515,0.054875440895557404,724454405.5027455,716831963.2460027,29778661888.0
train_tune_95c45_01995_1995,CNN,0.042630419721902,0.6893934445157534,0.5803888302266998,1.1705163717269897,4.4690961837768555,-0.688298761844635,4.4404448999557644e-05,-306.3872898274143,0.004316571168601513,25831022111595.82,25135051057914.137,22490642576.0
train_tune_95c45_01996_1996,CNN,0.0359670837934169,0.8051815010131613,0.6286662865657433,2.527510643005371,8.508686065673828,-3.70224666595459,0.0001612710184417665,-292.12121265901555,0.02422812022268772,4577.6603208910765,4577.6603208910765,46375176.0
train_tune_95c45_01997_1997,CNN,0.0608565732322905,0.8006507397448107,0.6498355929611923,1.671170711517334,7.2221174240112305,-1.6733895540237427,0.00013788611977361143,-289.01662894913824,0.07342424988746643,263119.2326066231,260792.69163546085,13387898048.0
train_tune_95c45_01998_1998,CNN,0.0305461900350069,0.7604745997729364,0.5473917980764695,2.3538408279418945,9.371208190917969,-3.0476932525634766,0.00019802749739028513,-289.49506531587895,0.047642357647418976,12146854.905558864,12079511.589230128,12642625216.0
train_tune_95c45_01999_1999,CNN,0.0939605178773614,0.8227804018754372,0.6165006718573466,1.2730921506881714,4.355343341827393,-0.8314483165740967,6.768688035663217e-05,-296.23063225032433,0.03841005265712738,4550700.816630267,4559797.590665873,2383414104.0
